{
  "algo": "pso",
  "hparams": {
    "generations": 100,
    "popsize": 22,
    "fix_last_gene": true,
    "seed": 909,
    "verbosity": 1,
    "log_every": 1,
    "evals_cap": 10000,
    "w": 0.9298918638278264,
    "c1": 2.2,
    "c2": 0.8205814677121972
  },
  "metrics": {
    "best_final": 438.65,
    "auc_best": 43383.82500000008,
    "auc_best_norm": 438.2204545454553,
    "runtime_sec": 88.63672399520874,
    "evals_total": -1,
    "budget_triggered": false,
    "stop_reason": "None"
  },
  "diagnostics": {
    "best": {
      "start": 436.7,
      "end": 438.65,
      "delta_abs": 1.9499999999999886,
      "delta_rel": 0.004465307991756329,
      "max_val": 438.65,
      "argmax": 43,
      "auc_raw": 43383.82500000008,
      "auc_norm": 438.2204545454553
    },
    "mean": {
      "start": -Infinity,
      "end": 438.5613636363636,
      "delta_abs": Infinity,
      "delta_rel": NaN,
      "max_val": 438.5613636363636,
      "argmax": 97,
      "auc_raw": -Infinity,
      "auc_norm": -Infinity
    }
  },
  "genomes": {
    "best_genome": [
      1,
      0,
      1,
      1,
      0,
      1,
      0,
      1,
      0,
      1,
      1,
      0,
      1,
      1,
      0,
      0,
      0,
      0,
      0,
      0,
      0,
      0,
      0,
      0,
      0,
      0,
      0,
      0,
      0,
      0,
      0,
      0,
      1
    ],
    "all_best_genomes": null
  },
  "raw": {
    "curves": {
      "best": [
        436.7,
        436.7,
        436.7,
        436.7,
        436.7,
        436.7,
        437.15,
        437.15,
        437.15,
        437.3,
        437.3,
        437.3,
        437.3,
        437.3,
        437.3,
        437.3,
        437.6,
        437.9,
        437.9,
        437.9,
        437.9,
        437.9,
        437.9,
        437.9,
        437.9,
        437.9,
        437.9,
        437.9,
        437.9,
        437.9,
        437.9,
        437.9,
        437.9,
        437.9,
        438.2,
        438.2,
        438.2,
        438.2,
        438.2,
        438.2,
        438.2,
        438.2,
        438.2,
        438.65,
        438.65,
        438.65,
        438.65,
        438.65,
        438.65,
        438.65,
        438.65,
        438.65,
        438.65,
        438.65,
        438.65,
        438.65,
        438.65,
        438.65,
        438.65,
        438.65,
        438.65,
        438.65,
        438.65,
        438.65,
        438.65,
        438.65,
        438.65,
        438.65,
        438.65,
        438.65,
        438.65,
        438.65,
        438.65,
        438.65,
        438.65,
        438.65,
        438.65,
        438.65,
        438.65,
        438.65,
        438.65,
        438.65,
        438.65,
        438.65,
        438.65,
        438.65,
        438.65,
        438.65,
        438.65,
        438.65,
        438.65,
        438.65,
        438.65,
        438.65,
        438.65,
        438.65,
        438.65,
        438.65,
        438.65,
        438.65
      ],
      "mean": [
        -Infinity,
        -Infinity,
        418.05227272727274,
        429.3568181818182,
        429.54772727272734,
        429.54772727272734,
        430.1750000000001,
        430.2704545454546,
        430.2704545454546,
        431.80454545454546,
        433.959090909091,
        436.05909090909097,
        436.3386363636364,
        436.43409090909097,
        436.46818181818185,
        436.46818181818185,
        436.7886363636364,
        437.0681818181818,
        437.19772727272726,
        437.2318181818182,
        437.2318181818182,
        437.34090909090907,
        437.4295454545454,
        437.4295454545454,
        437.4499999999999,
        437.4499999999999,
        437.4499999999999,
        437.4499999999999,
        437.4977272727272,
        437.5863636363636,
        437.5863636363636,
        437.6613636363636,
        437.6613636363636,
        437.6613636363636,
        437.69545454545454,
        437.70227272727266,
        437.72954545454536,
        437.74999999999994,
        437.74999999999994,
        437.74999999999994,
        437.8045454545454,
        437.81136363636364,
        437.83863636363634,
        438.1522727272728,
        438.1522727272728,
        438.1522727272728,
        438.17272727272734,
        438.17954545454546,
        438.17954545454546,
        438.22045454545463,
        438.22045454545463,
        438.2818181818182,
        438.2818181818182,
        438.2818181818182,
        438.30909090909097,
        438.35,
        438.35681818181814,
        438.38409090909096,
        438.39090909090913,
        438.39090909090913,
        438.39090909090913,
        438.39090909090913,
        438.39090909090913,
        438.39090909090913,
        438.39090909090913,
        438.39772727272725,
        438.39772727272725,
        438.39772727272725,
        438.39772727272725,
        438.41818181818184,
        438.41818181818184,
        438.41818181818184,
        438.41818181818184,
        438.41818181818184,
        438.43181818181824,
        438.43181818181824,
        438.43181818181824,
        438.4386363636364,
        438.47954545454553,
        438.47954545454553,
        438.47954545454553,
        438.47954545454553,
        438.48636363636365,
        438.5,
        438.5,
        438.5545454545454,
        438.5545454545454,
        438.5545454545454,
        438.5545454545454,
        438.5545454545454,
        438.5545454545454,
        438.5545454545454,
        438.5545454545454,
        438.5545454545454,
        438.5545454545454,
        438.5545454545454,
        438.5545454545454,
        438.5613636363636,
        438.5613636363636,
        438.5613636363636
      ]
    }
  },
  "per_generation": [
    {
      "gen": 0.0,
      "best": 436.7,
      "mean": -Infinity
    },
    {
      "gen": 1.0,
      "best": 436.7,
      "mean": -Infinity
    },
    {
      "gen": 2.0,
      "best": 436.7,
      "mean": 418.05227272727274
    },
    {
      "gen": 3.0,
      "best": 436.7,
      "mean": 429.3568181818182
    },
    {
      "gen": 4.0,
      "best": 436.7,
      "mean": 429.54772727272734
    },
    {
      "gen": 5.0,
      "best": 436.7,
      "mean": 429.54772727272734
    },
    {
      "gen": 6.0,
      "best": 437.15,
      "mean": 430.1750000000001
    },
    {
      "gen": 7.0,
      "best": 437.15,
      "mean": 430.2704545454546
    },
    {
      "gen": 8.0,
      "best": 437.15,
      "mean": 430.2704545454546
    },
    {
      "gen": 9.0,
      "best": 437.3,
      "mean": 431.80454545454546
    },
    {
      "gen": 10.0,
      "best": 437.3,
      "mean": 433.959090909091
    },
    {
      "gen": 11.0,
      "best": 437.3,
      "mean": 436.05909090909097
    },
    {
      "gen": 12.0,
      "best": 437.3,
      "mean": 436.3386363636364
    },
    {
      "gen": 13.0,
      "best": 437.3,
      "mean": 436.43409090909097
    },
    {
      "gen": 14.0,
      "best": 437.3,
      "mean": 436.46818181818185
    },
    {
      "gen": 15.0,
      "best": 437.3,
      "mean": 436.46818181818185
    },
    {
      "gen": 16.0,
      "best": 437.6,
      "mean": 436.7886363636364
    },
    {
      "gen": 17.0,
      "best": 437.9,
      "mean": 437.0681818181818
    },
    {
      "gen": 18.0,
      "best": 437.9,
      "mean": 437.19772727272726
    },
    {
      "gen": 19.0,
      "best": 437.9,
      "mean": 437.2318181818182
    },
    {
      "gen": 20.0,
      "best": 437.9,
      "mean": 437.2318181818182
    },
    {
      "gen": 21.0,
      "best": 437.9,
      "mean": 437.34090909090907
    },
    {
      "gen": 22.0,
      "best": 437.9,
      "mean": 437.4295454545454
    },
    {
      "gen": 23.0,
      "best": 437.9,
      "mean": 437.4295454545454
    },
    {
      "gen": 24.0,
      "best": 437.9,
      "mean": 437.4499999999999
    },
    {
      "gen": 25.0,
      "best": 437.9,
      "mean": 437.4499999999999
    },
    {
      "gen": 26.0,