{
  "algo": "pso",
  "hparams": {
    "generations": 100,
    "popsize": 22,
    "fix_last_gene": true,
    "seed": 202,
    "verbosity": 1,
    "log_every": 1,
    "evals_cap": 10000,
    "w": 0.705528279561114,
    "c1": 1.705782117417007,
    "c2": 1.2038177810948651
  },
  "metrics": {
    "best_final": 438.2,
    "auc_best": 43360.049999999945,
    "auc_best_norm": 437.9803030303025,
    "runtime_sec": 69.70182943344116,
    "evals_total": -1,
    "budget_triggered": false,
    "stop_reason": "None"
  },
  "diagnostics": {
    "best": {
      "start": 436.1,
      "end": 438.2,
      "delta_abs": 2.099999999999966,
      "delta_rel": 0.004815409309791254,
      "max_val": 438.2,
      "argmax": 42,
      "auc_raw": 43360.049999999945,
      "auc_norm": 437.9803030303025
    },
    "mean": {
      "start": -Infinity,
      "end": 437.89318181818174,
      "delta_abs": Infinity,
      "delta_rel": NaN,
      "max_val": 437.89318181818174,
      "argmax": 84,
      "auc_raw": -Infinity,
      "auc_norm": -Infinity
    }
  },
  "genomes": {
    "best_genome": [
      1,
      0,
      1,
      1,
      0,
      0,
      0,
      0,
      1,
      1,
      0,
      0,
      1,
      1,
      1,
      0,
      0,
      0,
      0,
      0,
      1,
      0,
      0,
      1,
      0,
      0,
      0,
      0,
      0,
      0,
      0,
      0,
      1
    ],
    "all_best_genomes": null
  },
  "raw": {
    "curves": {
      "best": [
        436.1,
        436.1,
        436.1,
        436.1,
        436.1,
        437.3,
        437.3,
        437.9,
        437.9,
        437.9,
        437.9,
        437.9,
        437.9,
        437.9,
        437.9,
        437.9,
        437.9,
        437.9,
        437.9,
        437.9,
        437.9,
        437.9,
        437.9,
        437.9,
        437.9,
        437.9,
        437.9,
        437.9,
        437.9,
        437.9,
        437.9,
        437.9,
        437.9,
        437.9,
        437.9,
        437.9,
        437.9,
        437.9,
        437.9,
        437.9,
        437.9,
        437.9,
        438.2,
        438.2,
        438.2,
        438.2,
        438.2,
        438.2,
        438.2,
        438.2,
        438.2,
        438.2,
        438.2,
        438.2,
        438.2,
        438.2,
        438.2,
        438.2,
        438.2,
        438.2,
        438.2,
        438.2,
        438.2,
        438.2,
        438.2,
        438.2,
        438.2,
        438.2,
        438.2,
        438.2,
        438.2,
        438.2,
        438.2,
        438.2,
        438.2,
        438.2,
        438.2,
        438.2,
        438.2,
        438.2,
        438.2,
        438.2,
        438.2,
        438.2,
        438.2,
        438.2,
        438.2,
        438.2,
        438.2,
        438.2,
        438.2,
        438.2,
        438.2,
        438.2,
        438.2,
        438.2,
        438.2,
        438.2,
        438.2,
        438.2
      ],
      "mean": [
        -Infinity,
        416.95454545454555,
        416.95454545454555,
        423.1181818181818,
        423.1181818181818,
        430.49545454545455,
        430.5568181818182,
        436.58409090909083,
        436.58409090909083,
        436.58409090909083,
        436.58409090909083,
        436.5977272727272,
        436.5977272727272,
        436.5977272727272,
        436.6795454545454,
        436.6795454545454,
        436.6795454545454,
        436.890909090909,
        437.25909090909084,
        437.25909090909084,
        437.25909090909084,
        437.45681818181816,
        437.45681818181816,
        437.45681818181816,
        437.45681818181816,
        437.45681818181816,
        437.48409090909087,
        437.48409090909087,
        437.48409090909087,
        437.48409090909087,
        437.48409090909087,
        437.48409090909087,
        437.48409090909087,
        437.48409090909087,
        437.48409090909087,
        437.48409090909087,
        437.48409090909087,
        437.48409090909087,
        437.49090909090904,
        437.49090909090904,
        437.49090909090904,
        437.49090909090904,
        437.72272727272724,
        437.72272727272724,
        437.72272727272724,
        437.72272727272724,
        437.72272727272724,
        437.72272727272724,
        437.8113636363636,
        437.8113636363636,
        437.8113636363636,
        437.83863636363634,
        437.83863636363634,
        437.83863636363634,
        437.83863636363634,
        437.83863636363634,
        437.83863636363634,
        437.83863636363634,
        437.83863636363634,
        437.83863636363634,
        437.83863636363634,
        437.83863636363634,
        437.83863636363634,
        437.83863636363634,
        437.83863636363634,
        437.83863636363634,
        437.83863636363634,
        437.85227272727263,
        437.85227272727263,
        437.85227272727263,
        437.85227272727263,
        437.85227272727263,
        437.85227272727263,
        437.85227272727263,
        437.85227272727263,
        437.85227272727263,
        437.85227272727263,
        437.85227272727263,
        437.85227272727263,
        437.85227272727263,
        437.85227272727263,
        437.85227272727263,
        437.85227272727263,
        437.85227272727263,
        437.89318181818174,
        437.89318181818174,
        437.89318181818174,
        437.89318181818174,
        437.89318181818174,
        437.89318181818174,
        437.89318181818174,
        437.89318181818174,
        437.89318181818174,
        437.89318181818174,
        437.89318181818174,
        437.89318181818174,
        437.89318181818174,
        437.89318181818174,
        437.89318181818174,
        437.89318181818174
      ]
    }
  },
  "per_generation": [
    {
      "gen": 0.0,
      "best": 436.1,
      "mean": -Infinity
    },
    {
      "gen": 1.0,
      "best": 436.1,
      "mean": 416.95454545454555
    },
    {
      "gen": 2.0,
      "best": 436.1,
      "mean": 416.95454545454555
    },
    {
      "gen": 3.0,
      "best": 436.1,
      "mean": 423.1181818181818
    },
    {
      "gen": 4.0,
      "best": 436.1,
      "mean": 423.1181818181818
    },
    {
      "gen": 5.0,
      "best": 437.3,
      "mean": 430.49545454545455
    },
    {
      "gen": 6.0,
      "best": 437.3,
      "mean": 430.5568181818182
    },
    {
      "gen": 7.0,
      "best": 437.9,
      "mean": 436.58409090909083
    },
    {
      "gen": 8.0,
      "best": 437.9,
      "mean": 436.58409090909083
    },
    {
      "gen": 9.0,
      "best": 437.9,
      "mean": 436.58409090909083
    },
    {
      "gen": 10.0,
      "best": 437.9,
      "mean": 436.58409090909083
    },
    {
      "gen": 11.0,
      "best": 437.9,
      "mean": 436.5977272727272
    },
    {
      "gen": 12.0,
      "best": 437.9,
      "mean": 436.5977272727272
    },
    {
      "gen": 13.0,
      "best": 437.9,
      "mean": 436.5977272727272
    },
    {
      "gen": 14.0,
      "best": 437.9,
      "mean": 436.6795454545454
    },
    {
      "gen": 15.0,
      "best": 437.9,
      "mean": 436.6795454545454
    },
    {
      "gen": 16.0,
      "best": 437.9,
      "mean": 436.6795454545454
    },
    {
      "gen": 17.0,
      "best": 437.9,
      "mean": 436.890909090909
    },
    {
      "gen": 18.0,
      "best": 437.9,
      "mean": 437.25909090909084
    },
    {
      "gen": 19.0,
      "best": 437.9,
      "mean": 437.25909090909084
    },
    {
      "gen": 20.0,
      "best": 437.9,
      "mean": 437.25909090909084
    },
    {
      "gen": 21.0,
      "best": 437.9,
      "mean": 437.45681818181816
    },
    {
      "gen": 22.0,
      "best": 437.9,
      "mean": 437.45681818181816
    },
    {
      "gen": 23.0,
      "best": 437.9,
      "mean": 437.45681818181816
    },
    {
      "gen": 24.0,
      "best": 437.9,
      "mean": 437.45681818181816
    },
    {
      "gen": 25.0,
      "best": 437.9,