{
  "algo": "pso",
  "hparams": {
    "generations": 100,
    "popsize": 22,
    "fix_last_gene": true,
    "seed": 1102,
    "verbosity": 1,
    "log_every": 1,
    "evals_cap": 10000,
    "w": 0.48585103504221666,
    "c1": 0.8034579681117525,
    "c2": 1.9681029438302997
  },
  "metrics": {
    "best_final": 438.2,
    "auc_best": 43371.899999999965,
    "auc_best_norm": 438.0999999999996,
    "runtime_sec": 69.9098744392395,
    "evals_total": -1,
    "budget_triggered": false,
    "stop_reason": "None"
  },
  "diagnostics": {
    "best": {
      "start": 437.3,
      "end": 438.2,
      "delta_abs": 0.8999999999999773,
      "delta_rel": 0.002058083695403561,
      "max_val": 438.2,
      "argmax": 12,
      "auc_raw": 43371.899999999965,
      "auc_norm": 438.0999999999996
    },
    "mean": {
      "start": -Infinity,
      "end": 437.72272727272735,
      "delta_abs": Infinity,
      "delta_rel": NaN,
      "max_val": 437.72272727272735,
      "argmax": 92,
      "auc_raw": -Infinity,
      "auc_norm": -Infinity
    }
  },
  "genomes": {
    "best_genome": [
      0,
      1,
      0,
      0,
      1,
      0,
      0,
      1,
      1,
      0,
      0,
      0,
      1,
      1,
      0,
      0,
      0,
      0,
      0,
      1,
      0,
      0,
      0,
      1,
      0,
      0,
      0,
      0,
      0,
      0,
      0,
      0,
      1
    ],
    "all_best_genomes": null
  },
  "raw": {
    "curves": {
      "best": [
        437.3,
        437.3,
        437.3,
        437.3,
        437.3,
        437.3,
        437.3,
        437.3,
        437.3,
        437.45,
        437.45,
        437.45,
        438.2,
        438.2,
        438.2,
        438.2,
        438.2,
        438.2,
        438.2,
        438.2,
        438.2,
        438.2,
        438.2,
        438.2,
        438.2,
        438.2,
        438.2,
        438.2,
        438.2,
        438.2,
        438.2,
        438.2,
        438.2,
        438.2,
        438.2,
        438.2,
        438.2,
        438.2,
        438.2,
        438.2,
        438.2,
        438.2,
        438.2,
        438.2,
        438.2,
        438.2,
        438.2,
        438.2,
        438.2,
        438.2,
        438.2,
        438.2,
        438.2,
        438.2,
        438.2,
        438.2,
        438.2,
        438.2,
        438.2,
        438.2,
        438.2,
        438.2,
        438.2,
        438.2,
        438.2,
        438.2,
        438.2,
        438.2,
        438.2,
        438.2,
        438.2,
        438.2,
        438.2,
        438.2,
        438.2,
        438.2,
        438.2,
        438.2,
        438.2,
        438.2,
        438.2,
        438.2,
        438.2,
        438.2,
        438.2,
        438.2,
        438.2,
        438.2,
        438.2,
        438.2,
        438.2,
        438.2,
        438.2,
        438.2,
        438.2,
        438.2,
        438.2,
        438.2,
        438.2,
        438.2
      ],
      "mean": [
        -Infinity,
        433.50227272727267,
        434.80454545454546,
        435.1181818181818,
        435.2136363636364,
        435.2136363636364,
        435.2136363636364,
        435.24772727272733,
        435.37045454545455,
        436.25000000000006,
        436.25000000000006,
        436.25000000000006,
        436.82272727272726,
        436.8568181818182,
        436.8568181818182,
        436.87045454545455,
        436.87045454545455,
        436.88409090909084,
        437.08181818181816,
        437.08181818181816,
        437.08181818181816,
        437.08181818181816,
        437.08181818181816,
        437.08181818181816,
        437.08181818181816,
        437.08181818181816,
        437.08181818181816,
        437.08181818181816,
        437.08181818181816,
        437.08181818181816,
        437.08181818181816,
        437.08181818181816,
        437.08181818181816,
        437.17727272727274,
        437.17727272727274,
        437.17727272727274,
        437.17727272727274,
        437.17727272727274,
        437.53181818181815,
        437.53181818181815,
        437.53181818181815,
        437.53181818181815,
        437.53181818181815,
        437.55227272727274,
        437.55227272727274,
        437.55227272727274,
        437.55227272727274,
        437.55227272727274,
        437.55227272727274,
        437.55227272727274,
        437.55227272727274,
        437.55227272727274,
        437.55227272727274,
        437.55227272727274,
        437.55227272727274,
        437.55227272727274,
        437.55227272727274,
        437.55909090909097,
        437.55909090909097,
        437.55909090909097,
        437.55909090909097,
        437.55909090909097,
        437.55909090909097,
        437.55909090909097,
        437.55909090909097,
        437.62727272727267,
        437.62727272727267,
        437.62727272727267,
        437.62727272727267,
        437.62727272727267,
        437.62727272727267,
        437.62727272727267,
        437.62727272727267,
        437.62727272727267,
        437.62727272727267,
        437.62727272727267,
        437.62727272727267,
        437.62727272727267,
        437.62727272727267,
        437.62727272727267,
        437.62727272727267,
        437.62727272727267,
        437.62727272727267,
        437.6545454545454,
        437.6545454545454,
        437.6545454545454,
        437.6545454545454,
        437.6545454545454,
        437.6545454545454,
        437.6545454545454,
        437.6545454545454,
        437.6545454545454,
        437.72272727272735,
        437.72272727272735,
        437.72272727272735,
        437.72272727272735,
        437.72272727272735,
        437.72272727272735,
        437.72272727272735,
        437.72272727272735
      ]
    }
  },
  "per_generation": [
    {
      "gen": 0.0,
      "best": 437.3,
      "mean": -Infinity
    },
    {
      "gen": 1.0,
      "best": 437.3,
      "mean": 433.50227272727267
    },
    {
      "gen": 2.0,
      "best": 437.3,
      "mean": 434.80454545454546
    },
    {
      "gen": 3.0,
      "best": 437.3,
      "mean": 435.1181818181818
    },
    {
      "gen": 4.0,
      "best": 437.3,
      "mean": 435.2136363636364
    },
    {
      "gen": 5.0,
      "best": 437.3,
      "mean": 435.2136363636364
    },
    {
      "gen": 6.0,
      "best": 437.3,
      "mean": 435.2136363636364
    },
    {
      "gen": 7.0,
      "best": 437.3,
      "mean": 435.24772727272733
    },
    {
      "gen": 8.0,
      "best": 437.3,
      "mean": 435.37045454545455
    },
    {
      "gen": 9.0,
      "best": 437.45,
      "mean": 436.25000000000006
    },
    {
      "gen": 10.0,
      "best": 437.45,
      "mean": 436.25000000000006
    },
    {
      "gen": 11.0,
      "best": 437.45,
      "mean": 436.25000000000006
    },
    {
      "gen": 12.0,
      "best": 438.2,
      "mean": 436.82272727272726
    },
    {
      "gen": 13.0,
      "best": 438.2,
      "mean": 436.8568181818182
    },
    {
      "gen": 14.0,
      "best": 438.2,
      "mean": 436.8568181818182
    },
    {
      "gen": 15.0,
      "best": 438.2,
      "mean": 436.87045454545455
    },
    {
      "gen": 16.0,
      "best": 438.2,
      "mean": 436.87045454545455
    },
    {
      "gen": 17.0,
      "best": 438.2,
      "mean": 436.88409090909084
    },
    {
      "gen": 18.0,
      "best": 438.2,
      "mean": 437.08181818181816
    },
    {
      "gen": 19.0,
      "best": 438.2,
      "mean": 437.08181818181816
    },
    {
      "gen": 20.0,
      "best": 438.2,
      "mean": 437.08181818181816
    },
    {
      "gen": 21.0,
      "best": 438.2,
      "mean": 437.08181818181816
    },
    {
      "gen": 22.0,
      "best": 438.2,
      "mean": 437.08181818181816
    },
    {
      "gen": 23.0,
      "best": 438.2,
      "mean": 437.08181818181816
    },
    {
      "gen": 24.0,
      "best": 438.2,
      "mean": 437.08181818181816
    },
    {
      "gen": 25.0,
      "best": 438.2,