{
  "algo": "pso",
  "hparams": {
    "generations": 100,
    "popsize": 22,
    "fix_last_gene": true,
    "seed": 505,
    "verbosity": 1,
    "log_every": 1,
    "evals_cap": 10000,
    "w": 0.8770803004002514,
    "c1": 1.143660780421013,
    "c2": 1.651128603601917
  },
  "metrics": {
    "best_final": 438.65,
    "auc_best": 43394.40000000008,
    "auc_best_norm": 438.32727272727357,
    "runtime_sec": 84.59894943237305,
    "evals_total": -1,
    "budget_triggered": false,
    "stop_reason": "None"
  },
  "diagnostics": {
    "best": {
      "start": 435.95,
      "end": 438.65,
      "delta_abs": 2.6999999999999886,
      "delta_rel": 0.006193370799403576,
      "max_val": 438.65,
      "argmax": 36,
      "auc_raw": 43394.40000000008,
      "auc_norm": 438.32727272727357
    },
    "mean": {
      "start": -Infinity,
      "end": 438.64999999999986,
      "delta_abs": Infinity,
      "delta_rel": NaN,
      "max_val": 438.64999999999986,
      "argmax": 69,
      "auc_raw": -Infinity,
      "auc_norm": -Infinity
    }
  },
  "genomes": {
    "best_genome": [
      1,
      1,
      1,
      1,
      0,
      1,
      1,
      0,
      0,
      0,
      0,
      0,
      1,
      0,
      0,
      0,
      0,
      0,
      0,
      0,
      0,
      0,
      0,
      0,
      0,
      0,
      0,
      0,
      0,
      0,
      0,
      0,
      1
    ],
    "all_best_genomes": null
  },
  "raw": {
    "curves": {
      "best": [
        435.95,
        435.95,
        435.95,
        435.95,
        435.95,
        437.9,
        437.9,
        437.9,
        437.9,
        437.9,
        437.9,
        437.9,
        437.9,
        437.9,
        437.9,
        437.9,
        437.9,
        437.9,
        437.9,
        437.9,
        437.9,
        437.9,
        437.9,
        438.05,
        438.05,
        438.05,
        438.05,
        438.05,
        438.05,
        438.05,
        438.05,
        438.35,
        438.35,
        438.35,
        438.35,
        438.35,
        438.65,
        438.65,
        438.65,
        438.65,
        438.65,
        438.65,
        438.65,
        438.65,
        438.65,
        438.65,
        438.65,
        438.65,
        438.65,
        438.65,
        438.65,
        438.65,
        438.65,
        438.65,
        438.65,
        438.65,
        438.65,
        438.65,
        438.65,
        438.65,
        438.65,
        438.65,
        438.65,
        438.65,
        438.65,
        438.65,
        438.65,
        438.65,
        438.65,
        438.65,
        438.65,
        438.65,
        438.65,
        438.65,
        438.65,
        438.65,
        438.65,
        438.65,
        438.65,
        438.65,
        438.65,
        438.65,
        438.65,
        438.65,
        438.65,
        438.65,
        438.65,
        438.65,
        438.65,
        438.65,
        438.65,
        438.65,
        438.65,
        438.65,
        438.65,
        438.65,
        438.65,
        438.65,
        438.65,
        438.65
      ],
      "mean": [
        -Infinity,
        -Infinity,
        420.33636363636356,
        420.9295454545454,
        431.6068181818182,
        434.075,
        435.32272727272726,
        436.3045454545454,
        436.5363636363636,
        436.5431818181818,
        436.5431818181818,
        436.65227272727265,
        436.65227272727265,
        436.7068181818182,
        436.7068181818182,
        436.959090909091,
        436.97272727272735,
        436.97272727272735,
        437.19090909090914,
        437.19090909090914,
        437.19090909090914,
        437.28636363636366,
        437.36136363636365,
        437.50454545454545,
        437.50454545454545,
        437.50454545454545,
        437.50454545454545,
        437.5863636363636,
        437.5863636363636,
        437.5863636363636,
        437.64090909090913,
        437.85227272727263,
        437.85227272727263,
        437.85227272727263,
        437.85227272727263,
        437.85227272727263,
        438.1386363636364,
        438.1386363636364,
        438.1386363636364,
        438.1386363636364,
        438.5,
        438.5,
        438.5,
        438.5,
        438.5,
        438.5,
        438.5,
        438.575,
        438.58863636363634,
        438.58863636363634,
        438.58863636363634,
        438.58863636363634,
        438.58863636363634,
        438.58863636363634,
        438.58863636363634,
        438.58863636363634,
        438.58863636363634,
        438.60227272727263,
        438.60227272727263,
        438.60227272727263,
        438.60227272727263,
        438.60227272727263,
        438.60227272727263,
        438.60227272727263,
        438.615909090909,
        438.615909090909,
        438.615909090909,
        438.615909090909,
        438.615909090909,
        438.64999999999986,
        438.64999999999986,
        438.64999999999986,
        438.64999999999986,
        438.64999999999986,
        438.64999999999986,
        438.64999999999986,
        438.64999999999986,
        438.64999999999986,
        438.64999999999986,
        438.64999999999986,
        438.64999999999986,
        438.64999999999986,
        438.64999999999986,
        438.64999999999986,
        438.64999999999986,
        438.64999999999986,
        438.64999999999986,
        438.64999999999986,
        438.64999999999986,
        438.64999999999986,
        438.64999999999986,
        438.64999999999986,
        438.64999999999986,
        438.64999999999986,
        438.64999999999986,
        438.64999999999986,
        438.64999999999986,
        438.64999999999986,
        438.64999999999986,
        438.64999999999986
      ]
    }
  },
  "per_generation": [
    {
      "gen": 0.0,
      "best": 435.95,
      "mean": -Infinity
    },
    {
      "gen": 1.0,
      "best": 435.95,
      "mean": -Infinity
    },
    {
      "gen": 2.0,
      "best": 435.95,
      "mean": 420.33636363636356
    },
    {
      "gen": 3.0,
      "best": 435.95,
      "mean": 420.9295454545454
    },
    {
      "gen": 4.0,
      "best": 435.95,
      "mean": 431.6068181818182
    },
    {
      "gen": 5.0,
      "best": 437.9,
      "mean": 434.075
    },
    {
      "gen": 6.0,
      "best": 437.9,
      "mean": 435.32272727272726
    },
    {
      "gen": 7.0,
      "best": 437.9,
      "mean": 436.3045454545454
    },
    {
      "gen": 8.0,
      "best": 437.9,
      "mean": 436.5363636363636
    },
    {
      "gen": 9.0,
      "best": 437.9,
      "mean": 436.5431818181818
    },
    {
      "gen": 10.0,
      "best": 437.9,
      "mean": 436.5431818181818
    },
    {
      "gen": 11.0,
      "best": 437.9,
      "mean": 436.65227272727265
    },
    {
      "gen": 12.0,
      "best": 437.9,
      "mean": 436.65227272727265
    },
    {
      "gen": 13.0,
      "best": 437.9,
      "mean": 436.7068181818182
    },
    {
      "gen": 14.0,
      "best": 437.9,
      "mean": 436.7068181818182
    },
    {
      "gen": 15.0,
      "best": 437.9,
      "mean": 436.959090909091
    },
    {
      "gen": 16.0,
      "best": 437.9,
      "mean": 436.97272727272735
    },
    {
      "gen": 17.0,
      "best": 437.9,
      "mean": 436.97272727272735
    },
    {
      "gen": 18.0,
      "best": 437.9,
      "mean": 437.19090909090914
    },
    {
      "gen": 19.0,
      "best": 437.9,
      "mean": 437.19090909090914
    },
    {
      "gen": 20.0,
      "best": 437.9,
      "mean": 437.19090909090914
    },
    {
      "gen": 21.0,
      "best": 437.9,
      "mean": 437.28636363636366
    },
    {
      "gen": 22.0,
      "best": 437.9,
      "mean": 437.36136363636365
    },
    {
      "gen": 23.0,
      "best": 438.05,
      "mean": 437.50454545454545
    },
    {
      "gen": 24.0,
      "best": 438.05,
      "mean": 437.50454545454545
    },
    {
      "gen": 25.0,
      "best": 438.05,
      "mean": 437.50454545454545
    },
    {
      "gen": 26.0,
      "best": 438.05,