{
  "algo": "pso",
  "hparams": {
    "generations": 100,
    "popsize": 22,
    "fix_last_gene": true,
    "seed": 404,
    "verbosity": 1,
    "log_every": 1,
    "evals_cap": 10000,
    "w": 0.8254333960731094,
    "c1": 1.8377963241166142,
    "c2": 0.8
  },
  "metrics": {
    "best_final": 438.05,
    "auc_best": 43339.50000000005,
    "auc_best_norm": 437.77272727272776,
    "runtime_sec": 79.88334083557129,
    "evals_total": -1,
    "budget_triggered": false,
    "stop_reason": "None"
  },
  "diagnostics": {
    "best": {
      "start": 436.25,
      "end": 438.05,
      "delta_abs": 1.8000000000000114,
      "delta_rel": 0.004126074498567361,
      "max_val": 438.05,
      "argmax": 40,
      "auc_raw": 43339.50000000005,
      "auc_norm": 437.77272727272776
    },
    "mean": {
      "start": -Infinity,
      "end": 437.64090909090913,
      "delta_abs": Infinity,
      "delta_rel": NaN,
      "max_val": 437.64090909090913,
      "argmax": 97,
      "auc_raw": -Infinity,
      "auc_norm": -Infinity
    }
  },
  "genomes": {
    "best_genome": [
      1,
      0,
      0,
      0,
      0,
      0,
      1,
      0,
      0,
      0,
      0,
      0,
      0,
      1,
      1,
      0,
      0,
      0,
      1,
      0,
      1,
      0,
      0,
      0,
      0,
      0,
      0,
      0,
      0,
      0,
      0,
      0,
      1
    ],
    "all_best_genomes": null
  },
  "raw": {
    "curves": {
      "best": [
        436.25,
        436.25,
        436.25,
        436.25,
        436.4,
        436.4,
        437.0,
        437.0,
        437.0,
        437.0,
        437.45,
        437.45,
        437.45,
        437.45,
        437.45,
        437.45,
        437.45,
        437.45,
        437.6,
        437.6,
        437.6,
        437.6,
        437.6,
        437.6,
        437.6,
        437.6,
        437.6,
        437.6,
        437.6,
        437.6,
        437.6,
        437.6,
        437.6,
        437.75,
        437.75,
        437.75,
        437.75,
        437.75,
        437.75,
        437.75,
        438.05,
        438.05,
        438.05,
        438.05,
        438.05,
        438.05,
        438.05,
        438.05,
        438.05,
        438.05,
        438.05,
        438.05,
        438.05,
        438.05,
        438.05,
        438.05,
        438.05,
        438.05,
        438.05,
        438.05,
        438.05,
        438.05,
        438.05,
        438.05,
        438.05,
        438.05,
        438.05,
        438.05,
        438.05,
        438.05,
        438.05,
        438.05,
        438.05,
        438.05,
        438.05,
        438.05,
        438.05,
        438.05,
        438.05,
        438.05,
        438.05,
        438.05,
        438.05,
        438.05,
        438.05,
        438.05,
        438.05,
        438.05,
        438.05,
        438.05,
        438.05,
        438.05,
        438.05,
        438.05,
        438.05,
        438.05,
        438.05,
        438.05,
        438.05,
        438.05
      ],
      "mean": [
        -Infinity,
        -Infinity,
        -Infinity,
        429.875,
        429.90227272727276,
        429.95,
        431.484090909091,
        431.484090909091,
        431.484090909091,
        435.6636363636364,
        435.83409090909095,
        436.18863636363636,
        436.81590909090903,
        436.8431818181818,
        436.8431818181818,
        436.8431818181818,
        436.8431818181818,
        436.8431818181818,
        436.94545454545454,
        436.94545454545454,
        436.94545454545454,
        436.95227272727266,
        436.9863636363636,
        437.04772727272723,
        437.04772727272723,
        437.04772727272723,
        437.04772727272723,
        437.04772727272723,
        437.0613636363636,
        437.0613636363636,
        437.0613636363636,
        437.0613636363636,
        437.0613636363636,
        437.2113636363636,
        437.2113636363636,
        437.2113636363636,
        437.2113636363636,
        437.2113636363636,
        437.2113636363636,
        437.2113636363636,
        437.2863636363636,
        437.34090909090907,
        437.34090909090907,
        437.3545454545454,
        437.3545454545454,
        437.3545454545454,
        437.3545454545454,
        437.3545454545454,
        437.3545454545454,
        437.3545454545454,
        437.3613636363636,
        437.3613636363636,
        437.3613636363636,
        437.42272727272723,
        437.42272727272723,
        437.42272727272723,
        437.42272727272723,
        437.42272727272723,
        437.4977272727272,
        437.4977272727272,
        437.4977272727272,
        437.4977272727272,
        437.4977272727272,
        437.4977272727272,
        437.4977272727272,
        437.4977272727272,
        437.4977272727272,
        437.4977272727272,
        437.51136363636357,
        437.51136363636357,
        437.51136363636357,
        437.51136363636357,
        437.51136363636357,
        437.51136363636357,
        437.51136363636357,
        437.51136363636357,
        437.51136363636357,
        437.51136363636357,
        437.51818181818174,
        437.51818181818174,
        437.51818181818174,
        437.51818181818174,
        437.56590909090914,
        437.57272727272726,
        437.57272727272726,
        437.57272727272726,
        437.57272727272726,
        437.57272727272726,
        437.6,
        437.6,
        437.6,
        437.6,
        437.6,
        437.6068181818182,
        437.6068181818182,
        437.62727272727267,
        437.62727272727267,
        437.64090909090913,
        437.64090909090913,
        437.64090909090913
      ]
    }
  },
  "per_generation": [
    {
      "gen": 0.0,
      "best": 436.25,
      "mean": -Infinity
    },
    {
      "gen": 1.0,
      "best": 436.25,
      "mean": -Infinity
    },
    {
      "gen": 2.0,
      "best": 436.25,
      "mean": -Infinity
    },
    {
      "gen": 3.0,
      "best": 436.25,
      "mean": 429.875
    },
    {
      "gen": 4.0,
      "best": 436.4,
      "mean": 429.90227272727276
    },
    {
      "gen": 5.0,
      "best": 436.4,
      "mean": 429.95
    },
    {
      "gen": 6.0,
      "best": 437.0,
      "mean": 431.484090909091
    },
    {
      "gen": 7.0,
      "best": 437.0,
      "mean": 431.484090909091
    },
    {
      "gen": 8.0,
      "best": 437.0,
      "mean": 431.484090909091
    },
    {
      "gen": 9.0,
      "best": 437.0,
      "mean": 435.6636363636364
    },
    {
      "gen": 10.0,
      "best": 437.45,
      "mean": 435.83409090909095
    },
    {
      "gen": 11.0,
      "best": 437.45,
      "mean": 436.18863636363636
    },
    {
      "gen": 12.0,
      "best": 437.45,
      "mean": 436.81590909090903
    },
    {
      "gen": 13.0,
      "best": 437.45,
      "mean": 436.8431818181818
    },
    {
      "gen": 14.0,
      "best": 437.45,
      "mean": 436.8431818181818
    },
    {
      "gen": 15.0,
      "best": 437.45,
      "mean": 436.8431818181818
    },
    {
      "gen": 16.0,
      "best": 437.45,
      "mean": 436.8431818181818
    },
    {
      "gen": 17.0,
      "best": 437.45,
      "mean": 436.8431818181818
    },
    {
      "gen": 18.0,
      "best": 437.6,
      "mean": 436.94545454545454
    },
    {
      "gen": 19.0,
      "best": 437.6,
      "mean": 436.94545454545454
    },
    {
      "gen": 20.0,
      "best": 437.6,
      "mean": 436.94545454545454
    },
    {
      "gen": 21.0,
      "best": 437.6,
      "mean": 436.95227272727266
    },
    {
      "gen": 22.0,
      "best": 437.6,
      "mean": 436.9863636363636
    },
    {
      "gen": 23.0,
      "best": 437.6,
      "mean": 437.04772727272723
    },
    {
      "gen": 24.0,
      "best": 437.6,
      "mean": 437.04772727272723
    },
    {
      "gen": 25.0,
      "best": 437.6,
      "mean": 437.04772727272723
    },
    {
      "gen": 26.0,
      "best": 437.6,