{
  "algo": "pso",
  "hparams": {
    "generations": 100,
    "popsize": 22,
    "fix_last_gene": true,
    "seed": 1001,
    "verbosity": 1,
    "log_every": 1,
    "evals_cap": 10000,
    "w": 0.5430561437930976,
    "c1": 1.16729260714325,
    "c2": 1.4976381207841674
  },
  "metrics": {
    "best_final": 438.2,
    "auc_best": 43307.774999999914,
    "auc_best_norm": 437.45227272727186,
    "runtime_sec": 83.53601956367493,
    "evals_total": -1,
    "budget_triggered": false,
    "stop_reason": "None"
  },
  "diagnostics": {
    "best": {
      "start": 436.55,
      "end": 438.2,
      "delta_abs": 1.6499999999999773,
      "delta_rel": 0.0037796357805520036,
      "max_val": 438.2,
      "argmax": 80,
      "auc_raw": 43307.774999999914,
      "auc_norm": 437.45227272727186
    },
    "mean": {
      "start": -Infinity,
      "end": 437.9477272727272,
      "delta_abs": Infinity,
      "delta_rel": NaN,
      "max_val": 437.9477272727272,
      "argmax": 88,
      "auc_raw": -Infinity,
      "auc_norm": -Infinity
    }
  },
  "genomes": {
    "best_genome": [
      1,
      1,
      1,
      1,
      0,
      1,
      1,
      1,
      1,
      1,
      1,
      1,
      0,
      1,
      1,
      1,
      0,
      0,
      0,
      0,
      1,
      0,
      0,
      0,
      0,
      0,
      0,
      0,
      0,
      0,
      0,
      0,
      1
    ],
    "all_best_genomes": null
  },
  "raw": {
    "curves": {
      "best": [
        436.55,
        436.55,
        436.55,
        436.55,
        436.55,
        436.55,
        436.55,
        436.55,
        436.55,
        436.55,
        436.55,
        436.55,
        436.55,
        436.85,
        436.85,
        436.85,
        436.85,
        436.85,
        436.85,
        436.85,
        436.85,
        436.85,
        436.85,
        437.0,
        437.0,
        437.0,
        437.0,
        437.0,
        437.0,
        437.0,
        437.3,
        437.3,
        437.3,
        437.3,
        437.3,
        437.3,
        437.3,
        437.3,
        437.3,
        437.3,
        437.3,
        437.3,
        437.3,
        437.3,
        437.6,
        437.6,
        437.6,
        437.6,
        437.6,
        437.6,
        437.6,
        437.6,
        437.6,
        437.6,
        437.6,
        437.6,
        437.6,
        437.6,
        437.6,
        437.6,
        437.6,
        437.6,
        437.75,
        437.75,
        437.75,
        437.75,
        437.75,
        437.75,
        437.75,
        437.75,
        437.75,
        437.75,
        437.75,
        437.75,
        437.75,
        437.75,
        437.75,
        437.75,
        437.75,
        437.75,
        438.2,
        438.2,
        438.2,
        438.2,
        438.2,
        438.2,
        438.2,
        438.2,
        438.2,
        438.2,
        438.2,
        438.2,
        438.2,
        438.2,
        438.2,
        438.2,
        438.2,
        438.2,
        438.2,
        438.2
      ],
      "mean": [
        -Infinity,
        420.27500000000003,
        425.5386363636364,
        425.8386363636364,
        425.92727272727274,
        425.92727272727274,
        425.96818181818185,
        426.3568181818182,
        426.37045454545455,
        426.37045454545455,
        426.37727272727267,
        426.44545454545454,
        430.6113636363636,
        436.1136363636364,
        436.1136363636364,
        436.1136363636364,
        436.1136363636364,
        436.13409090909084,
        436.31136363636375,
        436.31136363636375,
        436.31136363636375,
        436.31136363636375,
        436.3522727272728,
        436.4613636363637,
        436.4613636363637,
        436.4613636363637,
        436.4613636363637,
        436.4613636363637,
        436.4613636363637,
        436.4613636363637,
        436.67272727272734,
        436.67272727272734,
        436.67272727272734,
        436.67272727272734,
        436.6931818181819,
        436.7136363636364,
        436.7136363636364,
        436.7136363636364,
        436.7136363636364,
        436.7136363636364,
        436.734090909091,
        436.734090909091,
        436.734090909091,
        436.734090909091,
        437.0681818181819,
        437.0681818181819,
        437.0681818181819,
        437.0681818181819,
        437.0681818181819,
        437.0681818181819,
        437.14318181818186,
        437.14318181818186,
        437.2522727272728,
        437.2522727272728,
        437.2522727272728,
        437.2522727272728,
        437.2522727272728,
        437.2522727272728,
        437.2522727272728,
        437.2522727272728,
        437.25909090909096,
        437.25909090909096,
        437.34772727272735,
        437.34772727272735,
        437.34772727272735,
        437.34772727272735,
        437.34772727272735,
        437.34772727272735,
        437.34772727272735,
        437.34772727272735,
        437.34772727272735,
        437.34772727272735,
        437.34772727272735,
        437.34772727272735,
        437.34772727272735,
        437.34772727272735,
        437.34772727272735,
        437.409090909091,
        437.409090909091,
        437.409090909091,
        437.5386363636364,
        437.5386363636364,
        437.5386363636364,
        437.5386363636364,
        437.5386363636364,
        437.89999999999986,
        437.89999999999986,
        437.89999999999986,
        437.9477272727272,
        437.9477272727272,
        437.9477272727272,
        437.9477272727272,
        437.9477272727272,
        437.9477272727272,
        437.9477272727272,
        437.9477272727272,
        437.9477272727272,
        437.9477272727272,
        437.9477272727272,
        437.9477272727272
      ]
    }
  },
  "per_generation": [
    {
      "gen": 0.0,
      "best": 436.55,
      "mean": -Infinity
    },
    {
      "gen": 1.0,
      "best": 436.55,
      "mean": 420.27500000000003
    },
    {
      "gen": 2.0,
      "best": 436.55,
      "mean": 425.5386363636364
    },
    {
      "gen": 3.0,
      "best": 436.55,
      "mean": 425.8386363636364
    },
    {
      "gen": 4.0,
      "best": 436.55,
      "mean": 425.92727272727274
    },
    {
      "gen": 5.0,
      "best": 436.55,
      "mean": 425.92727272727274
    },
    {
      "gen": 6.0,
      "best": 436.55,
      "mean": 425.96818181818185
    },
    {
      "gen": 7.0,
      "best": 436.55,
      "mean": 426.3568181818182
    },
    {
      "gen": 8.0,
      "best": 436.55,
      "mean": 426.37045454545455
    },
    {
      "gen": 9.0,
      "best": 436.55,
      "mean": 426.37045454545455
    },
    {
      "gen": 10.0,
      "best": 436.55,
      "mean": 426.37727272727267
    },
    {
      "gen": 11.0,
      "best": 436.55,
      "mean": 426.44545454545454
    },
    {
      "gen": 12.0,
      "best": 436.55,
      "mean": 430.6113636363636
    },
    {
      "gen": 13.0,
      "best": 436.85,
      "mean": 436.1136363636364
    },
    {
      "gen": 14.0,
      "best": 436.85,
      "mean": 436.1136363636364
    },
    {
      "gen": 15.0,
      "best": 436.85,
      "mean": 436.1136363636364
    },
    {
      "gen": 16.0,
      "best": 436.85,
      "mean": 436.1136363636364
    },
    {
      "gen": 17.0,
      "best": 436.85,
      "mean": 436.13409090909084
    },
    {
      "gen": 18.0,
      "best": 436.85,
      "mean": 436.31136363636375
    },
    {
      "gen": 19.0,
      "best": 436.85,
      "mean": 436.31136363636375
    },
    {
      "gen": 20.0,
      "best": 436.85,
      "mean": 436.31136363636375
    },
    {
      "gen": 21.0,
      "best": 436.85,
      "mean": 436.31136363636375
    },
    {
      "gen": 22.0,
      "best": 436.85,
      "mean": 436.3522727272728
    },
    {
      "gen": 23.0,
      "best": 437.0,
      "mean": 436.4613636363637
    },
    {
      "gen": 24.0,
      "best": 437.0,
      "mean": 436.4613636363637
    },
    {
      "gen": 25.0,
      "best": 437.0,