{
  "algo": "pso",
  "hparams": {
    "generations": 100,
    "popsize": 22,
    "fix_last_gene": true,
    "seed": 404,
    "verbosity": 1,
    "log_every": 1,
    "evals_cap": 10000,
    "w": 0.8770803004002514,
    "c1": 1.143660780421013,
    "c2": 1.651128603601917
  },
  "metrics": {
    "best_final": 438.35,
    "auc_best": 43361.39999999999,
    "auc_best_norm": 437.9939393939393,
    "runtime_sec": 98.80015730857849,
    "evals_total": -1,
    "budget_triggered": false,
    "stop_reason": "None"
  },
  "diagnostics": {
    "best": {
      "start": 436.25,
      "end": 438.35,
      "delta_abs": 2.1000000000000227,
      "delta_rel": 0.004813753581661943,
      "max_val": 438.35,
      "argmax": 78,
      "auc_raw": 43361.39999999999,
      "auc_norm": 437.9939393939393
    },
    "mean": {
      "start": -Infinity,
      "end": 438.0568181818182,
      "delta_abs": Infinity,
      "delta_rel": NaN,
      "max_val": 438.0568181818182,
      "argmax": 95,
      "auc_raw": -Infinity,
      "auc_norm": -Infinity
    }
  },
  "genomes": {
    "best_genome": [
      1,
      1,
      1,
      1,
      0,
      1,
      0,
      0,
      0,
      0,
      0,
      0,
      0,
      1,
      1,
      0,
      0,
      0,
      1,
      0,
      0,
      0,
      0,
      0,
      0,
      0,
      0,
      0,
      0,
      0,
      0,
      0,
      1
    ],
    "all_best_genomes": null
  },
  "raw": {
    "curves": {
      "best": [
        436.25,
        436.25,
        436.55,
        436.55,
        436.55,
        436.55,
        437.3,
        437.3,
        437.3,
        437.3,
        437.75,
        437.75,
        437.75,
        437.75,
        437.75,
        437.75,
        437.75,
        437.75,
        437.9,
        437.9,
        437.9,
        437.9,
        437.9,
        437.9,
        437.9,
        437.9,
        437.9,
        437.9,
        437.9,
        437.9,
        437.9,
        437.9,
        437.9,
        437.9,
        437.9,
        437.9,
        437.9,
        437.9,
        437.9,
        437.9,
        437.9,
        438.2,
        438.2,
        438.2,
        438.2,
        438.2,
        438.2,
        438.2,
        438.2,
        438.2,
        438.2,
        438.2,
        438.2,
        438.2,
        438.2,
        438.2,
        438.2,
        438.2,
        438.2,
        438.2,
        438.2,
        438.2,
        438.2,
        438.2,
        438.2,
        438.2,
        438.2,
        438.2,
        438.2,
        438.2,
        438.2,
        438.2,
        438.2,
        438.2,
        438.2,
        438.2,
        438.2,
        438.2,
        438.35,
        438.35,
        438.35,
        438.35,
        438.35,
        438.35,
        438.35,
        438.35,
        438.35,
        438.35,
        438.35,
        438.35,
        438.35,
        438.35,
        438.35,
        438.35,
        438.35,
        438.35,
        438.35,
        438.35,
        438.35,
        438.35
      ],
      "mean": [
        -Infinity,
        -Infinity,
        -Infinity,
        431.1568181818182,
        432.43863636363625,
        432.43863636363625,
        436.2568181818182,
        436.2568181818182,
        436.2568181818182,
        436.28409090909093,
        436.45454545454544,
        436.88409090909096,
        437.1636363636364,
        437.17727272727274,
        437.17727272727274,
        437.17727272727274,
        437.17727272727274,
        437.17727272727274,
        437.43636363636364,
        437.43636363636364,
        437.43636363636364,
        437.4636363636364,
        437.52500000000003,
        437.5727272727272,
        437.5727272727272,
        437.5727272727272,
        437.6545454545454,
        437.6545454545454,
        437.6545454545454,
        437.67499999999995,
        437.67499999999995,
        437.67499999999995,
        437.67499999999995,
        437.68863636363636,
        437.68863636363636,
        437.68863636363636,
        437.69545454545454,
        437.69545454545454,
        437.69545454545454,
        437.69545454545454,
        437.7568181818182,
        437.7977272727272,
        437.7977272727272,
        437.7977272727272,
        437.7977272727272,
        437.7977272727272,
        437.8045454545454,
        437.8045454545454,
        437.8045454545454,
        437.8045454545454,
        437.8045454545454,
        437.8045454545454,
        437.8045454545454,
        437.87272727272716,
        437.87272727272716,
        437.87272727272716,
        437.87272727272716,
        437.8795454545454,
        437.90681818181815,
        437.90681818181815,
        437.90681818181815,
        437.90681818181815,
        437.90681818181815,
        437.90681818181815,
        437.90681818181815,
        437.90681818181815,
        437.90681818181815,
        437.90681818181815,
        437.90681818181815,
        437.90681818181815,
        437.90681818181815,
        437.90681818181815,
        437.90681818181815,
        437.90681818181815,
        437.90681818181815,
        437.90681818181815,
        437.90681818181815,
        437.90681818181815,
        437.92045454545445,
        437.92045454545445,
        437.92045454545445,
        437.92727272727274,
        437.92727272727274,
        437.9886363636364,
        437.9886363636364,
        437.9886363636364,
        437.9886363636364,
        437.9886363636364,
        438.015909090909,
        438.015909090909,
        438.015909090909,
        438.015909090909,
        438.015909090909,
        438.015909090909,
        438.015909090909,
        438.0568181818182,
        438.0568181818182,
        438.0568181818182,
        438.0568181818182,
        438.0568181818182
      ]
    }
  },
  "per_generation": [
    {
      "gen": 0.0,
      "best": 436.25,
      "mean": -Infinity
    },
    {
      "gen": 1.0,
      "best": 436.25,
      "mean": -Infinity
    },
    {
      "gen": 2.0,
      "best": 436.55,
      "mean": -Infinity
    },
    {
      "gen": 3.0,
      "best": 436.55,
      "mean": 431.1568181818182
    },
    {
      "gen": 4.0,
      "best": 436.55,
      "mean": 432.43863636363625
    },
    {
      "gen": 5.0,
      "best": 436.55,
      "mean": 432.43863636363625
    },
    {
      "gen": 6.0,
      "best": 437.3,
      "mean": 436.2568181818182
    },
    {
      "gen": 7.0,
      "best": 437.3,
      "mean": 436.2568181818182
    },
    {
      "gen": 8.0,
      "best": 437.3,
      "mean": 436.2568181818182
    },
    {
      "gen": 9.0,
      "best": 437.3,
      "mean": 436.28409090909093
    },
    {
      "gen": 10.0,
      "best": 437.75,
      "mean": 436.45454545454544
    },
    {
      "gen": 11.0,
      "best": 437.75,
      "mean": 436.88409090909096
    },
    {
      "gen": 12.0,
      "best": 437.75,
      "mean": 437.1636363636364
    },
    {
      "gen": 13.0,
      "best": 437.75,
      "mean": 437.17727272727274
    },
    {
      "gen": 14.0,
      "best": 437.75,
      "mean": 437.17727272727274
    },
    {
      "gen": 15.0,
      "best": 437.75,
      "mean": 437.17727272727274
    },
    {
      "gen": 16.0,
      "best": 437.75,
      "mean": 437.17727272727274
    },
    {
      "gen": 17.0,
      "best": 437.75,
      "mean": 437.17727272727274
    },
    {
      "gen": 18.0,
      "best": 437.9,
      "mean": 437.43636363636364
    },
    {
      "gen": 19.0,
      "best": 437.9,
      "mean": 437.43636363636364
    },
    {
      "gen": 20.0,
      "best": 437.9,
      "mean": 437.43636363636364
    },
    {
      "gen": 21.0,
      "best": 437.9,
      "mean": 437.4636363636364
    },
    {
      "gen": 22.0,
      "best": 437.9,
      "mean": 437.52500000000003
    },
    {
      "gen": 23.0,
      "best": 437.9,
      "mean": 437.5727272727272
    },
    {
      "gen": 24.0,
      "best": 437.9,
      "mean": 437.5727272727272
    },
    {
      "gen": 25.0,
      "best": 437.9,