{
  "algo": "pso",
  "hparams": {
    "generations": 100,
    "popsize": 22,
    "fix_last_gene": true,
    "seed": 202,
    "verbosity": 1,
    "log_every": 1,
    "evals_cap": 10000,
    "w": 0.43454121096926696,
    "c1": 1.9072276949213203,
    "c2": 1.051410145943044
  },
  "metrics": {
    "best_final": 438.2,
    "auc_best": 43352.69999999993,
    "auc_best_norm": 437.9060606060599,
    "runtime_sec": 61.750211000442505,
    "evals_total": -1,
    "budget_triggered": false,
    "stop_reason": "None"
  },
  "diagnostics": {
    "best": {
      "start": 436.1,
      "end": 438.2,
      "delta_abs": 2.099999999999966,
      "delta_rel": 0.004815409309791254,
      "max_val": 438.2,
      "argmax": 67,
      "auc_raw": 43352.69999999993,
      "auc_norm": 437.9060606060599
    },
    "mean": {
      "start": -Infinity,
      "end": 437.7363636363636,
      "delta_abs": Infinity,
      "delta_rel": NaN,
      "max_val": 437.7363636363636,
      "argmax": 84,
      "auc_raw": -Infinity,
      "auc_norm": -Infinity
    }
  },
  "genomes": {
    "best_genome": [
      1,
      0,
      0,
      0,
      1,
      0,
      1,
      0,
      0,
      1,
      0,
      0,
      0,
      1,
      1,
      0,
      0,
      0,
      0,
      0,
      0,
      0,
      1,
      1,
      0,
      0,
      0,
      0,
      0,
      0,
      0,
      0,
      1
    ],
    "all_best_genomes": null
  },
  "raw": {
    "curves": {
      "best": [
        436.1,
        436.1,
        436.1,
        436.1,
        436.1,
        436.85,
        436.25,
        437.9,
        437.6,
        437.9,
        437.9,
        437.9,
        437.9,
        437.6,
        437.9,
        437.9,
        437.9,
        437.9,
        437.9,
        437.9,
        437.9,
        437.9,
        437.9,
        437.9,
        437.9,
        437.9,
        437.9,
        437.9,
        437.9,
        437.9,
        437.9,
        437.9,
        437.9,
        437.9,
        437.9,
        437.9,
        437.9,
        437.9,
        437.9,
        437.9,
        437.9,
        437.9,
        437.9,
        437.9,
        437.9,
        437.9,
        437.9,
        437.9,
        437.9,
        437.9,
        437.9,
        438.05,
        438.05,
        438.05,
        438.05,
        438.05,
        438.05,
        438.05,
        437.9,
        438.05,
        438.05,
        438.05,
        438.05,
        438.05,
        438.05,
        438.05,
        438.05,
        438.2,
        438.2,
        438.2,
        438.2,
        438.2,
        438.2,
        438.2,
        438.2,
        438.2,
        438.2,
        438.2,
        438.2,
        438.2,
        438.2,
        438.2,
        438.2,
        438.2,
        438.2,
        438.2,
        438.2,
        438.2,
        438.2,
        438.2,
        438.2,
        438.2,
        438.2,
        438.2,
        438.2,
        438.2,
        438.2,
        438.2,
        438.2,
        438.2
      ],
      "mean": [
        -Infinity,
        417.12500000000006,
        417.12500000000006,
        425.2181818181818,
        425.2181818181818,
        431.1431818181818,
        431.1431818181818,
        436.21590909090907,
        436.21590909090907,
        436.21590909090907,
        436.21590909090907,
        436.27045454545447,
        436.27045454545447,
        436.27045454545447,
        436.325,
        436.325,
        436.325,
        436.475,
        436.50227272727267,
        436.50227272727267,
        436.50227272727267,
        436.7477272727272,
        436.7477272727272,
        436.7477272727272,
        436.90454545454537,
        436.90454545454537,
        436.9113636363636,
        436.9113636363636,
        436.9113636363636,
        436.9113636363636,
        436.9113636363636,
        436.9113636363636,
        436.9113636363636,
        436.9113636363636,
        436.9113636363636,
        436.9113636363636,
        436.9113636363636,
        436.9113636363636,
        436.9113636363636,
        436.9113636363636,
        436.9113636363636,
        436.9113636363636,
        437.040909090909,
        437.040909090909,
        437.04772727272723,
        437.04772727272723,
        437.04772727272723,
        437.04772727272723,
        437.04772727272723,
        437.04772727272723,
        437.04772727272723,
        437.41590909090905,
        437.41590909090905,
        437.41590909090905,
        437.41590909090905,
        437.41590909090905,
        437.41590909090905,
        437.41590909090905,
        437.41590909090905,
        437.41590909090905,
        437.4431818181818,
        437.4431818181818,
        437.5727272727272,
        437.5727272727272,
        437.5727272727272,
        437.5727272727272,
        437.5727272727272,
        437.66136363636366,
        437.66136363636366,
        437.66136363636366,
        437.71590909090907,
        437.71590909090907,
        437.71590909090907,
        437.71590909090907,
        437.71590909090907,
        437.71590909090907,
        437.71590909090907,
        437.71590909090907,
        437.71590909090907,
        437.71590909090907,
        437.71590909090907,
        437.71590909090907,
        437.71590909090907,
        437.71590909090907,
        437.7363636363636,
        437.7363636363636,
        437.7363636363636,
        437.7363636363636,
        437.7363636363636,
        437.7363636363636,
        437.7363636363636,
        437.7363636363636,
        437.7363636363636,
        437.7363636363636,
        437.7363636363636,
        437.7363636363636,
        437.7363636363636,
        437.7363636363636,
        437.7363636363636,
        437.7363636363636
      ]
    }
  },
  "per_generation": [
    {
      "gen": 0.0,
      "best": 436.1,
      "mean": -Infinity
    },
    {
      "gen": 1.0,
      "best": 436.1,
      "mean": 417.12500000000006
    },
    {
      "gen": 2.0,
      "best": 436.1,
      "mean": 417.12500000000006
    },
    {
      "gen": 3.0,
      "best": 436.1,
      "mean": 425.2181818181818
    },
    {
      "gen": 4.0,
      "best": 436.1,
      "mean": 425.2181818181818
    },
    {
      "gen": 5.0,
      "best": 436.85,
      "mean": 431.1431818181818
    },
    {
      "gen": 6.0,
      "best": 436.25,
      "mean": 431.1431818181818
    },
    {
      "gen": 7.0,
      "best": 437.9,
      "mean": 436.21590909090907
    },
    {
      "gen": 8.0,
      "best": 437.6,
      "mean": 436.21590909090907
    },
    {
      "gen": 9.0,
      "best": 437.9,
      "mean": 436.21590909090907
    },
    {
      "gen": 10.0,
      "best": 437.9,
      "mean": 436.21590909090907
    },
    {
      "gen": 11.0,
      "best": 437.9,
      "mean": 436.27045454545447
    },
    {
      "gen": 12.0,
      "best": 437.9,
      "mean": 436.27045454545447
    },
    {
      "gen": 13.0,
      "best": 437.6,
      "mean": 436.27045454545447
    },
    {
      "gen": 14.0,
      "best": 437.9,
      "mean": 436.325
    },
    {
      "gen": 15.0,
      "best": 437.9,
      "mean": 436.325
    },
    {
      "gen": 16.0,
      "best": 437.9,
      "mean": 436.325
    },
    {
      "gen": 17.0,
      "best": 437.9,
      "mean": 436.475
    },
    {
      "gen": 18.0,
      "best": 437.9,
      "mean": 436.50227272727267
    },
    {
      "gen": 19.0,
      "best": 437.9,
      "mean": 436.50227272727267
    },
    {
      "gen": 20.0,
      "best": 437.9,
      "mean": 436.50227272727267
    },
    {
      "gen": 21.0,
      "best": 437.9,
      "mean": 436.7477272727272
    },
    {
      "gen": 22.0,
      "best": 437.9,
      "mean": 436.7477272727272
    },
    {
      "gen": 23.0,
      "best": 437.9,
      "mean": 436.7477272727272
    },
    {
      "gen": 24.0,
      "best": 437.9,
      "mean": 436.90454545454537
    },
    {
      "gen": 25.0,
      "best": 437.9,
      "mean": 436.90454545454537
    },
    {
      "gen": 26.0,
      "best": 437.9,