{
  "algo": "pso",
  "hparams": {
    "generations": 100,
    "popsize": 22,
    "fix_last_gene": true,
    "seed": 808,
    "verbosity": 1,
    "log_every": 1,
    "evals_cap": 10000,
    "w": 0.7459843050911233,
    "c1": 1.5278130132707934,
    "c2": 0.9225117921127843
  },
  "metrics": {
    "best_final": 438.5,
    "auc_best": 43370.55000000001,
    "auc_best_norm": 438.0863636363637,
    "runtime_sec": 82.81999111175537,
    "evals_total": -1,
    "budget_triggered": false,
    "stop_reason": "None"
  },
  "diagnostics": {
    "best": {
      "start": 437.0,
      "end": 438.5,
      "delta_abs": 1.5,
      "delta_rel": 0.003432494279176201,
      "max_val": 438.5,
      "argmax": 81,
      "auc_raw": 43370.55000000001,
      "auc_norm": 438.0863636363637
    },
    "mean": {
      "start": -Infinity,
      "end": 438.00227272727267,
      "delta_abs": Infinity,
      "delta_rel": NaN,
      "max_val": 438.00227272727267,
      "argmax": 86,
      "auc_raw": -Infinity,
      "auc_norm": -Infinity
    }
  },
  "genomes": {
    "best_genome": [
      0,
      0,
      0,
      0,
      1,
      1,
      0,
      0,
      1,
      1,
      1,
      1,
      0,
      1,
      0,
      1,
      0,
      0,
      0,
      0,
      0,
      0,
      0,
      0,
      0,
      0,
      0,
      0,
      0,
      0,
      0,
      0,
      1
    ],
    "all_best_genomes": null
  },
  "raw": {
    "curves": {
      "best": [
        437.0,
        437.0,
        437.0,
        437.0,
        437.75,
        437.75,
        437.75,
        437.75,
        437.75,
        437.75,
        437.75,
        437.75,
        437.75,
        437.75,
        437.75,
        437.75,
        437.75,
        437.75,
        437.75,
        437.75,
        437.75,
        437.75,
        437.75,
        437.75,
        437.75,
        437.75,
        437.9,
        437.9,
        437.9,
        437.9,
        437.9,
        437.9,
        437.9,
        437.9,
        437.9,
        438.2,
        438.2,
        438.2,
        438.2,
        438.2,
        438.2,
        438.2,
        438.2,
        438.2,
        438.2,
        438.2,
        438.2,
        438.2,
        438.2,
        438.2,
        438.2,
        438.2,
        438.2,
        438.2,
        438.2,
        438.2,
        438.2,
        438.2,
        438.2,
        438.2,
        438.2,
        438.2,
        438.2,
        438.2,
        438.2,
        438.2,
        438.2,
        438.2,
        438.2,
        438.2,
        438.2,
        438.2,
        438.2,
        438.2,
        438.2,
        438.2,
        438.2,
        438.2,
        438.2,
        438.2,
        438.2,
        438.5,
        438.5,
        438.5,
        438.5,
        438.5,
        438.5,
        438.5,
        438.5,
        438.5,
        438.5,
        438.5,
        438.5,
        438.5,
        438.5,
        438.5,
        438.5,
        438.5,
        438.5,
        438.5
      ],
      "mean": [
        -Infinity,
        421.10681818181826,
        421.10681818181826,
        421.51590909090913,
        425.1227272727272,
        425.34090909090907,
        425.34090909090907,
        434.3068181818182,
        435.52727272727265,
        435.60909090909087,
        435.60909090909087,
        435.60909090909087,
        435.60909090909087,
        435.71818181818185,
        435.71818181818185,
        435.725,
        435.725,
        435.725,
        435.8136363636364,
        436.33863636363645,
        436.33863636363645,
        436.39318181818186,
        436.39318181818186,
        436.68636363636375,
        436.68636363636375,
        436.68636363636375,
        437.20454545454544,
        437.20454545454544,
        437.20454545454544,
        437.20454545454544,
        437.20454545454544,
        437.20454545454544,
        437.20454545454544,
        437.20454545454544,
        437.24545454545455,
        437.2795454545454,
        437.6886363636364,
        437.6886363636364,
        437.6886363636364,
        437.6886363636364,
        437.6886363636364,
        437.72954545454553,
        437.75681818181823,
        437.75681818181823,
        437.75681818181823,
        437.75681818181823,
        437.75681818181823,
        437.75681818181823,
        437.75681818181823,
        437.75681818181823,
        437.75681818181823,
        437.75681818181823,
        437.75681818181823,
        437.75681818181823,
        437.75681818181823,
        437.75681818181823,
        437.75681818181823,
        437.75681818181823,
        437.75681818181823,
        437.75681818181823,
        437.75681818181823,
        437.7636363636364,
        437.7636363636364,
        437.7636363636364,
        437.7636363636364,
        437.7636363636364,
        437.7636363636364,
        437.7636363636364,
        437.79090909090905,
        437.79090909090905,
        437.79090909090905,
        437.79090909090905,
        437.79090909090905,
        437.79090909090905,
        437.79090909090905,
        437.79090909090905,
        437.79090909090905,
        437.79090909090905,
        437.8045454545454,
        437.8045454545454,
        437.8045454545454,
        437.92045454545456,
        437.92045454545456,
        437.94772727272726,
        437.94772727272726,
        437.94772727272726,
        438.00227272727267,
        438.00227272727267,
        438.00227272727267,
        438.00227272727267,
        438.00227272727267,
        438.00227272727267,
        438.00227272727267,
        438.00227272727267,
        438.00227272727267,
        438.00227272727267,
        438.00227272727267,
        438.00227272727267,
        438.00227272727267,
        438.00227272727267
      ]
    }
  },
  "per_generation": [
    {
      "gen": 0.0,
      "best": 437.0,
      "mean": -Infinity
    },
    {
      "gen": 1.0,
      "best": 437.0,
      "mean": 421.10681818181826
    },
    {
      "gen": 2.0,
      "best": 437.0,
      "mean": 421.10681818181826
    },
    {
      "gen": 3.0,
      "best": 437.0,
      "mean": 421.51590909090913
    },
    {
      "gen": 4.0,
      "best": 437.75,
      "mean": 425.1227272727272
    },
    {
      "gen": 5.0,
      "best": 437.75,
      "mean": 425.34090909090907
    },
    {
      "gen": 6.0,
      "best": 437.75,
      "mean": 425.34090909090907
    },
    {
      "gen": 7.0,
      "best": 437.75,
      "mean": 434.3068181818182
    },
    {
      "gen": 8.0,
      "best": 437.75,
      "mean": 435.52727272727265
    },
    {
      "gen": 9.0,
      "best": 437.75,
      "mean": 435.60909090909087
    },
    {
      "gen": 10.0,
      "best": 437.75,
      "mean": 435.60909090909087
    },
    {
      "gen": 11.0,
      "best": 437.75,
      "mean": 435.60909090909087
    },
    {
      "gen": 12.0,
      "best": 437.75,
      "mean": 435.60909090909087
    },
    {
      "gen": 13.0,
      "best": 437.75,
      "mean": 435.71818181818185
    },
    {
      "gen": 14.0,
      "best": 437.75,
      "mean": 435.71818181818185
    },
    {
      "gen": 15.0,
      "best": 437.75,
      "mean": 435.725
    },
    {
      "gen": 16.0,
      "best": 437.75,
      "mean": 435.725
    },
    {
      "gen": 17.0,
      "best": 437.75,
      "mean": 435.725
    },
    {
      "gen": 18.0,
      "best": 437.75,
      "mean": 435.8136363636364
    },
    {
      "gen": 19.0,
      "best": 437.75,
      "mean": 436.33863636363645
    },
    {
      "gen": 20.0,
      "best": 437.75,
      "mean": 436.33863636363645
    },
    {
      "gen": 21.0,
      "best": 437.75,
      "mean": 436.39318181818186
    },
    {
      "gen": 22.0,
      "best": 437.75,
      "mean": 436.39318181818186
    },
    {
      "gen": 23.0,
      "best": 437.75,
      "mean": 436.68636363636375
    },
    {
      "gen": 24.0,
      "best": 437.75,
      "mean": 436.68636363636375
    },
    {
      "gen": 25.0,
      "best": 437.75,
      "mean": 436.68636363636375
    },
    {
      "gen": 26.0,