{
  "algo": "pso",
  "hparams": {
    "generations": 100,
    "popsize": 22,
    "fix_last_gene": true,
    "seed": 606,
    "verbosity": 1,
    "log_every": 1,
    "evals_cap": 10000,
    "w": 0.8169531084421852,
    "c1": 1.0973751321528338,
    "c2": 2.2
  },
  "metrics": {
    "best_final": 438.65,
    "auc_best": 43395.90000000008,
    "auc_best_norm": 438.34242424242507,
    "runtime_sec": 82.62980151176453,
    "evals_total": -1,
    "budget_triggered": false,
    "stop_reason": "None"
  },
  "diagnostics": {
    "best": {
      "start": 435.35,
      "end": 438.65,
      "delta_abs": 3.2999999999999545,
      "delta_rel": 0.007580107959113252,
      "max_val": 438.65,
      "argmax": 18,
      "auc_raw": 43395.90000000008,
      "auc_norm": 438.34242424242507
    },
    "mean": {
      "start": -Infinity,
      "end": 438.59545454545446,
      "delta_abs": Infinity,
      "delta_rel": NaN,
      "max_val": 438.59545454545446,
      "argmax": 95,
      "auc_raw": -Infinity,
      "auc_norm": -Infinity
    }
  },
  "genomes": {
    "best_genome": [
      0,
      0,
      1,
      1,
      0,
      0,
      1,
      1,
      0,
      0,
      0,
      0,
      1,
      0,
      0,
      0,
      0,
      0,
      0,
      0,
      0,
      0,
      0,
      0,
      0,
      0,
      0,
      0,
      0,
      0,
      0,
      0,
      1
    ],
    "all_best_genomes": null
  },
  "raw": {
    "curves": {
      "best": [
        435.35,
        435.5,
        435.5,
        435.5,
        436.25,
        436.7,
        437.15,
        437.15,
        437.15,
        437.3,
        437.3,
        437.3,
        437.45,
        437.45,
        437.45,
        437.6,
        437.75,
        437.75,
        438.65,
        438.65,
        438.65,
        438.65,
        438.65,
        438.65,
        438.65,
        438.65,
        438.65,
        438.65,
        438.65,
        438.65,
        438.65,
        438.65,
        438.65,
        438.65,
        438.65,
        438.65,
        438.65,
        438.65,
        438.65,
        438.65,
        438.65,
        438.65,
        438.65,
        438.65,
        438.65,
        438.65,
        438.65,
        438.65,
        438.65,
        438.65,
        438.65,
        438.65,
        438.65,
        438.65,
        438.65,
        438.65,
        438.65,
        438.65,
        438.65,
        438.65,
        438.65,
        438.65,
        438.65,
        438.65,
        438.65,
        438.65,
        438.65,
        438.65,
        438.65,
        438.65,
        438.65,
        438.65,
        438.65,
        438.65,
        438.65,
        438.65,
        438.65,
        438.65,
        438.65,
        438.65,
        438.65,
        438.65,
        438.65,
        438.65,
        438.65,
        438.65,
        438.65,
        438.65,
        438.65,
        438.65,
        438.65,
        438.65,
        438.65,
        438.65,
        438.65,
        438.65,
        438.65,
        438.65,
        438.65,
        438.65
      ],
      "mean": [
        -Infinity,
        426.31590909090903,
        431.47727272727263,
        434.78409090909093,
        435.1454545454546,
        435.3431818181818,
        435.60909090909087,
        435.8545454545454,
        435.8545454545454,
        436.01818181818186,
        436.1136363636364,
        436.26363636363635,
        436.65227272727276,
        436.65227272727276,
        436.82954545454544,
        437.08181818181833,
        437.22500000000014,
        437.22500000000014,
        438.0022727272728,
        438.0022727272728,
        438.0022727272728,
        438.1454545454546,
        438.1454545454546,
        438.1454545454546,
        438.1454545454546,
        438.1454545454546,
        438.1454545454546,
        438.17954545454546,
        438.2,
        438.2,
        438.2,
        438.2,
        438.234090909091,
        438.25454545454556,
        438.25454545454556,
        438.28863636363644,
        438.28863636363644,
        438.28863636363644,
        438.28863636363644,
        438.28863636363644,
        438.28863636363644,
        438.28863636363644,
        438.28863636363644,
        438.28863636363644,
        438.28863636363644,
        438.28863636363644,
        438.3227272727274,
        438.3227272727274,
        438.3227272727274,
        438.3227272727274,
        438.3227272727274,
        438.32954545454555,
        438.32954545454555,
        438.32954545454555,
        438.32954545454555,
        438.32954545454555,
        438.32954545454555,
        438.32954545454555,
        438.32954545454555,
        438.32954545454555,
        438.32954545454555,
        438.35000000000014,
        438.35000000000014,
        438.39772727272737,
        438.39772727272737,
        438.39772727272737,
        438.39772727272737,
        438.39772727272737,
        438.39772727272737,
        438.40454545454554,
        438.40454545454554,
        438.40454545454554,
        438.40454545454554,
        438.40454545454554,
        438.40454545454554,
        438.40454545454554,
        438.40454545454554,
        438.40454545454554,
        438.40454545454554,
        438.40454545454554,
        438.40454545454554,
        438.4318181818182,
        438.4318181818182,
        438.4318181818182,
        438.4318181818182,
        438.4318181818182,
        438.4318181818182,
        438.4318181818182,
        438.4318181818182,
        438.4318181818182,
        438.4318181818182,
        438.4454545454546,
        438.4454545454546,
        438.4454545454546,
        438.4454545454546,
        438.59545454545446,
        438.59545454545446,
        438.59545454545446,
        438.59545454545446,
        438.59545454545446
      ]
    }
  },
  "per_generation": [
    {
      "gen": 0.0,
      "best": 435.35,
      "mean": -Infinity
    },
    {
      "gen": 1.0,
      "best": 435.5,
      "mean": 426.31590909090903
    },
    {
      "gen": 2.0,
      "best": 435.5,
      "mean": 431.47727272727263
    },
    {
      "gen": 3.0,
      "best": 435.5,
      "mean": 434.78409090909093
    },
    {
      "gen": 4.0,
      "best": 436.25,
      "mean": 435.1454545454546
    },
    {
      "gen": 5.0,
      "best": 436.7,
      "mean": 435.3431818181818
    },
    {
      "gen": 6.0,
      "best": 437.15,
      "mean": 435.60909090909087
    },
    {
      "gen": 7.0,
      "best": 437.15,
      "mean": 435.8545454545454
    },
    {
      "gen": 8.0,
      "best": 437.15,
      "mean": 435.8545454545454
    },
    {
      "gen": 9.0,
      "best": 437.3,
      "mean": 436.01818181818186
    },
    {
      "gen": 10.0,
      "best": 437.3,
      "mean": 436.1136363636364
    },
    {
      "gen": 11.0,
      "best": 437.3,
      "mean": 436.26363636363635
    },
    {
      "gen": 12.0,
      "best": 437.45,
      "mean": 436.65227272727276
    },
    {
      "gen": 13.0,
      "best": 437.45,
      "mean": 436.65227272727276
    },
    {
      "gen": 14.0,
      "best": 437.45,
      "mean": 436.82954545454544
    },
    {
      "gen": 15.0,
      "best": 437.6,
      "mean": 437.08181818181833
    },
    {
      "gen": 16.0,
      "best": 437.75,
      "mean": 437.22500000000014
    },
    {
      "gen": 17.0,
      "best": 437.75,
      "mean": 437.22500000000014
    },
    {
      "gen": 18.0,
      "best": 438.65,
      "mean": 438.0022727272728
    },
    {
      "gen": 19.0,
      "best": 438.65,
      "mean": 438.0022727272728
    },
    {
      "gen": 20.0,
      "best": 438.65,
      "mean": 438.0022727272728
    },
    {
      "gen": 21.0,
      "best": 438.65,
      "mean": 438.1454545454546
    },
    {
      "gen": 22.0,
      "best": 438.65,
      "mean": 438.1454545454546
    },
    {
      "gen": 23.0,
      "best": 438.65,
      "mean": 438.1454545454546
    },
    {
      "gen": 24.0,
      "best": 438.65,
      "mean": 438.1454545454546
    },
    {
      "gen": 25.0,
      "best": 438.65,