{
  "algo": "pso",
  "hparams": {
    "generations": 100,
    "popsize": 22,
    "fix_last_gene": true,
    "seed": 303,
    "verbosity": 1,
    "log_every": 1,
    "evals_cap": 10000,
    "w": 0.6253818947264587,
    "c1": 2.2,
    "c2": 1.0335914384342046
  },
  "metrics": {
    "best_final": 438.65,
    "auc_best": 43378.42500000001,
    "auc_best_norm": 438.16590909090917,
    "runtime_sec": 75.86842203140259,
    "evals_total": -1,
    "budget_triggered": false,
    "stop_reason": "None"
  },
  "diagnostics": {
    "best": {
      "start": 436.1,
      "end": 438.65,
      "delta_abs": 2.5499999999999545,
      "delta_rel": 0.005847282733317942,
      "max_val": 438.65,
      "argmax": 77,
      "auc_raw": 43378.42500000001,
      "auc_norm": 438.16590909090917
    },
    "mean": {
      "start": -Infinity,
      "end": 438.35,
      "delta_abs": Infinity,
      "delta_rel": NaN,
      "max_val": 438.35,
      "argmax": 95,
      "auc_raw": -Infinity,
      "auc_norm": -Infinity
    }
  },
  "genomes": {
    "best_genome": [
      1,
      1,
      1,
      0,
      1,
      0,
      1,
      0,
      1,
      0,
      0,
      0,
      1,
      1,
      0,
      0,
      0,
      0,
      0,
      0,
      0,
      0,
      0,
      0,
      0,
      0,
      0,
      0,
      0,
      0,
      0,
      0,
      1
    ],
    "all_best_genomes": null
  },
  "raw": {
    "curves": {
      "best": [
        436.1,
        435.65,
        436.1,
        436.1,
        436.55,
        436.85,
        436.85,
        436.85,
        436.85,
        437.6,
        437.6,
        437.6,
        437.6,
        437.6,
        438.2,
        438.2,
        438.2,
        438.2,
        438.2,
        438.2,
        438.2,
        438.2,
        438.2,
        438.2,
        438.2,
        438.2,
        438.2,
        438.2,
        438.05,
        438.2,
        438.2,
        438.2,
        438.2,
        438.2,
        438.2,
        438.2,
        438.2,
        438.2,
        438.2,
        438.2,
        438.2,
        438.05,
        438.2,
        438.2,
        438.2,
        438.2,
        438.35,
        438.35,
        438.35,
        438.35,
        438.35,
        438.35,
        438.35,
        438.35,
        438.35,
        438.35,
        438.35,
        438.35,
        438.35,
        438.35,
        438.35,
        438.35,
        438.35,
        438.35,
        438.35,
        438.35,
        438.35,
        438.35,
        438.35,
        438.35,
        438.35,
        438.35,
        438.35,
        438.35,
        438.35,
        438.35,
        438.35,
        438.65,
        438.65,
        438.65,
        438.65,
        438.65,
        438.65,
        438.65,
        438.65,
        438.65,
        438.65,
        438.65,
        438.65,
        438.65,
        438.65,
        438.65,
        438.65,
        438.65,
        438.65,
        438.65,
        438.65,
        438.65,
        438.65,
        438.65
      ],
      "mean": [
        -Infinity,
        -Infinity,
        422.19772727272726,
        422.79090909090905,
        432.31590909090903,
        432.5,
        432.5,
        434.70909090909083,
        434.70909090909083,
        435.65,
        435.7931818181818,
        435.7931818181818,
        435.7931818181818,
        435.7931818181818,
        437.375,
        437.375,
        437.375,
        437.375,
        437.375,
        437.375,
        437.375,
        437.375,
        437.375,
        437.38863636363635,
        437.38863636363635,
        437.38863636363635,
        437.38863636363635,
        437.38863636363635,
        437.38863636363635,
        437.40909090909093,
        437.40909090909093,
        437.40909090909093,
        437.4431818181818,
        437.4431818181818,
        437.5113636363636,
        437.5386363636363,
        437.5863636363636,
        437.5863636363636,
        437.5863636363636,
        437.5863636363636,
        437.5863636363636,
        437.5931818181818,
        437.60681818181814,
        437.60681818181814,
        437.60681818181814,
        437.60681818181814,
        437.89318181818174,
        437.89318181818174,
        437.89318181818174,
        437.89318181818174,
        437.89318181818174,
        437.89318181818174,
        437.89318181818174,
        437.89318181818174,
        437.89318181818174,
        437.89318181818174,
        437.89318181818174,
        437.89318181818174,
        437.89318181818174,
        437.90681818181804,
        437.90681818181804,
        437.90681818181804,
        437.90681818181804,
        437.90681818181804,
        437.90681818181804,
        437.90681818181804,
        437.90681818181804,
        437.90681818181804,
        437.90681818181804,
        437.90681818181804,
        437.90681818181804,
        437.90681818181804,
        437.90681818181804,
        437.90681818181804,
        437.90681818181804,
        437.90681818181804,
        437.90681818181804,
        438.2818181818182,
        438.2818181818182,
        438.2818181818182,
        438.2818181818182,
        438.2818181818182,
        438.2818181818182,
        438.2818181818182,
        438.2818181818182,
        438.2818181818182,
        438.2818181818182,
        438.2818181818182,
        438.2818181818182,
        438.2818181818182,
        438.2818181818182,
        438.2818181818182,
        438.32272727272726,
        438.32272727272726,
        438.32272727272726,
        438.35,
        438.35,
        438.35,
        438.35,
        438.35
      ]
    }
  },
  "per_generation": [
    {
      "gen": 0.0,
      "best": 436.1,
      "mean": -Infinity
    },
    {
      "gen": 1.0,
      "best": 435.65,
      "mean": -Infinity
    },
    {
      "gen": 2.0,
      "best": 436.1,
      "mean": 422.19772727272726
    },
    {
      "gen": 3.0,
      "best": 436.1,
      "mean": 422.79090909090905
    },
    {
      "gen": 4.0,
      "best": 436.55,
      "mean": 432.31590909090903
    },
    {
      "gen": 5.0,
      "best": 436.85,
      "mean": 432.5
    },
    {
      "gen": 6.0,
      "best": 436.85,
      "mean": 432.5
    },
    {
      "gen": 7.0,
      "best": 436.85,
      "mean": 434.70909090909083
    },
    {
      "gen": 8.0,
      "best": 436.85,
      "mean": 434.70909090909083
    },
    {
      "gen": 9.0,
      "best": 437.6,
      "mean": 435.65
    },
    {
      "gen": 10.0,
      "best": 437.6,
      "mean": 435.7931818181818
    },
    {
      "gen": 11.0,
      "best": 437.6,
      "mean": 435.7931818181818
    },
    {
      "gen": 12.0,
      "best": 437.6,
      "mean": 435.7931818181818
    },
    {
      "gen": 13.0,
      "best": 437.6,
      "mean": 435.7931818181818
    },
    {
      "gen": 14.0,
      "best": 438.2,
      "mean": 437.375
    },
    {
      "gen": 15.0,
      "best": 438.2,
      "mean": 437.375
    },
    {
      "gen": 16.0,
      "best": 438.2,
      "mean": 437.375
    },
    {
      "gen": 17.0,
      "best": 438.2,
      "mean": 437.375
    },
    {
      "gen": 18.0,
      "best": 438.2,
      "mean": 437.375
    },
    {
      "gen": 19.0,
      "best": 438.2,
      "mean": 437.375
    },
    {
      "gen": 20.0,
      "best": 438.2,
      "mean": 437.375
    },
    {
      "gen": 21.0,
      "best": 438.2,
      "mean": 437.375
    },
    {
      "gen": 22.0,
      "best": 438.2,
      "mean": 437.375
    },
    {
      "gen": 23.0,
      "best": 438.2,
      "mean": 437.38863636363635
    },
    {
      "gen": 24.0,
      "best": 438.2,
      "mean": 437.38863636363635
    },
    {
      "gen": 25.0,
      "best": 438.2,
      "mean": 437.38863636363635
    },
    {
      "gen": 26.0,
      "best": 438.2,
      "mean": 437.38863636363635
    },
    {
      "gen": 27.0,
      "best": 438.2,
      "mean": 437.38863636363635
    },
    {
      "gen": 28.0,
      "best": 438.05,
      "mean": 437.38863636363635
    },
    {
      "gen": 29.0,
      "best": 438.2,