{
  "algo": "pso",
  "hparams": {
    "generations": 100,
    "popsize": 22,
    "fix_last_gene": true,
    "seed": 606,
    "verbosity": 1,
    "log_every": 1,
    "evals_cap": 10000,
    "w": 0.7917898788868732,
    "c1": 0.9867535258835134,
    "c2": 1.1492984270170674
  },
  "metrics": {
    "best_final": 438.65,
    "auc_best": 43373.39999999996,
    "auc_best_norm": 438.11515151515107,
    "runtime_sec": 71.21190309524536,
    "evals_total": -1,
    "budget_triggered": false,
    "stop_reason": "None"
  },
  "diagnostics": {
    "best": {
      "start": 435.35,
      "end": 438.65,
      "delta_abs": 3.2999999999999545,
      "delta_rel": 0.007580107959113252,
      "max_val": 438.65,
      "argmax": 95,
      "auc_raw": 43373.39999999996,
      "auc_norm": 438.11515151515107
    },
    "mean": {
      "start": -Infinity,
      "end": 438.35681818181814,
      "delta_abs": Infinity,
      "delta_rel": NaN,
      "max_val": 438.35681818181814,
      "argmax": 95,
      "auc_raw": -Infinity,
      "auc_norm": -Infinity
    }
  },
  "genomes": {
    "best_genome": [
      1,
      0,
      1,
      1,
      0,
      0,
      0,
      1,
      0,
      0,
      1,
      0,
      1,
      0,
      0,
      0,
      0,
      0,
      0,
      0,
      0,
      0,
      0,
      0,
      0,
      0,
      0,
      0,
      0,
      0,
      0,
      0,
      1
    ],
    "all_best_genomes": null
  },
  "raw": {
    "curves": {
      "best": [
        435.35,
        435.5,
        435.5,
        435.5,
        435.95,
        435.95,
        437.3,
        437.3,
        437.3,
        437.3,
        437.3,
        437.3,
        437.3,
        437.3,
        437.3,
        437.3,
        437.3,
        437.3,
        438.35,
        438.35,
        438.35,
        438.35,
        438.35,
        438.35,
        438.35,
        438.35,
        438.35,
        438.35,
        438.35,
        438.35,
        438.35,
        438.35,
        438.35,
        438.35,
        438.35,
        438.35,
        438.35,
        438.35,
        438.35,
        438.35,
        438.35,
        438.35,
        438.35,
        438.35,
        438.35,
        438.35,
        438.35,
        438.35,
        438.35,
        438.35,
        438.35,
        438.35,
        438.35,
        438.35,
        438.35,
        438.35,
        438.35,
        438.35,
        438.35,
        438.35,
        438.35,
        438.35,
        438.35,
        438.35,
        438.35,
        438.35,
        438.35,
        438.35,
        438.35,
        438.35,
        438.35,
        438.35,
        438.35,
        438.35,
        438.35,
        438.35,
        438.5,
        438.5,
        438.5,
        438.5,
        438.5,
        438.5,
        438.5,
        438.5,
        438.5,
        438.5,
        438.5,
        438.5,
        438.5,
        438.5,
        438.5,
        438.5,
        438.5,
        438.5,
        438.5,
        438.65,
        438.65,
        438.65,
        438.65,
        438.65
      ],
      "mean": [
        -Infinity,
        427.590909090909,
        427.6045454545454,
        434.92727272727274,
        434.9886363636364,
        435.0704545454546,
        435.28863636363644,
        435.63636363636374,
        435.63636363636374,
        435.65000000000015,
        435.65000000000015,
        435.73863636363643,
        436.2704545454546,
        436.2704545454546,
        436.40681818181815,
        436.48181818181814,
        436.9318181818182,
        436.9318181818182,
        437.40227272727276,
        437.40227272727276,
        437.40227272727276,
        437.49090909090916,
        437.49090909090916,
        437.49090909090916,
        437.49090909090916,
        437.49090909090916,
        437.49090909090916,
        437.49772727272733,
        437.49772727272733,
        437.49772727272733,
        437.49772727272733,
        437.49772727272733,
        437.49772727272733,
        437.49772727272733,
        437.49772727272733,
        437.72272727272735,
        437.72272727272735,
        437.72272727272735,
        437.72272727272735,
        437.72272727272735,
        437.72272727272735,
        437.72272727272735,
        437.72272727272735,
        437.72272727272735,
        437.75681818181823,
        437.75681818181823,
        437.8454545454546,
        437.85227272727275,
        437.85227272727275,
        437.89318181818186,
        437.89318181818186,
        437.89318181818186,
        437.89318181818186,
        437.89318181818186,
        437.89318181818186,
        437.89318181818186,
        437.9,
        437.9,
        437.9,
        437.9,
        437.9,
        437.9818181818182,
        437.9818181818182,
        437.9818181818182,
        437.9818181818182,
        437.9818181818182,
        437.9818181818182,
        437.9818181818182,
        437.9818181818182,
        438.0022727272728,
        438.0022727272728,
        438.0022727272728,
        438.0022727272728,
        438.0022727272728,
        438.0022727272728,
        438.0022727272728,
        438.07045454545454,
        438.07045454545454,
        438.07045454545454,
        438.07045454545454,
        438.07045454545454,
        438.07045454545454,
        438.07045454545454,
        438.07045454545454,
        438.07045454545454,
        438.07045454545454,
        438.07045454545454,
        438.07045454545454,
        438.07045454545454,
        438.07045454545454,
        438.07045454545454,
        438.09772727272724,
        438.09772727272724,
        438.09772727272724,
        438.09772727272724,
        438.35681818181814,
        438.35681818181814,
        438.35681818181814,
        438.35681818181814,
        438.35681818181814
      ]
    }
  },
  "per_generation": [
    {
      "gen": 0.0,
      "best": 435.35,
      "mean": -Infinity
    },
    {
      "gen": 1.0,
      "best": 435.5,
      "mean": 427.590909090909
    },
    {
      "gen": 2.0,
      "best": 435.5,
      "mean": 427.6045454545454
    },
    {
      "gen": 3.0,
      "best": 435.5,
      "mean": 434.92727272727274
    },
    {
      "gen": 4.0,
      "best": 435.95,
      "mean": 434.9886363636364
    },
    {
      "gen": 5.0,
      "best": 435.95,
      "mean": 435.0704545454546
    },
    {
      "gen": 6.0,
      "best": 437.3,
      "mean": 435.28863636363644
    },
    {
      "gen": 7.0,
      "best": 437.3,
      "mean": 435.63636363636374
    },
    {
      "gen": 8.0,
      "best": 437.3,
      "mean": 435.63636363636374
    },
    {
      "gen": 9.0,
      "best": 437.3,
      "mean": 435.65000000000015
    },
    {
      "gen": 10.0,
      "best": 437.3,
      "mean": 435.65000000000015
    },
    {
      "gen": 11.0,
      "best": 437.3,
      "mean": 435.73863636363643
    },
    {
      "gen": 12.0,
      "best": 437.3,
      "mean": 436.2704545454546
    },
    {
      "gen": 13.0,
      "best": 437.3,
      "mean": 436.2704545454546
    },
    {
      "gen": 14.0,
      "best": 437.3,
      "mean": 436.40681818181815
    },
    {
      "gen": 15.0,
      "best": 437.3,
      "mean": 436.48181818181814
    },
    {
      "gen": 16.0,
      "best": 437.3,
      "mean": 436.9318181818182
    },
    {
      "gen": 17.0,
      "best": 437.3,
      "mean": 436.9318181818182
    },
    {
      "gen": 18.0,
      "best": 438.35,
      "mean": 437.40227272727276
    },
    {
      "gen": 19.0,
      "best": 438.35,
      "mean": 437.40227272727276
    },
    {
      "gen": 20.0,
      "best": 438.35,
      "mean": 437.40227272727276
    },
    {
      "gen": 21.0,
      "best": 438.35,
      "mean": 437.49090909090916
    },
    {
      "gen": 22.0,
      "best": 438.35,
      "mean": 437.49090909090916
    },
    {
      "gen": 23.0,
      "best": 438.35,
      "mean": 437.49090909090916
    },
    {
      "gen": 24.0,
      "best": 438.35,
      "mean": 437.49090909090916
    },
    {
      "gen": 25.0,
      "best": 438.35,