{
  "algo": "pso",
  "hparams": {
    "generations": 100,
    "popsize": 22,
    "fix_last_gene": true,
    "seed": 505,
    "verbosity": 1,
    "log_every": 1,
    "evals_cap": 10000,
    "w": 0.6253818947264587,
    "c1": 2.2,
    "c2": 1.0335914384342046
  },
  "metrics": {
    "best_final": 438.65,
    "auc_best": 43376.70000000003,
    "auc_best_norm": 438.14848484848517,
    "runtime_sec": 75.57745099067688,
    "evals_total": -1,
    "budget_triggered": false,
    "stop_reason": "None"
  },
  "diagnostics": {
    "best": {
      "start": 435.95,
      "end": 438.65,
      "delta_abs": 2.6999999999999886,
      "delta_rel": 0.006193370799403576,
      "max_val": 438.65,
      "argmax": 69,
      "auc_raw": 43376.70000000003,
      "auc_norm": 438.14848484848517
    },
    "mean": {
      "start": -Infinity,
      "end": 438.2886363636364,
      "delta_abs": Infinity,
      "delta_rel": NaN,
      "max_val": 438.2886363636364,
      "argmax": 90,
      "auc_raw": -Infinity,
      "auc_norm": -Infinity
    }
  },
  "genomes": {
    "best_genome": [
      0,
      1,
      0,
      0,
      0,
      1,
      0,
      1,
      0,
      0,
      1,
      1,
      0,
      0,
      0,
      0,
      0,
      0,
      0,
      0,
      0,
      0,
      0,
      0,
      0,
      0,
      0,
      0,
      0,
      0,
      0,
      0,
      1
    ],
    "all_best_genomes": null
  },
  "raw": {
    "curves": {
      "best": [
        435.95,
        435.2,
        435.95,
        435.95,
        435.95,
        437.9,
        437.9,
        437.9,
        437.9,
        437.9,
        437.9,
        437.9,
        437.9,
        437.9,
        437.9,
        438.05,
        438.05,
        438.05,
        438.05,
        438.05,
        438.05,
        438.05,
        438.05,
        438.05,
        438.05,
        438.05,
        438.05,
        438.05,
        438.05,
        438.05,
        438.05,
        438.05,
        438.05,
        438.05,
        438.05,
        438.05,
        438.05,
        438.05,
        438.05,
        438.05,
        438.05,
        438.05,
        438.05,
        438.05,
        438.05,
        438.05,
        438.05,
        438.05,
        438.2,
        438.2,
        438.2,
        438.2,
        438.2,
        438.2,
        438.2,
        438.2,
        438.2,
        438.2,
        438.2,
        438.2,
        438.2,
        438.2,
        438.2,
        438.2,
        438.2,
        438.2,
        438.2,
        438.2,
        438.2,
        438.65,
        438.65,
        438.65,
        438.65,
        438.65,
        438.65,
        438.65,
        438.65,
        438.65,
        438.65,
        438.65,
        438.65,
        438.65,
        438.65,
        438.65,
        438.65,
        438.65,
        438.65,
        438.65,
        438.65,
        438.65,
        438.65,
        438.65,
        438.65,
        438.65,
        438.65,
        438.65,
        438.65,
        438.65,
        438.65,
        438.65
      ],
      "mean": [
        -Infinity,
        -Infinity,
        419.32045454545454,
        419.98863636363626,
        420.9363636363636,
        421.8363636363636,
        423.0568181818182,
        423.07727272727266,
        436.60454545454553,
        436.60454545454553,
        436.60454545454553,
        436.67272727272734,
        436.67272727272734,
        436.7068181818182,
        436.7068181818182,
        436.79545454545456,
        436.79545454545456,
        436.79545454545456,
        436.9386363636364,
        436.9386363636364,
        436.9386363636364,
        436.9386363636364,
        437.1704545454546,
        437.33409090909095,
        437.33409090909095,
        437.33409090909095,
        437.34090909090907,
        437.34090909090907,
        437.34090909090907,
        437.34090909090907,
        437.34090909090907,
        437.38181818181823,
        437.38181818181823,
        437.38181818181823,
        437.38181818181823,
        437.3886363636364,
        437.41590909090917,
        437.41590909090917,
        437.41590909090917,
        437.41590909090917,
        437.41590909090917,
        437.41590909090917,
        437.41590909090917,
        437.41590909090917,
        437.41590909090917,
        437.41590909090917,
        437.41590909090917,
        437.4636363636364,
        437.72954545454553,
        437.72954545454553,
        437.72954545454553,
        437.72954545454553,
        437.75000000000006,
        437.75000000000006,
        437.75000000000006,
        437.75000000000006,
        437.75000000000006,
        437.75000000000006,
        437.75000000000006,
        437.75000000000006,
        437.75000000000006,
        437.75000000000006,
        437.75000000000006,
        437.75000000000006,
        437.7636363636364,
        437.7636363636364,
        437.7636363636364,
        437.7636363636364,
        437.7636363636364,
        438.24090909090904,
        438.24090909090904,
        438.24090909090904,
        438.24090909090904,
        438.24090909090904,
        438.24090909090904,
        438.24090909090904,
        438.24090909090904,
        438.24090909090904,
        438.24090909090904,
        438.24090909090904,
        438.24090909090904,
        438.24090909090904,
        438.24090909090904,
        438.24090909090904,
        438.24090909090904,
        438.24090909090904,
        438.24090909090904,
        438.24090909090904,
        438.24090909090904,
        438.24090909090904,
        438.2886363636364,
        438.2886363636364,
        438.2886363636364,
        438.2886363636364,
        438.2886363636364,
        438.2886363636364,
        438.2886363636364,
        438.2886363636364,
        438.2886363636364,
        438.2886363636364
      ]
    }
  },
  "per_generation": [
    {
      "gen": 0.0,
      "best": 435.95,
      "mean": -Infinity
    },
    {
      "gen": 1.0,
      "best": 435.2,
      "mean": -Infinity
    },
    {
      "gen": 2.0,
      "best": 435.95,
      "mean": 419.32045454545454
    },
    {
      "gen": 3.0,
      "best": 435.95,
      "mean": 419.98863636363626
    },
    {
      "gen": 4.0,
      "best": 435.95,
      "mean": 420.9363636363636
    },
    {
      "gen": 5.0,
      "best": 437.9,
      "mean": 421.8363636363636
    },
    {
      "gen": 6.0,
      "best": 437.9,
      "mean": 423.0568181818182
    },
    {
      "gen": 7.0,
      "best": 437.9,
      "mean": 423.07727272727266
    },
    {
      "gen": 8.0,
      "best": 437.9,
      "mean": 436.60454545454553
    },
    {
      "gen": 9.0,
      "best": 437.9,
      "mean": 436.60454545454553
    },
    {
      "gen": 10.0,
      "best": 437.9,
      "mean": 436.60454545454553
    },
    {
      "gen": 11.0,
      "best": 437.9,
      "mean": 436.67272727272734
    },
    {
      "gen": 12.0,
      "best": 437.9,
      "mean": 436.67272727272734
    },
    {
      "gen": 13.0,
      "best": 437.9,
      "mean": 436.7068181818182
    },
    {
      "gen": 14.0,
      "best": 437.9,
      "mean": 436.7068181818182
    },
    {
      "gen": 15.0,
      "best": 438.05,
      "mean": 436.79545454545456
    },
    {
      "gen": 16.0,
      "best": 438.05,
      "mean": 436.79545454545456
    },
    {
      "gen": 17.0,
      "best": 438.05,
      "mean": 436.79545454545456
    },
    {
      "gen": 18.0,
      "best": 438.05,
      "mean": 436.9386363636364
    },
    {
      "gen": 19.0,
      "best": 438.05,
      "mean": 436.9386363636364
    },
    {
      "gen": 20.0,
      "best": 438.05,
      "mean": 436.9386363636364
    },
    {
      "gen": 21.0,
      "best": 438.05,
      "mean": 436.9386363636364
    },
    {
      "gen": 22.0,
      "best": 438.05,
      "mean": 437.1704545454546
    },
    {
      "gen": 23.0,
      "best": 438.05,
      "mean": 437.33409090909095
    },
    {
      "gen": 24.0,
      "best": 438.05,
      "mean": 437.33409090909095
    },
    {
      "gen": 25.0,