{
  "algo": "pso",
  "hparams": {
    "generations": 100,
    "popsize": 22,
    "fix_last_gene": true,
    "seed": 606,
    "verbosity": 1,
    "log_every": 1,
    "evals_cap": 10000,
    "w": 0.4252602774282314,
    "c1": 1.3794381284856188,
    "c2": 1.0262281931730837
  },
  "metrics": {
    "best_final": 438.65,
    "auc_best": 43356.6,
    "auc_best_norm": 437.94545454545454,
    "runtime_sec": 66.25058579444885,
    "evals_total": -1,
    "budget_triggered": false,
    "stop_reason": "None"
  },
  "diagnostics": {
    "best": {
      "start": 435.35,
      "end": 438.65,
      "delta_abs": 3.2999999999999545,
      "delta_rel": 0.007580107959113252,
      "max_val": 438.65,
      "argmax": 95,
      "auc_raw": 43356.6,
      "auc_norm": 437.94545454545454
    },
    "mean": {
      "start": -Infinity,
      "end": 438.25454545454545,
      "delta_abs": Infinity,
      "delta_rel": NaN,
      "max_val": 438.25454545454545,
      "argmax": 95,
      "auc_raw": -Infinity,
      "auc_norm": -Infinity
    }
  },
  "genomes": {
    "best_genome": [
      0,
      1,
      1,
      0,
      0,
      0,
      0,
      1,
      0,
      0,
      0,
      0,
      1,
      1,
      0,
      0,
      0,
      0,
      0,
      0,
      0,
      0,
      0,
      0,
      0,
      0,
      0,
      0,
      0,
      0,
      0,
      0,
      1
    ],
    "all_best_genomes": null
  },
  "raw": {
    "curves": {
      "best": [
        435.35,
        435.5,
        435.5,
        435.5,
        436.25,
        436.25,
        437.0,
        437.0,
        437.0,
        437.0,
        437.0,
        437.0,
        437.0,
        437.0,
        437.0,
        437.45,
        437.45,
        437.3,
        438.05,
        438.05,
        438.05,
        438.2,
        438.2,
        438.2,
        438.2,
        438.2,
        438.2,
        438.2,
        438.2,
        438.2,
        438.2,
        438.2,
        438.2,
        438.2,
        438.2,
        438.2,
        438.2,
        438.2,
        438.2,
        438.2,
        438.2,
        438.2,
        438.2,
        438.2,
        438.2,
        438.2,
        438.2,
        438.2,
        438.2,
        438.2,
        438.2,
        438.2,
        438.2,
        438.2,
        438.2,
        438.2,
        438.2,
        438.2,
        438.2,
        438.2,
        438.2,
        438.2,
        438.2,
        438.2,
        438.2,
        438.2,
        438.2,
        438.2,
        438.2,
        438.2,
        438.2,
        438.2,
        438.2,
        438.2,
        438.2,
        438.2,
        438.2,
        438.2,
        438.2,
        438.2,
        438.2,
        438.2,
        438.2,
        438.2,
        438.2,
        438.2,
        438.2,
        438.05,
        438.2,
        438.2,
        438.2,
        438.2,
        438.2,
        438.2,
        438.2,
        438.65,
        438.65,
        438.65,
        438.65,
        438.65
      ],
      "mean": [
        -Infinity,
        434.31363636363636,
        434.31363636363636,
        435.32954545454544,
        435.52727272727265,
        435.52727272727265,
        435.8068181818182,
        435.8545454545454,
        435.8545454545454,
        435.86136363636365,
        435.86136363636365,
        436.04545454545456,
        436.0522727272728,
        436.0522727272728,
        436.1,
        436.7818181818182,
        436.7818181818182,
        436.7818181818182,
        437.18409090909086,
        437.18409090909086,
        437.18409090909086,
        437.34772727272724,
        437.34772727272724,
        437.34772727272724,
        437.34772727272724,
        437.34772727272724,
        437.34772727272724,
        437.34772727272724,
        437.34772727272724,
        437.34772727272724,
        437.34772727272724,
        437.34772727272724,
        437.34772727272724,
        437.34772727272724,
        437.34772727272724,
        437.56590909090914,
        437.56590909090914,
        437.56590909090914,
        437.56590909090914,
        437.56590909090914,
        437.56590909090914,
        437.56590909090914,
        437.56590909090914,
        437.56590909090914,
        437.56590909090914,
        437.56590909090914,
        437.6272727272728,
        437.6272727272728,
        437.6272727272728,
        437.73636363636365,
        437.73636363636365,
        437.73636363636365,
        437.73636363636365,
        437.73636363636365,
        437.73636363636365,
        437.73636363636365,
        437.73636363636365,
        437.73636363636365,
        437.73636363636365,
        437.73636363636365,
        437.73636363636365,
        437.7431818181818,
        437.7431818181818,
        437.7431818181818,
        437.7431818181818,
        437.7431818181818,
        437.7431818181818,
        437.7431818181818,
        437.7431818181818,
        437.7431818181818,
        437.7431818181818,
        437.7431818181818,
        437.7431818181818,
        437.7431818181818,
        437.7431818181818,
        437.7431818181818,
        437.80454545454546,
        437.80454545454546,
        437.80454545454546,
        437.80454545454546,
        437.80454545454546,
        437.80454545454546,
        437.80454545454546,
        437.80454545454546,
        437.80454545454546,
        437.80454545454546,
        437.80454545454546,
        437.80454545454546,
        437.80454545454546,
        437.80454545454546,
        437.80454545454546,
        437.81136363636364,
        437.81136363636364,
        437.81136363636364,
        437.81136363636364,
        438.25454545454545,
        438.25454545454545,
        438.25454545454545,
        438.25454545454545,
        438.25454545454545
      ]
    }
  },
  "per_generation": [
    {
      "gen": 0.0,
      "best": 435.35,
      "mean": -Infinity
    },
    {
      "gen": 1.0,
      "best": 435.5,
      "mean": 434.31363636363636
    },
    {
      "gen": 2.0,
      "best": 435.5,
      "mean": 434.31363636363636
    },
    {
      "gen": 3.0,
      "best": 435.5,
      "mean": 435.32954545454544
    },
    {
      "gen": 4.0,
      "best": 436.25,
      "mean": 435.52727272727265
    },
    {
      "gen": 5.0,
      "best": 436.25,
      "mean": 435.52727272727265
    },
    {
      "gen": 6.0,
      "best": 437.0,
      "mean": 435.8068181818182
    },
    {
      "gen": 7.0,
      "best": 437.0,
      "mean": 435.8545454545454
    },
    {
      "gen": 8.0,
      "best": 437.0,
      "mean": 435.8545454545454
    },
    {
      "gen": 9.0,
      "best": 437.0,
      "mean": 435.86136363636365
    },
    {
      "gen": 10.0,
      "best": 437.0,
      "mean": 435.86136363636365
    },
    {
      "gen": 11.0,
      "best": 437.0,
      "mean": 436.04545454545456
    },
    {
      "gen": 12.0,
      "best": 437.0,
      "mean": 436.0522727272728
    },
    {
      "gen": 13.0,
      "best": 437.0,
      "mean": 436.0522727272728
    },
    {
      "gen": 14.0,
      "best": 437.0,
      "mean": 436.1
    },
    {
      "gen": 15.0,
      "best": 437.45,
      "mean": 436.7818181818182
    },
    {
      "gen": 16.0,
      "best": 437.45,
      "mean": 436.7818181818182
    },
    {
      "gen": 17.0,
      "best": 437.3,
      "mean": 436.7818181818182
    },
    {
      "gen": 18.0,
      "best": 438.05,
      "mean": 437.18409090909086
    },
    {
      "gen": 19.0,
      "best": 438.05,
      "mean": 437.18409090909086
    },
    {
      "gen": 20.0,
      "best": 438.05,
      "mean": 437.18409090909086
    },
    {
      "gen": 21.0,
      "best": 438.2,
      "mean": 437.34772727272724
    },
    {
      "gen": 22.0,
      "best": 438.2,
      "mean": 437.34772727272724
    },
    {
      "gen": 23.0,
      "best": 438.2,
      "mean": 437.34772727272724
    },
    {
      "gen": 24.0,
      "best": 438.2,
      "mean": 437.34772727272724
    },
    {
      "gen": 25.0,
      "best": 438.2,