{
  "algo": "pso",
  "hparams": {
    "generations": 100,
    "popsize": 22,
    "fix_last_gene": true,
    "seed": 909,
    "verbosity": 1,
    "log_every": 1,
    "evals_cap": 10000,
    "w": 0.7459843050911233,
    "c1": 1.5278130132707934,
    "c2": 0.9225117921127843
  },
  "metrics": {
    "best_final": 438.35,
    "auc_best": 43354.12499999994,
    "auc_best_norm": 437.92045454545394,
    "runtime_sec": 79.79852104187012,
    "evals_total": -1,
    "budget_triggered": false,
    "stop_reason": "None"
  },
  "diagnostics": {
    "best": {
      "start": 436.7,
      "end": 438.35,
      "delta_abs": 1.650000000000034,
      "delta_rel": 0.0037783375314862245,
      "max_val": 438.35,
      "argmax": 78,
      "auc_raw": 43354.12499999994,
      "auc_norm": 437.92045454545394
    },
    "mean": {
      "start": -Infinity,
      "end": 437.9681818181818,
      "delta_abs": Infinity,
      "delta_rel": NaN,
      "max_val": 437.9681818181818,
      "argmax": 98,
      "auc_raw": -Infinity,
      "auc_norm": -Infinity
    }
  },
  "genomes": {
    "best_genome": [
      1,
      0,
      1,
      1,
      1,
      1,
      1,
      0,
      0,
      1,
      0,
      0,
      0,
      1,
      1,
      0,
      1,
      0,
      0,
      0,
      0,
      0,
      0,
      1,
      0,
      0,
      0,
      0,
      0,
      0,
      0,
      0,
      1
    ],
    "all_best_genomes": null
  },
  "raw": {
    "curves": {
      "best": [
        436.7,
        436.7,
        436.7,
        436.7,
        436.7,
        436.7,
        436.7,
        436.7,
        436.7,
        437.15,
        437.15,
        437.15,
        437.15,
        437.15,
        437.15,
        437.15,
        437.15,
        437.15,
        437.45,
        437.45,
        437.45,
        438.05,
        438.05,
        438.05,
        438.05,
        438.05,
        438.05,
        438.05,
        438.05,
        438.05,
        438.05,
        438.05,
        438.05,
        438.05,
        438.05,
        438.05,
        438.05,
        438.05,
        438.05,
        438.05,
        438.05,
        438.05,
        438.05,
        438.05,
        438.05,
        438.05,
        438.05,
        438.05,
        438.05,
        438.05,
        438.05,
        438.05,
        438.05,
        438.05,
        438.05,
        438.05,
        438.05,
        438.05,
        438.05,
        438.05,
        438.05,
        438.05,
        438.05,
        438.05,
        438.2,
        438.2,
        438.2,
        438.2,
        438.2,
        438.2,
        438.2,
        438.2,
        438.2,
        438.2,
        438.2,
        438.2,
        438.2,
        438.2,
        438.35,
        438.35,
        438.35,
        438.35,
        438.35,
        438.35,
        438.35,
        438.35,
        438.35,
        438.35,
        438.35,
        438.35,
        438.35,
        438.35,
        438.35,
        438.35,
        438.35,
        438.35,
        438.35,
        438.35,
        438.35,
        438.35
      ],
      "mean": [
        -Infinity,
        -Infinity,
        418.290909090909,
        430.49545454545455,
        430.6113636363636,
        430.6113636363636,
        431.1636363636364,
        431.225,
        431.225,
        432.95681818181816,
        433.9522727272726,
        436.0795454545454,
        436.0795454545454,
        436.0795454545454,
        436.0795454545454,
        436.0795454545454,
        436.16818181818167,
        436.66590909090905,
        436.70681818181816,
        436.70681818181816,
        436.70681818181816,
        437.0681818181818,
        437.0681818181818,
        437.0681818181818,
        437.0681818181818,
        437.0681818181818,
        437.0681818181818,
        437.0681818181818,
        437.11590909090904,
        437.2795454545454,
        437.2795454545454,
        437.47727272727275,
        437.47727272727275,
        437.47727272727275,
        437.47727272727275,
        437.47727272727275,
        437.47727272727275,
        437.47727272727275,
        437.47727272727275,
        437.47727272727275,
        437.47727272727275,
        437.47727272727275,
        437.47727272727275,
        437.47727272727275,
        437.47727272727275,
        437.47727272727275,
        437.5113636363636,
        437.5113636363636,
        437.5113636363636,
        437.5386363636364,
        437.5386363636364,
        437.5386363636364,
        437.5863636363636,
        437.5863636363636,
        437.5863636363636,
        437.5863636363636,
        437.5863636363636,
        437.6068181818182,
        437.6068181818182,
        437.6068181818182,
        437.6068181818182,
        437.6068181818182,
        437.6068181818182,
        437.6068181818182,
        437.85227272727275,
        437.85227272727275,
        437.85227272727275,
        437.85227272727275,
        437.85227272727275,
        437.85227272727275,
        437.85227272727275,
        437.85227272727275,
        437.85227272727275,
        437.8863636363636,
        437.8863636363636,
        437.8863636363636,
        437.8863636363636,
        437.8863636363636,
        437.93409090909086,
        437.93409090909086,
        437.93409090909086,
        437.93409090909086,
        437.9477272727272,
        437.9477272727272,
        437.9477272727272,
        437.9477272727272,
        437.9477272727272,
        437.9477272727272,
        437.9477272727272,
        437.9477272727272,
        437.9477272727272,
        437.9613636363636,
        437.9613636363636,
        437.9613636363636,
        437.9613636363636,
        437.9613636363636,
        437.9613636363636,
        437.9613636363636,
        437.9681818181818,
        437.9681818181818
      ]
    }
  },
  "per_generation": [
    {
      "gen": 0.0,
      "best": 436.7,
      "mean": -Infinity
    },
    {
      "gen": 1.0,
      "best": 436.7,
      "mean": -Infinity
    },
    {
      "gen": 2.0,
      "best": 436.7,
      "mean": 418.290909090909
    },
    {
      "gen": 3.0,
      "best": 436.7,
      "mean": 430.49545454545455
    },
    {
      "gen": 4.0,
      "best": 436.7,
      "mean": 430.6113636363636
    },
    {
      "gen": 5.0,
      "best": 436.7,
      "mean": 430.6113636363636
    },
    {
      "gen": 6.0,
      "best": 436.7,
      "mean": 431.1636363636364
    },
    {
      "gen": 7.0,
      "best": 436.7,
      "mean": 431.225
    },
    {
      "gen": 8.0,
      "best": 436.7,
      "mean": 431.225
    },
    {
      "gen": 9.0,
      "best": 437.15,
      "mean": 432.95681818181816
    },
    {
      "gen": 10.0,
      "best": 437.15,
      "mean": 433.9522727272726
    },
    {
      "gen": 11.0,
      "best": 437.15,
      "mean": 436.0795454545454
    },
    {
      "gen": 12.0,
      "best": 437.15,
      "mean": 436.0795454545454
    },
    {
      "gen": 13.0,
      "best": 437.15,
      "mean": 436.0795454545454
    },
    {
      "gen": 14.0,
      "best": 437.15,
      "mean": 436.0795454545454
    },
    {
      "gen": 15.0,
      "best": 437.15,
      "mean": 436.0795454545454
    },
    {
      "gen": 16.0,
      "best": 437.15,
      "mean": 436.16818181818167
    },
    {
      "gen": 17.0,
      "best": 437.15,
      "mean": 436.66590909090905
    },
    {
      "gen": 18.0,
      "best": 437.45,
      "mean": 436.70681818181816
    },
    {
      "gen": 19.0,
      "best": 437.45,
      "mean": 436.70681818181816
    },
    {
      "gen": 20.0,
      "best": 437.45,
      "mean": 436.70681818181816
    },
    {
      "gen": 21.0,
      "best": 438.05,
      "mean": 437.0681818181818
    },
    {
      "gen": 22.0,
      "best": 438.05,
      "mean": 437.0681818181818
    },
    {
      "gen": 23.0,
      "best": 438.05,
      "mean": 437.0681818181818
    },
    {
      "gen": 24.0,
      "best": 438.05,
      "mean": 437.0681818181818
    },
    {
      "gen": 25.0,
      "best": 438.05,