{
  "algo": "pso",
  "hparams": {
    "generations": 100,
    "popsize": 22,
    "fix_last_gene": true,
    "seed": 101,
    "verbosity": 1,
    "log_every": 1,
    "evals_cap": 10000,
    "w": 0.8107659246059642,
    "c1": 2.2,
    "c2": 1.1986369279041622
  },
  "metrics": {
    "best_final": 438.65,
    "auc_best": 43394.700000000084,
    "auc_best_norm": 438.33030303030387,
    "runtime_sec": 77.70170855522156,
    "evals_total": -1,
    "budget_triggered": false,
    "stop_reason": "None"
  },
  "diagnostics": {
    "best": {
      "start": 436.55,
      "end": 438.65,
      "delta_abs": 2.099999999999966,
      "delta_rel": 0.004810445538884356,
      "max_val": 438.65,
      "argmax": 19,
      "auc_raw": 43394.700000000084,
      "auc_norm": 438.33030303030387
    },
    "mean": {
      "start": -Infinity,
      "end": 438.64318181818174,
      "delta_abs": Infinity,
      "delta_rel": NaN,
      "max_val": 438.64318181818174,
      "argmax": 97,
      "auc_raw": -Infinity,
      "auc_norm": -Infinity
    }
  },
  "genomes": {
    "best_genome": [
      0,
      1,
      1,
      0,
      1,
      1,
      1,
      1,
      1,
      1,
      0,
      0,
      0,
      0,
      0,
      0,
      0,
      0,
      0,
      0,
      0,
      0,
      0,
      0,
      0,
      0,
      0,
      0,
      0,
      0,
      0,
      0,
      1
    ],
    "all_best_genomes": null
  },
  "raw": {
    "curves": {
      "best": [
        436.55,
        436.55,
        436.55,
        436.55,
        436.55,
        436.55,
        436.55,
        436.55,
        436.55,
        436.55,
        436.55,
        437.3,
        437.3,
        437.3,
        437.3,
        437.6,
        437.6,
        437.6,
        437.6,
        438.65,
        438.65,
        438.65,
        438.65,
        438.65,
        438.65,
        438.65,
        438.65,
        438.65,
        438.65,
        438.65,
        438.65,
        438.65,
        438.65,
        438.65,
        438.65,
        438.65,
        438.65,
        438.65,
        438.65,
        438.65,
        438.65,
        438.65,
        438.65,
        438.65,
        438.65,
        438.65,
        438.65,
        438.65,
        438.65,
        438.65,
        438.65,
        438.65,
        438.65,
        438.65,
        438.65,
        438.65,
        438.65,
        438.65,
        438.65,
        438.65,
        438.65,
        438.65,
        438.65,
        438.65,
        438.65,
        438.65,
        438.65,
        438.65,
        438.65,
        438.65,
        438.65,
        438.65,
        438.65,
        438.65,
        438.65,
        438.65,
        438.65,
        438.65,
        438.65,
        438.65,
        438.65,
        438.65,
        438.65,
        438.65,
        438.65,
        438.65,
        438.65,
        438.65,
        438.65,
        438.65,
        438.65,
        438.65,
        438.65,
        438.65,
        438.65,
        438.65,
        438.65,
        438.65,
        438.65,
        438.65
      ],
      "mean": [
        -Infinity,
        421.5500000000001,
        426.50681818181823,
        426.77272727272725,
        435.22727272727275,
        435.2477272727272,
        435.3090909090908,
        435.45909090909095,
        435.47954545454553,
        435.7113636363636,
        435.72499999999997,
        436.625,
        436.625,
        436.625,
        436.625,
        436.8977272727272,
        436.8977272727272,
        436.8977272727272,
        436.9113636363636,
        437.32045454545454,
        437.32045454545454,
        437.32727272727266,
        437.32727272727266,
        437.40227272727276,
        437.40227272727276,
        437.45000000000005,
        437.45000000000005,
        437.52500000000003,
        437.5522727272728,
        437.94772727272726,
        437.94772727272726,
        437.94772727272726,
        437.94772727272726,
        437.94772727272726,
        437.94772727272726,
        437.94772727272726,
        437.94772727272726,
        437.94772727272726,
        438.02272727272725,
        438.02272727272725,
        438.02272727272725,
        438.13181818181823,
        438.13181818181823,
        438.13181818181823,
        438.13181818181823,
        438.13181818181823,
        438.13181818181823,
        438.14545454545464,
        438.1727272727274,
        438.27500000000015,
        438.27500000000015,
        438.27500000000015,
        438.27500000000015,
        438.27500000000015,
        438.27500000000015,
        438.30909090909097,
        438.30909090909097,
        438.30909090909097,
        438.30909090909097,
        438.30909090909097,
        438.30909090909097,
        438.35681818181826,
        438.35681818181826,
        438.35681818181826,
        438.384090909091,
        438.384090909091,
        438.39772727272737,
        438.39772727272737,
        438.39772727272737,
        438.41136363636366,
        438.41136363636366,
        438.41136363636366,
        438.41136363636366,
        438.41136363636366,
        438.41136363636366,
        438.41818181818184,
        438.41818181818184,
        438.41818181818184,
        438.5,
        438.5,
        438.5,
        438.5,
        438.5,
        438.5,
        438.6090909090908,
        438.6090909090908,
        438.6090909090908,
        438.6090909090908,
        438.6090909090908,
        438.6090909090908,
        438.6090909090908,
        438.6090909090908,
        438.6090909090908,
        438.6090909090908,
        438.6090909090908,
        438.6090909090908,
        438.6090909090908,
        438.64318181818174,
        438.64318181818174,
        438.64318181818174
      ]
    }
  },
  "per_generation": [
    {
      "gen": 0.0,
      "best": 436.55,
      "mean": -Infinity
    },
    {
      "gen": 1.0,
      "best": 436.55,
      "mean": 421.5500000000001
    },
    {
      "gen": 2.0,
      "best": 436.55,
      "mean": 426.50681818181823
    },
    {
      "gen": 3.0,
      "best": 436.55,
      "mean": 426.77272727272725
    },
    {
      "gen": 4.0,
      "best": 436.55,
      "mean": 435.22727272727275
    },
    {
      "gen": 5.0,
      "best": 436.55,
      "mean": 435.2477272727272
    },
    {
      "gen": 6.0,
      "best": 436.55,
      "mean": 435.3090909090908
    },
    {
      "gen": 7.0,
      "best": 436.55,
      "mean": 435.45909090909095
    },
    {
      "gen": 8.0,
      "best": 436.55,
      "mean": 435.47954545454553
    },
    {
      "gen": 9.0,
      "best": 436.55,
      "mean": 435.7113636363636
    },
    {
      "gen": 10.0,
      "best": 436.55,
      "mean": 435.72499999999997
    },
    {
      "gen": 11.0,
      "best": 437.3,
      "mean": 436.625
    },
    {
      "gen": 12.0,
      "best": 437.3,
      "mean": 436.625
    },
    {
      "gen": 13.0,
      "best": 437.3,
      "mean": 436.625
    },
    {
      "gen": 14.0,
      "best": 437.3,
      "mean": 436.625
    },
    {
      "gen": 15.0,
      "best": 437.6,
      "mean": 436.8977272727272
    },
    {
      "gen": 16.0,
      "best": 437.6,
      "mean": 436.8977272727272
    },
    {
      "gen": 17.0,
      "best": 437.6,
      "mean": 436.8977272727272
    },
    {
      "gen": 18.0,
      "best": 437.6,
      "mean": 436.9113636363636
    },
    {
      "gen": 19.0,
      "best": 438.65,
      "mean": 437.32045454545454
    },
    {
      "gen": 20.0,
      "best": 438.65,
      "mean": 437.32045454545454
    },
    {
      "gen": 21.0,
      "best": 438.65,
      "mean": 437.32727272727266
    },
    {
      "gen": 22.0,
      "best": 438.65,
      "mean": 437.32727272727266
    },
    {
      "gen": 23.0,
      "best": 438.65,
      "mean": 437.40227272727276
    },
    {
      "gen": 24.0,
      "best": 438.65,
      "mean": 437.40227272727276
    },
    {
      "gen": 25.0,
      "best": 438.65,
      "mean": 437.45000000000005
    },
    {
      "gen": 26.0,
      "best": 438.65,