{
  "algo": "pso",
  "hparams": {
    "generations": 100,
    "popsize": 22,
    "fix_last_gene": true,
    "seed": 909,
    "verbosity": 1,
    "log_every": 1,
    "evals_cap": 10000,
    "w": 0.5979118841046149,
    "c1": 0.8,
    "c2": 1.4115632904794735
  },
  "metrics": {
    "best_final": 437.9,
    "auc_best": 43338.60000000009,
    "auc_best_norm": 437.7636363636373,
    "runtime_sec": 76.89814734458923,
    "evals_total": -1,
    "budget_triggered": false,
    "stop_reason": "None"
  },
  "diagnostics": {
    "best": {
      "start": 436.7,
      "end": 437.9,
      "delta_abs": 1.1999999999999886,
      "delta_rel": 0.0027478818410808076,
      "max_val": 437.9,
      "argmax": 29,
      "auc_raw": 43338.60000000009,
      "auc_norm": 437.7636363636373
    },
    "mean": {
      "start": -Infinity,
      "end": 437.4977272727274,
      "delta_abs": Infinity,
      "delta_rel": NaN,
      "max_val": 437.4977272727274,
      "argmax": 95,
      "auc_raw": -Infinity,
      "auc_norm": -Infinity
    }
  },
  "genomes": {
    "best_genome": [
      1,
      0,
      0,
      1,
      1,
      0,
      0,
      1,
      0,
      1,
      0,
      0,
      0,
      1,
      0,
      1,
      1,
      0,
      0,
      0,
      1,
      0,
      0,
      1,
      0,
      0,
      0,
      0,
      0,
      0,
      0,
      0,
      1
    ],
    "all_best_genomes": null
  },
  "raw": {
    "curves": {
      "best": [
        436.7,
        436.7,
        436.7,
        436.7,
        436.7,
        436.7,
        437.6,
        437.6,
        437.6,
        437.6,
        437.6,
        437.6,
        437.6,
        437.6,
        437.6,
        437.6,
        437.6,
        437.6,
        437.6,
        437.6,
        437.6,
        437.6,
        437.6,
        437.6,
        437.6,
        437.6,
        437.6,
        437.6,
        437.6,
        437.9,
        437.9,
        437.9,
        437.9,
        437.9,
        437.9,
        437.9,
        437.9,
        437.9,
        437.9,
        437.9,
        437.9,
        437.9,
        437.9,
        437.9,
        437.9,
        437.9,
        437.9,
        437.9,
        437.9,
        437.9,
        437.9,
        437.9,
        437.9,
        437.9,
        437.9,
        437.9,
        437.9,
        437.9,
        437.9,
        437.9,
        437.9,
        437.9,
        437.9,
        437.9,
        437.9,
        437.9,
        437.9,
        437.9,
        437.9,
        437.9,
        437.9,
        437.9,
        437.9,
        437.9,
        437.9,
        437.9,
        437.9,
        437.9,
        437.9,
        437.9,
        437.9,
        437.9,
        437.9,
        437.9,
        437.9,
        437.9,
        437.9,
        437.9,
        437.9,
        437.9,
        437.9,
        437.9,
        437.9,
        437.9,
        437.9,
        437.9,
        437.9,
        437.9,
        437.9,
        437.9
      ],
      "mean": [
        -Infinity,
        -Infinity,
        418.4613636363636,
        432.6636363636364,
        432.75227272727267,
        432.75227272727267,
        433.55,
        433.55,
        433.55,
        434.2931818181818,
        436.2363636363636,
        436.42045454545456,
        436.42045454545456,
        436.42045454545456,
        436.42045454545456,
        436.42045454545456,
        436.42045454545456,
        436.5500000000001,
        436.5500000000001,
        436.5500000000001,
        436.5500000000001,
        436.7545454545454,
        436.7545454545454,
        436.7545454545454,
        436.7545454545454,
        436.7545454545454,
        436.7886363636363,
        436.7886363636363,
        436.82954545454544,
        436.97954545454536,
        436.97954545454536,
        436.97954545454536,
        436.97954545454536,
        436.97954545454536,
        436.97954545454536,
        436.97954545454536,
        437.02045454545447,
        437.02045454545447,
        437.02045454545447,
        437.02045454545447,
        437.02045454545447,
        437.02045454545447,
        437.02045454545447,
        437.02045454545447,
        437.02045454545447,
        437.02045454545447,
        437.02045454545447,
        437.02045454545447,
        437.02045454545447,
        437.0340909090908,
        437.0340909090908,
        437.0340909090908,
        437.11590909090916,
        437.11590909090916,
        437.11590909090916,
        437.14318181818186,
        437.14318181818186,
        437.18409090909097,
        437.18409090909097,
        437.3954545454546,
        437.3954545454546,
        437.3954545454546,
        437.3954545454546,
        437.3954545454546,
        437.4022727272728,
        437.4022727272728,
        437.4022727272728,
        437.4022727272728,
        437.4022727272728,
        437.4022727272728,
        437.4022727272728,
        437.4022727272728,
        437.4022727272728,
        437.409090909091,
        437.409090909091,
        437.409090909091,
        437.409090909091,
        437.409090909091,
        437.4227272727274,
        437.4227272727274,
        437.4227272727274,
        437.4227272727274,
        437.4227272727274,
        437.4227272727274,
        437.4227272727274,
        437.4227272727274,
        437.4227272727274,
        437.4227272727274,
        437.4227272727274,
        437.4227272727274,
        437.4227272727274,
        437.43636363636375,
        437.43636363636375,
        437.43636363636375,
        437.43636363636375,
        437.4977272727274,
        437.4977272727274,
        437.4977272727274,
        437.4977272727274,
        437.4977272727274
      ]
    }
  },
  "per_generation": [
    {
      "gen": 0.0,
      "best": 436.7,
      "mean": -Infinity
    },
    {
      "gen": 1.0,
      "best": 436.7,
      "mean": -Infinity
    },
    {
      "gen": 2.0,
      "best": 436.7,
      "mean": 418.4613636363636
    },
    {
      "gen": 3.0,
      "best": 436.7,
      "mean": 432.6636363636364
    },
    {
      "gen": 4.0,
      "best": 436.7,
      "mean": 432.75227272727267
    },
    {
      "gen": 5.0,
      "best": 436.7,
      "mean": 432.75227272727267
    },
    {
      "gen": 6.0,
      "best": 437.6,
      "mean": 433.55
    },
    {
      "gen": 7.0,
      "best": 437.6,
      "mean": 433.55
    },
    {
      "gen": 8.0,
      "best": 437.6,
      "mean": 433.55
    },
    {
      "gen": 9.0,
      "best": 437.6,
      "mean": 434.2931818181818
    },
    {
      "gen": 10.0,
      "best": 437.6,
      "mean": 436.2363636363636
    },
    {
      "gen": 11.0,
      "best": 437.6,
      "mean": 436.42045454545456
    },
    {
      "gen": 12.0,
      "best": 437.6,
      "mean": 436.42045454545456
    },
    {
      "gen": 13.0,
      "best": 437.6,
      "mean": 436.42045454545456
    },
    {
      "gen": 14.0,
      "best": 437.6,
      "mean": 436.42045454545456
    },
    {
      "gen": 15.0,
      "best": 437.6,
      "mean": 436.42045454545456
    },
    {
      "gen": 16.0,
      "best": 437.6,
      "mean": 436.42045454545456
    },
    {
      "gen": 17.0,
      "best": 437.6,
      "mean": 436.5500000000001
    },
    {
      "gen": 18.0,
      "best": 437.6,
      "mean": 436.5500000000001
    },
    {
      "gen": 19.0,
      "best": 437.6,
      "mean": 436.5500000000001
    },
    {
      "gen": 20.0,
      "best": 437.6,
      "mean": 436.5500000000001
    },
    {
      "gen": 21.0,
      "best": 437.6,
      "mean": 436.7545454545454
    },
    {
      "gen": 22.0,
      "best": 437.6,
      "mean": 436.7545454545454
    },
    {
      "gen": 23.0,
      "best": 437.6,
      "mean": 436.7545454545454
    },
    {
      "gen": 24.0,
      "best": 437.6,
      "mean": 436.7545454545454
    },
    {
      "gen": 25.0,
      "best": 437.6,
      "mean": 436.7545454545454
    },
    {
      "gen": 26.0,
      "best": 437.6,
      "mean": 436.7886363636363
    },
    {
      "gen": 27.0,
      "best": 437.6,