{
  "algo": "pso",
  "hparams": {
    "generations": 100,
    "popsize": 22,
    "fix_last_gene": true,
    "seed": 1001,
    "verbosity": 1,
    "log_every": 1,
    "evals_cap": 10000,
    "w": 0.7459843050911233,
    "c1": 1.5278130132707934,
    "c2": 0.9225117921127843
  },
  "metrics": {
    "best_final": 438.5,
    "auc_best": 43352.624999999985,
    "auc_best_norm": 437.9053030303029,
    "runtime_sec": 77.20919895172119,
    "evals_total": -1,
    "budget_triggered": false,
    "stop_reason": "None"
  },
  "diagnostics": {
    "best": {
      "start": 436.55,
      "end": 438.5,
      "delta_abs": 1.9499999999999886,
      "delta_rel": 0.004466842286106949,
      "max_val": 438.5,
      "argmax": 88,
      "auc_raw": 43352.624999999985,
      "auc_norm": 437.9053030303029
    },
    "mean": {
      "start": -Infinity,
      "end": 438.01590909090913,
      "delta_abs": Infinity,
      "delta_rel": NaN,
      "max_val": 438.01590909090913,
      "argmax": 88,
      "auc_raw": -Infinity,
      "auc_norm": -Infinity
    }
  },
  "genomes": {
    "best_genome": [
      0,
      0,
      0,
      0,
      1,
      1,
      1,
      1,
      1,
      1,
      1,
      0,
      0,
      1,
      1,
      0,
      0,
      0,
      0,
      0,
      0,
      0,
      0,
      1,
      0,
      0,
      0,
      0,
      0,
      0,
      0,
      0,
      1
    ],
    "all_best_genomes": null
  },
  "raw": {
    "curves": {
      "best": [
        436.55,
        436.55,
        436.55,
        436.55,
        436.55,
        436.55,
        436.55,
        436.55,
        436.55,
        436.55,
        436.55,
        436.55,
        436.85,
        437.9,
        437.9,
        437.9,
        437.9,
        437.9,
        437.9,
        437.9,
        437.9,
        437.9,
        437.9,
        438.05,
        438.05,
        438.05,
        438.05,
        438.05,
        438.05,
        438.05,
        438.05,
        438.05,
        438.05,
        438.05,
        438.05,
        438.05,
        438.05,
        438.05,
        438.05,
        438.05,
        438.05,
        438.05,
        438.05,
        438.05,
        438.05,
        438.05,
        438.05,
        438.05,
        438.05,
        438.05,
        438.05,
        438.05,
        438.05,
        438.05,
        438.05,
        438.05,
        438.05,
        438.05,
        438.05,
        438.05,
        438.05,
        438.05,
        438.05,
        438.05,
        438.05,
        438.05,
        438.05,
        438.05,
        438.05,
        438.05,
        438.05,
        438.05,
        438.05,
        438.05,
        438.05,
        438.05,
        438.05,
        438.05,
        438.05,
        438.05,
        438.05,
        438.05,
        438.05,
        438.05,
        438.05,
        438.2,
        438.2,
        438.2,
        438.5,
        438.5,
        438.5,
        438.5,
        438.5,
        438.5,
        438.5,
        438.5,
        438.5,
        438.5,
        438.5,
        438.5
      ],
      "mean": [
        -Infinity,
        420.2204545454546,
        420.27500000000003,
        420.8068181818182,
        420.8613636363636,
        420.8613636363636,
        420.9431818181818,
        421.3931818181818,
        421.3931818181818,
        421.3931818181818,
        421.40000000000003,
        421.775,
        426.18636363636364,
        436.7886363636364,
        436.7886363636364,
        436.7886363636364,
        436.7886363636364,
        436.80909090909086,
        436.80909090909086,
        436.80909090909086,
        436.80909090909086,
        436.80909090909086,
        436.85681818181814,
        437.15681818181815,
        437.15681818181815,
        437.1840909090908,
        437.1840909090908,
        437.1840909090908,
        437.1840909090908,
        437.1840909090908,
        437.22499999999997,
        437.22499999999997,
        437.22499999999997,
        437.22499999999997,
        437.25227272727267,
        437.25227272727267,
        437.25227272727267,
        437.25227272727267,
        437.25227272727267,
        437.29999999999995,
        437.45,
        437.47045454545446,
        437.47045454545446,
        437.47045454545446,
        437.58636363636356,
        437.58636363636356,
        437.58636363636356,
        437.58636363636356,
        437.58636363636356,
        437.58636363636356,
        437.6545454545454,
        437.6545454545454,
        437.68181818181824,
        437.68181818181824,
        437.68181818181824,
        437.68181818181824,
        437.68181818181824,
        437.68181818181824,
        437.68181818181824,
        437.68181818181824,
        437.68181818181824,
        437.68181818181824,
        437.68181818181824,
        437.68181818181824,
        437.68181818181824,
        437.68181818181824,
        437.68181818181824,
        437.68181818181824,
        437.68181818181824,
        437.6954545454546,
        437.8181818181818,
        437.8181818181818,
        437.8181818181818,
        437.8181818181818,
        437.8181818181818,
        437.8181818181818,
        437.8181818181818,
        437.8181818181818,
        437.8181818181818,
        437.8181818181818,
        437.825,
        437.825,
        437.825,
        437.825,
        437.825,
        437.94772727272726,
        437.94772727272726,
        437.94772727272726,
        438.01590909090913,
        438.01590909090913,
        438.01590909090913,
        438.01590909090913,
        438.01590909090913,
        438.01590909090913,
        438.01590909090913,
        438.01590909090913,
        438.01590909090913,
        438.01590909090913,
        438.01590909090913,
        438.01590909090913
      ]
    }
  },
  "per_generation": [
    {
      "gen": 0.0,
      "best": 436.55,
      "mean": -Infinity
    },
    {
      "gen": 1.0,
      "best": 436.55,
      "mean": 420.2204545454546
    },
    {
      "gen": 2.0,
      "best": 436.55,
      "mean": 420.27500000000003
    },
    {
      "gen": 3.0,
      "best": 436.55,
      "mean": 420.8068181818182
    },
    {
      "gen": 4.0,
      "best": 436.55,
      "mean": 420.8613636363636
    },
    {
      "gen": 5.0,
      "best": 436.55,
      "mean": 420.8613636363636
    },
    {
      "gen": 6.0,
      "best": 436.55,
      "mean": 420.9431818181818
    },
    {
      "gen": 7.0,
      "best": 436.55,
      "mean": 421.3931818181818
    },
    {
      "gen": 8.0,
      "best": 436.55,
      "mean": 421.3931818181818
    },
    {
      "gen": 9.0,
      "best": 436.55,
      "mean": 421.3931818181818
    },
    {
      "gen": 10.0,
      "best": 436.55,
      "mean": 421.40000000000003
    },
    {
      "gen": 11.0,
      "best": 436.55,
      "mean": 421.775
    },
    {
      "gen": 12.0,
      "best": 436.85,
      "mean": 426.18636363636364
    },
    {
      "gen": 13.0,
      "best": 437.9,
      "mean": 436.7886363636364
    },
    {
      "gen": 14.0,
      "best": 437.9,
      "mean": 436.7886363636364
    },
    {
      "gen": 15.0,
      "best": 437.9,
      "mean": 436.7886363636364
    },
    {
      "gen": 16.0,
      "best": 437.9,
      "mean": 436.7886363636364
    },
    {
      "gen": 17.0,
      "best": 437.9,
      "mean": 436.80909090909086
    },
    {
      "gen": 18.0,
      "best": 437.9,
      "mean": 436.80909090909086
    },
    {
      "gen": 19.0,
      "best": 437.9,
      "mean": 436.80909090909086
    },
    {
      "gen": 20.0,
      "best": 437.9,
      "mean": 436.80909090909086
    },
    {
      "gen": 21.0,
      "best": 437.9,
      "mean": 436.80909090909086
    },
    {
      "gen": 22.0,
      "best": 437.9,
      "mean": 436.85681818181814
    },
    {
      "gen": 23.0,
      "best": 438.05,
      "mean": 437.15681818181815
    },
    {
      "gen": 24.0,
      "best": 438.05,
      "mean": 437.15681818181815
    },
    {
      "gen": 25.0,
      "best": 438.05,