{
  "algo": "pso",
  "hparams": {
    "generations": 100,
    "popsize": 22,
    "fix_last_gene": true,
    "seed": 303,
    "verbosity": 1,
    "log_every": 1,
    "evals_cap": 10000,
    "w": 0.6033443710193481,
    "c1": 2.2,
    "c2": 0.8851279707989275
  },
  "metrics": {
    "best_final": 438.65,
    "auc_best": 43387.27500000002,
    "auc_best_norm": 438.25530303030325,
    "runtime_sec": 74.28718852996826,
    "evals_total": -1,
    "budget_triggered": false,
    "stop_reason": "None"
  },
  "diagnostics": {
    "best": {
      "start": 436.1,
      "end": 438.65,
      "delta_abs": 2.5499999999999545,
      "delta_rel": 0.005847282733317942,
      "max_val": 438.65,
      "argmax": 77,
      "auc_raw": 43387.27500000002,
      "auc_norm": 438.25530303030325
    },
    "mean": {
      "start": -Infinity,
      "end": 438.24090909090916,
      "delta_abs": Infinity,
      "delta_rel": NaN,
      "max_val": 438.24090909090916,
      "argmax": 95,
      "auc_raw": -Infinity,
      "auc_norm": -Infinity
    }
  },
  "genomes": {
    "best_genome": [
      1,
      1,
      0,
      0,
      1,
      0,
      1,
      0,
      1,
      0,
      0,
      0,
      1,
      1,
      0,
      0,
      0,
      0,
      0,
      0,
      0,
      0,
      0,
      0,
      0,
      0,
      0,
      0,
      0,
      0,
      0,
      0,
      1
    ],
    "all_best_genomes": null
  },
  "raw": {
    "curves": {
      "best": [
        436.1,
        435.2,
        436.1,
        436.1,
        436.55,
        436.55,
        436.55,
        436.55,
        436.55,
        437.75,
        437.75,
        437.75,
        437.75,
        437.75,
        438.35,
        438.35,
        438.35,
        438.35,
        438.35,
        438.35,
        438.35,
        438.35,
        438.35,
        438.35,
        438.35,
        438.35,
        438.35,
        438.35,
        438.35,
        438.35,
        438.35,
        438.35,
        438.35,
        438.35,
        438.35,
        438.35,
        438.35,
        438.35,
        438.35,
        438.35,
        438.35,
        438.35,
        438.35,
        438.35,
        438.35,
        438.35,
        438.5,
        438.5,
        438.5,
        438.5,
        438.5,
        438.5,
        438.5,
        438.5,
        438.5,
        438.5,
        438.5,
        438.5,
        438.5,
        438.5,
        438.5,
        438.5,
        438.5,
        438.5,
        438.5,
        438.5,
        438.5,
        438.5,
        438.5,
        438.5,
        438.5,
        438.5,
        438.5,
        438.5,
        438.5,
        438.5,
        438.5,
        438.65,
        438.65,
        438.65,
        438.65,
        438.65,
        438.65,
        438.65,
        438.65,
        438.65,
        438.65,
        438.65,
        438.65,
        438.65,
        438.65,
        438.65,
        438.65,
        438.65,
        438.65,
        438.65,
        438.65,
        438.65,
        438.65,
        438.65
      ],
      "mean": [
        -Infinity,
        -Infinity,
        422.04090909090905,
        422.64090909090913,
        432.24090909090916,
        432.32272727272726,
        432.32272727272726,
        433.5363636363636,
        433.5363636363636,
        435.50681818181823,
        435.55454545454546,
        435.55454545454546,
        435.55454545454546,
        435.5886363636364,
        437.3954545454546,
        437.3954545454546,
        437.3954545454546,
        437.3954545454546,
        437.3954545454546,
        437.3954545454546,
        437.3954545454546,
        437.3954545454546,
        437.3954545454546,
        437.42954545454546,
        437.42954545454546,
        437.42954545454546,
        437.42954545454546,
        437.42954545454546,
        437.42954545454546,
        437.4431818181818,
        437.4431818181818,
        437.4431818181818,
        437.4431818181818,
        437.4431818181818,
        437.5113636363636,
        437.5318181818182,
        437.56590909090914,
        437.56590909090914,
        437.56590909090914,
        437.56590909090914,
        437.56590909090914,
        437.56590909090914,
        437.640909090909,
        437.640909090909,
        437.640909090909,
        437.6681818181818,
        437.8863636363636,
        437.8863636363636,
        437.8863636363636,
        437.8863636363636,
        437.8863636363636,
        437.8863636363636,
        437.8863636363636,
        437.8863636363636,
        437.8863636363636,
        437.8863636363636,
        437.8863636363636,
        437.8863636363636,
        437.8931818181818,
        437.8931818181818,
        437.8931818181818,
        437.8931818181818,
        437.8931818181818,
        437.8931818181818,
        437.8931818181818,
        437.92045454545456,
        437.92045454545456,
        437.92045454545456,
        437.92045454545456,
        437.92045454545456,
        437.92045454545456,
        437.92045454545456,
        437.92045454545456,
        437.92045454545456,
        437.92045454545456,
        437.92045454545456,
        437.92045454545456,
        438.16590909090917,
        438.16590909090917,
        438.16590909090917,
        438.16590909090917,
        438.16590909090917,
        438.16590909090917,
        438.16590909090917,
        438.16590909090917,
        438.16590909090917,
        438.16590909090917,
        438.16590909090917,
        438.16590909090917,
        438.16590909090917,
        438.16590909090917,
        438.16590909090917,
        438.2136363636364,
        438.2136363636364,
        438.2136363636364,
        438.24090909090916,
        438.24090909090916,
        438.24090909090916,
        438.24090909090916,
        438.24090909090916
      ]
    }
  },
  "per_generation": [
    {
      "gen": 0.0,
      "best": 436.1,
      "mean": -Infinity
    },
    {
      "gen": 1.0,
      "best": 435.2,
      "mean": -Infinity
    },
    {
      "gen": 2.0,
      "best": 436.1,
      "mean": 422.04090909090905
    },
    {
      "gen": 3.0,
      "best": 436.1,
      "mean": 422.64090909090913
    },
    {
      "gen": 4.0,
      "best": 436.55,
      "mean": 432.24090909090916
    },
    {
      "gen": 5.0,
      "best": 436.55,
      "mean": 432.32272727272726
    },
    {
      "gen": 6.0,
      "best": 436.55,
      "mean": 432.32272727272726
    },
    {
      "gen": 7.0,
      "best": 436.55,
      "mean": 433.5363636363636
    },
    {
      "gen": 8.0,
      "best": 436.55,
      "mean": 433.5363636363636
    },
    {
      "gen": 9.0,
      "best": 437.75,
      "mean": 435.50681818181823
    },
    {
      "gen": 10.0,
      "best": 437.75,
      "mean": 435.55454545454546
    },
    {
      "gen": 11.0,
      "best": 437.75,
      "mean": 435.55454545454546
    },
    {
      "gen": 12.0,
      "best": 437.75,
      "mean": 435.55454545454546
    },
    {
      "gen": 13.0,
      "best": 437.75,
      "mean": 435.5886363636364
    },
    {
      "gen": 14.0,
      "best": 438.35,
      "mean": 437.3954545454546
    },
    {
      "gen": 15.0,
      "best": 438.35,
      "mean": 437.3954545454546
    },
    {
      "gen": 16.0,
      "best": 438.35,
      "mean": 437.3954545454546
    },
    {
      "gen": 17.0,
      "best": 438.35,
      "mean": 437.3954545454546
    },
    {
      "gen": 18.0,
      "best": 438.35,
      "mean": 437.3954545454546
    },
    {
      "gen": 19.0,
      "best": 438.35,
      "mean": 437.3954545454546
    },
    {
      "gen": 20.0,
      "best": 438.35,
      "mean": 437.3954545454546
    },
    {
      "gen": 21.0,
      "best": 438.35,
      "mean": 437.3954545454546
    },
    {
      "gen": 22.0,
      "best": 438.35,
      "mean": 437.3954545454546
    },
    {
      "gen": 23.0,
      "best": 438.35,
      "mean": 437.42954545454546
    },
    {
      "gen": 24.0,
      "best": 438.35,
      "mean": 437.42954545454546
    },
    {
      "gen": 25.0,
      "best": 438.35,