{
  "algo": "pso",
  "hparams": {
    "generations": 100,
    "popsize": 22,
    "fix_last_gene": true,
    "seed": 1102,
    "verbosity": 1,
    "log_every": 1,
    "evals_cap": 10000,
    "w": 0.7649536565554249,
    "c1": 0.8647615656924663,
    "c2": 1.4474583404683392
  },
  "metrics": {
    "best_final": 438.35,
    "auc_best": 43384.27499999993,
    "auc_best_norm": 438.2249999999993,
    "runtime_sec": 75.79408168792725,
    "evals_total": -1,
    "budget_triggered": false,
    "stop_reason": "None"
  },
  "diagnostics": {
    "best": {
      "start": 437.3,
      "end": 438.35,
      "delta_abs": 1.0500000000000114,
      "delta_rel": 0.0024010976446375747,
      "max_val": 438.35,
      "argmax": 12,
      "auc_raw": 43384.27499999993,
      "auc_norm": 438.2249999999993
    },
    "mean": {
      "start": -Infinity,
      "end": 437.99545454545444,
      "delta_abs": Infinity,
      "delta_rel": NaN,
      "max_val": 437.99545454545444,
      "argmax": 79,
      "auc_raw": -Infinity,
      "auc_norm": -Infinity
    }
  },
  "genomes": {
    "best_genome": [
      0,
      0,
      0,
      0,
      1,
      0,
      0,
      1,
      1,
      0,
      0,
      0,
      1,
      1,
      0,
      1,
      0,
      0,
      0,
      0,
      0,
      0,
      0,
      1,
      0,
      0,
      0,
      0,
      0,
      0,
      0,
      0,
      1
    ],
    "all_best_genomes": null
  },
  "raw": {
    "curves": {
      "best": [
        437.3,
        437.3,
        437.3,
        437.3,
        437.3,
        437.3,
        437.3,
        437.3,
        437.3,
        437.3,
        437.3,
        437.3,
        438.35,
        438.35,
        438.35,
        438.35,
        438.35,
        438.35,
        438.35,
        438.35,
        438.35,
        438.35,
        438.35,
        438.35,
        438.35,
        438.35,
        438.35,
        438.35,
        438.35,
        438.35,
        438.35,
        438.35,
        438.35,
        438.35,
        438.35,
        438.35,
        438.2,
        438.35,
        438.35,
        438.35,
        438.35,
        438.35,
        438.35,
        438.35,
        438.35,
        438.35,
        438.35,
        438.35,
        438.35,
        438.35,
        438.35,
        438.35,
        438.35,
        438.35,
        438.35,
        438.35,
        438.35,
        438.35,
        438.35,
        438.35,
        438.35,
        438.35,
        438.35,
        438.35,
        438.35,
        438.35,
        438.35,
        438.35,
        438.35,
        438.35,
        438.35,
        438.35,
        438.35,
        438.35,
        438.35,
        438.35,
        438.35,
        438.35,
        438.35,
        438.35,
        438.35,
        438.35,
        438.35,
        438.35,
        438.35,
        438.35,
        438.35,
        438.35,
        438.35,
        438.35,
        438.2,
        438.35,
        438.35,
        438.35,
        438.35,
        438.35,
        438.35,
        438.35,
        438.35,
        438.35
      ],
      "mean": [
        -Infinity,
        433.2295454545454,
        434.45,
        434.4840909090908,
        434.7295454545454,
        434.7295454545454,
        434.7295454545454,
        434.7295454545454,
        435.3636363636364,
        436.515909090909,
        436.52272727272725,
        436.5295454545454,
        437.8795454545454,
        437.8795454545454,
        437.8795454545454,
        437.8795454545454,
        437.8795454545454,
        437.8795454545454,
        437.8795454545454,
        437.8795454545454,
        437.8795454545454,
        437.8795454545454,
        437.8795454545454,
        437.8795454545454,
        437.8795454545454,
        437.8795454545454,
        437.8795454545454,
        437.8795454545454,
        437.8795454545454,
        437.8795454545454,
        437.8795454545454,
        437.8795454545454,
        437.8795454545454,
        437.89999999999986,
        437.89999999999986,
        437.89999999999986,
        437.89999999999986,
        437.89999999999986,
        437.9136363636363,
        437.9136363636363,
        437.9136363636363,
        437.9136363636363,
        437.9136363636363,
        437.92045454545445,
        437.92045454545445,
        437.92045454545445,
        437.92045454545445,
        437.92045454545445,
        437.92045454545445,
        437.92045454545445,
        437.92045454545445,
        437.92045454545445,
        437.92045454545445,
        437.92045454545445,
        437.92045454545445,
        437.92045454545445,
        437.92045454545445,
        437.9477272727272,
        437.9477272727272,
        437.9477272727272,
        437.9477272727272,
        437.9477272727272,
        437.9477272727272,
        437.9477272727272,
        437.9477272727272,
        437.9545454545454,
        437.9545454545454,
        437.9545454545454,
        437.9545454545454,
        437.9545454545454,
        437.9545454545454,
        437.9545454545454,
        437.9545454545454,
        437.9545454545454,
        437.9545454545454,
        437.9681818181817,
        437.9681818181817,
        437.9681818181817,
        437.9681818181817,
        437.99545454545444,
        437.99545454545444,
        437.99545454545444,
        437.99545454545444,
        437.99545454545444,
        437.99545454545444,
        437.99545454545444,
        437.99545454545444,
        437.99545454545444,
        437.99545454545444,
        437.99545454545444,
        437.99545454545444,
        437.99545454545444,
        437.99545454545444,
        437.99545454545444,
        437.99545454545444,
        437.99545454545444,
        437.99545454545444,
        437.99545454545444,
        437.99545454545444,
        437.99545454545444
      ]
    }
  },
  "per_generation": [
    {
      "gen": 0.0,
      "best": 437.3,
      "mean": -Infinity
    },
    {
      "gen": 1.0,
      "best": 437.3,
      "mean": 433.2295454545454
    },
    {
      "gen": 2.0,
      "best": 437.3,
      "mean": 434.45
    },
    {
      "gen": 3.0,
      "best": 437.3,
      "mean": 434.4840909090908
    },
    {
      "gen": 4.0,
      "best": 437.3,
      "mean": 434.7295454545454
    },
    {
      "gen": 5.0,
      "best": 437.3,
      "mean": 434.7295454545454
    },
    {
      "gen": 6.0,
      "best": 437.3,
      "mean": 434.7295454545454
    },
    {
      "gen": 7.0,
      "best": 437.3,
      "mean": 434.7295454545454
    },
    {
      "gen": 8.0,
      "best": 437.3,
      "mean": 435.3636363636364
    },
    {
      "gen": 9.0,
      "best": 437.3,
      "mean": 436.515909090909
    },
    {
      "gen": 10.0,
      "best": 437.3,
      "mean": 436.52272727272725
    },
    {
      "gen": 11.0,
      "best": 437.3,
      "mean": 436.5295454545454
    },
    {
      "gen": 12.0,
      "best": 438.35,
      "mean": 437.8795454545454
    },
    {
      "gen": 13.0,
      "best": 438.35,
      "mean": 437.8795454545454
    },
    {
      "gen": 14.0,
      "best": 438.35,
      "mean": 437.8795454545454
    },
    {
      "gen": 15.0,
      "best": 438.35,
      "mean": 437.8795454545454
    },
    {
      "gen": 16.0,
      "best": 438.35,
      "mean": 437.8795454545454
    },
    {
      "gen": 17.0,
      "best": 438.35,
      "mean": 437.8795454545454
    },
    {
      "gen": 18.0,
      "best": 438.35,
      "mean": 437.8795454545454
    },
    {
      "gen": 19.0,
      "best": 438.35,
      "mean": 437.8795454545454
    },
    {
      "gen": 20.0,
      "best": 438.35,
      "mean": 437.8795454545454
    },
    {
      "gen": 21.0,
      "best": 438.35,
      "mean": 437.8795454545454
    },
    {
      "gen": 22.0,
      "best": 438.35,
      "mean": 437.8795454545454
    },
    {
      "gen": 23.0,
      "best": 438.35,
      "mean": 437.8795454545454
    },
    {
      "gen": 24.0,
      "best": 438.35,
      "mean": 437.8795454545454
    },
    {
      "gen": 25.0,
      "best": 438.35,