{
  "algo": "pso",
  "hparams": {
    "generations": 100,
    "popsize": 22,
    "fix_last_gene": true,
    "seed": 1001,
    "verbosity": 1,
    "log_every": 1,
    "evals_cap": 10000,
    "w": 0.5792916873481603,
    "c1": 1.5506798633162326,
    "c2": 1.2837388207749132
  },
  "metrics": {
    "best_final": 438.5,
    "auc_best": 43353.52499999998,
    "auc_best_norm": 437.91439393939373,
    "runtime_sec": 69.76301312446594,
    "evals_total": -1,
    "budget_triggered": false,
    "stop_reason": "None"
  },
  "diagnostics": {
    "best": {
      "start": 436.55,
      "end": 438.5,
      "delta_abs": 1.9499999999999886,
      "delta_rel": 0.004466842286106949,
      "max_val": 438.5,
      "argmax": 88,
      "auc_raw": 43353.52499999998,
      "auc_norm": 437.91439393939373
    },
    "mean": {
      "start": -Infinity,
      "end": 438.02272727272737,
      "delta_abs": Infinity,
      "delta_rel": NaN,
      "max_val": 438.02272727272737,
      "argmax": 88,
      "auc_raw": -Infinity,
      "auc_norm": -Infinity
    }
  },
  "genomes": {
    "best_genome": [
      0,
      0,
      0,
      1,
      1,
      1,
      1,
      1,
      0,
      1,
      1,
      0,
      0,
      1,
      1,
      0,
      0,
      0,
      0,
      0,
      0,
      0,
      0,
      1,
      0,
      0,
      0,
      0,
      0,
      0,
      0,
      0,
      1
    ],
    "all_best_genomes": null
  },
  "raw": {
    "curves": {
      "best": [
        436.55,
        436.55,
        436.55,
        437.45,
        437.45,
        437.45,
        437.45,
        437.45,
        437.45,
        437.45,
        437.45,
        437.45,
        437.45,
        437.45,
        437.45,
        437.45,
        437.45,
        437.45,
        437.45,
        437.45,
        437.45,
        437.45,
        437.45,
        437.6,
        437.6,
        437.6,
        437.6,
        437.6,
        437.6,
        437.6,
        437.6,
        437.6,
        437.6,
        437.6,
        437.6,
        437.6,
        437.6,
        437.6,
        437.6,
        437.6,
        437.6,
        437.6,
        437.6,
        437.6,
        438.2,
        438.2,
        438.2,
        438.2,
        438.2,
        438.2,
        438.2,
        438.2,
        438.2,
        438.2,
        438.2,
        438.2,
        438.2,
        438.2,
        438.2,
        438.2,
        438.2,
        438.2,
        438.2,
        438.2,
        438.2,
        438.2,
        438.2,
        438.2,
        438.2,
        438.2,
        438.2,
        438.2,
        438.2,
        438.2,
        438.2,
        438.2,
        438.2,
        438.2,
        438.2,
        438.2,
        438.2,
        438.2,
        438.2,
        438.2,
        438.2,
        438.2,
        438.2,
        438.2,
        438.5,
        438.5,
        438.5,
        438.5,
        438.5,
        438.5,
        438.5,
        438.5,
        438.5,
        438.5,
        438.5,
        438.5
      ],
      "mean": [
        -Infinity,
        420.27500000000003,
        423.4318181818182,
        423.88863636363635,
        423.90227272727265,
        423.90227272727265,
        423.98409090909087,
        424.50909090909084,
        424.52272727272725,
        424.52272727272725,
        424.55,
        424.7,
        433.10681818181814,
        436.3795454545454,
        436.3795454545454,
        436.3795454545454,
        436.3795454545454,
        436.4,
        436.4886363636364,
        436.4886363636364,
        436.4886363636364,
        436.4886363636364,
        436.4886363636364,
        436.59090909090907,
        436.59090909090907,
        436.6931818181818,
        436.6931818181818,
        436.6931818181818,
        436.6931818181818,
        436.6931818181818,
        436.8363636363636,
        436.8363636363636,
        436.8363636363636,
        436.8363636363636,
        436.8636363636364,
        436.8636363636364,
        436.8636363636364,
        436.8636363636364,
        436.8636363636364,
        436.8772727272728,
        436.91818181818195,
        436.91818181818195,
        436.91818181818195,
        436.91818181818195,
        437.334090909091,
        437.334090909091,
        437.334090909091,
        437.334090909091,
        437.334090909091,
        437.334090909091,
        437.37500000000006,
        437.37500000000006,
        437.484090909091,
        437.484090909091,
        437.484090909091,
        437.484090909091,
        437.484090909091,
        437.484090909091,
        437.484090909091,
        437.484090909091,
        437.49772727272733,
        437.49772727272733,
        437.5386363636364,
        437.5386363636364,
        437.5386363636364,
        437.5386363636364,
        437.5386363636364,
        437.5386363636364,
        437.5386363636364,
        437.5386363636364,
        437.5386363636364,
        437.5386363636364,
        437.5386363636364,
        437.5386363636364,
        437.5386363636364,
        437.5386363636364,
        437.5386363636364,
        437.56590909090914,
        437.56590909090914,
        437.56590909090914,
        437.64090909090913,
        437.64090909090913,
        437.64090909090913,
        437.64090909090913,
        437.64090909090913,
        437.975,
        437.975,
        437.975,
        438.02272727272737,
        438.02272727272737,
        438.02272727272737,
        438.02272727272737,
        438.02272727272737,
        438.02272727272737,
        438.02272727272737,
        438.02272727272737,
        438.02272727272737,
        438.02272727272737,
        438.02272727272737,
        438.02272727272737
      ]
    }
  },
  "per_generation": [
    {
      "gen": 0.0,
      "best": 436.55,
      "mean": -Infinity
    },
    {
      "gen": 1.0,
      "best": 436.55,
      "mean": 420.27500000000003
    },
    {
      "gen": 2.0,
      "best": 436.55,
      "mean": 423.4318181818182
    },
    {
      "gen": 3.0,
      "best": 437.45,
      "mean": 423.88863636363635
    },
    {
      "gen": 4.0,
      "best": 437.45,
      "mean": 423.90227272727265
    },
    {
      "gen": 5.0,
      "best": 437.45,
      "mean": 423.90227272727265
    },
    {
      "gen": 6.0,
      "best": 437.45,
      "mean": 423.98409090909087
    },
    {
      "gen": 7.0,
      "best": 437.45,
      "mean": 424.50909090909084
    },
    {
      "gen": 8.0,
      "best": 437.45,
      "mean": 424.52272727272725
    },
    {
      "gen": 9.0,
      "best": 437.45,
      "mean": 424.52272727272725
    },
    {
      "gen": 10.0,
      "best": 437.45,
      "mean": 424.55
    },
    {
      "gen": 11.0,
      "best": 437.45,
      "mean": 424.7
    },
    {
      "gen": 12.0,
      "best": 437.45,
      "mean": 433.10681818181814
    },
    {
      "gen": 13.0,
      "best": 437.45,
      "mean": 436.3795454545454
    },
    {
      "gen": 14.0,
      "best": 437.45,
      "mean": 436.3795454545454
    },
    {
      "gen": 15.0,
      "best": 437.45,
      "mean": 436.3795454545454
    },
    {
      "gen": 16.0,
      "best": 437.45,
      "mean": 436.3795454545454
    },
    {
      "gen": 17.0,
      "best": 437.45,
      "mean": 436.4
    },
    {
      "gen": 18.0,
      "best": 437.45,
      "mean": 436.4886363636364
    },
    {
      "gen": 19.0,
      "best": 437.45,
      "mean": 436.4886363636364
    },
    {
      "gen": 20.0,
      "best": 437.45,
      "mean": 436.4886363636364
    },
    {
      "gen": 21.0,
      "best": 437.45,
      "mean": 436.4886363636364
    },
    {
      "gen": 22.0,
      "best": 437.45,
      "mean": 436.4886363636364
    },
    {
      "gen": 23.0,
      "best": 437.6,
      "mean": 436.59090909090907
    },
    {
      "gen": 24.0,
      "best": 437.6,
      "mean": 436.59090909090907
    },
    {
      "gen": 25.0,
      "best": 437.6,
      "mean": 436.6931818181818
    },
    {
      "gen": 26.0,
      "best": 437.6,