{
  "algo": "pso",
  "hparams": {
    "generations": 100,
    "popsize": 22,
    "fix_last_gene": true,
    "seed": 909,
    "verbosity": 1,
    "log_every": 1,
    "evals_cap": 10000,
    "w": 0.7995008840973862,
    "c1": 1.475757491653264,
    "c2": 2.2
  },
  "metrics": {
    "best_final": 438.65,
    "auc_best": 43392.97500000006,
    "auc_best_norm": 438.31287878787936,
    "runtime_sec": 94.05175590515137,
    "evals_total": -1,
    "budget_triggered": false,
    "stop_reason": "None"
  },
  "diagnostics": {
    "best": {
      "start": 436.7,
      "end": 438.65,
      "delta_abs": 1.9499999999999886,
      "delta_rel": 0.004465307991756329,
      "max_val": 438.65,
      "argmax": 51,
      "auc_raw": 43392.97500000006,
      "auc_norm": 438.31287878787936
    },
    "mean": {
      "start": -Infinity,
      "end": 438.4318181818182,
      "delta_abs": Infinity,
      "delta_rel": NaN,
      "max_val": 438.4318181818182,
      "argmax": 90,
      "auc_raw": -Infinity,
      "auc_norm": -Infinity
    }
  },
  "genomes": {
    "best_genome": [
      1,
      1,
      1,
      1,
      0,
      1,
      0,
      1,
      0,
      0,
      0,
      0,
      1,
      0,
      1,
      0,
      0,
      0,
      0,
      0,
      0,
      0,
      0,
      0,
      0,
      0,
      0,
      0,
      0,
      0,
      0,
      0,
      1
    ],
    "all_best_genomes": null
  },
  "raw": {
    "curves": {
      "best": [
        436.7,
        436.7,
        436.7,
        436.7,
        436.7,
        436.7,
        436.7,
        436.7,
        436.7,
        438.05,
        438.05,
        438.05,
        438.05,
        438.05,
        438.05,
        438.05,
        438.05,
        438.05,
        438.2,
        438.2,
        438.2,
        438.2,
        438.2,
        438.2,
        438.2,
        438.2,
        438.2,
        438.2,
        438.35,
        438.35,
        438.35,
        438.35,
        438.35,
        438.35,
        438.35,
        438.35,
        438.35,
        438.35,
        438.35,
        438.35,
        438.35,
        438.35,
        438.35,
        438.35,
        438.35,
        438.35,
        438.35,
        438.35,
        438.35,
        438.35,
        438.35,
        438.65,
        438.65,
        438.65,
        438.65,
        438.65,
        438.65,
        438.65,
        438.65,
        438.65,
        438.65,
        438.65,
        438.65,
        438.65,
        438.65,
        438.65,
        438.65,
        438.65,
        438.65,
        438.65,
        438.65,
        438.65,
        438.65,
        438.65,
        438.65,
        438.65,
        438.65,
        438.65,
        438.65,
        438.65,
        438.65,
        438.65,
        438.65,
        438.65,
        438.65,
        438.65,
        438.65,
        438.65,
        438.65,
        438.65,
        438.65,
        438.65,
        438.65,
        438.65,
        438.65,
        438.65,
        438.65,
        438.65,
        438.65,
        438.65
      ],
      "mean": [
        -Infinity,
        -Infinity,
        418.4681818181818,
        434.15,
        434.22499999999997,
        434.22499999999997,
        436.0113636363636,
        436.0113636363636,
        436.0113636363636,
        436.96590909090907,
        436.9795454545454,
        437.04090909090905,
        437.15000000000003,
        437.19090909090903,
        437.19090909090903,
        437.19090909090903,
        437.19090909090903,
        437.32727272727266,
        437.43636363636364,
        437.4431818181818,
        437.4431818181818,
        437.6136363636364,
        437.62045454545455,
        437.62045454545455,
        437.6818181818181,
        437.6818181818181,
        437.68863636363625,
        437.68863636363625,
        437.72954545454536,
        437.87272727272733,
        437.87272727272733,
        437.9136363636364,
        437.9136363636364,
        437.9136363636364,
        437.92045454545456,
        437.92045454545456,
        437.94090909090914,
        437.95454545454544,
        437.95454545454544,
        437.95454545454544,
        437.95454545454544,
        437.95454545454544,
        437.9613636363636,
        438.0431818181818,
        438.0431818181818,
        438.0431818181818,
        438.0431818181818,
        438.0431818181818,
        438.0431818181818,
        438.07727272727266,
        438.07727272727266,
        438.1045454545454,
        438.11818181818177,
        438.11818181818177,
        438.1318181818182,
        438.15909090909093,
        438.15909090909093,
        438.2068181818182,
        438.2136363636364,
        438.2136363636364,
        438.2136363636364,
        438.2136363636364,
        438.2136363636364,
        438.22727272727275,
        438.25454545454545,
        438.25454545454545,
        438.25454545454545,
        438.25454545454545,
        438.25454545454545,
        438.25454545454545,
        438.25454545454545,
        438.2613636363636,
        438.2613636363636,
        438.2681818181818,
        438.2681818181818,
        438.2681818181818,
        438.27500000000003,
        438.27500000000003,
        438.425,
        438.425,
        438.425,
        438.425,
        438.425,
        438.425,
        438.425,
        438.425,
        438.425,
        438.425,
        438.425,
        438.425,
        438.4318181818182,
        438.4318181818182,
        438.4318181818182,
        438.4318181818182,
        438.4318181818182,
        438.4318181818182,
        438.4318181818182,
        438.4318181818182,
        438.4318181818182,
        438.4318181818182
      ]
    }
  },
  "per_generation": [
    {
      "gen": 0.0,
      "best": 436.7,
      "mean": -Infinity
    },
    {
      "gen": 1.0,
      "best": 436.7,
      "mean": -Infinity
    },
    {
      "gen": 2.0,
      "best": 436.7,
      "mean": 418.4681818181818
    },
    {
      "gen": 3.0,
      "best": 436.7,
      "mean": 434.15
    },
    {
      "gen": 4.0,
      "best": 436.7,
      "mean": 434.22499999999997
    },
    {
      "gen": 5.0,
      "best": 436.7,
      "mean": 434.22499999999997
    },
    {
      "gen": 6.0,
      "best": 436.7,
      "mean": 436.0113636363636
    },
    {
      "gen": 7.0,
      "best": 436.7,
      "mean": 436.0113636363636
    },
    {
      "gen": 8.0,
      "best": 436.7,
      "mean": 436.0113636363636
    },
    {
      "gen": 9.0,
      "best": 438.05,
      "mean": 436.96590909090907
    },
    {
      "gen": 10.0,
      "best": 438.05,
      "mean": 436.9795454545454
    },
    {
      "gen": 11.0,
      "best": 438.05,
      "mean": 437.04090909090905
    },
    {
      "gen": 12.0,
      "best": 438.05,
      "mean": 437.15000000000003
    },
    {
      "gen": 13.0,
      "best": 438.05,
      "mean": 437.19090909090903
    },
    {
      "gen": 14.0,
      "best": 438.05,
      "mean": 437.19090909090903
    },
    {
      "gen": 15.0,
      "best": 438.05,
      "mean": 437.19090909090903
    },
    {
      "gen": 16.0,
      "best": 438.05,
      "mean": 437.19090909090903
    },
    {
      "gen": 17.0,
      "best": 438.05,
      "mean": 437.32727272727266
    },
    {
      "gen": 18.0,
      "best": 438.2,
      "mean": 437.43636363636364
    },
    {
      "gen": 19.0,
      "best": 438.2,
      "mean": 437.4431818181818
    },
    {
      "gen": 20.0,
      "best": 438.2,
      "mean": 437.4431818181818
    },
    {
      "gen": 21.0,
      "best": 438.2,
      "mean": 437.6136363636364
    },
    {
      "gen": 22.0,
      "best": 438.2,
      "mean": 437.62045454545455
    },
    {
      "gen": 23.0,
      "best": 438.2,
      "mean": 437.62045454545455
    },
    {
      "gen": 24.0,
      "best": 438.2,
      "mean": 437.6818181818181
    },
    {
      "gen": 25.0,
      "best": 438.2,
      "mean": 437.6818181818181
    },
    {
      "gen": 26.0,
      "best": 438.2,
      "mean": 437.68863636363625
    },
    {
      "gen": 27.0,