{
  "algo": "pso",
  "hparams": {
    "generations": 100,
    "popsize": 22,
    "fix_last_gene": true,
    "seed": 909,
    "verbosity": 1,
    "log_every": 1,
    "evals_cap": 10000,
    "w": 0.4252602774282314,
    "c1": 1.3794381284856188,
    "c2": 1.0262281931730837
  },
  "metrics": {
    "best_final": 437.75,
    "auc_best": 43306.12499999993,
    "auc_best_norm": 437.4356060606053,
    "runtime_sec": 65.03742337226868,
    "evals_total": -1,
    "budget_triggered": false,
    "stop_reason": "None"
  },
  "diagnostics": {
    "best": {
      "start": 436.7,
      "end": 437.75,
      "delta_abs": 1.0500000000000114,
      "delta_rel": 0.0024043966109457554,
      "max_val": 437.75,
      "argmax": 95,
      "auc_raw": 43306.12499999993,
      "auc_norm": 437.4356060606053
    },
    "mean": {
      "start": -Infinity,
      "end": 437.3886363636364,
      "delta_abs": Infinity,
      "delta_rel": NaN,
      "max_val": 437.3886363636364,
      "argmax": 95,
      "auc_raw": -Infinity,
      "auc_norm": -Infinity
    }
  },
  "genomes": {
    "best_genome": [
      0,
      0,
      1,
      0,
      1,
      0,
      0,
      0,
      0,
      0,
      1,
      1,
      1,
      0,
      0,
      0,
      1,
      0,
      0,
      0,
      0,
      0,
      0,
      0,
      0,
      0,
      0,
      0,
      0,
      1,
      0,
      0,
      1
    ],
    "all_best_genomes": null
  },
  "raw": {
    "curves": {
      "best": [
        436.7,
        436.55,
        436.7,
        436.7,
        436.7,
        436.7,
        436.7,
        436.7,
        436.7,
        437.15,
        437.15,
        437.15,
        437.15,
        437.15,
        437.15,
        437.15,
        437.15,
        437.15,
        437.15,
        437.15,
        437.15,
        437.15,
        437.15,
        437.15,
        437.15,
        437.15,
        437.15,
        437.15,
        437.15,
        437.6,
        437.6,
        437.6,
        437.6,
        437.6,
        437.6,
        437.6,
        437.6,
        437.6,
        437.6,
        437.6,
        437.6,
        437.6,
        437.6,
        437.6,
        437.6,
        437.6,
        437.6,
        437.6,
        437.6,
        437.6,
        437.6,
        437.6,
        437.6,
        437.6,
        437.6,
        437.6,
        437.6,
        437.6,
        437.6,
        437.6,
        437.6,
        437.6,
        437.6,
        437.6,
        437.6,
        437.6,
        437.6,
        437.6,
        437.6,
        437.6,
        437.6,
        437.6,
        437.6,
        437.6,
        437.6,
        437.6,
        437.6,
        437.6,
        437.6,
        437.6,
        437.6,
        437.6,
        437.6,
        437.6,
        437.6,
        437.6,
        437.6,
        437.6,
        437.6,
        437.6,
        437.6,
        437.6,
        437.6,
        437.6,
        437.6,
        437.75,
        437.6,
        437.75,
        437.75,
        437.75
      ],
      "mean": [
        -Infinity,
        -Infinity,
        418.3931818181818,
        426.67727272727274,
        427.13409090909096,
        427.13409090909096,
        427.3931818181818,
        427.40681818181815,
        427.40681818181815,
        428.9136363636363,
        434.70909090909083,
        435.92272727272723,
        435.92272727272723,
        435.92272727272723,
        435.92272727272723,
        435.92272727272723,
        435.97727272727275,
        435.97727272727275,
        435.97727272727275,
        435.97727272727275,
        435.97727272727275,
        436.2704545454546,
        436.2704545454546,
        436.2704545454546,
        436.2704545454546,
        436.2704545454546,
        436.4068181818182,
        436.4068181818182,
        436.48181818181814,
        436.63863636363635,
        436.63863636363635,
        436.63863636363635,
        436.63863636363635,
        436.63863636363635,
        436.63863636363635,
        436.63863636363635,
        436.74090909090904,
        436.74090909090904,
        436.74090909090904,
        436.74090909090904,
        436.74090909090904,
        436.74090909090904,
        436.74090909090904,
        436.74090909090904,
        436.74090909090904,
        436.74090909090904,
        436.74090909090904,
        436.74090909090904,
        436.74090909090904,
        436.82272727272715,
        436.82272727272715,
        436.82272727272715,
        436.8431818181817,
        436.8431818181817,
        436.8431818181817,
        436.8772727272726,
        436.8772727272726,
        436.8977272727272,
        436.8977272727272,
        437.1636363636363,
        437.1636363636363,
        437.1977272727272,
        437.1977272727272,
        437.1977272727272,
        437.1977272727272,
        437.1977272727272,
        437.1977272727272,
        437.1977272727272,
        437.1977272727272,
        437.1977272727272,
        437.1977272727272,
        437.1977272727272,
        437.1977272727272,
        437.1977272727272,
        437.2045454545454,
        437.2045454545454,
        437.2045454545454,
        437.2045454545454,
        437.2045454545454,
        437.2045454545454,
        437.2045454545454,
        437.2045454545454,
        437.2045454545454,
        437.2045454545454,
        437.2045454545454,
        437.2045454545454,
        437.2045454545454,
        437.23863636363626,
        437.23863636363626,
        437.23863636363626,
        437.23863636363626,
        437.23863636363626,
        437.23863636363626,
        437.23863636363626,
        437.23863636363626,
        437.3886363636364,
        437.3886363636364,
        437.3886363636364,
        437.3886363636364,
        437.3886363636364
      ]
    }
  },
  "per_generation": [
    {
      "gen": 0.0,
      "best": 436.7,
      "mean": -Infinity
    },
    {
      "gen": 1.0,
      "best": 436.55,
      "mean": -Infinity
    },
    {
      "gen": 2.0,
      "best": 436.7,
      "mean": 418.3931818181818
    },
    {
      "gen": 3.0,
      "best": 436.7,
      "mean": 426.67727272727274
    },
    {
      "gen": 4.0,
      "best": 436.7,
      "mean": 427.13409090909096
    },
    {
      "gen": 5.0,
      "best": 436.7,
      "mean": 427.13409090909096
    },
    {
      "gen": 6.0,
      "best": 436.7,
      "mean": 427.3931818181818
    },
    {
      "gen": 7.0,
      "best": 436.7,
      "mean": 427.40681818181815
    },
    {
      "gen": 8.0,
      "best": 436.7,
      "mean": 427.40681818181815
    },
    {
      "gen": 9.0,
      "best": 437.15,
      "mean": 428.9136363636363
    },
    {
      "gen": 10.0,
      "best": 437.15,
      "mean": 434.70909090909083
    },
    {
      "gen": 11.0,
      "best": 437.15,
      "mean": 435.92272727272723
    },
    {
      "gen": 12.0,
      "best": 437.15,
      "mean": 435.92272727272723
    },
    {
      "gen": 13.0,
      "best": 437.15,
      "mean": 435.92272727272723
    },
    {
      "gen": 14.0,
      "best": 437.15,
      "mean": 435.92272727272723
    },
    {
      "gen": 15.0,
      "best": 437.15,
      "mean": 435.92272727272723
    },
    {
      "gen": 16.0,
      "best": 437.15,
      "mean": 435.97727272727275
    },
    {
      "gen": 17.0,
      "best": 437.15,
      "mean": 435.97727272727275
    },
    {
      "gen": 18.0,
      "best": 437.15,
      "mean": 435.97727272727275
    },
    {
      "gen": 19.0,
      "best": 437.15,
      "mean": 435.97727272727275
    },
    {
      "gen": 20.0,
      "best": 437.15,
      "mean": 435.97727272727275
    },
    {
      "gen": 21.0,
      "best": 437.15,
      "mean": 436.2704545454546
    },
    {
      "gen": 22.0,
      "best": 437.15,
      "mean": 436.2704545454546
    },
    {
      "gen": 23.0,
      "best": 437.15,
      "mean": 436.2704545454546
    },
    {
      "gen": 24.0,
      "best": 437.15,
      "mean": 436.2704545454546
    },
    {
      "gen": 25.0,
      "best": 437.15,