{
  "algo": "pso",
  "hparams": {
    "generations": 100,
    "popsize": 22,
    "fix_last_gene": true,
    "seed": 707,
    "verbosity": 1,
    "log_every": 1,
    "evals_cap": 10000,
    "w": 0.5932377228783875,
    "c1": 1.9038149413936276,
    "c2": 1.3743624913706114
  },
  "metrics": {
    "best_final": 438.35,
    "auc_best": 43344.60000000004,
    "auc_best_norm": 437.82424242424287,
    "runtime_sec": 78.8036379814148,
    "evals_total": -1,
    "budget_triggered": false,
    "stop_reason": "None"
  },
  "diagnostics": {
    "best": {
      "start": 437.15,
      "end": 438.35,
      "delta_abs": 1.2000000000000455,
      "delta_rel": 0.0027450531854055714,
      "max_val": 438.35,
      "argmax": 98,
      "auc_raw": 43344.60000000004,
      "auc_norm": 437.82424242424287
    },
    "mean": {
      "start": -Infinity,
      "end": 437.89999999999986,
      "delta_abs": Infinity,
      "delta_rel": NaN,
      "max_val": 437.89999999999986,
      "argmax": 98,
      "auc_raw": -Infinity,
      "auc_norm": -Infinity
    }
  },
  "genomes": {
    "best_genome": [
      1,
      1,
      0,
      1,
      0,
      1,
      1,
      0,
      0,
      1,
      1,
      1,
      0,
      0,
      0,
      0,
      0,
      0,
      1,
      0,
      0,
      0,
      0,
      0,
      0,
      0,
      0,
      0,
      0,
      0,
      0,
      0,
      1
    ],
    "all_best_genomes": null
  },
  "raw": {
    "curves": {
      "best": [
        437.15,
        437.15,
        437.15,
        437.15,
        437.15,
        437.15,
        437.15,
        437.15,
        437.15,
        437.45,
        437.45,
        437.45,
        437.45,
        437.45,
        437.45,
        437.45,
        437.6,
        437.6,
        437.6,
        437.6,
        437.6,
        437.6,
        437.6,
        437.75,
        437.75,
        437.75,
        437.75,
        437.75,
        437.75,
        437.75,
        437.75,
        437.75,
        437.75,
        437.75,
        437.75,
        437.75,
        437.75,
        437.75,
        437.75,
        437.75,
        437.75,
        437.75,
        437.75,
        437.75,
        437.75,
        437.75,
        437.75,
        437.75,
        437.75,
        438.05,
        438.05,
        438.05,
        438.05,
        438.05,
        438.05,
        438.05,
        438.05,
        438.05,
        438.05,
        438.05,
        438.05,
        438.05,
        438.05,
        438.05,
        438.05,
        438.05,
        438.05,
        438.05,
        438.05,
        438.05,
        438.05,
        438.05,
        438.05,
        438.05,
        438.05,
        438.05,
        438.05,
        438.05,
        438.05,
        438.05,
        438.05,
        438.05,
        438.05,
        438.05,
        438.05,
        438.05,
        438.05,
        438.05,
        438.05,
        438.05,
        438.05,
        438.05,
        438.05,
        438.05,
        438.05,
        438.05,
        438.05,
        438.05,
        438.35,
        438.35
      ],
      "mean": [
        -Infinity,
        -Infinity,
        431.6545454545454,
        431.6613636363636,
        431.6613636363636,
        433.51590909090913,
        433.51590909090913,
        433.51590909090913,
        433.56363636363636,
        435.99090909090916,
        435.99090909090916,
        435.99090909090916,
        436.15454545454554,
        436.15454545454554,
        436.15454545454554,
        436.15454545454554,
        436.509090909091,
        436.509090909091,
        436.509090909091,
        436.52272727272725,
        436.52272727272725,
        436.62500000000006,
        436.62500000000006,
        436.7681818181818,
        436.81590909090914,
        436.81590909090914,
        436.81590909090914,
        436.81590909090914,
        436.81590909090914,
        436.81590909090914,
        437.00681818181806,
        437.08181818181805,
        437.08181818181805,
        437.08181818181805,
        437.1295454545454,
        437.18409090909086,
        437.18409090909086,
        437.18409090909086,
        437.2045454545454,
        437.2045454545454,
        437.2045454545454,
        437.2045454545454,
        437.25909090909084,
        437.25909090909084,
        437.25909090909084,
        437.25909090909084,
        437.25909090909084,
        437.25909090909084,
        437.25909090909084,
        437.65454545454537,
        437.65454545454537,
        437.6818181818181,
        437.6954545454544,
        437.6954545454544,
        437.6954545454544,
        437.6954545454544,
        437.6954545454544,
        437.6954545454544,
        437.6954545454544,
        437.6954545454544,
        437.6954545454544,
        437.6954545454544,
        437.6954545454544,
        437.6954545454544,
        437.6954545454544,
        437.6954545454544,
        437.76363636363624,
        437.76363636363624,
        437.76363636363624,
        437.76363636363624,
        437.76363636363624,
        437.76363636363624,
        437.790909090909,
        437.790909090909,
        437.790909090909,
        437.790909090909,
        437.790909090909,
        437.790909090909,
        437.790909090909,
        437.790909090909,
        437.790909090909,
        437.790909090909,
        437.790909090909,
        437.790909090909,
        437.790909090909,
        437.7977272727272,
        437.7977272727272,
        437.7977272727272,
        437.7977272727272,
        437.7977272727272,
        437.7977272727272,
        437.7977272727272,
        437.7977272727272,
        437.7977272727272,
        437.7977272727272,
        437.7977272727272,
        437.7977272727272,
        437.7977272727272,
        437.89999999999986,
        437.89999999999986
      ]
    }
  },
  "per_generation": [
    {
      "gen": 0.0,
      "best": 437.15,
      "mean": -Infinity
    },
    {
      "gen": 1.0,
      "best": 437.15,
      "mean": -Infinity
    },
    {
      "gen": 2.0,
      "best": 437.15,
      "mean": 431.6545454545454
    },
    {
      "gen": 3.0,
      "best": 437.15,
      "mean": 431.6613636363636
    },
    {
      "gen": 4.0,
      "best": 437.15,
      "mean": 431.6613636363636
    },
    {
      "gen": 5.0,
      "best": 437.15,
      "mean": 433.51590909090913
    },
    {
      "gen": 6.0,
      "best": 437.15,
      "mean": 433.51590909090913
    },
    {
      "gen": 7.0,
      "best": 437.15,
      "mean": 433.51590909090913
    },
    {
      "gen": 8.0,
      "best": 437.15,
      "mean": 433.56363636363636
    },
    {
      "gen": 9.0,
      "best": 437.45,
      "mean": 435.99090909090916
    },
    {
      "gen": 10.0,
      "best": 437.45,
      "mean": 435.99090909090916
    },
    {
      "gen": 11.0,
      "best": 437.45,
      "mean": 435.99090909090916
    },
    {
      "gen": 12.0,
      "best": 437.45,
      "mean": 436.15454545454554
    },
    {
      "gen": 13.0,
      "best": 437.45,
      "mean": 436.15454545454554
    },
    {
      "gen": 14.0,
      "best": 437.45,
      "mean": 436.15454545454554
    },
    {
      "gen": 15.0,
      "best": 437.45,
      "mean": 436.15454545454554
    },
    {
      "gen": 16.0,
      "best": 437.6,
      "mean": 436.509090909091
    },
    {
      "gen": 17.0,
      "best": 437.6,
      "mean": 436.509090909091
    },
    {
      "gen": 18.0,
      "best": 437.6,
      "mean": 436.509090909091
    },
    {
      "gen": 19.0,
      "best": 437.6,
      "mean": 436.52272727272725
    },
    {
      "gen": 20.0,
      "best": 437.6,
      "mean": 436.52272727272725
    },
    {
      "gen": 21.0,
      "best": 437.6,
      "mean": 436.62500000000006
    },
    {
      "gen": 22.0,
      "best": 437.6,
      "mean": 436.62500000000006
    },
    {
      "gen": 23.0,
      "best": 437.75,
      "mean": 436.7681818181818
    },
    {
      "gen": 24.0,
      "best": 437.75,
      "mean": 436.81590909090914
    },
    {
      "gen": 25.0,