{
  "algo": "pso",
  "hparams": {
    "generations": 100,
    "popsize": 22,
    "fix_last_gene": true,
    "seed": 808,
    "verbosity": 1,
    "log_every": 1,
    "evals_cap": 10000,
    "w": 0.8770803004002514,
    "c1": 1.143660780421013,
    "c2": 1.651128603601917
  },
  "metrics": {
    "best_final": 438.65,
    "auc_best": 43399.27500000008,
    "auc_best_norm": 438.376515151516,
    "runtime_sec": 80.43978095054626,
    "evals_total": -1,
    "budget_triggered": false,
    "stop_reason": "None"
  },
  "diagnostics": {
    "best": {
      "start": 437.0,
      "end": 438.65,
      "delta_abs": 1.6499999999999773,
      "delta_rel": 0.0037757437070937696,
      "max_val": 438.65,
      "argmax": 46,
      "auc_raw": 43399.27500000008,
      "auc_norm": 438.376515151516
    },
    "mean": {
      "start": -Infinity,
      "end": 438.52727272727276,
      "delta_abs": Infinity,
      "delta_rel": NaN,
      "max_val": 438.52727272727276,
      "argmax": 95,
      "auc_raw": -Infinity,
      "auc_norm": -Infinity
    }
  },
  "genomes": {
    "best_genome": [
      1,
      0,
      1,
      1,
      0,
      0,
      0,
      0,
      1,
      0,
      0,
      1,
      1,
      1,
      0,
      0,
      0,
      0,
      0,
      0,
      0,
      0,
      0,
      0,
      0,
      0,
      0,
      0,
      0,
      0,
      0,
      0,
      1
    ],
    "all_best_genomes": null
  },
  "raw": {
    "curves": {
      "best": [
        437.0,
        437.0,
        437.0,
        437.0,
        437.45,
        437.45,
        437.45,
        437.45,
        437.45,
        437.45,
        437.6,
        437.6,
        437.6,
        438.05,
        438.05,
        438.05,
        438.05,
        438.05,
        438.05,
        438.05,
        438.05,
        438.05,
        438.35,
        438.35,
        438.35,
        438.35,
        438.35,
        438.35,
        438.35,
        438.35,
        438.35,
        438.35,
        438.35,
        438.35,
        438.35,
        438.5,
        438.5,
        438.5,
        438.5,
        438.5,
        438.5,
        438.5,
        438.5,
        438.5,
        438.5,
        438.5,
        438.65,
        438.65,
        438.65,
        438.65,
        438.65,
        438.65,
        438.65,
        438.65,
        438.65,
        438.65,
        438.65,
        438.65,
        438.65,
        438.65,
        438.65,
        438.65,
        438.65,
        438.65,
        438.65,
        438.65,
        438.65,
        438.65,
        438.65,
        438.65,
        438.65,
        438.65,
        438.65,
        438.65,
        438.65,
        438.65,
        438.65,
        438.65,
        438.65,
        438.65,
        438.65,
        438.65,
        438.65,
        438.65,
        438.65,
        438.65,
        438.65,
        438.65,
        438.65,
        438.65,
        438.65,
        438.65,
        438.65,
        438.65,
        438.65,
        438.65,
        438.65,
        438.65,
        438.65,
        438.65
      ],
      "mean": [
        -Infinity,
        422.07500000000005,
        422.07500000000005,
        422.3681818181818,
        427.16818181818184,
        427.42045454545456,
        427.5977272727272,
        434.7295454545454,
        435.7113636363636,
        435.82727272727277,
        435.93636363636364,
        435.93636363636364,
        436.1068181818182,
        436.29772727272723,
        436.3045454545454,
        436.43409090909086,
        436.43409090909086,
        436.43409090909086,
        436.5295454545454,
        437.04772727272734,
        437.0681818181819,
        437.0681818181819,
        437.75,
        437.75,
        437.75,
        437.7568181818182,
        437.8863636363636,
        437.8863636363636,
        437.8863636363636,
        437.8863636363636,
        437.8863636363636,
        437.8863636363636,
        437.8863636363636,
        437.8863636363636,
        437.8863636363636,
        437.94772727272726,
        438.1454545454546,
        438.1454545454546,
        438.1454545454546,
        438.1454545454546,
        438.1454545454546,
        438.17954545454546,
        438.1931818181818,
        438.1931818181818,
        438.1931818181818,
        438.1931818181818,
        438.2477272727272,
        438.2477272727272,
        438.2477272727272,
        438.25454545454545,
        438.275,
        438.275,
        438.275,
        438.275,
        438.275,
        438.275,
        438.275,
        438.275,
        438.275,
        438.275,
        438.275,
        438.275,
        438.2886363636364,
        438.2886363636364,
        438.2886363636364,
        438.2886363636364,
        438.2886363636364,
        438.2886363636364,
        438.29545454545456,
        438.29545454545456,
        438.29545454545456,
        438.29545454545456,
        438.29545454545456,
        438.29545454545456,
        438.3704545454546,
        438.3704545454546,
        438.3704545454546,
        438.4318181818182,
        438.4931818181818,
        438.4931818181818,
        438.4931818181818,
        438.5,
        438.5,
        438.5,
        438.5,
        438.5,
        438.51363636363635,
        438.51363636363635,
        438.51363636363635,
        438.51363636363635,
        438.51363636363635,
        438.51363636363635,
        438.51363636363635,
        438.51363636363635,
        438.52045454545447,
        438.52727272727276,
        438.52727272727276,
        438.52727272727276,
        438.52727272727276,
        438.52727272727276
      ]
    }
  },
  "per_generation": [
    {
      "gen": 0.0,
      "best": 437.0,
      "mean": -Infinity
    },
    {
      "gen": 1.0,
      "best": 437.0,
      "mean": 422.07500000000005
    },
    {
      "gen": 2.0,
      "best": 437.0,
      "mean": 422.07500000000005
    },
    {
      "gen": 3.0,
      "best": 437.0,
      "mean": 422.3681818181818
    },
    {
      "gen": 4.0,
      "best": 437.45,
      "mean": 427.16818181818184
    },
    {
      "gen": 5.0,
      "best": 437.45,
      "mean": 427.42045454545456
    },
    {
      "gen": 6.0,
      "best": 437.45,
      "mean": 427.5977272727272
    },
    {
      "gen": 7.0,
      "best": 437.45,
      "mean": 434.7295454545454
    },
    {
      "gen": 8.0,
      "best": 437.45,
      "mean": 435.7113636363636
    },
    {
      "gen": 9.0,
      "best": 437.45,
      "mean": 435.82727272727277
    },
    {
      "gen": 10.0,
      "best": 437.6,
      "mean": 435.93636363636364
    },
    {
      "gen": 11.0,
      "best": 437.6,
      "mean": 435.93636363636364
    },
    {
      "gen": 12.0,
      "best": 437.6,
      "mean": 436.1068181818182
    },
    {
      "gen": 13.0,
      "best": 438.05,
      "mean": 436.29772727272723
    },
    {
      "gen": 14.0,
      "best": 438.05,
      "mean": 436.3045454545454
    },
    {
      "gen": 15.0,
      "best": 438.05,
      "mean": 436.43409090909086
    },
    {
      "gen": 16.0,
      "best": 438.05,
      "mean": 436.43409090909086
    },
    {
      "gen": 17.0,
      "best": 438.05,
      "mean": 436.43409090909086
    },
    {
      "gen": 18.0,
      "best": 438.05,
      "mean": 436.5295454545454
    },
    {
      "gen": 19.0,
      "best": 438.05,
      "mean": 437.04772727272734
    },
    {
      "gen": 20.0,
      "best": 438.05,
      "mean": 437.0681818181819
    },
    {
      "gen": 21.0,
      "best": 438.05,
      "mean": 437.0681818181819
    },
    {
      "gen": 22.0,
      "best": 438.35,
      "mean": 437.75
    },
    {
      "gen": 23.0,
      "best": 438.35,
      "mean": 437.75
    },
    {
      "gen": 24.0,
      "best": 438.35,
      "mean": 437.75
    },
    {
      "gen": 25.0,
      "best": 438.35,
      "mean": 437.7568181818182
    },
    {
      "gen": 26.0,
      "best": 438.35,
      "mean": 437.8863636363636
    },
    {
      "gen": 27.0,
      "best": 438.35,