{
  "algo": "pso",
  "hparams": {
    "generations": 100,
    "popsize": 22,
    "fix_last_gene": true,
    "seed": 1001,
    "verbosity": 1,
    "log_every": 1,
    "evals_cap": 10000,
    "w": 0.6799622145792681,
    "c1": 2.067511015173549,
    "c2": 1.31556543976207
  },
  "metrics": {
    "best_final": 438.5,
    "auc_best": 43359.07499999995,
    "auc_best_norm": 437.97045454545406,
    "runtime_sec": 86.72679567337036,
    "evals_total": -1,
    "budget_triggered": false,
    "stop_reason": "None"
  },
  "diagnostics": {
    "best": {
      "start": 436.55,
      "end": 438.5,
      "delta_abs": 1.9499999999999886,
      "delta_rel": 0.004466842286106949,
      "max_val": 438.5,
      "argmax": 88,
      "auc_raw": 43359.07499999995,
      "auc_norm": 437.97045454545406
    },
    "mean": {
      "start": -Infinity,
      "end": 438.03636363636366,
      "delta_abs": Infinity,
      "delta_rel": NaN,
      "max_val": 438.03636363636366,
      "argmax": 88,
      "auc_raw": -Infinity,
      "auc_norm": -Infinity
    }
  },
  "genomes": {
    "best_genome": [
      1,
      0,
      1,
      1,
      1,
      1,
      0,
      1,
      0,
      1,
      1,
      1,
      0,
      1,
      1,
      0,
      0,
      0,
      0,
      0,
      0,
      0,
      0,
      1,
      0,
      0,
      0,
      0,
      0,
      0,
      0,
      0,
      1
    ],
    "all_best_genomes": null
  },
  "raw": {
    "curves": {
      "best": [
        436.55,
        436.55,
        436.55,
        437.45,
        437.45,
        437.45,
        437.45,
        437.45,
        437.45,
        437.45,
        437.45,
        437.45,
        437.45,
        437.6,
        437.6,
        437.6,
        437.6,
        437.6,
        437.6,
        437.6,
        437.6,
        437.6,
        437.6,
        438.05,
        438.05,
        438.05,
        438.05,
        438.05,
        438.05,
        438.05,
        438.05,
        438.05,
        438.05,
        438.05,
        438.05,
        438.05,
        438.05,
        438.05,
        438.05,
        438.05,
        438.05,
        438.05,
        438.05,
        438.05,
        438.05,
        438.05,
        438.05,
        438.05,
        438.05,
        438.05,
        438.05,
        438.05,
        438.05,
        438.05,
        438.05,
        438.05,
        438.05,
        438.05,
        438.05,
        438.05,
        438.05,
        438.05,
        438.05,
        438.05,
        438.05,
        438.05,
        438.05,
        438.05,
        438.05,
        438.05,
        438.05,
        438.05,
        438.05,
        438.05,
        438.05,
        438.05,
        438.05,
        438.05,
        438.05,
        438.05,
        438.2,
        438.2,
        438.2,
        438.2,
        438.2,
        438.2,
        438.2,
        438.2,
        438.5,
        438.5,
        438.5,
        438.5,
        438.5,
        438.5,
        438.5,
        438.5,
        438.5,
        438.5,
        438.5,
        438.5
      ],
      "mean": [
        -Infinity,
        420.2613636363636,
        422.43636363636364,
        422.96818181818185,
        423.23409090909087,
        423.23409090909087,
        423.41136363636366,
        423.7318181818182,
        423.7318181818182,
        423.7318181818182,
        423.7522727272728,
        423.90227272727276,
        434.4090909090908,
        436.70681818181816,
        436.70681818181816,
        436.70681818181816,
        436.70681818181816,
        436.72727272727275,
        436.72727272727275,
        436.72727272727275,
        436.72727272727275,
        436.72727272727275,
        436.72727272727275,
        436.99999999999994,
        436.99999999999994,
        437.04772727272723,
        437.04772727272723,
        437.04772727272723,
        437.04772727272723,
        437.04772727272723,
        437.12272727272733,
        437.12272727272733,
        437.12272727272733,
        437.12272727272733,
        437.12272727272733,
        437.12954545454545,
        437.12954545454545,
        437.12954545454545,
        437.12954545454545,
        437.18409090909086,
        437.33409090909083,
        437.33409090909083,
        437.33409090909083,
        437.33409090909083,
        437.4977272727272,
        437.4977272727272,
        437.4977272727272,
        437.4977272727272,
        437.53181818181815,
        437.53181818181815,
        437.54545454545445,
        437.54545454545445,
        437.60681818181814,
        437.60681818181814,
        437.60681818181814,
        437.60681818181814,
        437.60681818181814,
        437.60681818181814,
        437.60681818181814,
        437.60681818181814,
        437.60681818181814,
        437.60681818181814,
        437.6136363636364,
        437.6136363636364,
        437.6136363636364,
        437.6136363636364,
        437.6136363636364,
        437.6136363636364,
        437.6136363636364,
        437.6136363636364,
        437.6545454545454,
        437.6545454545454,
        437.6545454545454,
        437.6681818181818,
        437.6681818181818,
        437.6681818181818,
        437.6681818181818,
        437.67499999999995,
        437.67499999999995,
        437.67499999999995,
        437.7840909090908,
        437.7840909090908,
        437.7840909090908,
        437.7840909090908,
        437.7840909090908,
        437.90681818181815,
        437.90681818181815,
        437.90681818181815,
        438.03636363636366,
        438.03636363636366,
        438.03636363636366,
        438.03636363636366,
        438.03636363636366,
        438.03636363636366,
        438.03636363636366,
        438.03636363636366,
        438.03636363636366,
        438.03636363636366,
        438.03636363636366,
        438.03636363636366
      ]
    }
  },
  "per_generation": [
    {
      "gen": 0.0,
      "best": 436.55,
      "mean": -Infinity
    },
    {
      "gen": 1.0,
      "best": 436.55,
      "mean": 420.2613636363636
    },
    {
      "gen": 2.0,
      "best": 436.55,
      "mean": 422.43636363636364
    },
    {
      "gen": 3.0,
      "best": 437.45,
      "mean": 422.96818181818185
    },
    {
      "gen": 4.0,
      "best": 437.45,
      "mean": 423.23409090909087
    },
    {
      "gen": 5.0,
      "best": 437.45,
      "mean": 423.23409090909087
    },
    {
      "gen": 6.0,
      "best": 437.45,
      "mean": 423.41136363636366
    },
    {
      "gen": 7.0,
      "best": 437.45,
      "mean": 423.7318181818182
    },
    {
      "gen": 8.0,
      "best": 437.45,
      "mean": 423.7318181818182
    },
    {
      "gen": 9.0,
      "best": 437.45,
      "mean": 423.7318181818182
    },
    {
      "gen": 10.0,
      "best": 437.45,
      "mean": 423.7522727272728
    },
    {
      "gen": 11.0,
      "best": 437.45,
      "mean": 423.90227272727276
    },
    {
      "gen": 12.0,
      "best": 437.45,
      "mean": 434.4090909090908
    },
    {
      "gen": 13.0,
      "best": 437.6,
      "mean": 436.70681818181816
    },
    {
      "gen": 14.0,
      "best": 437.6,
      "mean": 436.70681818181816
    },
    {
      "gen": 15.0,
      "best": 437.6,
      "mean": 436.70681818181816
    },
    {
      "gen": 16.0,
      "best": 437.6,
      "mean": 436.70681818181816
    },
    {
      "gen": 17.0,
      "best": 437.6,
      "mean": 436.72727272727275
    },
    {
      "gen": 18.0,
      "best": 437.6,
      "mean": 436.72727272727275
    },
    {
      "gen": 19.0,
      "best": 437.6,
      "mean": 436.72727272727275
    },
    {
      "gen": 20.0,
      "best": 437.6,
      "mean": 436.72727272727275
    },
    {
      "gen": 21.0,
      "best": 437.6,
      "mean": 436.72727272727275
    },
    {
      "gen": 22.0,
      "best": 437.6,
      "mean": 436.72727272727275
    },
    {
      "gen": 23.0,
      "best": 438.05,
      "mean": 436.99999999999994
    },
    {
      "gen": 24.0,
      "best": 438.05,