{
  "algo": "pso",
  "hparams": {
    "generations": 100,
    "popsize": 22,
    "fix_last_gene": true,
    "seed": 202,
    "verbosity": 1,
    "log_every": 1,
    "evals_cap": 10000,
    "w": 0.645640535383156,
    "c1": 1.4307802613522644,
    "c2": 1.4254359718043157
  },
  "metrics": {
    "best_final": 438.35,
    "auc_best": 43361.624999999935,
    "auc_best_norm": 437.99621212121144,
    "runtime_sec": 67.76309156417847,
    "evals_total": -1,
    "budget_triggered": false,
    "stop_reason": "None"
  },
  "diagnostics": {
    "best": {
      "start": 436.1,
      "end": 438.35,
      "delta_abs": 2.25,
      "delta_rel": 0.00515936711763357,
      "max_val": 438.35,
      "argmax": 62,
      "auc_raw": 43361.624999999935,
      "auc_norm": 437.99621212121144
    },
    "mean": {
      "start": -Infinity,
      "end": 437.81136363636364,
      "delta_abs": Infinity,
      "delta_rel": NaN,
      "max_val": 437.81136363636364,
      "argmax": 84,
      "auc_raw": -Infinity,
      "auc_norm": -Infinity
    }
  },
  "genomes": {
    "best_genome": [
      1,
      1,
      0,
      0,
      0,
      1,
      1,
      0,
      0,
      0,
      0,
      0,
      0,
      0,
      1,
      0,
      0,
      0,
      0,
      0,
      0,
      1,
      0,
      0,
      0,
      0,
      0,
      0,
      0,
      0,
      0,
      0,
      1
    ],
    "all_best_genomes": null
  },
  "raw": {
    "curves": {
      "best": [
        436.1,
        436.1,
        436.1,
        436.1,
        436.1,
        437.6,
        437.6,
        437.75,
        437.75,
        437.75,
        437.75,
        437.75,
        437.75,
        437.75,
        437.75,
        437.75,
        437.75,
        437.75,
        437.9,
        437.9,
        437.9,
        437.9,
        437.9,
        437.9,
        437.9,
        437.9,
        437.9,
        437.9,
        437.9,
        437.9,
        437.9,
        437.9,
        437.9,
        437.9,
        437.9,
        437.9,
        437.9,
        437.9,
        437.9,
        437.9,
        437.9,
        437.9,
        438.05,
        438.05,
        438.05,
        438.05,
        438.05,
        438.05,
        438.05,
        438.05,
        438.05,
        438.05,
        438.05,
        438.05,
        438.05,
        438.05,
        438.05,
        438.05,
        438.05,
        438.05,
        438.05,
        438.05,
        438.35,
        438.35,
        438.35,
        438.35,
        438.35,
        438.35,
        438.35,
        438.35,
        438.35,
        438.35,
        438.35,
        438.35,
        438.35,
        438.35,
        438.35,
        438.35,
        438.35,
        438.35,
        438.35,
        438.35,
        438.35,
        438.35,
        438.35,
        438.35,
        438.35,
        438.35,
        438.35,
        438.35,
        438.35,
        438.35,
        438.35,
        438.35,
        438.35,
        438.35,
        438.35,
        438.35,
        438.35,
        438.35
      ],
      "mean": [
        -Infinity,
        417.0363636363638,
        417.0363636363638,
        427.09318181818185,
        427.09318181818185,
        432.34999999999997,
        432.34999999999997,
        436.21590909090907,
        436.21590909090907,
        436.21590909090907,
        436.21590909090907,
        436.2363636363636,
        436.2363636363636,
        436.2363636363636,
        436.3113636363636,
        436.3113636363636,
        436.3113636363636,
        436.4818181818182,
        436.79545454545456,
        436.79545454545456,
        436.79545454545456,
        436.925,
        436.96590909090907,
        436.96590909090907,
        437.0068181818182,
        437.0068181818182,
        437.0068181818182,
        437.0068181818182,
        437.0068181818182,
        437.0136363636364,
        437.0136363636364,
        437.075,
        437.075,
        437.08181818181816,
        437.08181818181816,
        437.08181818181816,
        437.08181818181816,
        437.08181818181816,
        437.08181818181816,
        437.08181818181816,
        437.08181818181816,
        437.08181818181816,
        437.40909090909093,
        437.40909090909093,
        437.40909090909093,
        437.40909090909093,
        437.40909090909093,
        437.40909090909093,
        437.43636363636364,
        437.43636363636364,
        437.43636363636364,
        437.47727272727275,
        437.47727272727275,
        437.47727272727275,
        437.47727272727275,
        437.47727272727275,
        437.47727272727275,
        437.47727272727275,
        437.47727272727275,
        437.5386363636364,
        437.5386363636364,
        437.5386363636364,
        437.675,
        437.675,
        437.675,
        437.675,
        437.675,
        437.7295454545454,
        437.7295454545454,
        437.7295454545454,
        437.7431818181818,
        437.7431818181818,
        437.7431818181818,
        437.7431818181818,
        437.7431818181818,
        437.7431818181818,
        437.7431818181818,
        437.7431818181818,
        437.7431818181818,
        437.75,
        437.75,
        437.75,
        437.75,
        437.75,
        437.81136363636364,
        437.81136363636364,
        437.81136363636364,
        437.81136363636364,
        437.81136363636364,
        437.81136363636364,
        437.81136363636364,
        437.81136363636364,
        437.81136363636364,
        437.81136363636364,
        437.81136363636364,
        437.81136363636364,
        437.81136363636364,
        437.81136363636364,
        437.81136363636364,
        437.81136363636364
      ]
    }
  },
  "per_generation": [
    {
      "gen": 0.0,
      "best": 436.1,
      "mean": -Infinity
    },
    {
      "gen": 1.0,
      "best": 436.1,
      "mean": 417.0363636363638
    },
    {
      "gen": 2.0,
      "best": 436.1,
      "mean": 417.0363636363638
    },
    {
      "gen": 3.0,
      "best": 436.1,
      "mean": 427.09318181818185
    },
    {
      "gen": 4.0,
      "best": 436.1,
      "mean": 427.09318181818185
    },
    {
      "gen": 5.0,
      "best": 437.6,
      "mean": 432.34999999999997
    },
    {
      "gen": 6.0,
      "best": 437.6,
      "mean": 432.34999999999997
    },
    {
      "gen": 7.0,
      "best": 437.75,
      "mean": 436.21590909090907
    },
    {
      "gen": 8.0,
      "best": 437.75,
      "mean": 436.21590909090907
    },
    {
      "gen": 9.0,
      "best": 437.75,
      "mean": 436.21590909090907
    },
    {
      "gen": 10.0,
      "best": 437.75,
      "mean": 436.21590909090907
    },
    {
      "gen": 11.0,
      "best": 437.75,
      "mean": 436.2363636363636
    },
    {
      "gen": 12.0,
      "best": 437.75,
      "mean": 436.2363636363636
    },
    {
      "gen": 13.0,
      "best": 437.75,
      "mean": 436.2363636363636
    },
    {
      "gen": 14.0,
      "best": 437.75,
      "mean": 436.3113636363636
    },
    {
      "gen": 15.0,
      "best": 437.75,
      "mean": 436.3113636363636
    },
    {
      "gen": 16.0,
      "best": 437.75,
      "mean": 436.3113636363636
    },
    {
      "gen": 17.0,
      "best": 437.75,
      "mean": 436.4818181818182
    },
    {
      "gen": 18.0,
      "best": 437.9,
      "mean": 436.79545454545456
    },
    {
      "gen": 19.0,
      "best": 437.9,
      "mean": 436.79545454545456
    },
    {
      "gen": 20.0,
      "best": 437.9,
      "mean": 436.79545454545456
    },
    {
      "gen": 21.0,
      "best": 437.9,
      "mean": 436.925
    },
    {
      "gen": 22.0,
      "best": 437.9,
      "mean": 436.96590909090907
    },
    {
      "gen": 23.0,
      "best": 437.9,
      "mean": 436.96590909090907
    },
    {
      "gen": 24.0,
      "best": 437.9,
      "mean": 437.0068181818182
    },
    {
      "gen": 25.0,
      "best": 437.9,
      "mean": 437.0068181818182
    },
    {
      "gen": 26.0,
      "best": 437.9,