{
  "algo": "pso",
  "hparams": {
    "generations": 100,
    "popsize": 22,
    "fix_last_gene": true,
    "seed": 202,
    "verbosity": 1,
    "log_every": 1,
    "evals_cap": 10000,
    "w": 0.4562806252657395,
    "c1": 0.8277464344275344,
    "c2": 2.1869516967157443
  },
  "metrics": {
    "best_final": 438.2,
    "auc_best": 43345.049999999945,
    "auc_best_norm": 437.8287878787873,
    "runtime_sec": 62.95668125152588,
    "evals_total": -1,
    "budget_triggered": false,
    "stop_reason": "None"
  },
  "diagnostics": {
    "best": {
      "start": 436.1,
      "end": 438.2,
      "delta_abs": 2.099999999999966,
      "delta_rel": 0.004815409309791254,
      "max_val": 438.2,
      "argmax": 51,
      "auc_raw": 43345.049999999945,
      "auc_norm": 437.8287878787873
    },
    "mean": {
      "start": -Infinity,
      "end": 437.55909090909097,
      "delta_abs": Infinity,
      "delta_rel": NaN,
      "max_val": 437.55909090909097,
      "argmax": 84,
      "auc_raw": -Infinity,
      "auc_norm": -Infinity
    }
  },
  "genomes": {
    "best_genome": [
      0,
      1,
      1,
      1,
      1,
      0,
      0,
      1,
      1,
      0,
      1,
      0,
      0,
      0,
      1,
      0,
      0,
      0,
      0,
      0,
      0,
      0,
      0,
      0,
      1,
      0,
      0,
      0,
      0,
      0,
      0,
      0,
      1
    ],
    "all_best_genomes": null
  },
  "raw": {
    "curves": {
      "best": [
        436.1,
        436.1,
        436.1,
        436.1,
        436.1,
        436.4,
        436.4,
        437.45,
        437.45,
        437.45,
        437.45,
        437.45,
        437.45,
        436.85,
        437.45,
        437.45,
        437.45,
        437.45,
        437.75,
        437.75,
        437.75,
        437.75,
        437.75,
        437.75,
        437.75,
        437.75,
        437.75,
        437.75,
        437.75,
        437.75,
        437.75,
        437.75,
        437.75,
        437.75,
        437.75,
        437.75,
        437.75,
        437.75,
        437.75,
        437.75,
        437.75,
        437.75,
        437.75,
        437.75,
        437.75,
        437.75,
        437.75,
        437.75,
        437.75,
        437.75,
        437.75,
        438.2,
        438.2,
        438.2,
        438.2,
        438.2,
        438.2,
        438.2,
        438.2,
        438.2,
        438.2,
        438.2,
        438.2,
        438.2,
        438.2,
        438.2,
        438.2,
        438.2,
        438.2,
        438.2,
        438.2,
        438.2,
        438.2,
        438.2,
        438.2,
        438.2,
        438.2,
        438.2,
        438.2,
        438.2,
        438.2,
        438.2,
        438.2,
        438.2,
        438.2,
        438.2,
        438.2,
        438.2,
        438.2,
        438.2,
        438.2,
        438.2,
        438.2,
        438.2,
        438.2,
        438.2,
        438.2,
        438.2,
        438.2,
        438.2
      ],
      "mean": [
        -Infinity,
        417.1386363636364,
        417.1386363636364,
        429.3704545454546,
        429.3704545454546,
        434.2522727272728,
        434.2522727272728,
        436.284090909091,
        436.284090909091,
        436.284090909091,
        436.284090909091,
        436.29772727272734,
        436.29772727272734,
        436.29772727272734,
        436.325,
        436.325,
        436.325,
        436.4818181818182,
        436.6386363636364,
        436.6386363636364,
        436.6386363636364,
        436.85,
        436.88409090909096,
        436.88409090909096,
        436.9386363636364,
        436.9386363636364,
        436.95909090909095,
        436.95909090909095,
        436.95909090909095,
        436.95909090909095,
        436.95909090909095,
        436.95909090909095,
        436.95909090909095,
        436.9659090909092,
        436.9659090909092,
        436.9659090909092,
        436.9659090909092,
        436.9659090909092,
        436.9659090909092,
        436.9659090909092,
        436.9659090909092,
        436.9659090909092,
        437.04772727272734,
        437.04772727272734,
        437.0681818181818,
        437.0681818181818,
        437.0681818181818,
        437.0681818181818,
        437.075,
        437.075,
        437.075,
        437.334090909091,
        437.334090909091,
        437.334090909091,
        437.334090909091,
        437.334090909091,
        437.334090909091,
        437.334090909091,
        437.334090909091,
        437.334090909091,
        437.334090909091,
        437.36136363636365,
        437.47727272727275,
        437.47727272727275,
        437.47727272727275,
        437.47727272727275,
        437.47727272727275,
        437.49090909090916,
        437.49090909090916,
        437.49090909090916,
        437.52500000000003,
        437.52500000000003,
        437.52500000000003,
        437.52500000000003,
        437.52500000000003,
        437.52500000000003,
        437.52500000000003,
        437.52500000000003,
        437.52500000000003,
        437.52500000000003,
        437.52500000000003,
        437.52500000000003,
        437.52500000000003,
        437.52500000000003,
        437.55909090909097,
        437.55909090909097,
        437.55909090909097,
        437.55909090909097,
        437.55909090909097,
        437.55909090909097,
        437.55909090909097,
        437.55909090909097,
        437.55909090909097,
        437.55909090909097,
        437.55909090909097,
        437.55909090909097,
        437.55909090909097,
        437.55909090909097,
        437.55909090909097,
        437.55909090909097
      ]
    }
  },
  "per_generation": [
    {
      "gen": 0.0,
      "best": 436.1,
      "mean": -Infinity
    },
    {
      "gen": 1.0,
      "best": 436.1,
      "mean": 417.1386363636364
    },
    {
      "gen": 2.0,
      "best": 436.1,
      "mean": 417.1386363636364
    },
    {
      "gen": 3.0,
      "best": 436.1,
      "mean": 429.3704545454546
    },
    {
      "gen": 4.0,
      "best": 436.1,
      "mean": 429.3704545454546
    },
    {
      "gen": 5.0,
      "best": 436.4,
      "mean": 434.2522727272728
    },
    {
      "gen": 6.0,
      "best": 436.4,
      "mean": 434.2522727272728
    },
    {
      "gen": 7.0,
      "best": 437.45,
      "mean": 436.284090909091
    },
    {
      "gen": 8.0,
      "best": 437.45,
      "mean": 436.284090909091
    },
    {
      "gen": 9.0,
      "best": 437.45,
      "mean": 436.284090909091
    },
    {
      "gen": 10.0,
      "best": 437.45,
      "mean": 436.284090909091
    },
    {
      "gen": 11.0,
      "best": 437.45,
      "mean": 436.29772727272734
    },
    {
      "gen": 12.0,
      "best": 437.45,
      "mean": 436.29772727272734
    },
    {
      "gen": 13.0,
      "best": 436.85,
      "mean": 436.29772727272734
    },
    {
      "gen": 14.0,
      "best": 437.45,
      "mean": 436.325
    },
    {
      "gen": 15.0,
      "best": 437.45,
      "mean": 436.325
    },
    {
      "gen": 16.0,
      "best": 437.45,
      "mean": 436.325
    },
    {
      "gen": 17.0,
      "best": 437.45,
      "mean": 436.4818181818182
    },
    {
      "gen": 18.0,
      "best": 437.75,
      "mean": 436.6386363636364
    },
    {
      "gen": 19.0,
      "best": 437.75,
      "mean": 436.6386363636364
    },
    {
      "gen": 20.0,
      "best": 437.75,
      "mean": 436.6386363636364
    },
    {
      "gen": 21.0,
      "best": 437.75,
      "mean": 436.85
    },
    {
      "gen": 22.0,
      "best": 437.75,
      "mean": 436.88409090909096
    },
    {
      "gen": 23.0,
      "best": 437.75,
      "mean": 436.88409090909096
    },
    {
      "gen": 24.0,
      "best": 437.75,
      "mean": 436.9386363636364
    },
    {
      "gen": 25.0,
      "best": 437.75,
      "mean": 436.9386363636364
    },
    {
      "gen": 26.0,
      "best": 437.75,