{
  "algo": "pso",
  "hparams": {
    "generations": 100,
    "popsize": 22,
    "fix_last_gene": true,
    "seed": 1001,
    "verbosity": 1,
    "log_every": 1,
    "evals_cap": 10000,
    "w": 0.886921163372696,
    "c1": 1.3736070343179063,
    "c2": 0.8
  },
  "metrics": {
    "best_final": 438.65,
    "auc_best": 43386.45000000009,
    "auc_best_norm": 438.2469696969706,
    "runtime_sec": 77.23638081550598,
    "evals_total": -1,
    "budget_triggered": false,
    "stop_reason": "None"
  },
  "diagnostics": {
    "best": {
      "start": 436.55,
      "end": 438.65,
      "delta_abs": 2.099999999999966,
      "delta_rel": 0.004810445538884356,
      "max_val": 438.65,
      "argmax": 39,
      "auc_raw": 43386.45000000009,
      "auc_norm": 438.2469696969706
    },
    "mean": {
      "start": -Infinity,
      "end": 438.44545454545454,
      "delta_abs": Infinity,
      "delta_rel": NaN,
      "max_val": 438.44545454545454,
      "argmax": 88,
      "auc_raw": -Infinity,
      "auc_norm": -Infinity
    }
  },
  "genomes": {
    "best_genome": [
      0,
      1,
      0,
      1,
      1,
      0,
      0,
      1,
      0,
      1,
      0,
      1,
      1,
      1,
      1,
      0,
      0,
      0,
      0,
      0,
      0,
      0,
      0,
      0,
      0,
      0,
      0,
      0,
      0,
      0,
      0,
      0,
      1
    ],
    "all_best_genomes": null
  },
  "raw": {
    "curves": {
      "best": [
        436.55,
        436.55,
        436.55,
        436.55,
        436.55,
        436.55,
        436.55,
        436.55,
        436.55,
        436.55,
        436.55,
        436.55,
        436.85,
        437.15,
        437.6,
        437.6,
        437.6,
        437.6,
        437.6,
        437.75,
        437.75,
        437.75,
        437.75,
        438.35,
        438.35,
        438.35,
        438.35,
        438.35,
        438.35,
        438.35,
        438.35,
        438.5,
        438.5,
        438.5,
        438.5,
        438.5,
        438.5,
        438.5,
        438.5,
        438.65,
        438.65,
        438.65,
        438.65,
        438.65,
        438.65,
        438.65,
        438.65,
        438.65,
        438.65,
        438.65,
        438.65,
        438.65,
        438.65,
        438.65,
        438.65,
        438.65,
        438.65,
        438.65,
        438.65,
        438.65,
        438.65,
        438.65,
        438.65,
        438.65,
        438.65,
        438.65,
        438.65,
        438.65,
        438.65,
        438.65,
        438.65,
        438.65,
        438.65,
        438.65,
        438.65,
        438.65,
        438.65,
        438.65,
        438.65,
        438.65,
        438.65,
        438.65,
        438.65,
        438.65,
        438.65,
        438.65,
        438.65,
        438.65,
        438.65,
        438.65,
        438.65,
        438.65,
        438.65,
        438.65,
        438.65,
        438.65,
        438.65,
        438.65,
        438.65,
        438.65
      ],
      "mean": [
        -Infinity,
        420.15909090909093,
        420.24090909090916,
        420.72499999999997,
        420.83409090909095,
        426.74545454545455,
        426.81363636363636,
        427.29090909090905,
        427.3181818181818,
        427.3181818181818,
        427.55,
        427.5704545454546,
        434.03409090909093,
        436.359090909091,
        436.52272727272737,
        436.52272727272737,
        436.52272727272737,
        436.53636363636366,
        436.6181818181818,
        436.65909090909093,
        436.65909090909093,
        436.65909090909093,
        436.8431818181818,
        437.41590909090917,
        437.41590909090917,
        437.4431818181819,
        437.4431818181819,
        437.4431818181819,
        437.4431818181819,
        437.4431818181819,
        437.66818181818184,
        437.7431818181818,
        437.7431818181818,
        437.7431818181818,
        437.7431818181818,
        437.7431818181818,
        437.75,
        437.75,
        437.75,
        437.825,
        437.8454545454546,
        437.85227272727275,
        437.85227272727275,
        437.85227272727275,
        437.975,
        437.975,
        437.975,
        437.975,
        437.975,
        437.975,
        438.0295454545454,
        438.0295454545454,
        438.0363636363636,
        438.0363636363636,
        438.0363636363636,
        438.0363636363636,
        438.0363636363636,
        438.0363636363636,
        438.0363636363636,
        438.0363636363636,
        438.0363636363636,
        438.0363636363636,
        438.0363636363636,
        438.0363636363636,
        438.0363636363636,
        438.0363636363636,
        438.0363636363636,
        438.0363636363636,
        438.0363636363636,
        438.21363636363634,
        438.24772727272733,
        438.25454545454545,
        438.25454545454545,
        438.25454545454545,
        438.25454545454545,
        438.25454545454545,
        438.25454545454545,
        438.25454545454545,
        438.25454545454545,
        438.25454545454545,
        438.2613636363636,
        438.2613636363636,
        438.2613636363636,
        438.2613636363636,
        438.2613636363636,
        438.37045454545455,
        438.37045454545455,
        438.37045454545455,
        438.44545454545454,
        438.44545454545454,
        438.44545454545454,
        438.44545454545454,
        438.44545454545454,
        438.44545454545454,
        438.44545454545454,
        438.44545454545454,
        438.44545454545454,
        438.44545454545454,
        438.44545454545454,
        438.44545454545454
      ]
    }
  },
  "per_generation": [
    {
      "gen": 0.0,
      "best": 436.55,
      "mean": -Infinity
    },
    {
      "gen": 1.0,
      "best": 436.55,
      "mean": 420.15909090909093
    },
    {
      "gen": 2.0,
      "best": 436.55,
      "mean": 420.24090909090916
    },
    {
      "gen": 3.0,
      "best": 436.55,
      "mean": 420.72499999999997
    },
    {
      "gen": 4.0,
      "best": 436.55,
      "mean": 420.83409090909095
    },
    {
      "gen": 5.0,
      "best": 436.55,
      "mean": 426.74545454545455
    },
    {
      "gen": 6.0,
      "best": 436.55,
      "mean": 426.81363636363636
    },
    {
      "gen": 7.0,
      "best": 436.55,
      "mean": 427.29090909090905
    },
    {
      "gen": 8.0,
      "best": 436.55,
      "mean": 427.3181818181818
    },
    {
      "gen": 9.0,
      "best": 436.55,
      "mean": 427.3181818181818
    },
    {
      "gen": 10.0,
      "best": 436.55,
      "mean": 427.55
    },
    {
      "gen": 11.0,
      "best": 436.55,
      "mean": 427.5704545454546
    },
    {
      "gen": 12.0,
      "best": 436.85,
      "mean": 434.03409090909093
    },
    {
      "gen": 13.0,
      "best": 437.15,
      "mean": 436.359090909091
    },
    {
      "gen": 14.0,
      "best": 437.6,
      "mean": 436.52272727272737
    },
    {
      "gen": 15.0,
      "best": 437.6,
      "mean": 436.52272727272737
    },
    {
      "gen": 16.0,
      "best": 437.6,
      "mean": 436.52272727272737
    },
    {
      "gen": 17.0,
      "best": 437.6,
      "mean": 436.53636363636366
    },
    {
      "gen": 18.0,
      "best": 437.6,
      "mean": 436.6181818181818
    },
    {
      "gen": 19.0,
      "best": 437.75,
      "mean": 436.65909090909093
    },
    {
      "gen": 20.0,
      "best": 437.75,
      "mean": 436.65909090909093
    },
    {
      "gen": 21.0,
      "best": 437.75,
      "mean": 436.65909090909093
    },
    {
      "gen": 22.0,
      "best": 437.75,
      "mean": 436.8431818181818
    },
    {
      "gen": 23.0,
      "best": 438.35,
      "mean": 437.41590909090917
    },
    {
      "gen": 24.0,
      "best": 438.35,
      "mean": 437.41590909090917
    },
    {
      "gen": 25.0,
      "best": 438.35,
      "mean": 437.4431818181819
    },
    {
      "gen": 26.0,
      "best": 438.35,