{
  "algo": "pso",
  "hparams": {
    "generations": 100,
    "popsize": 22,
    "fix_last_gene": true,
    "seed": 303,
    "verbosity": 1,
    "log_every": 1,
    "evals_cap": 10000,
    "w": 0.8660794954659756,
    "c1": 0.9763522975744114,
    "c2": 2.1691751327161435
  },
  "metrics": {
    "best_final": 438.65,
    "auc_best": 43395.97500000008,
    "auc_best_norm": 438.3431818181826,
    "runtime_sec": 75.54167556762695,
    "evals_total": -1,
    "budget_triggered": false,
    "stop_reason": "None"
  },
  "diagnostics": {
    "best": {
      "start": 436.1,
      "end": 438.65,
      "delta_abs": 2.5499999999999545,
      "delta_rel": 0.005847282733317942,
      "max_val": 438.65,
      "argmax": 46,
      "auc_raw": 43395.97500000008,
      "auc_norm": 438.3431818181826
    },
    "mean": {
      "start": -Infinity,
      "end": 438.615909090909,
      "delta_abs": Infinity,
      "delta_rel": NaN,
      "max_val": 438.615909090909,
      "argmax": 98,
      "auc_raw": -Infinity,
      "auc_norm": -Infinity
    }
  },
  "genomes": {
    "best_genome": [
      1,
      0,
      1,
      1,
      0,
      1,
      1,
      1,
      0,
      1,
      1,
      0,
      1,
      1,
      1,
      0,
      0,
      0,
      0,
      0,
      0,
      0,
      0,
      0,
      0,
      0,
      0,
      0,
      0,
      0,
      0,
      0,
      1
    ],
    "all_best_genomes": null
  },
  "raw": {
    "curves": {
      "best": [
        436.1,
        436.1,
        436.1,
        436.1,
        437.0,
        437.0,
        437.0,
        437.0,
        437.0,
        437.9,
        437.9,
        437.9,
        437.9,
        437.9,
        438.2,
        438.2,
        438.2,
        438.2,
        438.2,
        438.2,
        438.2,
        438.2,
        438.2,
        438.2,
        438.2,
        438.35,
        438.35,
        438.35,
        438.35,
        438.35,
        438.35,
        438.35,
        438.35,
        438.35,
        438.5,
        438.5,
        438.5,
        438.5,
        438.5,
        438.5,
        438.5,
        438.5,
        438.5,
        438.5,
        438.5,
        438.5,
        438.65,
        438.65,
        438.65,
        438.65,
        438.65,
        438.65,
        438.65,
        438.65,
        438.65,
        438.65,
        438.65,
        438.65,
        438.65,
        438.65,
        438.65,
        438.65,
        438.65,
        438.65,
        438.65,
        438.65,
        438.65,
        438.65,
        438.65,
        438.65,
        438.65,
        438.65,
        438.65,
        438.65,
        438.65,
        438.65,
        438.65,
        438.65,
        438.65,
        438.65,
        438.65,
        438.65,
        438.65,
        438.65,
        438.65,
        438.65,
        438.65,
        438.65,
        438.65,
        438.65,
        438.65,
        438.65,
        438.65,
        438.65,
        438.65,
        438.65,
        438.65,
        438.65,
        438.65,
        438.65
      ],
      "mean": [
        -Infinity,
        -Infinity,
        426.95,
        427.16818181818184,
        434.4090909090908,
        434.5795454545454,
        434.5795454545454,
        435.68409090909086,
        435.68409090909086,
        436.7,
        436.8772727272728,
        436.8772727272728,
        436.8772727272728,
        436.9318181818182,
        437.4704545454546,
        437.47727272727275,
        437.47727272727275,
        437.54545454545456,
        437.54545454545456,
        437.55227272727274,
        437.55227272727274,
        437.55227272727274,
        437.5863636363636,
        437.62727272727267,
        437.64090909090913,
        437.79090909090917,
        437.79090909090917,
        437.8181818181818,
        437.8181818181818,
        437.83863636363634,
        437.83863636363634,
        437.9818181818182,
        437.9818181818182,
        437.9818181818182,
        438.06363636363636,
        438.06363636363636,
        438.07045454545454,
        438.07045454545454,
        438.07045454545454,
        438.07045454545454,
        438.07727272727277,
        438.07727272727277,
        438.24772727272733,
        438.24772727272733,
        438.24772727272733,
        438.29545454545456,
        438.46590909090907,
        438.46590909090907,
        438.46590909090907,
        438.46590909090907,
        438.46590909090907,
        438.46590909090907,
        438.46590909090907,
        438.46590909090907,
        438.46590909090907,
        438.46590909090907,
        438.46590909090907,
        438.4795454545454,
        438.4863636363636,
        438.4863636363636,
        438.4863636363636,
        438.4863636363636,
        438.4863636363636,
        438.4863636363636,
        438.4863636363636,
        438.4863636363636,
        438.4863636363636,
        438.4863636363636,
        438.4863636363636,
        438.4863636363636,
        438.4863636363636,
        438.49318181818177,
        438.49318181818177,
        438.49318181818177,
        438.49318181818177,
        438.49318181818177,
        438.49318181818177,
        438.5613636363636,
        438.5613636363636,
        438.5613636363636,
        438.5613636363636,
        438.5613636363636,
        438.5613636363636,
        438.5613636363636,
        438.5613636363636,
        438.5613636363636,
        438.56818181818176,
        438.56818181818176,
        438.5749999999999,
        438.5749999999999,
        438.5749999999999,
        438.5749999999999,
        438.58181818181805,
        438.58181818181805,
        438.58181818181805,
        438.58181818181805,
        438.58181818181805,
        438.6090909090908,
        438.615909090909,
        438.615909090909
      ]
    }
  },
  "per_generation": [
    {
      "gen": 0.0,
      "best": 436.1,
      "mean": -Infinity
    },
    {
      "gen": 1.0,
      "best": 436.1,
      "mean": -Infinity
    },
    {
      "gen": 2.0,
      "best": 436.1,
      "mean": 426.95
    },
    {
      "gen": 3.0,
      "best": 436.1,
      "mean": 427.16818181818184
    },
    {
      "gen": 4.0,
      "best": 437.0,
      "mean": 434.4090909090908
    },
    {
      "gen": 5.0,
      "best": 437.0,
      "mean": 434.5795454545454
    },
    {
      "gen": 6.0,
      "best": 437.0,
      "mean": 434.5795454545454
    },
    {
      "gen": 7.0,
      "best": 437.0,
      "mean": 435.68409090909086
    },
    {
      "gen": 8.0,
      "best": 437.0,
      "mean": 435.68409090909086
    },
    {
      "gen": 9.0,
      "best": 437.9,
      "mean": 436.7
    },
    {
      "gen": 10.0,
      "best": 437.9,
      "mean": 436.8772727272728
    },
    {
      "gen": 11.0,
      "best": 437.9,
      "mean": 436.8772727272728
    },
    {
      "gen": 12.0,
      "best": 437.9,
      "mean": 436.8772727272728
    },
    {
      "gen": 13.0,
      "best": 437.9,
      "mean": 436.9318181818182
    },
    {
      "gen": 14.0,
      "best": 438.2,
      "mean": 437.4704545454546
    },
    {
      "gen": 15.0,
      "best": 438.2,
      "mean": 437.47727272727275
    },
    {
      "gen": 16.0,
      "best": 438.2,
      "mean": 437.47727272727275
    },
    {
      "gen": 17.0,
      "best": 438.2,
      "mean": 437.54545454545456
    },
    {
      "gen": 18.0,
      "best": 438.2,
      "mean": 437.54545454545456
    },
    {
      "gen": 19.0,
      "best": 438.2,
      "mean": 437.55227272727274
    },
    {
      "gen": 20.0,
      "best": 438.2,
      "mean": 437.55227272727274
    },
    {
      "gen": 21.0,
      "best": 438.2,
      "mean": 437.55227272727274
    },
    {
      "gen": 22.0,
      "best": 438.2,
      "mean": 437.5863636363636
    },
    {
      "gen": 23.0,
      "best": 438.2,
      "mean": 437.62727272727267
    },
    {
      "gen": 24.0,
      "best": 438.2,
      "mean": 437.64090909090913
    },
    {
      "gen": 25.0,
      "best": 438.35,
      "mean": 437.79090909090917
    },
    {
      "gen": 26.0,