{
  "algo": "pso",
  "hparams": {
    "generations": 100,
    "popsize": 22,
    "fix_last_gene": true,
    "seed": 404,
    "verbosity": 1,
    "log_every": 1,
    "evals_cap": 10000,
    "w": 0.40274794868971203,
    "c1": 2.133564050896757,
    "c2": 1.6911558144674457
  },
  "metrics": {
    "best_final": 438.05,
    "auc_best": 43333.500000000095,
    "auc_best_norm": 437.71212121212216,
    "runtime_sec": 77.28293132781982,
    "evals_total": -1,
    "budget_triggered": false,
    "stop_reason": "None"
  },
  "diagnostics": {
    "best": {
      "start": 436.25,
      "end": 438.05,
      "delta_abs": 1.8000000000000114,
      "delta_rel": 0.004126074498567361,
      "max_val": 438.05,
      "argmax": 93,
      "auc_raw": 43333.500000000095,
      "auc_norm": 437.71212121212216
    },
    "mean": {
      "start": -Infinity,
      "end": 437.5795454545454,
      "delta_abs": Infinity,
      "delta_rel": NaN,
      "max_val": 437.5795454545454,
      "argmax": 98,
      "auc_raw": -Infinity,
      "auc_norm": -Infinity
    }
  },
  "genomes": {
    "best_genome": [
      1,
      1,
      0,
      0,
      1,
      1,
      1,
      1,
      1,
      0,
      1,
      0,
      0,
      1,
      0,
      0,
      0,
      0,
      0,
      0,
      1,
      0,
      1,
      0,
      0,
      0,
      0,
      0,
      0,
      0,
      0,
      0,
      1
    ],
    "all_best_genomes": null
  },
  "raw": {
    "curves": {
      "best": [
        436.25,
        436.25,
        436.55,
        436.55,
        436.55,
        436.55,
        436.55,
        436.55,
        436.55,
        436.55,
        436.55,
        436.55,
        437.6,
        437.6,
        437.6,
        437.6,
        437.6,
        437.6,
        437.6,
        437.6,
        437.6,
        437.6,
        437.6,
        437.6,
        437.9,
        437.9,
        437.9,
        437.9,
        437.9,
        437.9,
        437.9,
        437.9,
        437.9,
        437.9,
        437.9,
        437.9,
        437.9,
        437.9,
        437.9,
        437.9,
        437.9,
        437.9,
        437.9,
        437.9,
        437.9,
        437.9,
        437.9,
        437.9,
        437.9,
        437.9,
        437.9,
        437.9,
        437.9,
        437.9,
        437.9,
        437.9,
        437.9,
        437.9,
        437.9,
        437.9,
        437.9,
        437.9,
        437.9,
        437.9,
        437.9,
        437.9,
        437.9,
        437.9,
        437.9,
        437.9,
        437.9,
        437.9,
        437.9,
        437.9,
        437.9,
        437.9,
        437.9,
        437.9,
        437.9,
        437.9,
        437.9,
        437.9,
        437.9,
        437.9,
        437.9,
        437.9,
        437.9,
        437.9,
        437.9,
        437.9,
        437.9,
        437.9,
        437.9,
        438.05,
        438.05,
        438.05,
        438.05,
        438.05,
        438.05,
        438.05
      ],
      "mean": [
        -Infinity,
        -Infinity,
        -Infinity,
        430.2295454545456,
        430.2295454545456,
        430.2295454545456,
        434.5454545454546,
        435.534090909091,
        435.534090909091,
        435.54772727272734,
        435.54772727272734,
        435.68409090909097,
        436.9113636363636,
        436.92499999999995,
        436.92499999999995,
        436.92499999999995,
        436.92499999999995,
        436.92499999999995,
        437.0,
        437.0,
        437.0,
        437.01363636363635,
        437.01363636363635,
        437.01363636363635,
        437.08181818181816,
        437.08181818181816,
        437.08181818181816,
        437.08181818181816,
        437.08181818181816,
        437.08181818181816,
        437.08181818181816,
        437.09545454545446,
        437.09545454545446,
        437.10227272727275,
        437.10227272727275,
        437.10227272727275,
        437.10227272727275,
        437.10227272727275,
        437.10227272727275,
        437.10227272727275,
        437.11590909090916,
        437.12954545454545,
        437.12954545454545,
        437.12954545454545,
        437.12954545454545,
        437.12954545454545,
        437.12954545454545,
        437.12954545454545,
        437.15681818181815,
        437.15681818181815,
        437.15681818181815,
        437.15681818181815,
        437.15681818181815,
        437.2931818181818,
        437.2931818181818,
        437.2931818181818,
        437.2931818181818,
        437.2931818181818,
        437.340909090909,
        437.340909090909,
        437.340909090909,
        437.340909090909,
        437.340909090909,
        437.340909090909,
        437.3613636363635,
        437.3613636363635,
        437.3613636363635,
        437.3613636363635,
        437.38863636363635,
        437.38863636363635,
        437.38863636363635,
        437.38863636363635,
        437.38863636363635,
        437.38863636363635,
        437.38863636363635,
        437.38863636363635,
        437.38863636363635,
        437.38863636363635,
        437.38863636363635,
        437.38863636363635,
        437.38863636363635,
        437.38863636363635,
        437.40909090909093,
        437.42954545454546,
        437.42954545454546,
        437.42954545454546,
        437.42954545454546,
        437.42954545454546,
        437.4431818181818,
        437.4431818181818,
        437.4431818181818,
        437.4431818181818,
        437.4431818181818,
        437.47727272727275,
        437.47727272727275,
        437.56590909090903,
        437.56590909090903,
        437.56590909090903,
        437.5795454545454,
        437.5795454545454
      ]
    }
  },
  "per_generation": [
    {
      "gen": 0.0,
      "best": 436.25,
      "mean": -Infinity
    },
    {
      "gen": 1.0,
      "best": 436.25,
      "mean": -Infinity
    },
    {
      "gen": 2.0,
      "best": 436.55,
      "mean": -Infinity
    },
    {
      "gen": 3.0,
      "best": 436.55,
      "mean": 430.2295454545456
    },
    {
      "gen": 4.0,
      "best": 436.55,
      "mean": 430.2295454545456
    },
    {
      "gen": 5.0,
      "best": 436.55,
      "mean": 430.2295454545456
    },
    {
      "gen": 6.0,
      "best": 436.55,
      "mean": 434.5454545454546
    },
    {
      "gen": 7.0,
      "best": 436.55,
      "mean": 435.534090909091
    },
    {
      "gen": 8.0,
      "best": 436.55,
      "mean": 435.534090909091
    },
    {
      "gen": 9.0,
      "best": 436.55,
      "mean": 435.54772727272734
    },
    {
      "gen": 10.0,
      "best": 436.55,
      "mean": 435.54772727272734
    },
    {
      "gen": 11.0,
      "best": 436.55,
      "mean": 435.68409090909097
    },
    {
      "gen": 12.0,
      "best": 437.6,
      "mean": 436.9113636363636
    },
    {
      "gen": 13.0,
      "best": 437.6,
      "mean": 436.92499999999995
    },
    {
      "gen": 14.0,
      "best": 437.6,
      "mean": 436.92499999999995
    },
    {
      "gen": 15.0,
      "best": 437.6,
      "mean": 436.92499999999995
    },
    {
      "gen": 16.0,
      "best": 437.6,
      "mean": 436.92499999999995
    },
    {
      "gen": 17.0,
      "best": 437.6,
      "mean": 436.92499999999995
    },
    {
      "gen": 18.0,
      "best": 437.6,
      "mean": 437.0
    },
    {
      "gen": 19.0,
      "best": 437.6,
      "mean": 437.0
    },
    {
      "gen": 20.0,
      "best": 437.6,
      "mean": 437.0
    },
    {
      "gen": 21.0,
      "best": 437.6,
      "mean": 437.01363636363635
    },
    {
      "gen": 22.0,
      "best": 437.6,
      "mean": 437.01363636363635
    },
    {
      "gen": 23.0,
      "best": 437.6,
      "mean": 437.01363636363635
    },
    {
      "gen": 24.0,
      "best": 437.9,
      "mean": 437.08181818181816
    },
    {
      "gen": 25.0,
      "best": 437.9,
      "mean": 437.08181818181816
    },
    {
      "gen": 26.0,
      "best": 437.9,