{
  "algo": "pso",
  "hparams": {
    "generations": 100,
    "popsize": 22,
    "fix_last_gene": true,
    "seed": 606,
    "verbosity": 1,
    "log_every": 1,
    "evals_cap": 10000,
    "w": 0.5856095971139506,
    "c1": 0.9646227467726096,
    "c2": 2.2
  },
  "metrics": {
    "best_final": 438.65,
    "auc_best": 43399.05000000008,
    "auc_best_norm": 438.3742424242433,
    "runtime_sec": 70.53993940353394,
    "evals_total": -1,
    "budget_triggered": false,
    "stop_reason": "None"
  },
  "diagnostics": {
    "best": {
      "start": 435.35,
      "end": 438.65,
      "delta_abs": 3.2999999999999545,
      "delta_rel": 0.007580107959113252,
      "max_val": 438.65,
      "argmax": 18,
      "auc_raw": 43399.05000000008,
      "auc_norm": 438.3742424242433
    },
    "mean": {
      "start": -Infinity,
      "end": 438.39090909090913,
      "delta_abs": Infinity,
      "delta_rel": NaN,
      "max_val": 438.39090909090913,
      "argmax": 95,
      "auc_raw": -Infinity,
      "auc_norm": -Infinity
    }
  },
  "genomes": {
    "best_genome": [
      1,
      0,
      1,
      0,
      0,
      0,
      0,
      1,
      0,
      1,
      0,
      0,
      0,
      1,
      0,
      0,
      0,
      0,
      0,
      0,
      0,
      0,
      0,
      0,
      0,
      0,
      0,
      0,
      0,
      0,
      0,
      0,
      1
    ],
    "all_best_genomes": null
  },
  "raw": {
    "curves": {
      "best": [
        435.35,
        435.8,
        435.95,
        435.95,
        436.25,
        436.25,
        437.3,
        437.3,
        437.3,
        437.3,
        437.3,
        437.3,
        437.9,
        437.9,
        437.9,
        437.9,
        437.9,
        437.9,
        438.65,
        438.65,
        438.65,
        438.65,
        438.65,
        438.65,
        438.65,
        438.65,
        438.65,
        438.65,
        438.65,
        438.65,
        438.65,
        438.65,
        438.65,
        438.65,
        438.65,
        438.65,
        438.65,
        438.65,
        438.65,
        438.65,
        438.65,
        438.65,
        438.65,
        438.65,
        438.65,
        438.65,
        438.65,
        438.65,
        438.65,
        438.65,
        438.65,
        438.65,
        438.65,
        438.65,
        438.65,
        438.65,
        438.65,
        438.65,
        438.65,
        438.65,
        438.65,
        438.65,
        438.65,
        438.65,
        438.65,
        438.65,
        438.65,
        438.65,
        438.65,
        438.65,
        438.65,
        438.65,
        438.65,
        438.65,
        438.65,
        438.65,
        438.65,
        438.65,
        438.65,
        438.65,
        438.65,
        438.65,
        438.65,
        438.65,
        438.65,
        438.65,
        438.65,
        438.65,
        438.65,
        438.65,
        438.65,
        438.65,
        438.65,
        438.65,
        438.65,
        438.65,
        438.65,
        438.65,
        438.65,
        438.65
      ],
      "mean": [
        -Infinity,
        430.7204545454544,
        434.99545454545455,
        435.1181818181818,
        435.40454545454554,
        435.4318181818182,
        435.82727272727266,
        435.97045454545446,
        435.97045454545446,
        436.03181818181815,
        436.03181818181815,
        436.1613636363636,
        436.6318181818182,
        436.6318181818182,
        436.82272727272726,
        437.075,
        437.17727272727274,
        437.17727272727274,
        437.80454545454546,
        437.80454545454546,
        437.80454545454546,
        437.84545454545446,
        437.84545454545446,
        437.84545454545446,
        437.85227272727275,
        437.85227272727275,
        437.85227272727275,
        437.85227272727275,
        437.85227272727275,
        437.85227272727275,
        437.85227272727275,
        437.85227272727275,
        437.85227272727275,
        437.85227272727275,
        437.85227272727275,
        437.92045454545456,
        437.92045454545456,
        437.92045454545456,
        437.92045454545456,
        437.93409090909086,
        437.93409090909086,
        437.93409090909086,
        437.93409090909086,
        437.93409090909086,
        437.93409090909086,
        437.93409090909086,
        437.95454545454544,
        437.95454545454544,
        437.95454545454544,
        438.08409090909095,
        438.08409090909095,
        438.08409090909095,
        438.08409090909095,
        438.08409090909095,
        438.08409090909095,
        438.09090909090907,
        438.09090909090907,
        438.09090909090907,
        438.09090909090907,
        438.09090909090907,
        438.09090909090907,
        438.10454545454553,
        438.10454545454553,
        438.10454545454553,
        438.10454545454553,
        438.10454545454553,
        438.10454545454553,
        438.10454545454553,
        438.10454545454553,
        438.10454545454553,
        438.10454545454553,
        438.10454545454553,
        438.10454545454553,
        438.10454545454553,
        438.10454545454553,
        438.10454545454553,
        438.13181818181823,
        438.13181818181823,
        438.13181818181823,
        438.13181818181823,
        438.13181818181823,
        438.13181818181823,
        438.13181818181823,
        438.13181818181823,
        438.13181818181823,
        438.13181818181823,
        438.13181818181823,
        438.13181818181823,
        438.13181818181823,
        438.13181818181823,
        438.13181818181823,
        438.15909090909093,
        438.15909090909093,
        438.15909090909093,
        438.15909090909093,
        438.39090909090913,
        438.39090909090913,
        438.39090909090913,
        438.39090909090913,
        438.39090909090913
      ]
    }
  },
  "per_generation": [
    {
      "gen": 0.0,
      "best": 435.35,
      "mean": -Infinity
    },
    {
      "gen": 1.0,
      "best": 435.8,
      "mean": 430.7204545454544
    },
    {
      "gen": 2.0,
      "best": 435.95,
      "mean": 434.99545454545455
    },
    {
      "gen": 3.0,
      "best": 435.95,
      "mean": 435.1181818181818
    },
    {
      "gen": 4.0,
      "best": 436.25,
      "mean": 435.40454545454554
    },
    {
      "gen": 5.0,
      "best": 436.25,
      "mean": 435.4318181818182
    },
    {
      "gen": 6.0,
      "best": 437.3,
      "mean": 435.82727272727266
    },
    {
      "gen": 7.0,
      "best": 437.3,
      "mean": 435.97045454545446
    },
    {
      "gen": 8.0,
      "best": 437.3,
      "mean": 435.97045454545446
    },
    {
      "gen": 9.0,
      "best": 437.3,
      "mean": 436.03181818181815
    },
    {
      "gen": 10.0,
      "best": 437.3,
      "mean": 436.03181818181815
    },
    {
      "gen": 11.0,
      "best": 437.3,
      "mean": 436.1613636363636
    },
    {
      "gen": 12.0,
      "best": 437.9,
      "mean": 436.6318181818182
    },
    {
      "gen": 13.0,
      "best": 437.9,
      "mean": 436.6318181818182
    },
    {
      "gen": 14.0,
      "best": 437.9,
      "mean": 436.82272727272726
    },
    {
      "gen": 15.0,
      "best": 437.9,
      "mean": 437.075
    },
    {
      "gen": 16.0,
      "best": 437.9,
      "mean": 437.17727272727274
    },
    {
      "gen": 17.0,
      "best": 437.9,
      "mean": 437.17727272727274
    },
    {
      "gen": 18.0,
      "best": 438.65,
      "mean": 437.80454545454546
    },
    {
      "gen": 19.0,
      "best": 438.65,
      "mean": 437.80454545454546
    },
    {
      "gen": 20.0,
      "best": 438.65,
      "mean": 437.80454545454546
    },
    {
      "gen": 21.0,
      "best": 438.65,
      "mean": 437.84545454545446
    },
    {
      "gen": 22.0,
      "best": 438.65,
      "mean": 437.84545454545446
    },
    {
      "gen": 23.0,
      "best": 438.65,
      "mean": 437.84545454545446
    },
    {
      "gen": 24.0,
      "best": 438.65,