{
  "algo": "pso",
  "hparams": {
    "generations": 100,
    "popsize": 22,
    "fix_last_gene": true,
    "seed": 1102,
    "verbosity": 1,
    "log_every": 1,
    "evals_cap": 10000,
    "w": 0.5099619048029197,
    "c1": 1.7562682437208677,
    "c2": 1.5642289977103847
  },
  "metrics": {
    "best_final": 438.35,
    "auc_best": 43384.574999999924,
    "auc_best_norm": 438.2280303030295,
    "runtime_sec": 83.52221179008484,
    "evals_total": -1,
    "budget_triggered": false,
    "stop_reason": "None"
  },
  "diagnostics": {
    "best": {
      "start": 437.3,
      "end": 438.35,
      "delta_abs": 1.0500000000000114,
      "delta_rel": 0.0024010976446375747,
      "max_val": 438.35,
      "argmax": 12,
      "auc_raw": 43384.574999999924,
      "auc_norm": 438.2280303030295
    },
    "mean": {
      "start": -Infinity,
      "end": 437.8727272727272,
      "delta_abs": Infinity,
      "delta_rel": NaN,
      "max_val": 437.8727272727272,
      "argmax": 95,
      "auc_raw": -Infinity,
      "auc_norm": -Infinity
    }
  },
  "genomes": {
    "best_genome": [
      0,
      1,
      0,
      0,
      1,
      0,
      0,
      1,
      0,
      0,
      0,
      0,
      0,
      1,
      0,
      1,
      0,
      0,
      0,
      0,
      0,
      0,
      0,
      1,
      0,
      0,
      0,
      0,
      0,
      0,
      0,
      0,
      1
    ],
    "all_best_genomes": null
  },
  "raw": {
    "curves": {
      "best": [
        437.3,
        437.3,
        437.3,
        437.3,
        437.3,
        437.3,
        437.3,
        437.3,
        437.3,
        437.3,
        437.3,
        437.3,
        438.35,
        438.35,
        438.35,
        438.35,
        438.35,
        438.35,
        438.35,
        438.35,
        438.35,
        438.35,
        438.35,
        438.35,
        438.35,
        438.35,
        438.35,
        438.35,
        438.35,
        438.35,
        438.35,
        438.35,
        438.35,
        438.35,
        438.35,
        438.35,
        438.35,
        438.35,
        438.35,
        438.35,
        438.35,
        438.35,
        438.35,
        438.35,
        438.35,
        438.35,
        438.35,
        438.35,
        438.35,
        438.35,
        438.35,
        438.35,
        438.35,
        438.35,
        438.35,
        438.35,
        438.35,
        438.35,
        438.35,
        438.35,
        438.35,
        438.35,
        438.35,
        438.35,
        438.35,
        438.35,
        438.35,
        438.35,
        438.35,
        438.35,
        438.35,
        438.35,
        438.35,
        438.35,
        438.35,
        438.35,
        438.35,
        438.35,
        438.35,
        438.35,
        438.35,
        438.35,
        438.35,
        438.35,
        438.35,
        438.35,
        438.35,
        438.35,
        438.35,
        438.35,
        438.35,
        438.35,
        438.35,
        438.35,
        438.35,
        438.35,
        438.35,
        438.35,
        438.35,
        438.35
      ],
      "mean": [
        -Infinity,
        433.44090909090914,
        434.62045454545455,
        434.6818181818182,
        434.93409090909086,
        434.93409090909086,
        434.93409090909086,
        435.00227272727267,
        435.18636363636364,
        436.475,
        436.49545454545455,
        436.49545454545455,
        437.18409090909086,
        437.19090909090903,
        437.19090909090903,
        437.19090909090903,
        437.19090909090903,
        437.19090909090903,
        437.36136363636365,
        437.36136363636365,
        437.36136363636365,
        437.36136363636365,
        437.36136363636365,
        437.36136363636365,
        437.36136363636365,
        437.36136363636365,
        437.36136363636365,
        437.36136363636365,
        437.36136363636365,
        437.36136363636365,
        437.36136363636365,
        437.36136363636365,
        437.36136363636365,
        437.42272727272734,
        437.42272727272734,
        437.42272727272734,
        437.42272727272734,
        437.42272727272734,
        437.68863636363625,
        437.68863636363625,
        437.68863636363625,
        437.68863636363625,
        437.68863636363625,
        437.7227272727272,
        437.7227272727272,
        437.7227272727272,
        437.7227272727272,
        437.7227272727272,
        437.7227272727272,
        437.7227272727272,
        437.7227272727272,
        437.7227272727272,
        437.7227272727272,
        437.7227272727272,
        437.7227272727272,
        437.7227272727272,
        437.7227272727272,
        437.7227272727272,
        437.7227272727272,
        437.7227272727272,
        437.7227272727272,
        437.7227272727272,
        437.7227272727272,
        437.7227272727272,
        437.7227272727272,
        437.7840909090908,
        437.7840909090908,
        437.7840909090908,
        437.7840909090908,
        437.7840909090908,
        437.7840909090908,
        437.7840909090908,
        437.7840909090908,
        437.7840909090908,
        437.7840909090908,
        437.7840909090908,
        437.7840909090908,
        437.7840909090908,
        437.7840909090908,
        437.7840909090908,
        437.7840909090908,
        437.7840909090908,
        437.7840909090908,
        437.8590909090908,
        437.8590909090908,
        437.8590909090908,
        437.8590909090908,
        437.8590909090908,
        437.8590909090908,
        437.8590909090908,
        437.8590909090908,
        437.8590909090908,
        437.8590909090908,
        437.8590909090908,
        437.8590909090908,
        437.8727272727272,
        437.8727272727272,
        437.8727272727272,
        437.8727272727272,
        437.8727272727272
      ]
    }
  },
  "per_generation": [
    {
      "gen": 0.0,
      "best": 437.3,
      "mean": -Infinity
    },
    {
      "gen": 1.0,
      "best": 437.3,
      "mean": 433.44090909090914
    },
    {
      "gen": 2.0,
      "best": 437.3,
      "mean": 434.62045454545455
    },
    {
      "gen": 3.0,
      "best": 437.3,
      "mean": 434.6818181818182
    },
    {
      "gen": 4.0,
      "best": 437.3,
      "mean": 434.93409090909086
    },
    {
      "gen": 5.0,
      "best": 437.3,
      "mean": 434.93409090909086
    },
    {
      "gen": 6.0,
      "best": 437.3,
      "mean": 434.93409090909086
    },
    {
      "gen": 7.0,
      "best": 437.3,
      "mean": 435.00227272727267
    },
    {
      "gen": 8.0,
      "best": 437.3,
      "mean": 435.18636363636364
    },
    {
      "gen": 9.0,
      "best": 437.3,
      "mean": 436.475
    },
    {
      "gen": 10.0,
      "best": 437.3,
      "mean": 436.49545454545455
    },
    {
      "gen": 11.0,
      "best": 437.3,
      "mean": 436.49545454545455
    },
    {
      "gen": 12.0,
      "best": 438.35,
      "mean": 437.18409090909086
    },
    {
      "gen": 13.0,
      "best": 438.35,
      "mean": 437.19090909090903
    },
    {
      "gen": 14.0,
      "best": 438.35,
      "mean": 437.19090909090903
    },
    {
      "gen": 15.0,
      "best": 438.35,
      "mean": 437.19090909090903
    },
    {
      "gen": 16.0,
      "best": 438.35,
      "mean": 437.19090909090903
    },
    {
      "gen": 17.0,
      "best": 438.35,
      "mean": 437.19090909090903
    },
    {
      "gen": 18.0,
      "best": 438.35,
      "mean": 437.36136363636365
    },
    {
      "gen": 19.0,
      "best": 438.35,
      "mean": 437.36136363636365
    },
    {
      "gen": 20.0,
      "best": 438.35,
      "mean": 437.36136363636365
    },
    {
      "gen": 21.0,
      "best": 438.35,
      "mean": 437.36136363636365
    },
    {
      "gen": 22.0,
      "best": 438.35,
      "mean": 437.36136363636365
    },
    {
      "gen": 23.0,
      "best": 438.35,
      "mean": 437.36136363636365
    },
    {
      "gen": 24.0,
      "best": 438.35,
      "mean": 437.36136363636365
    },
    {
      "gen": 25.0,