{
  "algo": "pso",
  "hparams": {
    "generations": 100,
    "popsize": 22,
    "fix_last_gene": true,
    "seed": 1001,
    "verbosity": 1,
    "log_every": 1,
    "evals_cap": 10000,
    "w": 0.5534281504473338,
    "c1": 1.5567170297995132,
    "c2": 1.9272740208879597
  },
  "metrics": {
    "best_final": 438.35,
    "auc_best": 43357.049999999945,
    "auc_best_norm": 437.9499999999994,
    "runtime_sec": 70.2488477230072,
    "evals_total": -1,
    "budget_triggered": false,
    "stop_reason": "None"
  },
  "diagnostics": {
    "best": {
      "start": 436.55,
      "end": 438.35,
      "delta_abs": 1.8000000000000114,
      "delta_rel": 0.004123239033329541,
      "max_val": 438.35,
      "argmax": 80,
      "auc_raw": 43357.049999999945,
      "auc_norm": 437.9499999999994
    },
    "mean": {
      "start": -Infinity,
      "end": 438.11136363636365,
      "delta_abs": Infinity,
      "delta_rel": NaN,
      "max_val": 438.11136363636365,
      "argmax": 91,
      "auc_raw": -Infinity,
      "auc_norm": -Infinity
    }
  },
  "genomes": {
    "best_genome": [
      1,
      0,
      0,
      1,
      1,
      1,
      0,
      1,
      0,
      1,
      1,
      0,
      0,
      1,
      1,
      1,
      0,
      0,
      0,
      0,
      0,
      0,
      0,
      1,
      0,
      0,
      0,
      0,
      0,
      0,
      0,
      0,
      1
    ],
    "all_best_genomes": null
  },
  "raw": {
    "curves": {
      "best": [
        436.55,
        436.55,
        436.55,
        437.45,
        437.45,
        437.45,
        437.45,
        437.45,
        437.45,
        437.45,
        437.45,
        437.45,
        437.45,
        437.45,
        437.45,
        437.45,
        437.45,
        437.45,
        437.45,
        437.45,
        437.45,
        437.45,
        437.45,
        438.05,
        438.05,
        438.05,
        438.05,
        438.05,
        438.05,
        438.05,
        438.05,
        438.05,
        438.05,
        438.05,
        438.05,
        438.05,
        438.05,
        438.05,
        438.05,
        438.05,
        438.05,
        438.05,
        438.05,
        438.05,
        438.05,
        438.05,
        438.05,
        438.05,
        438.05,
        438.05,
        438.05,
        438.05,
        438.05,
        438.05,
        438.05,
        438.05,
        438.05,
        438.05,
        438.05,
        438.05,
        438.05,
        438.05,
        438.05,
        438.05,
        438.05,
        438.05,
        438.05,
        438.05,
        438.05,
        438.05,
        438.05,
        438.05,
        438.05,
        438.05,
        438.05,
        438.05,
        438.05,
        438.05,
        438.05,
        438.05,
        438.35,
        438.35,
        438.35,
        438.35,
        438.35,
        438.35,
        438.35,
        438.35,
        438.35,
        438.35,
        438.35,
        438.35,
        438.35,
        438.35,
        438.35,
        438.35,
        438.35,
        438.35,
        438.35,
        438.35
      ],
      "mean": [
        -Infinity,
        421.27727272727276,
        425.56590909090914,
        425.825,
        425.975,
        425.975,
        426.05,
        426.45909090909083,
        426.4795454545454,
        426.4795454545454,
        427.5431818181818,
        427.7,
        435.95681818181816,
        436.3454545454546,
        436.3454545454546,
        436.3454545454546,
        436.3454545454546,
        436.3863636363636,
        436.4613636363636,
        436.4613636363636,
        436.4613636363636,
        436.4613636363636,
        436.4613636363636,
        436.8840909090908,
        436.8840909090908,
        436.9727272727272,
        436.9727272727272,
        436.9727272727272,
        436.9727272727272,
        436.9727272727272,
        437.10227272727263,
        437.10227272727263,
        437.10227272727263,
        437.10227272727263,
        437.10227272727263,
        437.1227272727272,
        437.1227272727272,
        437.1227272727272,
        437.1227272727272,
        437.1977272727272,
        437.2386363636364,
        437.2386363636364,
        437.2386363636364,
        437.2386363636364,
        437.61363636363626,
        437.61363636363626,
        437.61363636363626,
        437.61363636363626,
        437.61363636363626,
        437.61363636363626,
        437.6613636363636,
        437.6613636363636,
        437.72272727272735,
        437.72272727272735,
        437.72272727272735,
        437.72272727272735,
        437.72272727272735,
        437.72272727272735,
        437.72272727272735,
        437.72272727272735,
        437.72272727272735,
        437.72272727272735,
        437.7568181818182,
        437.7568181818182,
        437.7568181818182,
        437.7568181818182,
        437.7568181818182,
        437.7568181818182,
        437.7568181818182,
        437.78409090909093,
        437.78409090909093,
        437.78409090909093,
        437.79090909090905,
        437.79090909090905,
        437.79090909090905,
        437.79090909090905,
        437.79090909090905,
        437.79090909090905,
        437.79090909090905,
        437.79090909090905,
        437.9,
        437.9,
        437.9,
        437.9,
        437.9,
        438.05,
        438.05,
        438.05,
        438.09772727272724,
        438.09772727272724,
        438.09772727272724,
        438.11136363636365,
        438.11136363636365,
        438.11136363636365,
        438.11136363636365,
        438.11136363636365,
        438.11136363636365,
        438.11136363636365,
        438.11136363636365,
        438.11136363636365
      ]
    }
  },
  "per_generation": [
    {
      "gen": 0.0,
      "best": 436.55,
      "mean": -Infinity
    },
    {
      "gen": 1.0,
      "best": 436.55,
      "mean": 421.27727272727276
    },
    {
      "gen": 2.0,
      "best": 436.55,
      "mean": 425.56590909090914
    },
    {
      "gen": 3.0,
      "best": 437.45,
      "mean": 425.825
    },
    {
      "gen": 4.0,
      "best": 437.45,
      "mean": 425.975
    },
    {
      "gen": 5.0,
      "best": 437.45,
      "mean": 425.975
    },
    {
      "gen": 6.0,
      "best": 437.45,
      "mean": 426.05
    },
    {
      "gen": 7.0,
      "best": 437.45,
      "mean": 426.45909090909083
    },
    {
      "gen": 8.0,
      "best": 437.45,
      "mean": 426.4795454545454
    },
    {
      "gen": 9.0,
      "best": 437.45,
      "mean": 426.4795454545454
    },
    {
      "gen": 10.0,
      "best": 437.45,
      "mean": 427.5431818181818
    },
    {
      "gen": 11.0,
      "best": 437.45,
      "mean": 427.7
    },
    {
      "gen": 12.0,
      "best": 437.45,
      "mean": 435.95681818181816
    },
    {
      "gen": 13.0,
      "best": 437.45,
      "mean": 436.3454545454546
    },
    {
      "gen": 14.0,
      "best": 437.45,
      "mean": 436.3454545454546
    },
    {
      "gen": 15.0,
      "best": 437.45,
      "mean": 436.3454545454546
    },
    {
      "gen": 16.0,
      "best": 437.45,
      "mean": 436.3454545454546
    },
    {
      "gen": 17.0,
      "best": 437.45,
      "mean": 436.3863636363636
    },
    {
      "gen": 18.0,
      "best": 437.45,
      "mean": 436.4613636363636
    },
    {
      "gen": 19.0,
      "best": 437.45,
      "mean": 436.4613636363636
    },
    {
      "gen": 20.0,
      "best": 437.45,
      "mean": 436.4613636363636
    },
    {
      "gen": 21.0,
      "best": 437.45,
      "mean": 436.4613636363636
    },
    {
      "gen": 22.0,
      "best": 437.45,
      "mean": 436.4613636363636
    },
    {
      "gen": 23.0,
      "best": 438.05,
      "mean": 436.8840909090908
    },
    {
      "gen": 24.0,
      "best": 438.05,
      "mean": 436.8840909090908
    },
    {
      "gen": 25.0,
      "best": 438.05,
      "mean": 436.9727272727272
    },
    {
      "gen": 26.0,
      "best": 438.05,