{
  "algo": "pso",
  "hparams": {
    "generations": 100,
    "popsize": 22,
    "fix_last_gene": true,
    "seed": 707,
    "verbosity": 1,
    "log_every": 1,
    "evals_cap": 10000,
    "w": 0.8918267528073103,
    "c1": 2.2,
    "c2": 1.0062173134288523
  },
  "metrics": {
    "best_final": 438.65,
    "auc_best": 43389.600000000035,
    "auc_best_norm": 438.27878787878825,
    "runtime_sec": 80.4785623550415,
    "evals_total": -1,
    "budget_triggered": false,
    "stop_reason": "None"
  },
  "diagnostics": {
    "best": {
      "start": 437.15,
      "end": 438.65,
      "delta_abs": 1.5,
      "delta_rel": 0.0034313164817568343,
      "max_val": 438.65,
      "argmax": 72,
      "auc_raw": 43389.600000000035,
      "auc_norm": 438.27878787878825
    },
    "mean": {
      "start": -Infinity,
      "end": 438.4931818181818,
      "delta_abs": Infinity,
      "delta_rel": NaN,
      "max_val": 438.4931818181818,
      "argmax": 98,
      "auc_raw": -Infinity,
      "auc_norm": -Infinity
    }
  },
  "genomes": {
    "best_genome": [
      1,
      1,
      1,
      0,
      0,
      1,
      1,
      1,
      0,
      1,
      1,
      1,
      0,
      0,
      0,
      0,
      0,
      0,
      0,
      0,
      0,
      0,
      0,
      0,
      0,
      0,
      0,
      0,
      0,
      0,
      0,
      0,
      1
    ],
    "all_best_genomes": null
  },
  "raw": {
    "curves": {
      "best": [
        437.15,
        437.15,
        437.15,
        437.15,
        437.15,
        437.15,
        437.15,
        437.15,
        437.15,
        437.15,
        437.15,
        437.15,
        437.15,
        437.15,
        437.15,
        437.15,
        437.9,
        437.9,
        437.9,
        437.9,
        437.9,
        437.9,
        437.9,
        438.2,
        438.2,
        438.2,
        438.5,
        438.5,
        438.5,
        438.5,
        438.5,
        438.5,
        438.5,
        438.5,
        438.5,
        438.5,
        438.5,
        438.5,
        438.5,
        438.5,
        438.5,
        438.5,
        438.5,
        438.5,
        438.5,
        438.5,
        438.5,
        438.5,
        438.5,
        438.5,
        438.5,
        438.5,
        438.5,
        438.5,
        438.5,
        438.5,
        438.5,
        438.5,
        438.5,
        438.5,
        438.5,
        438.5,
        438.5,
        438.5,
        438.5,
        438.5,
        438.5,
        438.5,
        438.5,
        438.5,
        438.5,
        438.5,
        438.65,
        438.65,
        438.65,
        438.65,
        438.65,
        438.65,
        438.65,
        438.65,
        438.65,
        438.65,
        438.65,
        438.65,
        438.65,
        438.65,
        438.65,
        438.65,
        438.65,
        438.65,
        438.65,
        438.65,
        438.65,
        438.65,
        438.65,
        438.65,
        438.65,
        438.65,
        438.65,
        438.65
      ],
      "mean": [
        -Infinity,
        -Infinity,
        433.34545454545446,
        433.36590909090904,
        434.32045454545454,
        435.41818181818184,
        435.41818181818184,
        435.41818181818184,
        435.425,
        435.9772727272728,
        436.04545454545456,
        436.04545454545456,
        436.1954545454546,
        436.1954545454546,
        436.1954545454546,
        436.21590909090907,
        436.7954545454546,
        436.7954545454546,
        437.2318181818182,
        437.2318181818182,
        437.24545454545455,
        437.38181818181806,
        437.38181818181806,
        437.53181818181815,
        437.55227272727274,
        437.55227272727274,
        437.8045454545454,
        437.8045454545454,
        437.8181818181818,
        437.8181818181818,
        437.8181818181818,
        437.84545454545446,
        437.84545454545446,
        437.84545454545446,
        437.84545454545446,
        437.86590909090904,
        437.9272727272726,
        437.9545454545454,
        437.97499999999985,
        437.97499999999985,
        437.97499999999985,
        437.97499999999985,
        437.97499999999985,
        438.08409090909095,
        438.08409090909095,
        438.08409090909095,
        438.08409090909095,
        438.08409090909095,
        438.08409090909095,
        438.193181818182,
        438.193181818182,
        438.193181818182,
        438.21363636363645,
        438.21363636363645,
        438.2272727272729,
        438.2272727272729,
        438.2272727272729,
        438.23409090909104,
        438.26136363636374,
        438.26136363636374,
        438.30227272727285,
        438.30227272727285,
        438.30227272727285,
        438.3159090909092,
        438.3159090909092,
        438.3159090909092,
        438.3159090909092,
        438.3227272727274,
        438.3227272727274,
        438.3227272727274,
        438.3227272727274,
        438.3227272727274,
        438.3772727272728,
        438.3772727272728,
        438.3772727272728,
        438.3772727272728,
        438.3772727272728,
        438.3772727272728,
        438.3772727272728,
        438.3772727272728,
        438.3772727272728,
        438.3772727272728,
        438.3772727272728,
        438.4045454545454,
        438.4045454545454,
        438.4045454545454,
        438.4318181818182,
        438.4318181818182,
        438.4318181818182,
        438.4318181818182,
        438.4318181818182,
        438.4318181818182,
        438.43863636363636,
        438.43863636363636,
        438.43863636363636,
        438.43863636363636,
        438.43863636363636,
        438.43863636363636,
        438.4931818181818,
        438.4931818181818
      ]
    }
  },
  "per_generation": [
    {
      "gen": 0.0,
      "best": 437.15,
      "mean": -Infinity
    },
    {
      "gen": 1.0,
      "best": 437.15,
      "mean": -Infinity
    },
    {
      "gen": 2.0,
      "best": 437.15,
      "mean": 433.34545454545446
    },
    {
      "gen": 3.0,
      "best": 437.15,
      "mean": 433.36590909090904
    },
    {
      "gen": 4.0,
      "best": 437.15,
      "mean": 434.32045454545454
    },
    {
      "gen": 5.0,
      "best": 437.15,
      "mean": 435.41818181818184
    },
    {
      "gen": 6.0,
      "best": 437.15,
      "mean": 435.41818181818184
    },
    {
      "gen": 7.0,
      "best": 437.15,
      "mean": 435.41818181818184
    },
    {
      "gen": 8.0,
      "best": 437.15,
      "mean": 435.425
    },
    {
      "gen": 9.0,
      "best": 437.15,
      "mean": 435.9772727272728
    },
    {
      "gen": 10.0,
      "best": 437.15,
      "mean": 436.04545454545456
    },
    {
      "gen": 11.0,
      "best": 437.15,
      "mean": 436.04545454545456
    },
    {
      "gen": 12.0,
      "best": 437.15,
      "mean": 436.1954545454546
    },
    {
      "gen": 13.0,
      "best": 437.15,
      "mean": 436.1954545454546
    },
    {
      "gen": 14.0,
      "best": 437.15,
      "mean": 436.1954545454546
    },
    {
      "gen": 15.0,
      "best": 437.15,
      "mean": 436.21590909090907
    },
    {
      "gen": 16.0,
      "best": 437.9,
      "mean": 436.7954545454546
    },
    {
      "gen": 17.0,
      "best": 437.9,
      "mean": 436.7954545454546
    },
    {
      "gen": 18.0,
      "best": 437.9,
      "mean": 437.2318181818182
    },
    {
      "gen": 19.0,
      "best": 437.9,
      "mean": 437.2318181818182
    },
    {
      "gen": 20.0,
      "best": 437.9,
      "mean": 437.24545454545455
    },
    {
      "gen": 21.0,
      "best": 437.9,
      "mean": 437.38181818181806
    },
    {
      "gen": 22.0,
      "best": 437.9,
      "mean": 437.38181818181806
    },
    {
      "gen": 23.0,
      "best": 438.2,
      "mean": 437.53181818181815
    },
    {
      "gen": 24.0,
      "best": 438.2,
      "mean": 437.55227272727274
    },
    {
      "gen": 25.0,
      "best": 438.2,
      "mean": 437.55227272727274
    },
    {
      "gen": 26.0,