{
  "algo": "pso",
  "hparams": {
    "generations": 100,
    "popsize": 22,
    "fix_last_gene": true,
    "seed": 707,
    "verbosity": 1,
    "log_every": 1,
    "evals_cap": 10000,
    "w": 0.8660794954659756,
    "c1": 0.9763522975744114,
    "c2": 2.1691751327161435
  },
  "metrics": {
    "best_final": 438.65,
    "auc_best": 43391.10000000003,
    "auc_best_norm": 438.2939393939397,
    "runtime_sec": 79.36482524871826,
    "evals_total": -1,
    "budget_triggered": false,
    "stop_reason": "None"
  },
  "diagnostics": {
    "best": {
      "start": 437.15,
      "end": 438.65,
      "delta_abs": 1.5,
      "delta_rel": 0.0034313164817568343,
      "max_val": 438.65,
      "argmax": 78,
      "auc_raw": 43391.10000000003,
      "auc_norm": 438.2939393939397
    },
    "mean": {
      "start": -Infinity,
      "end": 438.45227272727277,
      "delta_abs": Infinity,
      "delta_rel": NaN,
      "max_val": 438.45227272727277,
      "argmax": 99,
      "auc_raw": -Infinity,
      "auc_norm": -Infinity
    }
  },
  "genomes": {
    "best_genome": [
      1,
      1,
      0,
      0,
      0,
      0,
      0,
      0,
      0,
      1,
      0,
      0,
      1,
      1,
      0,
      0,
      0,
      0,
      0,
      0,
      0,
      0,
      0,
      0,
      0,
      0,
      0,
      0,
      0,
      0,
      0,
      0,
      1
    ],
    "all_best_genomes": null
  },
  "raw": {
    "curves": {
      "best": [
        437.15,
        437.15,
        437.15,
        437.15,
        437.15,
        437.15,
        437.15,
        437.15,
        437.15,
        437.15,
        437.15,
        437.15,
        437.15,
        437.15,
        437.15,
        437.15,
        437.9,
        437.9,
        438.2,
        438.2,
        438.2,
        438.2,
        438.2,
        438.5,
        438.5,
        438.5,
        438.5,
        438.5,
        438.5,
        438.5,
        438.5,
        438.5,
        438.5,
        438.5,
        438.5,
        438.5,
        438.5,
        438.5,
        438.5,
        438.5,
        438.5,
        438.5,
        438.5,
        438.5,
        438.5,
        438.5,
        438.5,
        438.5,
        438.5,
        438.5,
        438.5,
        438.5,
        438.5,
        438.5,
        438.5,
        438.5,
        438.5,
        438.5,
        438.5,
        438.5,
        438.5,
        438.5,
        438.5,
        438.5,
        438.5,
        438.5,
        438.5,
        438.5,
        438.5,
        438.5,
        438.5,
        438.5,
        438.5,
        438.5,
        438.5,
        438.5,
        438.5,
        438.5,
        438.65,
        438.65,
        438.65,
        438.65,
        438.65,
        438.65,
        438.65,
        438.65,
        438.65,
        438.65,
        438.65,
        438.65,
        438.65,
        438.65,
        438.65,
        438.65,
        438.65,
        438.65,
        438.65,
        438.65,
        438.65,
        438.65
      ],
      "mean": [
        -Infinity,
        -Infinity,
        434.45681818181816,
        434.45681818181816,
        434.49772727272716,
        435.7181818181818,
        435.7181818181818,
        435.7181818181818,
        435.7181818181818,
        436.18863636363636,
        436.18863636363636,
        436.20227272727266,
        436.29772727272723,
        436.29772727272723,
        436.29772727272723,
        436.29772727272723,
        437.184090909091,
        437.2113636363637,
        437.49772727272733,
        437.49772727272733,
        437.49772727272733,
        437.6136363636364,
        437.6136363636364,
        437.7431818181818,
        437.7431818181818,
        437.7431818181818,
        437.83181818181816,
        437.83181818181816,
        437.84545454545446,
        437.84545454545446,
        437.84545454545446,
        437.84545454545446,
        437.84545454545446,
        437.84545454545446,
        437.8590909090908,
        437.8590909090908,
        437.8590909090908,
        437.87272727272733,
        437.8931818181818,
        437.8931818181818,
        437.8931818181818,
        437.8931818181818,
        437.8931818181818,
        437.93409090909086,
        437.93409090909086,
        437.93409090909086,
        437.93409090909086,
        437.93409090909086,
        437.93409090909086,
        438.1863636363636,
        438.1863636363636,
        438.1863636363636,
        438.1863636363636,
        438.2136363636364,
        438.24090909090916,
        438.24090909090916,
        438.24090909090916,
        438.24090909090916,
        438.24090909090916,
        438.24090909090916,
        438.24090909090916,
        438.24090909090916,
        438.24090909090916,
        438.26818181818186,
        438.26818181818186,
        438.26818181818186,
        438.27500000000003,
        438.2818181818183,
        438.2818181818183,
        438.2818181818183,
        438.2818181818183,
        438.2818181818183,
        438.28863636363656,
        438.28863636363656,
        438.28863636363656,
        438.28863636363656,
        438.29545454545473,
        438.29545454545473,
        438.309090909091,
        438.309090909091,
        438.309090909091,
        438.3159090909092,
        438.3159090909092,
        438.3363636363637,
        438.3363636363637,
        438.3363636363637,
        438.36363636363643,
        438.36363636363643,
        438.36363636363643,
        438.36363636363643,
        438.3704545454546,
        438.3772727272728,
        438.3772727272728,
        438.3772727272728,
        438.3772727272728,
        438.3772727272728,
        438.3772727272728,
        438.3772727272728,
        438.4386363636364,
        438.45227272727277
      ]
    }
  },
  "per_generation": [
    {
      "gen": 0.0,
      "best": 437.15,
      "mean": -Infinity
    },
    {
      "gen": 1.0,
      "best": 437.15,
      "mean": -Infinity
    },
    {
      "gen": 2.0,
      "best": 437.15,
      "mean": 434.45681818181816
    },
    {
      "gen": 3.0,
      "best": 437.15,
      "mean": 434.45681818181816
    },
    {
      "gen": 4.0,
      "best": 437.15,
      "mean": 434.49772727272716
    },
    {
      "gen": 5.0,
      "best": 437.15,
      "mean": 435.7181818181818
    },
    {
      "gen": 6.0,
      "best": 437.15,
      "mean": 435.7181818181818
    },
    {
      "gen": 7.0,
      "best": 437.15,
      "mean": 435.7181818181818
    },
    {
      "gen": 8.0,
      "best": 437.15,
      "mean": 435.7181818181818
    },
    {
      "gen": 9.0,
      "best": 437.15,
      "mean": 436.18863636363636
    },
    {
      "gen": 10.0,
      "best": 437.15,
      "mean": 436.18863636363636
    },
    {
      "gen": 11.0,
      "best": 437.15,
      "mean": 436.20227272727266
    },
    {
      "gen": 12.0,
      "best": 437.15,
      "mean": 436.29772727272723
    },
    {
      "gen": 13.0,
      "best": 437.15,
      "mean": 436.29772727272723
    },
    {
      "gen": 14.0,
      "best": 437.15,
      "mean": 436.29772727272723
    },
    {
      "gen": 15.0,
      "best": 437.15,
      "mean": 436.29772727272723
    },
    {
      "gen": 16.0,
      "best": 437.9,
      "mean": 437.184090909091
    },
    {
      "gen": 17.0,
      "best": 437.9,
      "mean": 437.2113636363637
    },
    {
      "gen": 18.0,
      "best": 438.2,
      "mean": 437.49772727272733
    },
    {
      "gen": 19.0,
      "best": 438.2,
      "mean": 437.49772727272733
    },
    {
      "gen": 20.0,
      "best": 438.2,
      "mean": 437.49772727272733
    },
    {
      "gen": 21.0,
      "best": 438.2,
      "mean": 437.6136363636364
    },
    {
      "gen": 22.0,
      "best": 438.2,
      "mean": 437.6136363636364
    },
    {
      "gen": 23.0,
      "best": 438.5,
      "mean": 437.7431818181818
    },
    {
      "gen": 24.0,
      "best": 438.5,
      "mean": 437.7431818181818
    },
    {
      "gen": 25.0,
      "best": 438.5,