{
  "algo": "pso",
  "hparams": {
    "generations": 100,
    "popsize": 22,
    "fix_last_gene": true,
    "seed": 808,
    "verbosity": 1,
    "log_every": 1,
    "evals_cap": 10000,
    "w": 0.8660794954659756,
    "c1": 0.9763522975744114,
    "c2": 2.1691751327161435
  },
  "metrics": {
    "best_final": 438.65,
    "auc_best": 43405.27500000008,
    "auc_best_norm": 438.437121212122,
    "runtime_sec": 78.63326025009155,
    "evals_total": -1,
    "budget_triggered": false,
    "stop_reason": "None"
  },
  "diagnostics": {
    "best": {
      "start": 437.0,
      "end": 438.65,
      "delta_abs": 1.6499999999999773,
      "delta_rel": 0.0037757437070937696,
      "max_val": 438.65,
      "argmax": 22,
      "auc_raw": 43405.27500000008,
      "auc_norm": 438.437121212122
    },
    "mean": {
      "start": -Infinity,
      "end": 438.6090909090908,
      "delta_abs": Infinity,
      "delta_rel": NaN,
      "max_val": 438.6090909090908,
      "argmax": 95,
      "auc_raw": -Infinity,
      "auc_norm": -Infinity
    }
  },
  "genomes": {
    "best_genome": [
      1,
      1,
      0,
      1,
      0,
      1,
      0,
      1,
      0,
      1,
      0,
      1,
      0,
      0,
      1,
      0,
      0,
      0,
      0,
      0,
      0,
      0,
      0,
      0,
      0,
      0,
      0,
      0,
      0,
      0,
      0,
      0,
      1
    ],
    "all_best_genomes": null
  },
  "raw": {
    "curves": {
      "best": [
        437.0,
        437.0,
        437.0,
        437.0,
        437.45,
        437.45,
        437.45,
        437.45,
        437.45,
        437.45,
        437.45,
        437.45,
        437.9,
        438.05,
        438.05,
        438.05,
        438.05,
        438.05,
        438.05,
        438.2,
        438.2,
        438.2,
        438.65,
        438.65,
        438.65,
        438.65,
        438.65,
        438.65,
        438.65,
        438.65,
        438.65,
        438.65,
        438.65,
        438.65,
        438.65,
        438.65,
        438.65,
        438.65,
        438.65,
        438.65,
        438.65,
        438.65,
        438.65,
        438.65,
        438.65,
        438.65,
        438.65,
        438.65,
        438.65,
        438.65,
        438.65,
        438.65,
        438.65,
        438.65,
        438.65,
        438.65,
        438.65,
        438.65,
        438.65,
        438.65,
        438.65,
        438.65,
        438.65,
        438.65,
        438.65,
        438.65,
        438.65,
        438.65,
        438.65,
        438.65,
        438.65,
        438.65,
        438.65,
        438.65,
        438.65,
        438.65,
        438.65,
        438.65,
        438.65,
        438.65,
        438.65,
        438.65,
        438.65,
        438.65,
        438.65,
        438.65,
        438.65,
        438.65,
        438.65,
        438.65,
        438.65,
        438.65,
        438.65,
        438.65,
        438.65,
        438.65,
        438.65,
        438.65,
        438.65,
        438.65
      ],
      "mean": [
        -Infinity,
        422.14318181818186,
        422.14318181818186,
        422.4431818181818,
        430.59090909090907,
        430.7136363636364,
        430.7954545454546,
        435.3568181818182,
        436.0863636363637,
        436.16136363636366,
        436.16136363636366,
        436.16136363636366,
        436.31136363636364,
        436.71363636363634,
        436.71363636363634,
        436.87727272727267,
        436.87727272727267,
        436.87727272727267,
        437.075,
        437.40227272727265,
        437.40227272727265,
        437.4295454545454,
        438.1999999999999,
        438.1999999999999,
        438.1999999999999,
        438.1999999999999,
        438.2477272727272,
        438.2477272727272,
        438.2477272727272,
        438.2477272727272,
        438.2477272727272,
        438.26818181818174,
        438.26818181818174,
        438.26818181818174,
        438.26818181818174,
        438.31590909090903,
        438.37727272727267,
        438.37727272727267,
        438.37727272727267,
        438.37727272727267,
        438.37727272727267,
        438.45227272727266,
        438.45227272727266,
        438.45227272727266,
        438.45227272727266,
        438.45227272727266,
        438.47272727272724,
        438.4795454545454,
        438.4795454545454,
        438.4795454545454,
        438.4795454545454,
        438.4795454545454,
        438.4795454545454,
        438.4795454545454,
        438.4795454545454,
        438.4795454545454,
        438.4795454545454,
        438.4795454545454,
        438.4863636363636,
        438.4863636363636,
        438.4863636363636,
        438.4863636363636,
        438.4863636363636,
        438.4863636363636,
        438.4863636363636,
        438.4863636363636,
        438.4863636363636,
        438.4863636363636,
        438.4863636363636,
        438.4863636363636,
        438.4863636363636,
        438.4863636363636,
        438.4863636363636,
        438.4863636363636,
        438.51363636363635,
        438.51363636363635,
        438.51363636363635,
        438.52045454545447,
        438.58863636363634,
        438.58863636363634,
        438.58863636363634,
        438.59545454545446,
        438.59545454545446,
        438.59545454545446,
        438.59545454545446,
        438.59545454545446,
        438.60227272727263,
        438.60227272727263,
        438.60227272727263,
        438.60227272727263,
        438.60227272727263,
        438.60227272727263,
        438.60227272727263,
        438.60227272727263,
        438.60227272727263,
        438.6090909090908,
        438.6090909090908,
        438.6090909090908,
        438.6090909090908,
        438.6090909090908
      ]
    }
  },
  "per_generation": [
    {
      "gen": 0.0,
      "best": 437.0,
      "mean": -Infinity
    },
    {
      "gen": 1.0,
      "best": 437.0,
      "mean": 422.14318181818186
    },
    {
      "gen": 2.0,
      "best": 437.0,
      "mean": 422.14318181818186
    },
    {
      "gen": 3.0,
      "best": 437.0,
      "mean": 422.4431818181818
    },
    {
      "gen": 4.0,
      "best": 437.45,
      "mean": 430.59090909090907
    },
    {
      "gen": 5.0,
      "best": 437.45,
      "mean": 430.7136363636364
    },
    {
      "gen": 6.0,
      "best": 437.45,
      "mean": 430.7954545454546
    },
    {
      "gen": 7.0,
      "best": 437.45,
      "mean": 435.3568181818182
    },
    {
      "gen": 8.0,
      "best": 437.45,
      "mean": 436.0863636363637
    },
    {
      "gen": 9.0,
      "best": 437.45,
      "mean": 436.16136363636366
    },
    {
      "gen": 10.0,
      "best": 437.45,
      "mean": 436.16136363636366
    },
    {
      "gen": 11.0,
      "best": 437.45,
      "mean": 436.16136363636366
    },
    {
      "gen": 12.0,
      "best": 437.9,
      "mean": 436.31136363636364
    },
    {
      "gen": 13.0,
      "best": 438.05,
      "mean": 436.71363636363634
    },
    {
      "gen": 14.0,
      "best": 438.05,
      "mean": 436.71363636363634
    },
    {
      "gen": 15.0,
      "best": 438.05,
      "mean": 436.87727272727267
    },
    {
      "gen": 16.0,
      "best": 438.05,
      "mean": 436.87727272727267
    },
    {
      "gen": 17.0,
      "best": 438.05,
      "mean": 436.87727272727267
    },
    {
      "gen": 18.0,
      "best": 438.05,
      "mean": 437.075
    },
    {
      "gen": 19.0,
      "best": 438.2,
      "mean": 437.40227272727265
    },
    {
      "gen": 20.0,
      "best": 438.2,
      "mean": 437.40227272727265
    },
    {
      "gen": 21.0,
      "best": 438.2,
      "mean": 437.4295454545454
    },
    {
      "gen": 22.0,
      "best": 438.65,
      "mean": 438.1999999999999
    },
    {
      "gen": 23.0,
      "best": 438.65,
      "mean": 438.1999999999999
    },
    {
      "gen": 24.0,
      "best": 438.65,