{
  "algo": "pso",
  "hparams": {
    "generations": 100,
    "popsize": 22,
    "fix_last_gene": true,
    "seed": 808,
    "verbosity": 1,
    "log_every": 1,
    "evals_cap": 10000,
    "w": 0.8459679495273018,
    "c1": 1.442324718924324,
    "c2": 1.9665100147203158
  },
  "metrics": {
    "best_final": 438.65,
    "auc_best": 43393.425000000025,
    "auc_best_norm": 438.31742424242447,
    "runtime_sec": 79.65488028526306,
    "evals_total": -1,
    "budget_triggered": false,
    "stop_reason": "None"
  },
  "diagnostics": {
    "best": {
      "start": 437.0,
      "end": 438.65,
      "delta_abs": 1.6499999999999773,
      "delta_rel": 0.0037757437070937696,
      "max_val": 438.65,
      "argmax": 77,
      "auc_raw": 43393.425000000025,
      "auc_norm": 438.31742424242447
    },
    "mean": {
      "start": -Infinity,
      "end": 438.53409090909093,
      "delta_abs": Infinity,
      "delta_rel": NaN,
      "max_val": 438.53409090909093,
      "argmax": 95,
      "auc_raw": -Infinity,
      "auc_norm": -Infinity
    }
  },
  "genomes": {
    "best_genome": [
      1,
      1,
      0,
      0,
      0,
      1,
      1,
      1,
      0,
      0,
      0,
      0,
      0,
      1,
      0,
      0,
      0,
      0,
      0,
      0,
      0,
      0,
      0,
      0,
      0,
      0,
      0,
      0,
      0,
      0,
      0,
      0,
      1
    ],
    "all_best_genomes": null
  },
  "raw": {
    "curves": {
      "best": [
        437.0,
        437.0,
        437.0,
        437.0,
        437.45,
        437.45,
        437.45,
        437.45,
        437.45,
        437.45,
        437.45,
        437.45,
        437.9,
        438.05,
        438.05,
        438.05,
        438.05,
        438.05,
        438.05,
        438.2,
        438.2,
        438.2,
        438.35,
        438.35,
        438.35,
        438.35,
        438.35,
        438.35,
        438.35,
        438.35,
        438.35,
        438.35,
        438.35,
        438.35,
        438.35,
        438.35,
        438.35,
        438.35,
        438.35,
        438.35,
        438.35,
        438.35,
        438.35,
        438.35,
        438.35,
        438.35,
        438.5,
        438.5,
        438.5,
        438.5,
        438.5,
        438.5,
        438.5,
        438.5,
        438.5,
        438.5,
        438.5,
        438.5,
        438.5,
        438.5,
        438.5,
        438.5,
        438.5,
        438.5,
        438.5,
        438.5,
        438.5,
        438.5,
        438.5,
        438.5,
        438.5,
        438.5,
        438.5,
        438.5,
        438.5,
        438.5,
        438.5,
        438.65,
        438.65,
        438.65,
        438.65,
        438.65,
        438.65,
        438.65,
        438.65,
        438.65,
        438.65,
        438.65,
        438.65,
        438.65,
        438.65,
        438.65,
        438.65,
        438.65,
        438.65,
        438.65,
        438.65,
        438.65,
        438.65,
        438.65
      ],
      "mean": [
        -Infinity,
        422.1363636363636,
        422.1363636363636,
        422.49090909090904,
        426.234090909091,
        427.4068181818182,
        427.51590909090913,
        434.7295454545454,
        435.725,
        435.75227272727267,
        435.7863636363636,
        435.83409090909095,
        435.96363636363634,
        436.1818181818182,
        436.20909090909095,
        436.33181818181816,
        436.33181818181816,
        436.33181818181816,
        436.57727272727266,
        436.93863636363636,
        436.93863636363636,
        437.0545454545454,
        437.70909090909095,
        437.70909090909095,
        437.70909090909095,
        437.70909090909095,
        437.81136363636364,
        437.8181818181818,
        437.8181818181818,
        437.8181818181818,
        437.8181818181818,
        437.83181818181816,
        437.83181818181816,
        437.83181818181816,
        437.83863636363634,
        437.9136363636364,
        438.14545454545464,
        438.14545454545464,
        438.1522727272728,
        438.1522727272728,
        438.1522727272728,
        438.1795454545456,
        438.21363636363645,
        438.21363636363645,
        438.21363636363645,
        438.21363636363645,
        438.25454545454556,
        438.26818181818186,
        438.26818181818186,
        438.2818181818182,
        438.2818181818182,
        438.2818181818182,
        438.2818181818182,
        438.2818181818182,
        438.2818181818182,
        438.2818181818182,
        438.2818181818182,
        438.2954545454546,
        438.3022727272728,
        438.3022727272728,
        438.3022727272728,
        438.3022727272728,
        438.3022727272728,
        438.3022727272728,
        438.3022727272728,
        438.3022727272728,
        438.3022727272728,
        438.3022727272728,
        438.3022727272728,
        438.3022727272728,
        438.3022727272728,
        438.3022727272728,
        438.3022727272728,
        438.3022727272728,
        438.3159090909092,
        438.3159090909092,
        438.3159090909092,
        438.3568181818182,
        438.46590909090907,
        438.46590909090907,
        438.46590909090907,
        438.52045454545447,
        438.52045454545447,
        438.52045454545447,
        438.52045454545447,
        438.52045454545447,
        438.52727272727265,
        438.52727272727265,
        438.52727272727265,
        438.52727272727265,
        438.52727272727265,
        438.52727272727265,
        438.52727272727265,
        438.52727272727265,
        438.52727272727265,
        438.53409090909093,
        438.53409090909093,
        438.53409090909093,
        438.53409090909093,
        438.53409090909093
      ]
    }
  },
  "per_generation": [
    {
      "gen": 0.0,
      "best": 437.0,
      "mean": -Infinity
    },
    {
      "gen": 1.0,
      "best": 437.0,
      "mean": 422.1363636363636
    },
    {
      "gen": 2.0,
      "best": 437.0,
      "mean": 422.1363636363636
    },
    {
      "gen": 3.0,
      "best": 437.0,
      "mean": 422.49090909090904
    },
    {
      "gen": 4.0,
      "best": 437.45,
      "mean": 426.234090909091
    },
    {
      "gen": 5.0,
      "best": 437.45,
      "mean": 427.4068181818182
    },
    {
      "gen": 6.0,
      "best": 437.45,
      "mean": 427.51590909090913
    },
    {
      "gen": 7.0,
      "best": 437.45,
      "mean": 434.7295454545454
    },
    {
      "gen": 8.0,
      "best": 437.45,
      "mean": 435.725
    },
    {
      "gen": 9.0,
      "best": 437.45,
      "mean": 435.75227272727267
    },
    {
      "gen": 10.0,
      "best": 437.45,
      "mean": 435.7863636363636
    },
    {
      "gen": 11.0,
      "best": 437.45,
      "mean": 435.83409090909095
    },
    {
      "gen": 12.0,
      "best": 437.9,
      "mean": 435.96363636363634
    },
    {
      "gen": 13.0,
      "best": 438.05,
      "mean": 436.1818181818182
    },
    {
      "gen": 14.0,
      "best": 438.05,
      "mean": 436.20909090909095
    },
    {
      "gen": 15.0,
      "best": 438.05,
      "mean": 436.33181818181816
    },
    {
      "gen": 16.0,
      "best": 438.05,
      "mean": 436.33181818181816
    },
    {
      "gen": 17.0,
      "best": 438.05,
      "mean": 436.33181818181816
    },
    {
      "gen": 18.0,
      "best": 438.05,
      "mean": 436.57727272727266
    },
    {
      "gen": 19.0,
      "best": 438.2,
      "mean": 436.93863636363636
    },
    {
      "gen": 20.0,
      "best": 438.2,
      "mean": 436.93863636363636
    },
    {
      "gen": 21.0,
      "best": 438.2,
      "mean": 437.0545454545454
    },
    {
      "gen": 22.0,
      "best": 438.35,
      "mean": 437.70909090909095
    },
    {
      "gen": 23.0,
      "best": 438.35,
      "mean": 437.70909090909095
    },
    {
      "gen": 24.0,
      "best": 438.35,
      "mean": 437.70909090909095
    },
    {
      "gen": 25.0,
      "best": 438.35,