{
  "algo": "pso",
  "hparams": {
    "generations": 100,
    "popsize": 22,
    "fix_last_gene": true,
    "seed": 1001,
    "verbosity": 1,
    "log_every": 1,
    "evals_cap": 10000,
    "w": 0.662496955150872,
    "c1": 2.2,
    "c2": 1.4816281322160834
  },
  "metrics": {
    "best_final": 438.5,
    "auc_best": 43357.87499999996,
    "auc_best_norm": 437.958333333333,
    "runtime_sec": 83.49213790893555,
    "evals_total": -1,
    "budget_triggered": false,
    "stop_reason": "None"
  },
  "diagnostics": {
    "best": {
      "start": 436.55,
      "end": 438.5,
      "delta_abs": 1.9499999999999886,
      "delta_rel": 0.004466842286106949,
      "max_val": 438.5,
      "argmax": 88,
      "auc_raw": 43357.87499999996,
      "auc_norm": 437.958333333333
    },
    "mean": {
      "start": -Infinity,
      "end": 438.09090909090907,
      "delta_abs": Infinity,
      "delta_rel": NaN,
      "max_val": 438.09090909090907,
      "argmax": 88,
      "auc_raw": -Infinity,
      "auc_norm": -Infinity
    }
  },
  "genomes": {
    "best_genome": [
      1,
      0,
      0,
      1,
      1,
      1,
      0,
      1,
      0,
      1,
      1,
      0,
      0,
      1,
      1,
      0,
      0,
      0,
      0,
      0,
      0,
      0,
      0,
      1,
      0,
      0,
      0,
      0,
      0,
      0,
      0,
      0,
      1
    ],
    "all_best_genomes": null
  },
  "raw": {
    "curves": {
      "best": [
        436.55,
        436.55,
        436.55,
        437.45,
        437.45,
        437.45,
        437.45,
        437.45,
        437.45,
        437.45,
        437.45,
        437.45,
        437.45,
        437.45,
        437.45,
        437.45,
        437.45,
        437.45,
        437.45,
        437.45,
        437.45,
        437.45,
        437.45,
        438.05,
        438.05,
        438.05,
        438.05,
        438.05,
        438.05,
        438.05,
        438.05,
        438.05,
        438.05,
        438.05,
        438.05,
        438.05,
        438.05,
        438.05,
        438.05,
        438.05,
        438.05,
        438.05,
        438.05,
        438.05,
        438.05,
        438.05,
        438.05,
        438.05,
        438.05,
        438.05,
        438.05,
        438.05,
        438.05,
        438.05,
        438.05,
        438.05,
        438.05,
        438.05,
        438.05,
        438.05,
        438.05,
        438.05,
        438.05,
        438.05,
        438.05,
        438.05,
        438.05,
        438.05,
        438.05,
        438.05,
        438.05,
        438.05,
        438.05,
        438.05,
        438.05,
        438.05,
        438.05,
        438.05,
        438.05,
        438.05,
        438.2,
        438.2,
        438.2,
        438.2,
        438.2,
        438.35,
        438.35,
        438.2,
        438.5,
        438.5,
        438.5,
        438.5,
        438.5,
        438.5,
        438.5,
        438.5,
        438.5,
        438.5,
        438.5,
        438.5
      ],
      "mean": [
        -Infinity,
        420.2613636363636,
        423.4931818181818,
        423.88863636363635,
        424.175,
        424.175,
        424.27727272727265,
        424.67272727272723,
        424.70000000000005,
        424.70000000000005,
        424.74772727272733,
        424.8568181818182,
        434.52500000000003,
        436.70681818181816,
        436.70681818181816,
        436.70681818181816,
        436.70681818181816,
        436.70681818181816,
        436.775,
        436.775,
        436.775,
        436.775,
        436.8227272727272,
        437.15681818181815,
        437.15681818181815,
        437.19090909090903,
        437.19090909090903,
        437.19090909090903,
        437.19090909090903,
        437.19090909090903,
        437.2522727272728,
        437.2522727272728,
        437.2522727272728,
        437.2522727272728,
        437.2795454545454,
        437.2795454545454,
        437.2795454545454,
        437.2795454545454,
        437.2795454545454,
        437.29318181818184,
        437.43636363636375,
        437.4431818181819,
        437.4431818181819,
        437.4431818181819,
        437.59318181818185,
        437.59318181818185,
        437.59318181818185,
        437.59318181818185,
        437.59318181818185,
        437.59318181818185,
        437.72272727272735,
        437.72272727272735,
        437.74318181818194,
        437.74318181818194,
        437.74318181818194,
        437.74318181818194,
        437.74318181818194,
        437.74318181818194,
        437.74318181818194,
        437.74318181818194,
        437.74318181818194,
        437.74318181818194,
        437.74318181818194,
        437.74318181818194,
        437.74318181818194,
        437.74318181818194,
        437.74318181818194,
        437.74318181818194,
        437.74318181818194,
        437.75000000000006,
        437.7704545454546,
        437.7704545454546,
        437.7704545454546,
        437.77727272727276,
        437.77727272727276,
        437.77727272727276,
        437.77727272727276,
        437.8181818181818,
        437.8181818181818,
        437.8181818181818,
        437.8931818181818,
        437.8931818181818,
        437.8931818181818,
        437.8931818181818,
        437.8931818181818,
        437.99545454545455,
        437.99545454545455,
        437.99545454545455,
        438.09090909090907,
        438.09090909090907,
        438.09090909090907,
        438.09090909090907,
        438.09090909090907,
        438.09090909090907,
        438.09090909090907,
        438.09090909090907,
        438.09090909090907,
        438.09090909090907,
        438.09090909090907,
        438.09090909090907
      ]
    }
  },
  "per_generation": [
    {
      "gen": 0.0,
      "best": 436.55,
      "mean": -Infinity
    },
    {
      "gen": 1.0,
      "best": 436.55,
      "mean": 420.2613636363636
    },
    {
      "gen": 2.0,
      "best": 436.55,
      "mean": 423.4931818181818
    },
    {
      "gen": 3.0,
      "best": 437.45,
      "mean": 423.88863636363635
    },
    {
      "gen": 4.0,
      "best": 437.45,
      "mean": 424.175
    },
    {
      "gen": 5.0,
      "best": 437.45,
      "mean": 424.175
    },
    {
      "gen": 6.0,
      "best": 437.45,
      "mean": 424.27727272727265
    },
    {
      "gen": 7.0,
      "best": 437.45,
      "mean": 424.67272727272723
    },
    {
      "gen": 8.0,
      "best": 437.45,
      "mean": 424.70000000000005
    },
    {
      "gen": 9.0,
      "best": 437.45,
      "mean": 424.70000000000005
    },
    {
      "gen": 10.0,
      "best": 437.45,
      "mean": 424.74772727272733
    },
    {
      "gen": 11.0,
      "best": 437.45,
      "mean": 424.8568181818182
    },
    {
      "gen": 12.0,
      "best": 437.45,
      "mean": 434.52500000000003
    },
    {
      "gen": 13.0,
      "best": 437.45,
      "mean": 436.70681818181816
    },
    {
      "gen": 14.0,
      "best": 437.45,
      "mean": 436.70681818181816
    },
    {
      "gen": 15.0,
      "best": 437.45,
      "mean": 436.70681818181816
    },
    {
      "gen": 16.0,
      "best": 437.45,
      "mean": 436.70681818181816
    },
    {
      "gen": 17.0,
      "best": 437.45,
      "mean": 436.70681818181816
    },
    {
      "gen": 18.0,
      "best": 437.45,
      "mean": 436.775
    },
    {
      "gen": 19.0,
      "best": 437.45,
      "mean": 436.775
    },
    {
      "gen": 20.0,
      "best": 437.45,
      "mean": 436.775
    },
    {
      "gen": 21.0,
      "best": 437.45,
      "mean": 436.775
    },
    {
      "gen": 22.0,
      "best": 437.45,
      "mean": 436.8227272727272
    },
    {
      "gen": 23.0,
      "best": 438.05,
      "mean": 437.15681818181815
    },
    {
      "gen": 24.0,
      "best": 438.05,
      "mean": 437.15681818181815
    },
    {
      "gen": 25.0,
      "best": 438.05,
      "mean": 437.19090909090903
    },
    {
      "gen": 26.0,