{
  "algo": "pso",
  "hparams": {
    "generations": 100,
    "popsize": 22,
    "fix_last_gene": true,
    "seed": 909,
    "verbosity": 1,
    "log_every": 1,
    "evals_cap": 10000,
    "w": 0.7701374796469205,
    "c1": 0.8,
    "c2": 2.18816391793743
  },
  "metrics": {
    "best_final": 438.5,
    "auc_best": 43360.64999999997,
    "auc_best_norm": 437.98636363636336,
    "runtime_sec": 83.28266906738281,
    "evals_total": -1,
    "budget_triggered": false,
    "stop_reason": "None"
  },
  "diagnostics": {
    "best": {
      "start": 436.7,
      "end": 438.5,
      "delta_abs": 1.8000000000000114,
      "delta_rel": 0.004121822761621276,
      "max_val": 438.5,
      "argmax": 78,
      "auc_raw": 43360.64999999997,
      "auc_norm": 437.98636363636336
    },
    "mean": {
      "start": -Infinity,
      "end": 438.17272727272723,
      "delta_abs": Infinity,
      "delta_rel": NaN,
      "max_val": 438.17272727272723,
      "argmax": 91,
      "auc_raw": -Infinity,
      "auc_norm": -Infinity
    }
  },
  "genomes": {
    "best_genome": [
      0,
      0,
      1,
      1,
      1,
      1,
      1,
      1,
      0,
      1,
      0,
      0,
      1,
      1,
      1,
      0,
      1,
      0,
      0,
      0,
      0,
      0,
      0,
      0,
      0,
      0,
      0,
      0,
      0,
      0,
      0,
      0,
      1
    ],
    "all_best_genomes": null
  },
  "raw": {
    "curves": {
      "best": [
        436.7,
        436.7,
        436.7,
        436.7,
        436.7,
        436.7,
        436.7,
        436.7,
        436.7,
        437.6,
        437.6,
        437.6,
        437.6,
        437.6,
        437.6,
        437.6,
        437.6,
        437.6,
        437.6,
        437.6,
        437.6,
        437.9,
        437.9,
        437.9,
        437.9,
        437.9,
        437.9,
        437.9,
        437.9,
        438.05,
        438.05,
        438.05,
        438.05,
        438.05,
        438.05,
        438.05,
        438.05,
        438.05,
        438.05,
        438.05,
        438.05,
        438.05,
        438.05,
        438.05,
        438.05,
        438.05,
        438.05,
        438.05,
        438.05,
        438.05,
        438.05,
        438.05,
        438.05,
        438.05,
        438.05,
        438.05,
        438.05,
        438.05,
        438.05,
        438.05,
        438.05,
        438.05,
        438.05,
        438.05,
        438.2,
        438.2,
        438.2,
        438.2,
        438.2,
        438.2,
        438.2,
        438.2,
        438.2,
        438.2,
        438.2,
        438.2,
        438.2,
        438.2,
        438.5,
        438.5,
        438.5,
        438.5,
        438.5,
        438.5,
        438.5,
        438.5,
        438.5,
        438.5,
        438.5,
        438.5,
        438.5,
        438.5,
        438.5,
        438.5,
        438.5,
        438.5,
        438.5,
        438.5,
        438.5,
        438.5
      ],
      "mean": [
        -Infinity,
        -Infinity,
        418.5295454545454,
        435.00227272727267,
        435.00227272727267,
        435.00227272727267,
        435.74545454545455,
        435.74545454545455,
        435.74545454545455,
        436.6318181818182,
        436.6318181818182,
        436.75454545454545,
        436.7886363636364,
        436.85,
        436.85,
        436.85,
        436.8568181818182,
        437.0,
        437.08863636363634,
        437.10909090909087,
        437.10909090909087,
        437.3068181818182,
        437.3068181818182,
        437.3068181818182,
        437.3613636363636,
        437.3613636363636,
        437.3613636363636,
        437.3613636363636,
        437.375,
        437.46363636363634,
        437.46363636363634,
        437.6136363636364,
        437.6136363636364,
        437.6136363636364,
        437.6136363636364,
        437.6136363636364,
        437.6136363636364,
        437.6545454545454,
        437.6545454545454,
        437.6545454545454,
        437.6545454545454,
        437.6545454545454,
        437.6613636363636,
        437.6613636363636,
        437.6613636363636,
        437.6613636363636,
        437.6681818181818,
        437.6681818181818,
        437.6681818181818,
        437.715909090909,
        437.715909090909,
        437.715909090909,
        437.7295454545454,
        437.7295454545454,
        437.7295454545454,
        437.7295454545454,
        437.7295454545454,
        437.7363636363636,
        437.7363636363636,
        437.74999999999994,
        437.74999999999994,
        437.74999999999994,
        437.74999999999994,
        437.74999999999994,
        437.94090909090903,
        437.94090909090903,
        437.94090909090903,
        437.94090909090903,
        437.94090909090903,
        437.94090909090903,
        437.94090909090903,
        437.94090909090903,
        437.94090909090903,
        438.00909090909084,
        438.00909090909084,
        438.00909090909084,
        438.015909090909,
        438.015909090909,
        438.1318181818182,
        438.1318181818182,
        438.1318181818182,
        438.1318181818182,
        438.1318181818182,
        438.1318181818182,
        438.1318181818182,
        438.1318181818182,
        438.1318181818182,
        438.1318181818182,
        438.1318181818182,
        438.1318181818182,
        438.1318181818182,
        438.17272727272723,
        438.17272727272723,
        438.17272727272723,
        438.17272727272723,
        438.17272727272723,
        438.17272727272723,
        438.17272727272723,
        438.17272727272723,
        438.17272727272723
      ]
    }
  },
  "per_generation": [
    {
      "gen": 0.0,
      "best": 436.7,
      "mean": -Infinity
    },
    {
      "gen": 1.0,
      "best": 436.7,
      "mean": -Infinity
    },
    {
      "gen": 2.0,
      "best": 436.7,
      "mean": 418.5295454545454
    },
    {
      "gen": 3.0,
      "best": 436.7,
      "mean": 435.00227272727267
    },
    {
      "gen": 4.0,
      "best": 436.7,
      "mean": 435.00227272727267
    },
    {
      "gen": 5.0,
      "best": 436.7,
      "mean": 435.00227272727267
    },
    {
      "gen": 6.0,
      "best": 436.7,
      "mean": 435.74545454545455
    },
    {
      "gen": 7.0,
      "best": 436.7,
      "mean": 435.74545454545455
    },
    {
      "gen": 8.0,
      "best": 436.7,
      "mean": 435.74545454545455
    },
    {
      "gen": 9.0,
      "best": 437.6,
      "mean": 436.6318181818182
    },
    {
      "gen": 10.0,
      "best": 437.6,
      "mean": 436.6318181818182
    },
    {
      "gen": 11.0,
      "best": 437.6,
      "mean": 436.75454545454545
    },
    {
      "gen": 12.0,
      "best": 437.6,
      "mean": 436.7886363636364
    },
    {
      "gen": 13.0,
      "best": 437.6,
      "mean": 436.85
    },
    {
      "gen": 14.0,
      "best": 437.6,
      "mean": 436.85
    },
    {
      "gen": 15.0,
      "best": 437.6,
      "mean": 436.85
    },
    {
      "gen": 16.0,
      "best": 437.6,
      "mean": 436.8568181818182
    },
    {
      "gen": 17.0,
      "best": 437.6,
      "mean": 437.0
    },
    {
      "gen": 18.0,
      "best": 437.6,
      "mean": 437.08863636363634
    },
    {
      "gen": 19.0,
      "best": 437.6,
      "mean": 437.10909090909087
    },
    {
      "gen": 20.0,
      "best": 437.6,
      "mean": 437.10909090909087
    },
    {
      "gen": 21.0,
      "best": 437.9,
      "mean": 437.3068181818182
    },
    {
      "gen": 22.0,
      "best": 437.9,
      "mean": 437.3068181818182
    },
    {
      "gen": 23.0,
      "best": 437.9,
      "mean": 437.3068181818182
    },
    {
      "gen": 24.0,
      "best": 437.9,
      "mean": 437.3613636363636
    },
    {
      "gen": 25.0,
      "best": 437.9,
      "mean": 437.3613636363636
    },
    {
      "gen": 26.0,
      "best": 437.9,
      "mean": 437.3613636363636
    },
    {
      "gen": 27.0,
      "best": 437.9,