{
  "algo": "pso",
  "hparams": {
    "generations": 100,
    "popsize": 22,
    "fix_last_gene": true,
    "seed": 1001,
    "verbosity": 1,
    "log_every": 1,
    "evals_cap": 10000,
    "w": 0.42111360911608425,
    "c1": 1.2929030528812802,
    "c2": 1.4392445186473384
  },
  "metrics": {
    "best_final": 438.2,
    "auc_best": 43329.22499999997,
    "auc_best_norm": 437.66893939393907,
    "runtime_sec": 79.88090419769287,
    "evals_total": -1,
    "budget_triggered": false,
    "stop_reason": "None"
  },
  "diagnostics": {
    "best": {
      "start": 436.55,
      "end": 438.2,
      "delta_abs": 1.6499999999999773,
      "delta_rel": 0.0037796357805520036,
      "max_val": 438.2,
      "argmax": 85,
      "auc_raw": 43329.22499999997,
      "auc_norm": 437.66893939393907
    },
    "mean": {
      "start": -Infinity,
      "end": 437.97499999999997,
      "delta_abs": Infinity,
      "delta_rel": NaN,
      "max_val": 437.97499999999997,
      "argmax": 88,
      "auc_raw": -Infinity,
      "auc_norm": -Infinity
    }
  },
  "genomes": {
    "best_genome": [
      1,
      0,
      0,
      1,
      1,
      1,
      0,
      1,
      0,
      1,
      1,
      0,
      0,
      1,
      1,
      0,
      0,
      0,
      0,
      0,
      0,
      0,
      0,
      1,
      0,
      0,
      0,
      0,
      1,
      0,
      0,
      0,
      1
    ],
    "all_best_genomes": null
  },
  "raw": {
    "curves": {
      "best": [
        436.55,
        436.55,
        436.55,
        436.55,
        436.55,
        436.55,
        436.55,
        436.55,
        436.55,
        436.55,
        436.55,
        436.55,
        436.55,
        437.3,
        437.3,
        437.3,
        437.3,
        437.3,
        437.3,
        437.3,
        437.3,
        437.3,
        437.3,
        437.3,
        437.3,
        437.3,
        437.3,
        437.3,
        437.3,
        437.3,
        437.45,
        437.45,
        437.45,
        437.45,
        437.45,
        437.45,
        437.45,
        437.45,
        437.45,
        437.45,
        437.45,
        437.45,
        437.45,
        437.45,
        438.05,
        438.05,
        438.05,
        438.05,
        438.05,
        438.05,
        438.05,
        438.05,
        438.05,
        438.05,
        438.05,
        438.05,
        438.05,
        438.05,
        438.05,
        438.05,
        438.05,
        438.05,
        438.05,
        438.05,
        438.05,
        438.05,
        438.05,
        438.05,
        438.05,
        438.05,
        438.05,
        438.05,
        438.05,
        438.05,
        438.05,
        438.05,
        438.05,
        438.05,
        438.05,
        438.05,
        438.05,
        438.05,
        438.05,
        438.05,
        438.05,
        438.2,
        438.2,
        438.2,
        438.2,
        438.2,
        438.2,
        438.2,
        438.2,
        438.2,
        438.2,
        438.2,
        438.2,
        438.2,
        438.2,
        438.2
      ],
      "mean": [
        -Infinity,
        420.27500000000003,
        424.52272727272737,
        424.8022727272728,
        424.9113636363636,
        424.9113636363636,
        424.925,
        425.19090909090903,
        425.19090909090903,
        425.19090909090903,
        425.2386363636364,
        425.25227272727267,
        427.33863636363634,
        435.8545454545454,
        435.8545454545454,
        435.8545454545454,
        435.8545454545454,
        435.86818181818177,
        435.97045454545446,
        436.05227272727274,
        436.05227272727274,
        436.05227272727274,
        436.20227272727266,
        436.3113636363636,
        436.3113636363636,
        436.31818181818176,
        436.31818181818176,
        436.31818181818176,
        436.31818181818176,
        436.31818181818176,
        436.71363636363634,
        436.7477272727272,
        436.7477272727272,
        436.7477272727272,
        436.81590909090914,
        436.84318181818185,
        436.84318181818185,
        436.84318181818185,
        436.84318181818185,
        436.9318181818182,
        436.9318181818182,
        436.9318181818182,
        436.9318181818182,
        436.9318181818182,
        437.19090909090914,
        437.19090909090914,
        437.19090909090914,
        437.19090909090914,
        437.19090909090914,
        437.19090909090914,
        437.27272727272725,
        437.27272727272725,
        437.3,
        437.3,
        437.3,
        437.3,
        437.3,
        437.3,
        437.3,
        437.3,
        437.34090909090907,
        437.34090909090907,
        437.3545454545454,
        437.3545454545454,
        437.3545454545454,
        437.3545454545454,
        437.3545454545454,
        437.3545454545454,
        437.3545454545454,
        437.3545454545454,
        437.3545454545454,
        437.3545454545454,
        437.3545454545454,
        437.3545454545454,
        437.3545454545454,
        437.3545454545454,
        437.3545454545454,
        437.3545454545454,
        437.3545454545454,
        437.3545454545454,
        437.5113636363636,
        437.5113636363636,
        437.5113636363636,
        437.5113636363636,
        437.5113636363636,
        437.8931818181818,
        437.8931818181818,
        437.8931818181818,
        437.97499999999997,
        437.97499999999997,
        437.97499999999997,
        437.97499999999997,
        437.97499999999997,
        437.97499999999997,
        437.97499999999997,
        437.97499999999997,
        437.97499999999997,
        437.97499999999997,
        437.97499999999997,
        437.97499999999997
      ]
    }
  },
  "per_generation": [
    {
      "gen": 0.0,
      "best": 436.55,
      "mean": -Infinity
    },
    {
      "gen": 1.0,
      "best": 436.55,
      "mean": 420.27500000000003
    },
    {
      "gen": 2.0,
      "best": 436.55,
      "mean": 424.52272727272737
    },
    {
      "gen": 3.0,
      "best": 436.55,
      "mean": 424.8022727272728
    },
    {
      "gen": 4.0,
      "best": 436.55,
      "mean": 424.9113636363636
    },
    {
      "gen": 5.0,
      "best": 436.55,
      "mean": 424.9113636363636
    },
    {
      "gen": 6.0,
      "best": 436.55,
      "mean": 424.925
    },
    {
      "gen": 7.0,
      "best": 436.55,
      "mean": 425.19090909090903
    },
    {
      "gen": 8.0,
      "best": 436.55,
      "mean": 425.19090909090903
    },
    {
      "gen": 9.0,
      "best": 436.55,
      "mean": 425.19090909090903
    },
    {
      "gen": 10.0,
      "best": 436.55,
      "mean": 425.2386363636364
    },
    {
      "gen": 11.0,
      "best": 436.55,
      "mean": 425.25227272727267
    },
    {
      "gen": 12.0,
      "best": 436.55,
      "mean": 427.33863636363634
    },
    {
      "gen": 13.0,
      "best": 437.3,
      "mean": 435.8545454545454
    },
    {
      "gen": 14.0,
      "best": 437.3,
      "mean": 435.8545454545454
    },
    {
      "gen": 15.0,
      "best": 437.3,
      "mean": 435.8545454545454
    },
    {
      "gen": 16.0,
      "best": 437.3,
      "mean": 435.8545454545454
    },
    {
      "gen": 17.0,
      "best": 437.3,
      "mean": 435.86818181818177
    },
    {
      "gen": 18.0,
      "best": 437.3,
      "mean": 435.97045454545446
    },
    {
      "gen": 19.0,
      "best": 437.3,
      "mean": 436.05227272727274
    },
    {
      "gen": 20.0,
      "best": 437.3,
      "mean": 436.05227272727274
    },
    {
      "gen": 21.0,
      "best": 437.3,
      "mean": 436.05227272727274
    },
    {
      "gen": 22.0,
      "best": 437.3,
      "mean": 436.20227272727266
    },
    {
      "gen": 23.0,
      "best": 437.3,
      "mean": 436.3113636363636
    },
    {
      "gen": 24.0,
      "best": 437.3,
      "mean": 436.3113636363636
    },
    {
      "gen": 25.0,
      "best": 437.3,
      "mean": 436.31818181818176
    },
    {
      "gen": 26.0,
      "best": 437.3,