{
  "algo": "pso",
  "hparams": {
    "generations": 100,
    "popsize": 22,
    "fix_last_gene": true,
    "seed": 606,
    "verbosity": 1,
    "log_every": 1,
    "evals_cap": 10000,
    "w": 0.9187226721243509,
    "c1": 1.3736814976934224,
    "c2": 0.8
  },
  "metrics": {
    "best_final": 438.65,
    "auc_best": 43394.10000000008,
    "auc_best_norm": 438.3242424242432,
    "runtime_sec": 83.32577085494995,
    "evals_total": -1,
    "budget_triggered": false,
    "stop_reason": "None"
  },
  "diagnostics": {
    "best": {
      "start": 435.35,
      "end": 438.65,
      "delta_abs": 3.2999999999999545,
      "delta_rel": 0.007580107959113252,
      "max_val": 438.65,
      "argmax": 18,
      "auc_raw": 43394.10000000008,
      "auc_norm": 438.3242424242432
    },
    "mean": {
      "start": -Infinity,
      "end": 438.64999999999986,
      "delta_abs": Infinity,
      "delta_rel": NaN,
      "max_val": 438.64999999999986,
      "argmax": 99,
      "auc_raw": -Infinity,
      "auc_norm": -Infinity
    }
  },
  "genomes": {
    "best_genome": [
      1,
      1,
      1,
      0,
      1,
      1,
      0,
      0,
      0,
      0,
      1,
      0,
      1,
      0,
      0,
      0,
      0,
      0,
      0,
      0,
      0,
      0,
      0,
      0,
      0,
      0,
      0,
      0,
      0,
      0,
      0,
      0,
      1
    ],
    "all_best_genomes": null
  },
  "raw": {
    "curves": {
      "best": [
        435.35,
        435.5,
        435.5,
        435.5,
        435.95,
        437.0,
        437.0,
        437.0,
        437.0,
        437.0,
        437.0,
        437.0,
        437.45,
        437.45,
        437.45,
        437.45,
        437.6,
        437.6,
        438.65,
        438.65,
        438.65,
        438.65,
        438.65,
        438.65,
        438.65,
        438.65,
        438.65,
        438.65,
        438.65,
        438.65,
        438.65,
        438.65,
        438.65,
        438.65,
        438.65,
        438.65,
        438.65,
        438.65,
        438.65,
        438.65,
        438.65,
        438.65,
        438.65,
        438.65,
        438.65,
        438.65,
        438.65,
        438.65,
        438.65,
        438.65,
        438.65,
        438.65,
        438.65,
        438.65,
        438.65,
        438.65,
        438.65,
        438.65,
        438.65,
        438.65,
        438.65,
        438.65,
        438.65,
        438.65,
        438.65,
        438.65,
        438.65,
        438.65,
        438.65,
        438.65,
        438.65,
        438.65,
        438.65,
        438.65,
        438.65,
        438.65,
        438.65,
        438.65,
        438.65,
        438.65,
        438.65,
        438.65,
        438.65,
        438.65,
        438.65,
        438.65,
        438.65,
        438.65,
        438.65,
        438.65,
        438.65,
        438.65,
        438.65,
        438.65,
        438.65,
        438.65,
        438.65,
        438.65,
        438.65,
        438.65
      ],
      "mean": [
        -Infinity,
        426.4863636363636,
        427.42727272727274,
        434.81136363636364,
        434.92045454545456,
        435.09090909090907,
        435.21363636363634,
        435.39772727272737,
        435.39772727272737,
        435.43181818181824,
        435.4454545454546,
        435.6636363636364,
        436.1886363636364,
        436.2159090909092,
        436.38636363636374,
        436.59772727272735,
        437.0068181818182,
        437.0068181818182,
        437.3613636363635,
        437.3613636363635,
        437.3613636363635,
        437.47727272727263,
        437.47727272727263,
        437.47727272727263,
        437.47727272727263,
        437.47727272727263,
        437.47727272727263,
        437.51818181818174,
        437.58636363636356,
        437.58636363636356,
        437.58636363636356,
        437.58636363636356,
        437.8113636363636,
        437.84545454545446,
        437.84545454545446,
        438.20000000000005,
        438.20000000000005,
        438.2068181818182,
        438.2068181818182,
        438.2068181818182,
        438.2068181818182,
        438.2068181818182,
        438.2068181818182,
        438.2068181818182,
        438.26136363636374,
        438.26136363636374,
        438.34318181818185,
        438.34318181818185,
        438.34318181818185,
        438.34318181818185,
        438.34318181818185,
        438.34318181818185,
        438.34318181818185,
        438.34318181818185,
        438.34318181818185,
        438.34318181818185,
        438.34318181818185,
        438.34318181818185,
        438.34318181818185,
        438.3909090909092,
        438.3909090909092,
        438.45227272727277,
        438.45227272727277,
        438.5545454545454,
        438.5545454545454,
        438.58181818181805,
        438.58181818181805,
        438.58181818181805,
        438.58181818181805,
        438.58181818181805,
        438.58181818181805,
        438.58181818181805,
        438.58181818181805,
        438.58181818181805,
        438.58181818181805,
        438.58181818181805,
        438.60227272727263,
        438.6090909090908,
        438.6090909090908,
        438.6090909090908,
        438.6090909090908,
        438.62272727272716,
        438.62272727272716,
        438.62272727272716,
        438.62272727272716,
        438.62272727272716,
        438.62272727272716,
        438.62272727272716,
        438.62272727272716,
        438.62272727272716,
        438.62272727272716,
        438.6295454545453,
        438.6295454545453,
        438.6295454545453,
        438.6295454545453,
        438.64318181818174,
        438.64318181818174,
        438.64318181818174,
        438.64318181818174,
        438.64999999999986
      ]
    }
  },
  "per_generation": [
    {
      "gen": 0.0,
      "best": 435.35,
      "mean": -Infinity
    },
    {
      "gen": 1.0,
      "best": 435.5,
      "mean": 426.4863636363636
    },
    {
      "gen": 2.0,
      "best": 435.5,
      "mean": 427.42727272727274
    },
    {
      "gen": 3.0,
      "best": 435.5,
      "mean": 434.81136363636364
    },
    {
      "gen": 4.0,
      "best": 435.95,
      "mean": 434.92045454545456
    },
    {
      "gen": 5.0,
      "best": 437.0,
      "mean": 435.09090909090907
    },
    {
      "gen": 6.0,
      "best": 437.0,
      "mean": 435.21363636363634
    },
    {
      "gen": 7.0,
      "best": 437.0,
      "mean": 435.39772727272737
    },
    {
      "gen": 8.0,
      "best": 437.0,
      "mean": 435.39772727272737
    },
    {
      "gen": 9.0,
      "best": 437.0,
      "mean": 435.43181818181824
    },
    {
      "gen": 10.0,
      "best": 437.0,
      "mean": 435.4454545454546
    },
    {
      "gen": 11.0,
      "best": 437.0,
      "mean": 435.6636363636364
    },
    {
      "gen": 12.0,
      "best": 437.45,
      "mean": 436.1886363636364
    },
    {
      "gen": 13.0,
      "best": 437.45,
      "mean": 436.2159090909092
    },
    {
      "gen": 14.0,
      "best": 437.45,
      "mean": 436.38636363636374
    },
    {
      "gen": 15.0,
      "best": 437.45,
      "mean": 436.59772727272735
    },
    {
      "gen": 16.0,
      "best": 437.6,
      "mean": 437.0068181818182
    },
    {
      "gen": 17.0,
      "best": 437.6,
      "mean": 437.0068181818182
    },
    {
      "gen": 18.0,
      "best": 438.65,
      "mean": 437.3613636363635
    },
    {
      "gen": 19.0,
      "best": 438.65,
      "mean": 437.3613636363635
    },
    {
      "gen": 20.0,
      "best": 438.65,
      "mean": 437.3613636363635
    },
    {
      "gen": 21.0,
      "best": 438.65,
      "mean": 437.47727272727263
    },
    {
      "gen": 22.0,
      "best": 438.65,
      "mean": 437.47727272727263
    },
    {
      "gen": 23.0,
      "best": 438.65,
      "mean": 437.47727272727263
    },
    {
      "gen": 24.0,
      "best": 438.65,