{
  "algo": "pso",
  "hparams": {
    "generations": 100,
    "popsize": 22,
    "fix_last_gene": true,
    "seed": 1102,
    "verbosity": 1,
    "log_every": 1,
    "evals_cap": 10000,
    "w": 0.4562806252657395,
    "c1": 0.8277464344275344,
    "c2": 2.1869516967157443
  },
  "metrics": {
    "best_final": 438.05,
    "auc_best": 43358.32500000003,
    "auc_best_norm": 437.9628787878791,
    "runtime_sec": 71.28543519973755,
    "evals_total": -1,
    "budget_triggered": false,
    "stop_reason": "None"
  },
  "diagnostics": {
    "best": {
      "start": 437.3,
      "end": 438.05,
      "delta_abs": 0.75,
      "delta_rel": 0.0017150697461696775,
      "max_val": 438.05,
      "argmax": 12,
      "auc_raw": 43358.32500000003,
      "auc_norm": 437.9628787878791
    },
    "mean": {
      "start": -Infinity,
      "end": 437.73636363636365,
      "delta_abs": Infinity,
      "delta_rel": NaN,
      "max_val": 437.73636363636365,
      "argmax": 95,
      "auc_raw": -Infinity,
      "auc_norm": -Infinity
    }
  },
  "genomes": {
    "best_genome": [
      0,
      0,
      0,
      0,
      1,
      1,
      0,
      1,
      1,
      0,
      0,
      0,
      0,
      1,
      0,
      1,
      0,
      0,
      0,
      1,
      0,
      0,
      0,
      1,
      0,
      0,
      0,
      0,
      0,
      0,
      0,
      0,
      1
    ],
    "all_best_genomes": null
  },
  "raw": {
    "curves": {
      "best": [
        437.3,
        437.3,
        437.3,
        437.3,
        437.3,
        437.3,
        437.3,
        437.3,
        437.3,
        437.3,
        437.3,
        437.3,
        438.05,
        438.05,
        438.05,
        438.05,
        438.05,
        438.05,
        438.05,
        438.05,
        438.05,
        438.05,
        438.05,
        438.05,
        438.05,
        438.05,
        438.05,
        438.05,
        438.05,
        438.05,
        438.05,
        438.05,
        438.05,
        438.05,
        438.05,
        438.05,
        438.05,
        438.05,
        438.05,
        438.05,
        438.05,
        438.05,
        438.05,
        438.05,
        438.05,
        438.05,
        438.05,
        438.05,
        438.05,
        438.05,
        438.05,
        438.05,
        438.05,
        438.05,
        438.05,
        438.05,
        438.05,
        438.05,
        438.05,
        438.05,
        438.05,
        438.05,
        438.05,
        438.05,
        438.05,
        438.05,
        438.05,
        438.05,
        438.05,
        438.05,
        438.05,
        438.05,
        438.05,
        438.05,
        438.05,
        438.05,
        438.05,
        438.05,
        438.05,
        438.05,
        438.05,
        438.05,
        438.05,
        438.05,
        438.05,
        438.05,
        438.05,
        438.05,
        438.05,
        438.05,
        438.05,
        438.05,
        438.05,
        438.05,
        438.05,
        438.05,
        438.05,
        438.05,
        438.05,
        438.05
      ],
      "mean": [
        -Infinity,
        433.54318181818184,
        434.86590909090916,
        434.96818181818185,
        435.09772727272724,
        435.09772727272724,
        435.09772727272724,
        435.15227272727276,
        435.31590909090914,
        436.3931818181818,
        436.40681818181815,
        436.40681818181815,
        436.93863636363636,
        436.95227272727266,
        436.95227272727266,
        437.0,
        437.0,
        437.04090909090905,
        437.1090909090908,
        437.1090909090908,
        437.1090909090908,
        437.1090909090908,
        437.1090909090908,
        437.1090909090908,
        437.1090909090908,
        437.1090909090908,
        437.1090909090908,
        437.1090909090908,
        437.1090909090908,
        437.1090909090908,
        437.115909090909,
        437.115909090909,
        437.115909090909,
        437.3613636363635,
        437.3613636363635,
        437.3613636363635,
        437.37499999999994,
        437.37499999999994,
        437.55909090909086,
        437.55909090909086,
        437.55909090909086,
        437.55909090909086,
        437.55909090909086,
        437.6,
        437.6,
        437.6,
        437.6,
        437.6,
        437.6,
        437.6,
        437.6,
        437.6,
        437.6,
        437.6,
        437.6,
        437.6,
        437.6,
        437.6,
        437.6,
        437.6,
        437.6,
        437.6,
        437.6,
        437.6,
        437.6,
        437.64772727272725,
        437.64772727272725,
        437.64772727272725,
        437.64772727272725,
        437.64772727272725,
        437.64772727272725,
        437.64772727272725,
        437.64772727272725,
        437.64772727272725,
        437.64772727272725,
        437.64772727272725,
        437.64772727272725,
        437.64772727272725,
        437.64772727272725,
        437.64772727272725,
        437.6545454545454,
        437.6545454545454,
        437.6545454545454,
        437.6954545454546,
        437.6954545454546,
        437.6954545454546,
        437.6954545454546,
        437.6954545454546,
        437.6954545454546,
        437.6954545454546,
        437.6954545454546,
        437.6954545454546,
        437.72954545454553,
        437.72954545454553,
        437.72954545454553,
        437.73636363636365,
        437.73636363636365,
        437.73636363636365,
        437.73636363636365,
        437.73636363636365
      ]
    }
  },
  "per_generation": [
    {
      "gen": 0.0,
      "best": 437.3,
      "mean": -Infinity
    },
    {
      "gen": 1.0,
      "best": 437.3,
      "mean": 433.54318181818184
    },
    {
      "gen": 2.0,
      "best": 437.3,
      "mean": 434.86590909090916
    },
    {
      "gen": 3.0,
      "best": 437.3,
      "mean": 434.96818181818185
    },
    {
      "gen": 4.0,
      "best": 437.3,
      "mean": 435.09772727272724
    },
    {
      "gen": 5.0,
      "best": 437.3,
      "mean": 435.09772727272724
    },
    {
      "gen": 6.0,
      "best": 437.3,
      "mean": 435.09772727272724
    },
    {
      "gen": 7.0,
      "best": 437.3,
      "mean": 435.15227272727276
    },
    {
      "gen": 8.0,
      "best": 437.3,
      "mean": 435.31590909090914
    },
    {
      "gen": 9.0,
      "best": 437.3,
      "mean": 436.3931818181818
    },
    {
      "gen": 10.0,
      "best": 437.3,
      "mean": 436.40681818181815
    },
    {
      "gen": 11.0,
      "best": 437.3,
      "mean": 436.40681818181815
    },
    {
      "gen": 12.0,
      "best": 438.05,
      "mean": 436.93863636363636
    },
    {
      "gen": 13.0,
      "best": 438.05,
      "mean": 436.95227272727266
    },
    {
      "gen": 14.0,
      "best": 438.05,
      "mean": 436.95227272727266
    },
    {
      "gen": 15.0,
      "best": 438.05,
      "mean": 437.0
    },
    {
      "gen": 16.0,
      "best": 438.05,
      "mean": 437.0
    },
    {
      "gen": 17.0,
      "best": 438.05,
      "mean": 437.04090909090905
    },
    {
      "gen": 18.0,
      "best": 438.05,
      "mean": 437.1090909090908
    },
    {
      "gen": 19.0,
      "best": 438.05,
      "mean": 437.1090909090908
    },
    {
      "gen": 20.0,
      "best": 438.05,
      "mean": 437.1090909090908
    },
    {
      "gen": 21.0,
      "best": 438.05,
      "mean": 437.1090909090908
    },
    {
      "gen": 22.0,
      "best": 438.05,
      "mean": 437.1090909090908
    },
    {
      "gen": 23.0,
      "best": 438.05,
      "mean": 437.1090909090908
    },
    {
      "gen": 24.0,
      "best": 438.05,
      "mean": 437.1090909090908
    },
    {
      "gen": 25.0,
      "best": 438.05,
      "mean": 437.1090909090908
    },
    {
      "gen": 26.0,
      "best": 438.05,
      "mean": 437.1090909090908
    },
    {
      "gen": 27.0,
      "best": 438.05,
      "mean": 437.1090909090908
    },
    {
      "gen": 28.0,
      "best": 438.05,