{
  "algo": "pso",
  "hparams": {
    "generations": 100,
    "popsize": 22,
    "fix_last_gene": true,
    "seed": 404,
    "verbosity": 1,
    "log_every": 1,
    "evals_cap": 10000,
    "w": 0.7995008840973862,
    "c1": 1.475757491653264,
    "c2": 2.2
  },
  "metrics": {
    "best_final": 438.2,
    "auc_best": 43356.67499999995,
    "auc_best_norm": 437.94621212121166,
    "runtime_sec": 77.65740895271301,
    "evals_total": -1,
    "budget_triggered": false,
    "stop_reason": "None"
  },
  "diagnostics": {
    "best": {
      "start": 436.25,
      "end": 438.2,
      "delta_abs": 1.9499999999999886,
      "delta_rel": 0.004469914040114587,
      "max_val": 438.2,
      "argmax": 41,
      "auc_raw": 43356.67499999995,
      "auc_norm": 437.94621212121166
    },
    "mean": {
      "start": -Infinity,
      "end": 437.940909090909,
      "delta_abs": Infinity,
      "delta_rel": NaN,
      "max_val": 437.940909090909,
      "argmax": 95,
      "auc_raw": -Infinity,
      "auc_norm": -Infinity
    }
  },
  "genomes": {
    "best_genome": [
      1,
      0,
      0,
      1,
      0,
      0,
      1,
      0,
      0,
      0,
      0,
      1,
      1,
      1,
      0,
      0,
      1,
      0,
      1,
      0,
      0,
      0,
      0,
      0,
      0,
      0,
      0,
      0,
      0,
      0,
      0,
      0,
      1
    ],
    "all_best_genomes": null
  },
  "raw": {
    "curves": {
      "best": [
        436.25,
        436.25,
        436.7,
        436.7,
        436.85,
        436.85,
        437.3,
        437.3,
        437.3,
        437.3,
        437.45,
        437.45,
        437.45,
        437.45,
        437.45,
        437.45,
        437.45,
        437.45,
        437.9,
        437.9,
        437.9,
        437.9,
        437.9,
        437.9,
        437.9,
        437.9,
        437.9,
        437.9,
        437.9,
        437.9,
        437.9,
        437.9,
        437.9,
        437.9,
        437.9,
        437.9,
        437.9,
        437.9,
        437.9,
        437.9,
        437.9,
        438.2,
        438.2,
        438.2,
        438.2,
        438.2,
        438.2,
        438.2,
        438.2,
        438.2,
        438.2,
        438.2,
        438.2,
        438.2,
        438.2,
        438.2,
        438.2,
        438.2,
        438.2,
        438.2,
        438.2,
        438.2,
        438.2,
        438.2,
        438.2,
        438.2,
        438.2,
        438.2,
        438.2,
        438.2,
        438.2,
        438.2,
        438.2,
        438.2,
        438.2,
        438.2,
        438.2,
        438.2,
        438.2,
        438.2,
        438.2,
        438.2,
        438.2,
        438.2,
        438.2,
        438.2,
        438.2,
        438.2,
        438.2,
        438.2,
        438.2,
        438.2,
        438.2,
        438.2,
        438.2,
        438.2,
        438.2,
        438.2,
        438.2,
        438.2
      ],
      "mean": [
        -Infinity,
        -Infinity,
        -Infinity,
        431.24545454545455,
        432.60227272727275,
        432.60227272727275,
        436.13409090909096,
        436.13409090909096,
        436.13409090909096,
        436.2295454545454,
        436.50227272727267,
        436.68636363636364,
        437.04090909090905,
        437.04090909090905,
        437.04090909090905,
        437.04090909090905,
        437.04090909090905,
        437.04090909090905,
        437.29999999999995,
        437.29999999999995,
        437.29999999999995,
        437.29999999999995,
        437.34090909090907,
        437.34772727272724,
        437.34772727272724,
        437.34772727272724,
        437.3613636363636,
        437.3613636363636,
        437.3613636363636,
        437.3613636363636,
        437.3613636363636,
        437.3613636363636,
        437.3613636363636,
        437.4431818181819,
        437.45000000000005,
        437.45000000000005,
        437.45000000000005,
        437.45000000000005,
        437.45000000000005,
        437.45000000000005,
        437.5863636363637,
        437.64772727272725,
        437.64772727272725,
        437.65454545454554,
        437.66818181818184,
        437.66818181818184,
        437.66818181818184,
        437.66818181818184,
        437.66818181818184,
        437.66818181818184,
        437.66818181818184,
        437.66818181818184,
        437.66818181818184,
        437.7363636363636,
        437.7363636363636,
        437.7363636363636,
        437.7363636363636,
        437.7363636363636,
        437.7568181818182,
        437.7568181818182,
        437.7568181818182,
        437.7568181818182,
        437.7568181818182,
        437.7568181818182,
        437.7568181818182,
        437.7568181818182,
        437.7568181818182,
        437.7704545454546,
        437.7704545454546,
        437.7704545454546,
        437.7704545454546,
        437.7704545454546,
        437.7704545454546,
        437.7704545454546,
        437.7704545454546,
        437.7704545454546,
        437.7704545454546,
        437.7704545454546,
        437.81136363636364,
        437.81136363636364,
        437.81136363636364,
        437.81136363636364,
        437.8181818181818,
        437.8181818181818,
        437.8181818181818,
        437.8181818181818,
        437.8181818181818,
        437.8181818181818,
        437.89318181818174,
        437.89318181818174,
        437.89318181818174,
        437.89318181818174,
        437.89318181818174,
        437.90681818181815,
        437.90681818181815,
        437.940909090909,
        437.940909090909,
        437.940909090909,
        437.940909090909,
        437.940909090909
      ]
    }
  },
  "per_generation": [
    {
      "gen": 0.0,
      "best": 436.25,
      "mean": -Infinity
    },
    {
      "gen": 1.0,
      "best": 436.25,
      "mean": -Infinity
    },
    {
      "gen": 2.0,
      "best": 436.7,
      "mean": -Infinity
    },
    {
      "gen": 3.0,
      "best": 436.7,
      "mean": 431.24545454545455
    },
    {
      "gen": 4.0,
      "best": 436.85,
      "mean": 432.60227272727275
    },
    {
      "gen": 5.0,
      "best": 436.85,
      "mean": 432.60227272727275
    },
    {
      "gen": 6.0,
      "best": 437.3,
      "mean": 436.13409090909096
    },
    {
      "gen": 7.0,
      "best": 437.3,
      "mean": 436.13409090909096
    },
    {
      "gen": 8.0,
      "best": 437.3,
      "mean": 436.13409090909096
    },
    {
      "gen": 9.0,
      "best": 437.3,
      "mean": 436.2295454545454
    },
    {
      "gen": 10.0,
      "best": 437.45,
      "mean": 436.50227272727267
    },
    {
      "gen": 11.0,
      "best": 437.45,
      "mean": 436.68636363636364
    },
    {
      "gen": 12.0,
      "best": 437.45,
      "mean": 437.04090909090905
    },
    {
      "gen": 13.0,
      "best": 437.45,
      "mean": 437.04090909090905
    },
    {
      "gen": 14.0,
      "best": 437.45,
      "mean": 437.04090909090905
    },
    {
      "gen": 15.0,
      "best": 437.45,
      "mean": 437.04090909090905
    },
    {
      "gen": 16.0,
      "best": 437.45,
      "mean": 437.04090909090905
    },
    {
      "gen": 17.0,
      "best": 437.45,
      "mean": 437.04090909090905
    },
    {
      "gen": 18.0,
      "best": 437.9,
      "mean": 437.29999999999995
    },
    {
      "gen": 19.0,
      "best": 437.9,
      "mean": 437.29999999999995
    },
    {
      "gen": 20.0,
      "best": 437.9,
      "mean": 437.29999999999995
    },
    {
      "gen": 21.0,
      "best": 437.9,
      "mean": 437.29999999999995
    },
    {
      "gen": 22.0,
      "best": 437.9,
      "mean": 437.34090909090907
    },
    {
      "gen": 23.0,
      "best": 437.9,
      "mean": 437.34772727272724
    },
    {
      "gen": 24.0,
      "best": 437.9,
      "mean": 437.34772727272724
    },
    {
      "gen": 25.0,
      "best": 437.9,
      "mean": 437.34772727272724
    },
    {
      "gen": 26.0,
      "best": 437.9,