{
  "algo": "pso",
  "hparams": {
    "generations": 100,
    "popsize": 22,
    "fix_last_gene": true,
    "seed": 303,
    "verbosity": 1,
    "log_every": 1,
    "evals_cap": 10000,
    "w": 0.5684553981925328,
    "c1": 1.5592708297559037,
    "c2": 0.8
  },
  "metrics": {
    "best_final": 438.35,
    "auc_best": 43353.97499999991,
    "auc_best_norm": 437.9189393939385,
    "runtime_sec": 63.87152600288391,
    "evals_total": -1,
    "budget_triggered": false,
    "stop_reason": "None"
  },
  "diagnostics": {
    "best": {
      "start": 436.1,
      "end": 438.35,
      "delta_abs": 2.25,
      "delta_rel": 0.00515936711763357,
      "max_val": 438.35,
      "argmax": 92,
      "auc_raw": 43353.97499999991,
      "auc_norm": 437.9189393939385
    },
    "mean": {
      "start": -Infinity,
      "end": 438.13181818181823,
      "delta_abs": Infinity,
      "delta_rel": NaN,
      "max_val": 438.13181818181823,
      "argmax": 95,
      "auc_raw": -Infinity,
      "auc_norm": -Infinity
    }
  },
  "genomes": {
    "best_genome": [
      0,
      1,
      0,
      0,
      0,
      0,
      1,
      0,
      0,
      0,
      0,
      1,
      1,
      1,
      1,
      1,
      0,
      0,
      0,
      0,
      0,
      0,
      0,
      1,
      0,
      0,
      0,
      0,
      0,
      0,
      0,
      0,
      1
    ],
    "all_best_genomes": null
  },
  "raw": {
    "curves": {
      "best": [
        436.1,
        435.2,
        436.1,
        436.1,
        436.25,
        436.25,
        436.25,
        436.25,
        436.25,
        437.9,
        437.9,
        437.9,
        437.9,
        437.9,
        438.05,
        438.05,
        438.05,
        438.05,
        438.05,
        438.05,
        438.05,
        438.05,
        438.05,
        438.05,
        438.05,
        438.05,
        438.05,
        438.05,
        438.05,
        438.05,
        438.05,
        438.05,
        438.05,
        438.05,
        438.05,
        438.05,
        438.05,
        438.05,
        438.05,
        438.05,
        438.05,
        438.05,
        438.05,
        438.05,
        438.05,
        438.05,
        438.05,
        438.05,
        438.05,
        438.05,
        438.05,
        438.05,
        438.05,
        438.05,
        438.05,
        438.05,
        438.05,
        438.05,
        438.05,
        438.05,
        438.05,
        438.05,
        438.05,
        438.05,
        438.05,
        438.05,
        438.05,
        438.05,
        438.05,
        438.05,
        438.05,
        438.05,
        438.05,
        438.05,
        438.05,
        438.05,
        438.05,
        438.2,
        438.2,
        438.2,
        438.2,
        438.2,
        438.2,
        438.2,
        438.2,
        438.2,
        438.2,
        438.2,
        438.2,
        438.2,
        438.2,
        438.2,
        438.35,
        438.35,
        438.35,
        438.35,
        438.35,
        438.35,
        438.35,
        438.35
      ],
      "mean": [
        -Infinity,
        -Infinity,
        422.06136363636364,
        422.7159090909092,
        433.2295454545454,
        433.2295454545454,
        433.2295454545454,
        434.47727272727275,
        434.47727272727275,
        435.68409090909097,
        435.7318181818182,
        435.7318181818182,
        435.7318181818182,
        435.73863636363643,
        437.4295454545454,
        437.4295454545454,
        437.4295454545454,
        437.4295454545454,
        437.4295454545454,
        437.4295454545454,
        437.4295454545454,
        437.4295454545454,
        437.4363636363636,
        437.4363636363636,
        437.4363636363636,
        437.4363636363636,
        437.4363636363636,
        437.4363636363636,
        437.4363636363636,
        437.4363636363636,
        437.4363636363636,
        437.4363636363636,
        437.4363636363636,
        437.4363636363636,
        437.4431818181818,
        437.4431818181818,
        437.525,
        437.525,
        437.525,
        437.525,
        437.525,
        437.525,
        437.5318181818182,
        437.5318181818182,
        437.5318181818182,
        437.5318181818182,
        437.6477272727272,
        437.6477272727272,
        437.6477272727272,
        437.6477272727272,
        437.6477272727272,
        437.6477272727272,
        437.6477272727272,
        437.6477272727272,
        437.6477272727272,
        437.6477272727272,
        437.6477272727272,
        437.6477272727272,
        437.6477272727272,
        437.6477272727272,
        437.6477272727272,
        437.6477272727272,
        437.6477272727272,
        437.6477272727272,
        437.6477272727272,
        437.7022727272726,
        437.7022727272726,
        437.7022727272726,
        437.7022727272726,
        437.7022727272726,
        437.7022727272726,
        437.7022727272726,
        437.7022727272726,
        437.7022727272726,
        437.7022727272726,
        437.7022727272726,
        437.7022727272726,
        438.02954545454554,
        438.02954545454554,
        438.02954545454554,
        438.02954545454554,
        438.02954545454554,
        438.02954545454554,
        438.02954545454554,
        438.02954545454554,
        438.02954545454554,
        438.02954545454554,
        438.02954545454554,
        438.04318181818195,
        438.04318181818195,
        438.04318181818195,
        438.04318181818195,
        438.12500000000006,
        438.12500000000006,
        438.12500000000006,
        438.13181818181823,
        438.13181818181823,
        438.13181818181823,
        438.13181818181823,
        438.13181818181823
      ]
    }
  },
  "per_generation": [
    {
      "gen": 0.0,
      "best": 436.1,
      "mean": -Infinity
    },
    {
      "gen": 1.0,
      "best": 435.2,
      "mean": -Infinity
    },
    {
      "gen": 2.0,
      "best": 436.1,
      "mean": 422.06136363636364
    },
    {
      "gen": 3.0,
      "best": 436.1,
      "mean": 422.7159090909092
    },
    {
      "gen": 4.0,
      "best": 436.25,
      "mean": 433.2295454545454
    },
    {
      "gen": 5.0,
      "best": 436.25,
      "mean": 433.2295454545454
    },
    {
      "gen": 6.0,
      "best": 436.25,
      "mean": 433.2295454545454
    },
    {
      "gen": 7.0,
      "best": 436.25,
      "mean": 434.47727272727275
    },
    {
      "gen": 8.0,
      "best": 436.25,
      "mean": 434.47727272727275
    },
    {
      "gen": 9.0,
      "best": 437.9,
      "mean": 435.68409090909097
    },
    {
      "gen": 10.0,
      "best": 437.9,
      "mean": 435.7318181818182
    },
    {
      "gen": 11.0,
      "best": 437.9,
      "mean": 435.7318181818182
    },
    {
      "gen": 12.0,
      "best": 437.9,
      "mean": 435.7318181818182
    },
    {
      "gen": 13.0,
      "best": 437.9,
      "mean": 435.73863636363643
    },
    {
      "gen": 14.0,
      "best": 438.05,
      "mean": 437.4295454545454
    },
    {
      "gen": 15.0,
      "best": 438.05,
      "mean": 437.4295454545454
    },
    {
      "gen": 16.0,
      "best": 438.05,
      "mean": 437.4295454545454
    },
    {
      "gen": 17.0,
      "best": 438.05,
      "mean": 437.4295454545454
    },
    {
      "gen": 18.0,
      "best": 438.05,
      "mean": 437.4295454545454
    },
    {
      "gen": 19.0,
      "best": 438.05,
      "mean": 437.4295454545454
    },
    {
      "gen": 20.0,
      "best": 438.05,
      "mean": 437.4295454545454
    },
    {
      "gen": 21.0,
      "best": 438.05,
      "mean": 437.4295454545454
    },
    {
      "gen": 22.0,
      "best": 438.05,
      "mean": 437.4363636363636
    },
    {
      "gen": 23.0,
      "best": 438.05,
      "mean": 437.4363636363636
    },
    {
      "gen": 24.0,
      "best": 438.05,
      "mean": 437.4363636363636
    },
    {
      "gen": 25.0,
      "best": 438.05,
      "mean": 437.4363636363636
    },
    {
      "gen": 26.0,
      "best": 438.05,