{
  "algo": "pso",
  "hparams": {
    "generations": 100,
    "popsize": 22,
    "fix_last_gene": true,
    "seed": 909,
    "verbosity": 1,
    "log_every": 1,
    "evals_cap": 10000,
    "w": 0.4747195935115016,
    "c1": 1.782461657377661,
    "c2": 0.9754516429665997
  },
  "metrics": {
    "best_final": 437.9,
    "auc_best": 43325.25000000008,
    "auc_best_norm": 437.62878787878867,
    "runtime_sec": 63.87697911262512,
    "evals_total": -1,
    "budget_triggered": false,
    "stop_reason": "None"
  },
  "diagnostics": {
    "best": {
      "start": 436.7,
      "end": 437.9,
      "delta_abs": 1.1999999999999886,
      "delta_rel": 0.0027478818410808076,
      "max_val": 437.9,
      "argmax": 29,
      "auc_raw": 43325.25000000008,
      "auc_norm": 437.62878787878867
    },
    "mean": {
      "start": -Infinity,
      "end": 437.4431818181819,
      "delta_abs": Infinity,
      "delta_rel": NaN,
      "max_val": 437.4431818181819,
      "argmax": 95,
      "auc_raw": -Infinity,
      "auc_norm": -Infinity
    }
  },
  "genomes": {
    "best_genome": [
      1,
      1,
      0,
      0,
      1,
      0,
      0,
      1,
      0,
      0,
      0,
      0,
      0,
      1,
      0,
      1,
      1,
      0,
      0,
      0,
      1,
      0,
      0,
      1,
      0,
      0,
      0,
      0,
      0,
      0,
      0,
      0,
      1
    ],
    "all_best_genomes": null
  },
  "raw": {
    "curves": {
      "best": [
        436.7,
        436.55,
        436.7,
        436.7,
        436.7,
        436.7,
        436.7,
        436.7,
        436.7,
        437.0,
        437.0,
        437.0,
        437.0,
        437.0,
        437.0,
        437.0,
        437.0,
        437.0,
        437.0,
        437.0,
        437.0,
        437.15,
        437.15,
        437.15,
        437.15,
        437.15,
        437.15,
        437.15,
        437.45,
        437.9,
        437.9,
        437.9,
        437.9,
        437.9,
        437.9,
        437.9,
        437.9,
        437.9,
        437.9,
        437.9,
        437.9,
        437.9,
        437.9,
        437.9,
        437.9,
        437.9,
        437.9,
        437.9,
        437.9,
        437.9,
        437.9,
        437.9,
        437.9,
        437.9,
        437.9,
        437.9,
        437.9,
        437.9,
        437.9,
        437.9,
        437.9,
        437.9,
        437.9,
        437.9,
        437.9,
        437.9,
        437.9,
        437.9,
        437.9,
        437.9,
        437.9,
        437.9,
        437.9,
        437.9,
        437.9,
        437.9,
        437.9,
        437.9,
        437.9,
        437.9,
        437.9,
        437.9,
        437.9,
        437.9,
        437.9,
        437.9,
        437.9,
        437.9,
        437.9,
        437.9,
        437.9,
        437.9,
        437.9,
        437.9,
        437.9,
        437.9,
        437.9,
        437.9,
        437.9,
        437.9
      ],
      "mean": [
        -Infinity,
        -Infinity,
        418.27727272727265,
        428.6818181818182,
        429.00227272727267,
        429.00227272727267,
        429.47272727272724,
        429.47272727272724,
        429.47272727272724,
        431.15681818181815,
        435.07727272727266,
        436.175,
        436.175,
        436.175,
        436.175,
        436.175,
        436.21590909090907,
        436.28409090909093,
        436.28409090909093,
        436.3181818181818,
        436.3181818181818,
        436.3931818181818,
        436.3931818181818,
        436.3931818181818,
        436.3931818181818,
        436.3931818181818,
        436.47499999999997,
        436.47499999999997,
        436.6863636363636,
        436.9113636363636,
        436.9113636363636,
        436.9113636363636,
        436.9113636363636,
        436.9113636363636,
        436.9113636363636,
        436.9113636363636,
        436.965909090909,
        436.965909090909,
        436.965909090909,
        436.965909090909,
        436.965909090909,
        436.965909090909,
        436.965909090909,
        436.965909090909,
        436.965909090909,
        436.965909090909,
        436.97272727272724,
        436.97272727272724,
        436.97272727272724,
        437.02727272727276,
        437.02727272727276,
        437.02727272727276,
        437.1363636363636,
        437.1363636363636,
        437.1363636363636,
        437.20454545454544,
        437.20454545454544,
        437.2113636363637,
        437.2113636363637,
        437.33409090909095,
        437.33409090909095,
        437.34090909090907,
        437.34090909090907,
        437.34090909090907,
        437.34772727272724,
        437.34772727272724,
        437.34772727272724,
        437.34772727272724,
        437.34772727272724,
        437.34772727272724,
        437.34772727272724,
        437.34772727272724,
        437.34772727272724,
        437.34772727272724,
        437.34772727272724,
        437.34772727272724,
        437.34772727272724,
        437.34772727272724,
        437.34772727272724,
        437.34772727272724,
        437.34772727272724,
        437.34772727272724,
        437.34772727272724,
        437.34772727272724,
        437.34772727272724,
        437.34772727272724,
        437.34772727272724,
        437.34772727272724,
        437.34772727272724,
        437.34772727272724,
        437.34772727272724,
        437.34772727272724,
        437.34772727272724,
        437.34772727272724,
        437.34772727272724,
        437.4431818181819,
        437.4431818181819,
        437.4431818181819,
        437.4431818181819,
        437.4431818181819
      ]
    }
  },
  "per_generation": [
    {
      "gen": 0.0,
      "best": 436.7,
      "mean": -Infinity
    },
    {
      "gen": 1.0,
      "best": 436.55,
      "mean": -Infinity
    },
    {
      "gen": 2.0,
      "best": 436.7,
      "mean": 418.27727272727265
    },
    {
      "gen": 3.0,
      "best": 436.7,
      "mean": 428.6818181818182
    },
    {
      "gen": 4.0,
      "best": 436.7,
      "mean": 429.00227272727267
    },
    {
      "gen": 5.0,
      "best": 436.7,
      "mean": 429.00227272727267
    },
    {
      "gen": 6.0,
      "best": 436.7,
      "mean": 429.47272727272724
    },
    {
      "gen": 7.0,
      "best": 436.7,
      "mean": 429.47272727272724
    },
    {
      "gen": 8.0,
      "best": 436.7,
      "mean": 429.47272727272724
    },
    {
      "gen": 9.0,
      "best": 437.0,
      "mean": 431.15681818181815
    },
    {
      "gen": 10.0,
      "best": 437.0,
      "mean": 435.07727272727266
    },
    {
      "gen": 11.0,
      "best": 437.0,
      "mean": 436.175
    },
    {
      "gen": 12.0,
      "best": 437.0,
      "mean": 436.175
    },
    {
      "gen": 13.0,
      "best": 437.0,
      "mean": 436.175
    },
    {
      "gen": 14.0,
      "best": 437.0,
      "mean": 436.175
    },
    {
      "gen": 15.0,
      "best": 437.0,
      "mean": 436.175
    },
    {
      "gen": 16.0,
      "best": 437.0,
      "mean": 436.21590909090907
    },
    {
      "gen": 17.0,
      "best": 437.0,
      "mean": 436.28409090909093
    },
    {
      "gen": 18.0,
      "best": 437.0,
      "mean": 436.28409090909093
    },
    {
      "gen": 19.0,
      "best": 437.0,
      "mean": 436.3181818181818
    },
    {
      "gen": 20.0,
      "best": 437.0,
      "mean": 436.3181818181818
    },
    {
      "gen": 21.0,
      "best": 437.15,
      "mean": 436.3931818181818
    },
    {
      "gen": 22.0,
      "best": 437.15,
      "mean": 436.3931818181818
    },
    {
      "gen": 23.0,
      "best": 437.15,
      "mean": 436.3931818181818
    },
    {
      "gen": 24.0,
      "best": 437.15,
      "mean": 436.3931818181818
    },
    {
      "gen": 25.0,
      "best": 437.15,
      "mean": 436.3931818181818
    },
    {
      "gen": 26.0,
      "best": 437.15,
      "mean": 436.47499999999997
    },
    {
      "gen": 27.0,
      "best": 437.15,