{
  "algo": "pso",
  "hparams": {
    "generations": 100,
    "popsize": 22,
    "fix_last_gene": true,
    "seed": 707,
    "verbosity": 1,
    "log_every": 1,
    "evals_cap": 10000,
    "w": 0.9248712230551668,
    "c1": 1.1743111426089983,
    "c2": 1.8572145268502822
  },
  "metrics": {
    "best_final": 438.65,
    "auc_best": 43394.550000000076,
    "auc_best_norm": 438.32878787878866,
    "runtime_sec": 97.20921397209167,
    "evals_total": -1,
    "budget_triggered": false,
    "stop_reason": "None"
  },
  "diagnostics": {
    "best": {
      "start": 437.15,
      "end": 438.65,
      "delta_abs": 1.5,
      "delta_rel": 0.0034313164817568343,
      "max_val": 438.65,
      "argmax": 49,
      "auc_raw": 43394.550000000076,
      "auc_norm": 438.32878787878866
    },
    "mean": {
      "start": -Infinity,
      "end": 438.63636363636357,
      "delta_abs": Infinity,
      "delta_rel": NaN,
      "max_val": 438.63636363636357,
      "argmax": 98,
      "auc_raw": -Infinity,
      "auc_norm": -Infinity
    }
  },
  "genomes": {
    "best_genome": [
      1,
      1,
      1,
      1,
      1,
      1,
      1,
      1,
      1,
      1,
      1,
      1,
      1,
      0,
      0,
      0,
      0,
      0,
      0,
      0,
      0,
      0,
      0,
      0,
      0,
      0,
      0,
      0,
      0,
      0,
      0,
      0,
      1
    ],
    "all_best_genomes": null
  },
  "raw": {
    "curves": {
      "best": [
        437.15,
        437.15,
        437.15,
        437.15,
        437.15,
        437.15,
        437.15,
        437.15,
        437.15,
        437.15,
        437.15,
        437.15,
        437.15,
        437.15,
        437.15,
        437.15,
        437.9,
        437.9,
        438.2,
        438.2,
        438.2,
        438.2,
        438.2,
        438.2,
        438.2,
        438.2,
        438.5,
        438.5,
        438.5,
        438.5,
        438.5,
        438.5,
        438.5,
        438.5,
        438.5,
        438.5,
        438.5,
        438.5,
        438.5,
        438.5,
        438.5,
        438.5,
        438.5,
        438.5,
        438.5,
        438.5,
        438.5,
        438.5,
        438.5,
        438.65,
        438.65,
        438.65,
        438.65,
        438.65,
        438.65,
        438.65,
        438.65,
        438.65,
        438.65,
        438.65,
        438.65,
        438.65,
        438.65,
        438.65,
        438.65,
        438.65,
        438.65,
        438.65,
        438.65,
        438.65,
        438.65,
        438.65,
        438.65,
        438.65,
        438.65,
        438.65,
        438.65,
        438.65,
        438.65,
        438.65,
        438.65,
        438.65,
        438.65,
        438.65,
        438.65,
        438.65,
        438.65,
        438.65,
        438.65,
        438.65,
        438.65,
        438.65,
        438.65,
        438.65,
        438.65,
        438.65,
        438.65,
        438.65,
        438.65,
        438.65
      ],
      "mean": [
        -Infinity,
        -Infinity,
        434.55909090909086,
        434.55909090909086,
        434.55909090909086,
        435.53409090909093,
        435.53409090909093,
        435.53409090909093,
        435.5681818181818,
        435.98409090909087,
        435.98409090909087,
        435.98409090909087,
        436.1136363636364,
        436.1136363636364,
        436.1136363636364,
        436.175,
        436.96590909090907,
        437.034090909091,
        437.54545454545456,
        437.54545454545456,
        437.54545454545456,
        437.7568181818182,
        437.7568181818182,
        437.8454545454546,
        437.87272727272733,
        437.87272727272733,
        438.07727272727277,
        438.07727272727277,
        438.07727272727277,
        438.07727272727277,
        438.0909090909092,
        438.0909090909092,
        438.0909090909092,
        438.125,
        438.1590909090908,
        438.1590909090908,
        438.1590909090908,
        438.17954545454546,
        438.2204545454546,
        438.2204545454546,
        438.2204545454546,
        438.2204545454546,
        438.2204545454546,
        438.36363636363643,
        438.36363636363643,
        438.36363636363643,
        438.36363636363643,
        438.36363636363643,
        438.36363636363643,
        438.45227272727266,
        438.45227272727266,
        438.45227272727266,
        438.45227272727266,
        438.45227272727266,
        438.46590909090907,
        438.47272727272724,
        438.47272727272724,
        438.47272727272724,
        438.4863636363636,
        438.4863636363636,
        438.49318181818177,
        438.54090909090905,
        438.54090909090905,
        438.54090909090905,
        438.54090909090905,
        438.54090909090905,
        438.54090909090905,
        438.56818181818176,
        438.56818181818176,
        438.56818181818176,
        438.56818181818176,
        438.56818181818176,
        438.58181818181816,
        438.58181818181816,
        438.58181818181816,
        438.58181818181816,
        438.58181818181816,
        438.58181818181816,
        438.58181818181816,
        438.58181818181816,
        438.58181818181816,
        438.58181818181816,
        438.58181818181816,
        438.59545454545446,
        438.59545454545446,
        438.60227272727263,
        438.60227272727263,
        438.60227272727263,
        438.60227272727263,
        438.60227272727263,
        438.60227272727263,
        438.60227272727263,
        438.6090909090908,
        438.6090909090908,
        438.6090909090908,
        438.6090909090908,
        438.6090909090908,
        438.6090909090908,
        438.63636363636357,
        438.63636363636357
      ]
    }
  },
  "per_generation": [
    {
      "gen": 0.0,
      "best": 437.15,
      "mean": -Infinity
    },
    {
      "gen": 1.0,
      "best": 437.15,
      "mean": -Infinity
    },
    {
      "gen": 2.0,
      "best": 437.15,
      "mean": 434.55909090909086
    },
    {
      "gen": 3.0,
      "best": 437.15,
      "mean": 434.55909090909086
    },
    {
      "gen": 4.0,
      "best": 437.15,
      "mean": 434.55909090909086
    },
    {
      "gen": 5.0,
      "best": 437.15,
      "mean": 435.53409090909093
    },
    {
      "gen": 6.0,
      "best": 437.15,
      "mean": 435.53409090909093
    },
    {
      "gen": 7.0,
      "best": 437.15,
      "mean": 435.53409090909093
    },
    {
      "gen": 8.0,
      "best": 437.15,
      "mean": 435.5681818181818
    },
    {
      "gen": 9.0,
      "best": 437.15,
      "mean": 435.98409090909087
    },
    {
      "gen": 10.0,
      "best": 437.15,
      "mean": 435.98409090909087
    },
    {
      "gen": 11.0,
      "best": 437.15,
      "mean": 435.98409090909087
    },
    {
      "gen": 12.0,
      "best": 437.15,
      "mean": 436.1136363636364
    },
    {
      "gen": 13.0,
      "best": 437.15,
      "mean": 436.1136363636364
    },
    {
      "gen": 14.0,
      "best": 437.15,
      "mean": 436.1136363636364
    },
    {
      "gen": 15.0,
      "best": 437.15,
      "mean": 436.175
    },
    {
      "gen": 16.0,
      "best": 437.9,
      "mean": 436.96590909090907
    },
    {
      "gen": 17.0,
      "best": 437.9,
      "mean": 437.034090909091
    },
    {
      "gen": 18.0,
      "best": 438.2,
      "mean": 437.54545454545456
    },
    {
      "gen": 19.0,
      "best": 438.2,
      "mean": 437.54545454545456
    },
    {
      "gen": 20.0,
      "best": 438.2,
      "mean": 437.54545454545456
    },
    {
      "gen": 21.0,
      "best": 438.2,
      "mean": 437.7568181818182
    },
    {
      "gen": 22.0,
      "best": 438.2,
      "mean": 437.7568181818182
    },
    {
      "gen": 23.0,
      "best": 438.2,
      "mean": 437.8454545454546
    },
    {
      "gen": 24.0,
      "best": 438.2,
      "mean": 437.87272727272733
    },
    {
      "gen": 25.0,
      "best": 438.2,