{
  "algo": "pso",
  "hparams": {
    "generations": 100,
    "popsize": 22,
    "fix_last_gene": true,
    "seed": 202,
    "verbosity": 1,
    "log_every": 1,
    "evals_cap": 10000,
    "w": 0.49484663440465376,
    "c1": 1.7819552530879519,
    "c2": 1.6477406483438384
  },
  "metrics": {
    "best_final": 438.2,
    "auc_best": 43356.29999999996,
    "auc_best_norm": 437.94242424242384,
    "runtime_sec": 77.05722761154175,
    "evals_total": -1,
    "budget_triggered": false,
    "stop_reason": "None"
  },
  "diagnostics": {
    "best": {
      "start": 436.1,
      "end": 438.2,
      "delta_abs": 2.099999999999966,
      "delta_rel": 0.004815409309791254,
      "max_val": 438.2,
      "argmax": 51,
      "auc_raw": 43356.29999999996,
      "auc_norm": 437.94242424242384
    },
    "mean": {
      "start": -Infinity,
      "end": 437.74318181818194,
      "delta_abs": Infinity,
      "delta_rel": NaN,
      "max_val": 437.74318181818194,
      "argmax": 84,
      "auc_raw": -Infinity,
      "auc_norm": -Infinity
    }
  },
  "genomes": {
    "best_genome": [
      0,
      1,
      1,
      1,
      1,
      1,
      0,
      1,
      1,
      0,
      1,
      0,
      0,
      0,
      1,
      0,
      1,
      0,
      1,
      0,
      0,
      0,
      0,
      0,
      0,
      0,
      0,
      0,
      0,
      0,
      0,
      0,
      1
    ],
    "all_best_genomes": null
  },
  "raw": {
    "curves": {
      "best": [
        436.1,
        436.1,
        436.1,
        436.1,
        436.1,
        437.6,
        437.6,
        437.75,
        437.75,
        437.75,
        437.75,
        437.75,
        437.75,
        437.75,
        437.75,
        437.75,
        437.75,
        437.75,
        437.9,
        437.9,
        437.9,
        437.9,
        437.9,
        437.9,
        437.9,
        437.9,
        437.9,
        437.9,
        437.9,
        437.9,
        437.9,
        437.9,
        437.9,
        437.9,
        437.9,
        437.9,
        437.9,
        437.9,
        437.9,
        437.9,
        437.9,
        437.9,
        437.9,
        437.9,
        437.9,
        437.9,
        437.9,
        437.9,
        437.9,
        437.9,
        437.9,
        438.2,
        438.2,
        438.2,
        438.2,
        438.2,
        438.2,
        438.2,
        438.2,
        438.2,
        438.2,
        438.2,
        438.2,
        438.2,
        438.2,
        438.2,
        438.2,
        438.2,
        438.2,
        438.2,
        438.2,
        438.2,
        438.2,
        438.2,
        438.2,
        438.2,
        438.2,
        438.2,
        438.2,
        438.2,
        438.2,
        438.2,
        438.2,
        438.2,
        438.2,
        438.2,
        438.2,
        438.2,
        438.2,
        438.2,
        438.2,
        438.2,
        438.2,
        438.2,
        438.2,
        438.2,
        438.2,
        438.2,
        438.2,
        438.2
      ],
      "mean": [
        -Infinity,
        417.12500000000006,
        417.12500000000006,
        422.2318181818182,
        422.2318181818182,
        431.45000000000005,
        431.45000000000005,
        436.3386363636364,
        436.3386363636364,
        436.3386363636364,
        436.3386363636364,
        436.37272727272733,
        436.37272727272733,
        436.37272727272733,
        436.4,
        436.4,
        436.4,
        436.72727272727275,
        436.97272727272724,
        436.97272727272724,
        436.97272727272724,
        437.0681818181818,
        437.0681818181818,
        437.0681818181818,
        437.0954545454546,
        437.0954545454546,
        437.0954545454546,
        437.0954545454546,
        437.0954545454546,
        437.0954545454546,
        437.0954545454546,
        437.0954545454546,
        437.0954545454546,
        437.0954545454546,
        437.0954545454546,
        437.0954545454546,
        437.0954545454546,
        437.0954545454546,
        437.0954545454546,
        437.0954545454546,
        437.0954545454546,
        437.0954545454546,
        437.11590909090904,
        437.11590909090904,
        437.11590909090904,
        437.11590909090904,
        437.11590909090904,
        437.11590909090904,
        437.1636363636364,
        437.1636363636364,
        437.1636363636364,
        437.4704545454546,
        437.4704545454546,
        437.4704545454546,
        437.4704545454546,
        437.4704545454546,
        437.4704545454546,
        437.4704545454546,
        437.4704545454546,
        437.5386363636364,
        437.5386363636364,
        437.5386363636364,
        437.634090909091,
        437.634090909091,
        437.634090909091,
        437.634090909091,
        437.634090909091,
        437.6409090909092,
        437.6409090909092,
        437.6409090909092,
        437.709090909091,
        437.709090909091,
        437.709090909091,
        437.709090909091,
        437.709090909091,
        437.709090909091,
        437.709090909091,
        437.709090909091,
        437.709090909091,
        437.709090909091,
        437.709090909091,
        437.709090909091,
        437.709090909091,
        437.709090909091,
        437.74318181818194,
        437.74318181818194,
        437.74318181818194,
        437.74318181818194,
        437.74318181818194,
        437.74318181818194,
        437.74318181818194,
        437.74318181818194,
        437.74318181818194,
        437.74318181818194,
        437.74318181818194,
        437.74318181818194,
        437.74318181818194,
        437.74318181818194,
        437.74318181818194,
        437.74318181818194
      ]
    }
  },
  "per_generation": [
    {
      "gen": 0.0,
      "best": 436.1,
      "mean": -Infinity
    },
    {
      "gen": 1.0,
      "best": 436.1,
      "mean": 417.12500000000006
    },
    {
      "gen": 2.0,
      "best": 436.1,
      "mean": 417.12500000000006
    },
    {
      "gen": 3.0,
      "best": 436.1,
      "mean": 422.2318181818182
    },
    {
      "gen": 4.0,
      "best": 436.1,
      "mean": 422.2318181818182
    },
    {
      "gen": 5.0,
      "best": 437.6,
      "mean": 431.45000000000005
    },
    {
      "gen": 6.0,
      "best": 437.6,
      "mean": 431.45000000000005
    },
    {
      "gen": 7.0,
      "best": 437.75,
      "mean": 436.3386363636364
    },
    {
      "gen": 8.0,
      "best": 437.75,
      "mean": 436.3386363636364
    },
    {
      "gen": 9.0,
      "best": 437.75,
      "mean": 436.3386363636364
    },
    {
      "gen": 10.0,
      "best": 437.75,
      "mean": 436.3386363636364
    },
    {
      "gen": 11.0,
      "best": 437.75,
      "mean": 436.37272727272733
    },
    {
      "gen": 12.0,
      "best": 437.75,
      "mean": 436.37272727272733
    },
    {
      "gen": 13.0,
      "best": 437.75,
      "mean": 436.37272727272733
    },
    {
      "gen": 14.0,
      "best": 437.75,
      "mean": 436.4
    },
    {
      "gen": 15.0,
      "best": 437.75,
      "mean": 436.4
    },
    {
      "gen": 16.0,
      "best": 437.75,
      "mean": 436.4
    },
    {
      "gen": 17.0,
      "best": 437.75,
      "mean": 436.72727272727275
    },
    {
      "gen": 18.0,
      "best": 437.9,
      "mean": 436.97272727272724
    },
    {
      "gen": 19.0,
      "best": 437.9,
      "mean": 436.97272727272724
    },
    {
      "gen": 20.0,
      "best": 437.9,
      "mean": 436.97272727272724
    },
    {
      "gen": 21.0,
      "best": 437.9,
      "mean": 437.0681818181818
    },
    {
      "gen": 22.0,
      "best": 437.9,
      "mean": 437.0681818181818
    },
    {
      "gen": 23.0,
      "best": 437.9,
      "mean": 437.0681818181818
    },
    {
      "gen": 24.0,
      "best": 437.9,
      "mean": 437.0954545454546
    },
    {
      "gen": 25.0,
      "best": 437.9,
      "mean": 437.0954545454546
    },
    {
      "gen": 26.0,
      "best": 437.9,
      "mean": 437.0954545454546
    },
    {
      "gen": 27.0,