{
  "algo": "pso",
  "hparams": {
    "generations": 100,
    "popsize": 22,
    "fix_last_gene": true,
    "seed": 909,
    "verbosity": 1,
    "log_every": 1,
    "evals_cap": 10000,
    "w": 0.6253818947264587,
    "c1": 2.2,
    "c2": 1.0335914384342046
  },
  "metrics": {
    "best_final": 438.2,
    "auc_best": 43352.99999999996,
    "auc_best_norm": 437.90909090909054,
    "runtime_sec": 73.53961253166199,
    "evals_total": -1,
    "budget_triggered": false,
    "stop_reason": "None"
  },
  "diagnostics": {
    "best": {
      "start": 436.7,
      "end": 438.2,
      "delta_abs": 1.5,
      "delta_rel": 0.003434852301351042,
      "max_val": 438.2,
      "argmax": 55,
      "auc_raw": 43352.99999999996,
      "auc_norm": 437.90909090909054
    },
    "mean": {
      "start": -Infinity,
      "end": 437.7295454545454,
      "delta_abs": Infinity,
      "delta_rel": NaN,
      "max_val": 437.7295454545454,
      "argmax": 95,
      "auc_raw": -Infinity,
      "auc_norm": -Infinity
    }
  },
  "genomes": {
    "best_genome": [
      1,
      0,
      0,
      0,
      1,
      0,
      0,
      0,
      0,
      1,
      1,
      1,
      1,
      1,
      1,
      0,
      0,
      0,
      0,
      0,
      1,
      0,
      0,
      1,
      0,
      0,
      0,
      0,
      0,
      0,
      0,
      0,
      1
    ],
    "all_best_genomes": null
  },
  "raw": {
    "curves": {
      "best": [
        436.7,
        436.7,
        436.7,
        436.7,
        436.7,
        436.7,
        437.15,
        437.15,
        437.15,
        437.6,
        437.6,
        437.6,
        437.6,
        437.6,
        437.6,
        437.6,
        437.6,
        437.6,
        437.6,
        437.6,
        437.6,
        437.9,
        437.9,
        437.9,
        437.9,
        437.9,
        437.9,
        437.9,
        437.9,
        437.9,
        437.9,
        437.9,
        437.9,
        437.9,
        437.9,
        437.9,
        437.9,
        437.9,
        437.9,
        437.9,
        437.9,
        437.9,
        437.9,
        437.9,
        437.9,
        437.9,
        437.9,
        437.9,
        437.9,
        437.9,
        437.9,
        437.9,
        437.9,
        437.9,
        437.9,
        438.2,
        438.2,
        438.2,
        438.2,
        438.2,
        438.2,
        438.2,
        438.2,
        438.2,
        438.2,
        438.2,
        438.2,
        438.2,
        438.2,
        438.2,
        438.2,
        438.2,
        438.2,
        438.2,
        438.2,
        438.2,
        438.2,
        438.2,
        438.2,
        438.2,
        438.2,
        438.2,
        438.2,
        438.2,
        438.2,
        438.2,
        438.2,
        438.2,
        438.2,
        438.2,
        438.2,
        438.2,
        438.2,
        438.2,
        438.2,
        438.2,
        438.2,
        438.2,
        438.2,
        438.2
      ],
      "mean": [
        -Infinity,
        -Infinity,
        418.1818181818182,
        430.5295454545454,
        430.6045454545454,
        430.6045454545454,
        431.57954545454544,
        431.57954545454544,
        431.57954545454544,
        432.38409090909096,
        433.3454545454546,
        436.4068181818182,
        436.4068181818182,
        436.4068181818182,
        436.4068181818182,
        436.4068181818182,
        436.4068181818182,
        436.7818181818182,
        436.87045454545455,
        436.87045454545455,
        436.87045454545455,
        437.02045454545447,
        437.02045454545447,
        437.02045454545447,
        437.02045454545447,
        437.02045454545447,
        437.04772727272734,
        437.04772727272734,
        437.1636363636364,
        437.19772727272726,
        437.19772727272726,
        437.19772727272726,
        437.19772727272726,
        437.19772727272726,
        437.19772727272726,
        437.19772727272726,
        437.20454545454544,
        437.20454545454544,
        437.20454545454544,
        437.20454545454544,
        437.20454545454544,
        437.20454545454544,
        437.20454545454544,
        437.20454545454544,
        437.20454545454544,
        437.20454545454544,
        437.20454545454544,
        437.20454545454544,
        437.20454545454544,
        437.225,
        437.225,
        437.225,
        437.3409090909092,
        437.3409090909092,
        437.3409090909092,
        437.38181818181835,
        437.38181818181835,
        437.42272727272734,
        437.42272727272734,
        437.5113636363636,
        437.5113636363636,
        437.51818181818186,
        437.51818181818186,
        437.51818181818186,
        437.5522727272728,
        437.5522727272728,
        437.5522727272728,
        437.5522727272728,
        437.5522727272728,
        437.5522727272728,
        437.5522727272728,
        437.5522727272728,
        437.5522727272728,
        437.6136363636364,
        437.6136363636364,
        437.6136363636364,
        437.6136363636364,
        437.6136363636364,
        437.6136363636364,
        437.6136363636364,
        437.6136363636364,
        437.6136363636364,
        437.62727272727267,
        437.62727272727267,
        437.62727272727267,
        437.62727272727267,
        437.62727272727267,
        437.62727272727267,
        437.62727272727267,
        437.62727272727267,
        437.62727272727267,
        437.70909090909095,
        437.70909090909095,
        437.70909090909095,
        437.70909090909095,
        437.7295454545454,
        437.7295454545454,
        437.7295454545454,
        437.7295454545454,
        437.7295454545454
      ]
    }
  },
  "per_generation": [
    {
      "gen": 0.0,
      "best": 436.7,
      "mean": -Infinity
    },
    {
      "gen": 1.0,
      "best": 436.7,
      "mean": -Infinity
    },
    {
      "gen": 2.0,
      "best": 436.7,
      "mean": 418.1818181818182
    },
    {
      "gen": 3.0,
      "best": 436.7,
      "mean": 430.5295454545454
    },
    {
      "gen": 4.0,
      "best": 436.7,
      "mean": 430.6045454545454
    },
    {
      "gen": 5.0,
      "best": 436.7,
      "mean": 430.6045454545454
    },
    {
      "gen": 6.0,
      "best": 437.15,
      "mean": 431.57954545454544
    },
    {
      "gen": 7.0,
      "best": 437.15,
      "mean": 431.57954545454544
    },
    {
      "gen": 8.0,
      "best": 437.15,
      "mean": 431.57954545454544
    },
    {
      "gen": 9.0,
      "best": 437.6,
      "mean": 432.38409090909096
    },
    {
      "gen": 10.0,
      "best": 437.6,
      "mean": 433.3454545454546
    },
    {
      "gen": 11.0,
      "best": 437.6,
      "mean": 436.4068181818182
    },
    {
      "gen": 12.0,
      "best": 437.6,
      "mean": 436.4068181818182
    },
    {
      "gen": 13.0,
      "best": 437.6,
      "mean": 436.4068181818182
    },
    {
      "gen": 14.0,
      "best": 437.6,
      "mean": 436.4068181818182
    },
    {
      "gen": 15.0,
      "best": 437.6,
      "mean": 436.4068181818182
    },
    {
      "gen": 16.0,
      "best": 437.6,
      "mean": 436.4068181818182
    },
    {
      "gen": 17.0,
      "best": 437.6,
      "mean": 436.7818181818182
    },
    {
      "gen": 18.0,
      "best": 437.6,
      "mean": 436.87045454545455
    },
    {
      "gen": 19.0,
      "best": 437.6,
      "mean": 436.87045454545455
    },
    {
      "gen": 20.0,
      "best": 437.6,
      "mean": 436.87045454545455
    },
    {
      "gen": 21.0,
      "best": 437.9,
      "mean": 437.02045454545447
    },
    {
      "gen": 22.0,
      "best": 437.9,
      "mean": 437.02045454545447
    },
    {
      "gen": 23.0,
      "best": 437.9,
      "mean": 437.02045454545447
    },
    {
      "gen": 24.0,
      "best": 437.9,
      "mean": 437.02045454545447
    },
    {
      "gen": 25.0,
      "best": 437.9,
      "mean": 437.02045454545447
    },
    {
      "gen": 26.0,
      "best": 437.9,