{
  "algo": "pso",
  "hparams": {
    "generations": 100,
    "popsize": 22,
    "fix_last_gene": true,
    "seed": 707,
    "verbosity": 1,
    "log_every": 1,
    "evals_cap": 10000,
    "w": 0.5374374612159025,
    "c1": 1.178413979443518,
    "c2": 1.1871054726699162
  },
  "metrics": {
    "best_final": 438.05,
    "auc_best": 43325.40000000004,
    "auc_best_norm": 437.6303030303034,
    "runtime_sec": 78.75610661506653,
    "evals_total": -1,
    "budget_triggered": false,
    "stop_reason": "None"
  },
  "diagnostics": {
    "best": {
      "start": 437.15,
      "end": 438.05,
      "delta_abs": 0.9000000000000341,
      "delta_rel": 0.0020587898890541785,
      "max_val": 438.05,
      "argmax": 49,
      "auc_raw": 43325.40000000004,
      "auc_norm": 437.6303030303034
    },
    "mean": {
      "start": -Infinity,
      "end": 437.7022727272726,
      "delta_abs": Infinity,
      "delta_rel": NaN,
      "max_val": 437.7022727272726,
      "argmax": 85,
      "auc_raw": -Infinity,
      "auc_norm": -Infinity
    }
  },
  "genomes": {
    "best_genome": [
      1,
      1,
      0,
      1,
      1,
      1,
      1,
      0,
      1,
      0,
      0,
      1,
      0,
      1,
      0,
      0,
      0,
      1,
      0,
      1,
      0,
      0,
      0,
      0,
      0,
      0,
      0,
      0,
      0,
      0,
      0,
      0,
      1
    ],
    "all_best_genomes": null
  },
  "raw": {
    "curves": {
      "best": [
        437.15,
        437.15,
        437.15,
        437.15,
        437.15,
        437.15,
        437.15,
        437.15,
        437.15,
        437.15,
        437.15,
        437.15,
        437.15,
        437.15,
        437.15,
        437.15,
        437.15,
        437.15,
        437.15,
        437.15,
        437.15,
        437.15,
        437.15,
        437.15,
        437.15,
        437.15,
        437.15,
        437.15,
        437.15,
        437.15,
        437.15,
        437.15,
        437.15,
        437.15,
        437.15,
        437.3,
        437.3,
        437.3,
        437.3,
        437.3,
        437.3,
        437.3,
        437.3,
        437.3,
        437.3,
        437.3,
        437.3,
        437.3,
        437.3,
        438.05,
        438.05,
        438.05,
        438.05,
        438.05,
        438.05,
        438.05,
        438.05,
        438.05,
        438.05,
        438.05,
        438.05,
        438.05,
        438.05,
        438.05,
        438.05,
        438.05,
        438.05,
        438.05,
        438.05,
        438.05,
        438.05,
        438.05,
        438.05,
        438.05,
        438.05,
        438.05,
        438.05,
        438.05,
        438.05,
        438.05,
        438.05,
        438.05,
        438.05,
        438.05,
        438.05,
        438.05,
        438.05,
        438.05,
        438.05,
        438.05,
        438.05,
        438.05,
        438.05,
        438.05,
        438.05,
        438.05,
        438.05,
        438.05,
        438.05,
        438.05
      ],
      "mean": [
        -Infinity,
        -Infinity,
        432.806818181818,
        432.8272727272726,
        432.8272727272726,
        434.49772727272716,
        434.49772727272716,
        434.49772727272716,
        434.49772727272716,
        435.75909090909096,
        435.75909090909096,
        435.75909090909096,
        435.77954545454554,
        435.77954545454554,
        435.77954545454554,
        435.77954545454554,
        436.01818181818186,
        436.01818181818186,
        436.01818181818186,
        436.01818181818186,
        436.01818181818186,
        436.09318181818185,
        436.09318181818185,
        436.3454545454546,
        436.57727272727266,
        436.57727272727266,
        436.57727272727266,
        436.57727272727266,
        436.57727272727266,
        436.57727272727266,
        436.6590909090908,
        436.6590909090908,
        436.6590909090908,
        436.6590909090908,
        436.6590909090908,
        436.9454545454546,
        436.9454545454546,
        436.9454545454546,
        437.01363636363635,
        437.01363636363635,
        437.01363636363635,
        437.01363636363635,
        437.01363636363635,
        437.01363636363635,
        437.01363636363635,
        437.01363636363635,
        437.01363636363635,
        437.01363636363635,
        437.01363636363635,
        437.65454545454537,
        437.65454545454537,
        437.65454545454537,
        437.67499999999995,
        437.67499999999995,
        437.67499999999995,
        437.67499999999995,
        437.67499999999995,
        437.67499999999995,
        437.67499999999995,
        437.67499999999995,
        437.67499999999995,
        437.67499999999995,
        437.67499999999995,
        437.67499999999995,
        437.67499999999995,
        437.67499999999995,
        437.67499999999995,
        437.67499999999995,
        437.67499999999995,
        437.67499999999995,
        437.67499999999995,
        437.67499999999995,
        437.67499999999995,
        437.67499999999995,
        437.67499999999995,
        437.67499999999995,
        437.67499999999995,
        437.67499999999995,
        437.67499999999995,
        437.67499999999995,
        437.6818181818182,
        437.6818181818182,
        437.6818181818182,
        437.6818181818182,
        437.6818181818182,
        437.7022727272726,
        437.7022727272726,
        437.7022727272726,
        437.7022727272726,
        437.7022727272726,
        437.7022727272726,
        437.7022727272726,
        437.7022727272726,
        437.7022727272726,
        437.7022727272726,
        437.7022727272726,
        437.7022727272726,
        437.7022727272726,
        437.7022727272726,
        437.7022727272726
      ]
    }
  },
  "per_generation": [
    {
      "gen": 0.0,
      "best": 437.15,
      "mean": -Infinity
    },
    {
      "gen": 1.0,
      "best": 437.15,
      "mean": -Infinity
    },
    {
      "gen": 2.0,
      "best": 437.15,
      "mean": 432.806818181818
    },
    {
      "gen": 3.0,
      "best": 437.15,
      "mean": 432.8272727272726
    },
    {
      "gen": 4.0,
      "best": 437.15,
      "mean": 432.8272727272726
    },
    {
      "gen": 5.0,
      "best": 437.15,
      "mean": 434.49772727272716
    },
    {
      "gen": 6.0,
      "best": 437.15,
      "mean": 434.49772727272716
    },
    {
      "gen": 7.0,
      "best": 437.15,
      "mean": 434.49772727272716
    },
    {
      "gen": 8.0,
      "best": 437.15,
      "mean": 434.49772727272716
    },
    {
      "gen": 9.0,
      "best": 437.15,
      "mean": 435.75909090909096
    },
    {
      "gen": 10.0,
      "best": 437.15,
      "mean": 435.75909090909096
    },
    {
      "gen": 11.0,
      "best": 437.15,
      "mean": 435.75909090909096
    },
    {
      "gen": 12.0,
      "best": 437.15,
      "mean": 435.77954545454554
    },
    {
      "gen": 13.0,
      "best": 437.15,
      "mean": 435.77954545454554
    },
    {
      "gen": 14.0,
      "best": 437.15,
      "mean": 435.77954545454554
    },
    {
      "gen": 15.0,
      "best": 437.15,
      "mean": 435.77954545454554
    },
    {
      "gen": 16.0,
      "best": 437.15,
      "mean": 436.01818181818186
    },
    {
      "gen": 17.0,
      "best": 437.15,
      "mean": 436.01818181818186
    },
    {
      "gen": 18.0,
      "best": 437.15,
      "mean": 436.01818181818186
    },
    {
      "gen": 19.0,
      "best": 437.15,
      "mean": 436.01818181818186
    },
    {
      "gen": 20.0,
      "best": 437.15,
      "mean": 436.01818181818186
    },
    {
      "gen": 21.0,
      "best": 437.15,
      "mean": 436.09318181818185
    },
    {
      "gen": 22.0,
      "best": 437.15,
      "mean": 436.09318181818185
    },
    {
      "gen": 23.0,
      "best": 437.15,
      "mean": 436.3454545454546
    },
    {
      "gen": 24.0,
      "best": 437.15,