{
  "algo": "pso",
  "hparams": {
    "generations": 100,
    "popsize": 22,
    "fix_last_gene": true,
    "seed": 303,
    "verbosity": 1,
    "log_every": 1,
    "evals_cap": 10000,
    "w": 0.47998632749493086,
    "c1": 1.2209482302991097,
    "c2": 1.8564550863862557
  },
  "metrics": {
    "best_final": 438.65,
    "auc_best": 43360.72500000006,
    "auc_best_norm": 437.9871212121218,
    "runtime_sec": 64.70804929733276,
    "evals_total": -1,
    "budget_triggered": false,
    "stop_reason": "None"
  },
  "diagnostics": {
    "best": {
      "start": 436.1,
      "end": 438.65,
      "delta_abs": 2.5499999999999545,
      "delta_rel": 0.005847282733317942,
      "max_val": 438.65,
      "argmax": 77,
      "auc_raw": 43360.72500000006,
      "auc_norm": 437.9871212121218
    },
    "mean": {
      "start": -Infinity,
      "end": 438.125,
      "delta_abs": Infinity,
      "delta_rel": NaN,
      "max_val": 438.125,
      "argmax": 95,
      "auc_raw": -Infinity,
      "auc_norm": -Infinity
    }
  },
  "genomes": {
    "best_genome": [
      1,
      1,
      0,
      0,
      1,
      0,
      1,
      0,
      0,
      0,
      1,
      0,
      1,
      1,
      0,
      0,
      0,
      0,
      0,
      0,
      0,
      0,
      0,
      0,
      0,
      0,
      0,
      0,
      0,
      0,
      0,
      0,
      1
    ],
    "all_best_genomes": null
  },
  "raw": {
    "curves": {
      "best": [
        436.1,
        436.1,
        436.1,
        436.1,
        437.15,
        437.15,
        437.15,
        437.15,
        437.15,
        437.9,
        437.9,
        437.9,
        437.9,
        437.9,
        437.9,
        437.9,
        437.9,
        437.9,
        437.9,
        437.9,
        437.9,
        437.9,
        437.9,
        437.9,
        437.9,
        437.9,
        437.9,
        437.9,
        437.9,
        437.9,
        437.9,
        437.9,
        437.9,
        437.9,
        437.9,
        437.9,
        437.9,
        437.9,
        437.9,
        437.9,
        437.9,
        437.9,
        437.9,
        437.9,
        437.9,
        437.9,
        437.9,
        437.9,
        437.9,
        437.9,
        437.9,
        437.9,
        437.9,
        437.9,
        437.9,
        437.9,
        437.9,
        437.9,
        437.9,
        437.9,
        437.9,
        437.9,
        437.9,
        437.9,
        437.9,
        438.05,
        438.05,
        438.05,
        438.05,
        438.05,
        438.05,
        438.05,
        438.05,
        438.05,
        438.05,
        438.05,
        438.05,
        438.65,
        438.65,
        438.65,
        438.65,
        438.65,
        438.65,
        438.65,
        438.65,
        438.65,
        438.65,
        438.65,
        438.65,
        438.65,
        438.65,
        438.65,
        438.65,
        438.65,
        438.65,
        438.65,
        438.65,
        438.65,
        438.65,
        438.65
      ],
      "mean": [
        -Infinity,
        -Infinity,
        426.5,
        426.79318181818184,
        432.09772727272724,
        432.15909090909093,
        432.15909090909093,
        434.76363636363635,
        434.76363636363635,
        436.55,
        436.57727272727266,
        436.57727272727266,
        436.57727272727266,
        436.57727272727266,
        437.1227272727272,
        437.1227272727272,
        437.1227272727272,
        437.15681818181815,
        437.15681818181815,
        437.15681818181815,
        437.18409090909086,
        437.18409090909086,
        437.2113636363636,
        437.2386363636364,
        437.2386363636364,
        437.2386363636364,
        437.2386363636364,
        437.2386363636364,
        437.2386363636364,
        437.2386363636364,
        437.2386363636364,
        437.2386363636364,
        437.2386363636364,
        437.2386363636364,
        437.2522727272728,
        437.25909090909096,
        437.3954545454546,
        437.3954545454546,
        437.3954545454546,
        437.3954545454546,
        437.42272727272734,
        437.42272727272734,
        437.48409090909087,
        437.48409090909087,
        437.48409090909087,
        437.48409090909087,
        437.64772727272725,
        437.64772727272725,
        437.64772727272725,
        437.64772727272725,
        437.64772727272725,
        437.64772727272725,
        437.64772727272725,
        437.6545454545454,
        437.6545454545454,
        437.6545454545454,
        437.6545454545454,
        437.6545454545454,
        437.6545454545454,
        437.6545454545454,
        437.6545454545454,
        437.6545454545454,
        437.6545454545454,
        437.6545454545454,
        437.6545454545454,
        437.7363636363636,
        437.7363636363636,
        437.7363636363636,
        437.7363636363636,
        437.7363636363636,
        437.7363636363636,
        437.7363636363636,
        437.7363636363636,
        437.7363636363636,
        437.7363636363636,
        437.7363636363636,
        437.7363636363636,
        437.9886363636364,
        437.9886363636364,
        437.9886363636364,
        437.9886363636364,
        437.9886363636364,
        437.9886363636364,
        437.9886363636364,
        437.9886363636364,
        437.9886363636364,
        437.9886363636364,
        437.9886363636364,
        438.01590909090913,
        438.01590909090913,
        438.01590909090913,
        438.01590909090913,
        438.09090909090907,
        438.09090909090907,
        438.09090909090907,
        438.125,
        438.125,
        438.125,
        438.125,
        438.125
      ]
    }
  },
  "per_generation": [
    {
      "gen": 0.0,
      "best": 436.1,
      "mean": -Infinity
    },
    {
      "gen": 1.0,
      "best": 436.1,
      "mean": -Infinity
    },
    {
      "gen": 2.0,
      "best": 436.1,
      "mean": 426.5
    },
    {
      "gen": 3.0,
      "best": 436.1,
      "mean": 426.79318181818184
    },
    {
      "gen": 4.0,
      "best": 437.15,
      "mean": 432.09772727272724
    },
    {
      "gen": 5.0,
      "best": 437.15,
      "mean": 432.15909090909093
    },
    {
      "gen": 6.0,
      "best": 437.15,
      "mean": 432.15909090909093
    },
    {
      "gen": 7.0,
      "best": 437.15,
      "mean": 434.76363636363635
    },
    {
      "gen": 8.0,
      "best": 437.15,
      "mean": 434.76363636363635
    },
    {
      "gen": 9.0,
      "best": 437.9,
      "mean": 436.55
    },
    {
      "gen": 10.0,
      "best": 437.9,
      "mean": 436.57727272727266
    },
    {
      "gen": 11.0,
      "best": 437.9,
      "mean": 436.57727272727266
    },
    {
      "gen": 12.0,
      "best": 437.9,
      "mean": 436.57727272727266
    },
    {
      "gen": 13.0,
      "best": 437.9,
      "mean": 436.57727272727266
    },
    {
      "gen": 14.0,
      "best": 437.9,
      "mean": 437.1227272727272
    },
    {
      "gen": 15.0,
      "best": 437.9,
      "mean": 437.1227272727272
    },
    {
      "gen": 16.0,
      "best": 437.9,
      "mean": 437.1227272727272
    },
    {
      "gen": 17.0,
      "best": 437.9,
      "mean": 437.15681818181815
    },
    {
      "gen": 18.0,
      "best": 437.9,
      "mean": 437.15681818181815
    },
    {
      "gen": 19.0,
      "best": 437.9,
      "mean": 437.15681818181815
    },
    {
      "gen": 20.0,
      "best": 437.9,
      "mean": 437.18409090909086
    },
    {
      "gen": 21.0,
      "best": 437.9,
      "mean": 437.18409090909086
    },
    {
      "gen": 22.0,
      "best": 437.9,
      "mean": 437.2113636363636
    },
    {
      "gen": 23.0,
      "best": 437.9,
      "mean": 437.2386363636364
    },
    {
      "gen": 24.0,
      "best": 437.9,
      "mean": 437.2386363636364
    },
    {
      "gen": 25.0,
      "best": 437.9,
      "mean": 437.2386363636364
    },
    {
      "gen": 26.0,
      "best": 437.9,
      "mean": 437.2386363636364
    },
    {
      "gen": 27.0,