{
  "algo": "pso",
  "hparams": {
    "generations": 100,
    "popsize": 22,
    "fix_last_gene": true,
    "seed": 1102,
    "verbosity": 1,
    "log_every": 1,
    "evals_cap": 10000,
    "w": 0.668151786557903,
    "c1": 1.6018927433323495,
    "c2": 0.8188051430162532
  },
  "metrics": {
    "best_final": 438.2,
    "auc_best": 43372.34999999997,
    "auc_best_norm": 438.10454545454513,
    "runtime_sec": 77.29455161094666,
    "evals_total": -1,
    "budget_triggered": false,
    "stop_reason": "None"
  },
  "diagnostics": {
    "best": {
      "start": 437.3,
      "end": 438.2,
      "delta_abs": 0.8999999999999773,
      "delta_rel": 0.002058083695403561,
      "max_val": 438.2,
      "argmax": 12,
      "auc_raw": 43372.34999999997,
      "auc_norm": 438.10454545454513
    },
    "mean": {
      "start": -Infinity,
      "end": 437.79772727272734,
      "delta_abs": Infinity,
      "delta_rel": NaN,
      "max_val": 437.79772727272734,
      "argmax": 92,
      "auc_raw": -Infinity,
      "auc_norm": -Infinity
    }
  },
  "genomes": {
    "best_genome": [
      0,
      1,
      0,
      0,
      1,
      0,
      0,
      1,
      0,
      0,
      0,
      0,
      0,
      1,
      0,
      0,
      0,
      0,
      0,
      1,
      0,
      0,
      0,
      1,
      0,
      0,
      0,
      0,
      0,
      0,
      0,
      0,
      1
    ],
    "all_best_genomes": null
  },
  "raw": {
    "curves": {
      "best": [
        437.3,
        437.3,
        437.3,
        437.3,
        437.3,
        437.3,
        437.3,
        437.3,
        437.3,
        437.75,
        437.3,
        437.75,
        438.2,
        438.2,
        438.2,
        438.2,
        438.2,
        438.2,
        438.2,
        438.2,
        438.2,
        438.2,
        438.2,
        438.2,
        438.2,
        438.2,
        438.2,
        438.2,
        438.2,
        438.2,
        438.2,
        438.2,
        438.2,
        438.2,
        438.2,
        438.2,
        438.2,
        438.2,
        438.2,
        438.2,
        438.2,
        438.2,
        438.2,
        438.2,
        438.2,
        438.2,
        438.2,
        438.2,
        438.2,
        438.2,
        438.2,
        438.2,
        438.2,
        438.2,
        438.2,
        438.2,
        438.2,
        438.2,
        438.2,
        438.2,
        438.2,
        438.2,
        438.2,
        438.2,
        438.2,
        438.2,
        438.2,
        438.2,
        438.2,
        438.2,
        438.2,
        438.2,
        438.2,
        438.2,
        438.2,
        438.2,
        438.2,
        438.2,
        438.2,
        438.2,
        438.2,
        438.2,
        438.2,
        438.2,
        438.2,
        438.2,
        438.2,
        438.2,
        438.2,
        438.2,
        438.2,
        438.2,
        438.2,
        438.2,
        438.2,
        438.2,
        438.2,
        438.2,
        438.2,
        438.2
      ],
      "mean": [
        -Infinity,
        433.18863636363636,
        434.45681818181816,
        434.45681818181816,
        434.7840909090908,
        434.7840909090908,
        434.7840909090908,
        434.7840909090908,
        435.0090909090908,
        436.42727272727274,
        436.44772727272726,
        436.44772727272726,
        437.32727272727277,
        437.32727272727277,
        437.32727272727277,
        437.32727272727277,
        437.32727272727277,
        437.32727272727277,
        437.42954545454546,
        437.42954545454546,
        437.42954545454546,
        437.42954545454546,
        437.42954545454546,
        437.42954545454546,
        437.42954545454546,
        437.42954545454546,
        437.42954545454546,
        437.42954545454546,
        437.42954545454546,
        437.42954545454546,
        437.4431818181818,
        437.4431818181818,
        437.4431818181818,
        437.4636363636364,
        437.4636363636364,
        437.4636363636364,
        437.4636363636364,
        437.4636363636364,
        437.7568181818182,
        437.7568181818182,
        437.7568181818182,
        437.7568181818182,
        437.7568181818182,
        437.7636363636364,
        437.7636363636364,
        437.7636363636364,
        437.7636363636364,
        437.7636363636364,
        437.7636363636364,
        437.7636363636364,
        437.7636363636364,
        437.7636363636364,
        437.7636363636364,
        437.7636363636364,
        437.7636363636364,
        437.7636363636364,
        437.7704545454546,
        437.7704545454546,
        437.7704545454546,
        437.7704545454546,
        437.7704545454546,
        437.7704545454546,
        437.7704545454546,
        437.7704545454546,
        437.7704545454546,
        437.79090909090905,
        437.79090909090905,
        437.79090909090905,
        437.79090909090905,
        437.79090909090905,
        437.79090909090905,
        437.79090909090905,
        437.79090909090905,
        437.79090909090905,
        437.79090909090905,
        437.79090909090905,
        437.79090909090905,
        437.79090909090905,
        437.79090909090905,
        437.79090909090905,
        437.79090909090905,
        437.79090909090905,
        437.79090909090905,
        437.79090909090905,
        437.79090909090905,
        437.79090909090905,
        437.79090909090905,
        437.79090909090905,
        437.79090909090905,
        437.79090909090905,
        437.79090909090905,
        437.79090909090905,
        437.79772727272734,
        437.79772727272734,
        437.79772727272734,
        437.79772727272734,
        437.79772727272734,
        437.79772727272734,
        437.79772727272734,
        437.79772727272734
      ]
    }
  },
  "per_generation": [
    {
      "gen": 0.0,
      "best": 437.3,
      "mean": -Infinity
    },
    {
      "gen": 1.0,
      "best": 437.3,
      "mean": 433.18863636363636
    },
    {
      "gen": 2.0,
      "best": 437.3,
      "mean": 434.45681818181816
    },
    {
      "gen": 3.0,
      "best": 437.3,
      "mean": 434.45681818181816
    },
    {
      "gen": 4.0,
      "best": 437.3,
      "mean": 434.7840909090908
    },
    {
      "gen": 5.0,
      "best": 437.3,
      "mean": 434.7840909090908
    },
    {
      "gen": 6.0,
      "best": 437.3,
      "mean": 434.7840909090908
    },
    {
      "gen": 7.0,
      "best": 437.3,
      "mean": 434.7840909090908
    },
    {
      "gen": 8.0,
      "best": 437.3,
      "mean": 435.0090909090908
    },
    {
      "gen": 9.0,
      "best": 437.75,
      "mean": 436.42727272727274
    },
    {
      "gen": 10.0,
      "best": 437.3,
      "mean": 436.44772727272726
    },
    {
      "gen": 11.0,
      "best": 437.75,
      "mean": 436.44772727272726
    },
    {
      "gen": 12.0,
      "best": 438.2,
      "mean": 437.32727272727277
    },
    {
      "gen": 13.0,
      "best": 438.2,
      "mean": 437.32727272727277
    },
    {
      "gen": 14.0,
      "best": 438.2,
      "mean": 437.32727272727277
    },
    {
      "gen": 15.0,
      "best": 438.2,
      "mean": 437.32727272727277
    },
    {
      "gen": 16.0,
      "best": 438.2,
      "mean": 437.32727272727277
    },
    {
      "gen": 17.0,
      "best": 438.2,
      "mean": 437.32727272727277
    },
    {
      "gen": 18.0,
      "best": 438.2,
      "mean": 437.42954545454546
    },
    {
      "gen": 19.0,
      "best": 438.2,
      "mean": 437.42954545454546
    },
    {
      "gen": 20.0,
      "best": 438.2,
      "mean": 437.42954545454546
    },
    {
      "gen": 21.0,
      "best": 438.2,
      "mean": 437.42954545454546
    },
    {
      "gen": 22.0,
      "best": 438.2,
      "mean": 437.42954545454546
    },
    {
      "gen": 23.0,
      "best": 438.2,
      "mean": 437.42954545454546
    },
    {
      "gen": 24.0,
      "best": 438.2,
      "mean": 437.42954545454546
    },
    {
      "gen": 25.0,
      "best": 438.2,