{
  "algo": "pso",
  "hparams": {
    "generations": 100,
    "popsize": 22,
    "fix_last_gene": true,
    "seed": 202,
    "verbosity": 1,
    "log_every": 1,
    "evals_cap": 10000,
    "w": 0.6386725937013081,
    "c1": 1.2451229679229867,
    "c2": 2.2
  },
  "metrics": {
    "best_final": 438.05,
    "auc_best": 43351.725000000035,
    "auc_best_norm": 437.8962121212125,
    "runtime_sec": 78.89079594612122,
    "evals_total": -1,
    "budget_triggered": false,
    "stop_reason": "None"
  },
  "diagnostics": {
    "best": {
      "start": 436.1,
      "end": 438.05,
      "delta_abs": 1.9499999999999886,
      "delta_rel": 0.004471451501949068,
      "max_val": 438.05,
      "argmax": 18,
      "auc_raw": 43351.725000000035,
      "auc_norm": 437.8962121212125
    },
    "mean": {
      "start": -Infinity,
      "end": 437.8863636363636,
      "delta_abs": Infinity,
      "delta_rel": NaN,
      "max_val": 437.8863636363636,
      "argmax": 84,
      "auc_raw": -Infinity,
      "auc_norm": -Infinity
    }
  },
  "genomes": {
    "best_genome": [
      1,
      1,
      1,
      1,
      1,
      1,
      1,
      1,
      1,
      1,
      1,
      0,
      0,
      0,
      1,
      1,
      1,
      0,
      1,
      0,
      0,
      0,
      0,
      0,
      0,
      0,
      0,
      0,
      0,
      0,
      0,
      0,
      1
    ],
    "all_best_genomes": null
  },
  "raw": {
    "curves": {
      "best": [
        436.1,
        436.1,
        436.1,
        436.1,
        436.1,
        437.3,
        437.3,
        437.6,
        437.6,
        437.6,
        437.6,
        437.6,
        437.6,
        437.6,
        437.6,
        437.6,
        437.6,
        437.6,
        438.05,
        438.05,
        438.05,
        438.05,
        438.05,
        438.05,
        438.05,
        438.05,
        438.05,
        438.05,
        438.05,
        438.05,
        438.05,
        438.05,
        438.05,
        438.05,
        438.05,
        438.05,
        438.05,
        438.05,
        438.05,
        438.05,
        438.05,
        438.05,
        438.05,
        438.05,
        438.05,
        438.05,
        438.05,
        438.05,
        438.05,
        438.05,
        438.05,
        438.05,
        438.05,
        438.05,
        438.05,
        438.05,
        438.05,
        438.05,
        438.05,
        438.05,
        438.05,
        438.05,
        438.05,
        438.05,
        438.05,
        438.05,
        438.05,
        438.05,
        438.05,
        438.05,
        438.05,
        438.05,
        438.05,
        438.05,
        438.05,
        438.05,
        438.05,
        438.05,
        438.05,
        438.05,
        438.05,
        438.05,
        438.05,
        438.05,
        438.05,
        438.05,
        438.05,
        438.05,
        438.05,
        438.05,
        438.05,
        438.05,
        438.05,
        438.05,
        438.05,
        438.05,
        438.05,
        438.05,
        438.05,
        438.05
      ],
      "mean": [
        -Infinity,
        417.05,
        417.05,
        427.20227272727277,
        427.20227272727277,
        434.55227272727274,
        434.64090909090913,
        436.52954545454554,
        436.52954545454554,
        436.52954545454554,
        436.52954545454554,
        436.5568181818182,
        436.5568181818182,
        436.5568181818182,
        436.61136363636365,
        436.61136363636365,
        436.6181818181818,
        436.90454545454554,
        437.42272727272723,
        437.42272727272723,
        437.42272727272723,
        437.45681818181816,
        437.47727272727275,
        437.47727272727275,
        437.47727272727275,
        437.47727272727275,
        437.48409090909087,
        437.48409090909087,
        437.48409090909087,
        437.48409090909087,
        437.48409090909087,
        437.49090909090904,
        437.49090909090904,
        437.49090909090904,
        437.49090909090904,
        437.4977272727272,
        437.4977272727272,
        437.4977272727272,
        437.4977272727272,
        437.4977272727272,
        437.525,
        437.525,
        437.6954545454546,
        437.6954545454546,
        437.6954545454546,
        437.6954545454546,
        437.6954545454546,
        437.6954545454546,
        437.6954545454546,
        437.6954545454546,
        437.6954545454546,
        437.75,
        437.75,
        437.75,
        437.75,
        437.75,
        437.75,
        437.75,
        437.75,
        437.7636363636364,
        437.7636363636364,
        437.7636363636364,
        437.7636363636364,
        437.7636363636364,
        437.7636363636364,
        437.7636363636364,
        437.7636363636364,
        437.79772727272734,
        437.80454545454546,
        437.80454545454546,
        437.8181818181818,
        437.8181818181818,
        437.8181818181818,
        437.8181818181818,
        437.8181818181818,
        437.8181818181818,
        437.8181818181818,
        437.8181818181818,
        437.8181818181818,
        437.8181818181818,
        437.8181818181818,
        437.8181818181818,
        437.8181818181818,
        437.825,
        437.8863636363636,
        437.8863636363636,
        437.8863636363636,
        437.8863636363636,
        437.8863636363636,
        437.8863636363636,
        437.8863636363636,
        437.8863636363636,
        437.8863636363636,
        437.8863636363636,
        437.8863636363636,
        437.8863636363636,
        437.8863636363636,
        437.8863636363636,
        437.8863636363636,
        437.8863636363636
      ]
    }
  },
  "per_generation": [
    {
      "gen": 0.0,
      "best": 436.1,
      "mean": -Infinity
    },
    {
      "gen": 1.0,
      "best": 436.1,
      "mean": 417.05
    },
    {
      "gen": 2.0,
      "best": 436.1,
      "mean": 417.05
    },
    {
      "gen": 3.0,
      "best": 436.1,
      "mean": 427.20227272727277
    },
    {
      "gen": 4.0,
      "best": 436.1,
      "mean": 427.20227272727277
    },
    {
      "gen": 5.0,
      "best": 437.3,
      "mean": 434.55227272727274
    },
    {
      "gen": 6.0,
      "best": 437.3,
      "mean": 434.64090909090913
    },
    {
      "gen": 7.0,
      "best": 437.6,
      "mean": 436.52954545454554
    },
    {
      "gen": 8.0,
      "best": 437.6,
      "mean": 436.52954545454554
    },
    {
      "gen": 9.0,
      "best": 437.6,
      "mean": 436.52954545454554
    },
    {
      "gen": 10.0,
      "best": 437.6,
      "mean": 436.52954545454554
    },
    {
      "gen": 11.0,
      "best": 437.6,
      "mean": 436.5568181818182
    },
    {
      "gen": 12.0,
      "best": 437.6,
      "mean": 436.5568181818182
    },
    {
      "gen": 13.0,
      "best": 437.6,
      "mean": 436.5568181818182
    },
    {
      "gen": 14.0,
      "best": 437.6,
      "mean": 436.61136363636365
    },
    {
      "gen": 15.0,
      "best": 437.6,
      "mean": 436.61136363636365
    },
    {
      "gen": 16.0,
      "best": 437.6,
      "mean": 436.6181818181818
    },
    {
      "gen": 17.0,
      "best": 437.6,
      "mean": 436.90454545454554
    },
    {
      "gen": 18.0,
      "best": 438.05,
      "mean": 437.42272727272723
    },
    {
      "gen": 19.0,
      "best": 438.05,
      "mean": 437.42272727272723
    },
    {
      "gen": 20.0,
      "best": 438.05,
      "mean": 437.42272727272723
    },
    {
      "gen": 21.0,
      "best": 438.05,
      "mean": 437.45681818181816
    },
    {
      "gen": 22.0,
      "best": 438.05,
      "mean": 437.47727272727275
    },
    {
      "gen": 23.0,
      "best": 438.05,
      "mean": 437.47727272727275
    },
    {
      "gen": 24.0,
      "best": 438.05,
      "mean": 437.47727272727275
    },
    {
      "gen": 25.0,
      "best": 438.05,
      "mean": 437.47727272727275
    },
    {
      "gen": 26.0,
      "best": 438.05,
      "mean": 437.48409090909087
    },
    {
      "gen": 27.0,