{
  "algo": "pso",
  "hparams": {
    "generations": 100,
    "popsize": 22,
    "fix_last_gene": true,
    "seed": 202,
    "verbosity": 1,
    "log_every": 1,
    "evals_cap": 10000,
    "w": 0.9053597832710168,
    "c1": 2.0543582793678064,
    "c2": 1.4224711759820978
  },
  "metrics": {
    "best_final": 438.65,
    "auc_best": 43392.67500000007,
    "auc_best_norm": 438.30984848484917,
    "runtime_sec": 83.43929147720337,
    "evals_total": -1,
    "budget_triggered": false,
    "stop_reason": "None"
  },
  "diagnostics": {
    "best": {
      "start": 436.1,
      "end": 438.65,
      "delta_abs": 2.5499999999999545,
      "delta_rel": 0.005847282733317942,
      "max_val": 438.65,
      "argmax": 45,
      "auc_raw": 43392.67500000007,
      "auc_norm": 438.30984848484917
    },
    "mean": {
      "start": -Infinity,
      "end": 438.6227272727272,
      "delta_abs": Infinity,
      "delta_rel": NaN,
      "max_val": 438.6227272727272,
      "argmax": 85,
      "auc_raw": -Infinity,
      "auc_norm": -Infinity
    }
  },
  "genomes": {
    "best_genome": [
      0,
      0,
      1,
      0,
      0,
      1,
      0,
      0,
      0,
      1,
      0,
      0,
      1,
      0,
      0,
      0,
      0,
      0,
      0,
      0,
      0,
      0,
      0,
      0,
      0,
      0,
      0,
      0,
      0,
      0,
      0,
      0,
      1
    ],
    "all_best_genomes": null
  },
  "raw": {
    "curves": {
      "best": [
        436.1,
        436.1,
        436.1,
        436.1,
        436.1,
        436.55,
        437.0,
        437.9,
        437.9,
        437.9,
        437.9,
        437.9,
        437.9,
        437.9,
        437.9,
        437.9,
        437.9,
        437.9,
        438.05,
        438.05,
        438.05,
        438.05,
        438.05,
        438.05,
        438.05,
        438.2,
        438.2,
        438.2,
        438.35,
        438.35,
        438.35,
        438.35,
        438.35,
        438.35,
        438.35,
        438.35,
        438.35,
        438.35,
        438.35,
        438.35,
        438.35,
        438.35,
        438.5,
        438.5,
        438.5,
        438.65,
        438.65,
        438.65,
        438.65,
        438.65,
        438.65,
        438.65,
        438.65,
        438.65,
        438.65,
        438.65,
        438.65,
        438.65,
        438.65,
        438.65,
        438.65,
        438.65,
        438.65,
        438.65,
        438.65,
        438.65,
        438.65,
        438.65,
        438.65,
        438.65,
        438.65,
        438.65,
        438.65,
        438.65,
        438.65,
        438.65,
        438.65,
        438.65,
        438.65,
        438.65,
        438.65,
        438.65,
        438.65,
        438.65,
        438.65,
        438.65,
        438.65,
        438.65,
        438.65,
        438.65,
        438.65,
        438.65,
        438.65,
        438.65,
        438.65,
        438.65,
        438.65,
        438.65,
        438.65,
        438.65
      ],
      "mean": [
        -Infinity,
        416.859090909091,
        416.859090909091,
        423.0295454545456,
        423.0295454545456,
        425.04090909090917,
        430.175,
        436.68636363636364,
        436.6931818181818,
        436.6931818181818,
        436.72045454545463,
        436.7954545454546,
        436.7954545454546,
        436.8022727272728,
        436.99318181818194,
        436.99318181818194,
        436.99318181818194,
        437.225,
        437.4090909090908,
        437.4090909090908,
        437.4090909090908,
        437.66818181818167,
        437.66818181818167,
        437.66818181818167,
        437.7022727272726,
        437.7704545454544,
        437.7977272727272,
        437.7977272727272,
        437.90681818181815,
        437.92045454545456,
        437.92045454545456,
        437.92045454545456,
        437.92045454545456,
        437.92727272727274,
        437.92727272727274,
        437.92727272727274,
        437.92727272727274,
        437.94090909090903,
        438.00909090909084,
        438.01590909090913,
        438.01590909090913,
        438.01590909090913,
        438.15909090909093,
        438.16590909090905,
        438.16590909090905,
        438.25454545454545,
        438.25454545454545,
        438.25454545454545,
        438.25454545454545,
        438.25454545454545,
        438.25454545454545,
        438.2613636363636,
        438.30909090909097,
        438.30909090909097,
        438.30909090909097,
        438.30909090909097,
        438.30909090909097,
        438.30909090909097,
        438.30909090909097,
        438.34318181818185,
        438.39772727272737,
        438.40454545454554,
        438.41818181818195,
        438.43181818181824,
        438.43181818181824,
        438.52727272727276,
        438.52727272727276,
        438.53409090909093,
        438.53409090909093,
        438.53409090909093,
        438.53409090909093,
        438.53409090909093,
        438.53409090909093,
        438.53409090909093,
        438.53409090909093,
        438.53409090909093,
        438.54090909090905,
        438.54090909090905,
        438.54090909090905,
        438.5545454545454,
        438.5545454545454,
        438.56136363636364,
        438.56136363636364,
        438.5681818181818,
        438.6090909090908,
        438.6227272727272,
        438.6227272727272,
        438.6227272727272,
        438.6227272727272,
        438.6227272727272,
        438.6227272727272,
        438.6227272727272,
        438.6227272727272,
        438.6227272727272,
        438.6227272727272,
        438.6227272727272,
        438.6227272727272,
        438.6227272727272,
        438.6227272727272,
        438.6227272727272
      ]
    }
  },
  "per_generation": [
    {
      "gen": 0.0,
      "best": 436.1,
      "mean": -Infinity
    },
    {
      "gen": 1.0,
      "best": 436.1,
      "mean": 416.859090909091
    },
    {
      "gen": 2.0,
      "best": 436.1,
      "mean": 416.859090909091
    },
    {
      "gen": 3.0,
      "best": 436.1,
      "mean": 423.0295454545456
    },
    {
      "gen": 4.0,
      "best": 436.1,
      "mean": 423.0295454545456
    },
    {
      "gen": 5.0,
      "best": 436.55,
      "mean": 425.04090909090917
    },
    {
      "gen": 6.0,
      "best": 437.0,
      "mean": 430.175
    },
    {
      "gen": 7.0,
      "best": 437.9,
      "mean": 436.68636363636364
    },
    {
      "gen": 8.0,
      "best": 437.9,
      "mean": 436.6931818181818
    },
    {
      "gen": 9.0,
      "best": 437.9,
      "mean": 436.6931818181818
    },
    {
      "gen": 10.0,
      "best": 437.9,
      "mean": 436.72045454545463
    },
    {
      "gen": 11.0,
      "best": 437.9,
      "mean": 436.7954545454546
    },
    {
      "gen": 12.0,
      "best": 437.9,
      "mean": 436.7954545454546
    },
    {
      "gen": 13.0,
      "best": 437.9,
      "mean": 436.8022727272728
    },
    {
      "gen": 14.0,
      "best": 437.9,
      "mean": 436.99318181818194
    },
    {
      "gen": 15.0,
      "best": 437.9,
      "mean": 436.99318181818194
    },
    {
      "gen": 16.0,
      "best": 437.9,
      "mean": 436.99318181818194
    },
    {
      "gen": 17.0,
      "best": 437.9,
      "mean": 437.225
    },
    {
      "gen": 18.0,
      "best": 438.05,
      "mean": 437.4090909090908
    },
    {
      "gen": 19.0,
      "best": 438.05,
      "mean": 437.4090909090908
    },
    {
      "gen": 20.0,
      "best": 438.05,
      "mean": 437.4090909090908
    },
    {
      "gen": 21.0,
      "best": 438.05,
      "mean": 437.66818181818167
    },
    {
      "gen": 22.0,
      "best": 438.05,
      "mean": 437.66818181818167
    },
    {
      "gen": 23.0,
      "best": 438.05,
      "mean": 437.66818181818167
    },
    {
      "gen": 24.0,
      "best": 438.05,
      "mean": 437.7022727272726
    },
    {
      "gen": 25.0,
      "best": 438.2,