{
  "algo": "pso",
  "hparams": {
    "generations": 100,
    "popsize": 22,
    "fix_last_gene": true,
    "seed": 505,
    "verbosity": 1,
    "log_every": 1,
    "evals_cap": 10000,
    "w": 0.4562806252657395,
    "c1": 0.8277464344275344,
    "c2": 2.1869516967157443
  },
  "metrics": {
    "best_final": 438.65,
    "auc_best": 43361.85000000003,
    "auc_best_norm": 437.99848484848513,
    "runtime_sec": 69.81942796707153,
    "evals_total": -1,
    "budget_triggered": false,
    "stop_reason": "None"
  },
  "diagnostics": {
    "best": {
      "start": 435.95,
      "end": 438.65,
      "delta_abs": 2.6999999999999886,
      "delta_rel": 0.006193370799403576,
      "max_val": 438.65,
      "argmax": 69,
      "auc_raw": 43361.85000000003,
      "auc_norm": 437.99848484848513
    },
    "mean": {
      "start": -Infinity,
      "end": 438.08409090909095,
      "delta_abs": Infinity,
      "delta_rel": NaN,
      "max_val": 438.08409090909095,
      "argmax": 69,
      "auc_raw": -Infinity,
      "auc_norm": -Infinity
    }
  },
  "genomes": {
    "best_genome": [
      0,
      1,
      0,
      0,
      0,
      1,
      0,
      1,
      0,
      0,
      1,
      1,
      1,
      0,
      0,
      0,
      0,
      0,
      0,
      0,
      0,
      0,
      0,
      0,
      0,
      0,
      0,
      0,
      0,
      0,
      0,
      0,
      1
    ],
    "all_best_genomes": null
  },
  "raw": {
    "curves": {
      "best": [
        435.95,
        434.45,
        435.95,
        437.6,
        437.6,
        437.6,
        437.6,
        437.6,
        437.6,
        437.6,
        437.6,
        437.6,
        437.6,
        437.6,
        437.6,
        437.6,
        437.6,
        437.6,
        437.6,
        437.6,
        437.6,
        437.6,
        437.6,
        437.75,
        437.75,
        437.75,
        437.75,
        437.75,
        437.75,
        437.75,
        437.75,
        437.75,
        437.75,
        437.75,
        437.75,
        437.75,
        437.75,
        437.75,
        437.75,
        437.75,
        437.6,
        437.75,
        437.75,
        437.75,
        437.75,
        437.75,
        437.75,
        437.75,
        438.05,
        438.05,
        438.05,
        438.05,
        438.05,
        438.05,
        438.05,
        438.05,
        438.05,
        438.05,
        438.05,
        438.05,
        438.05,
        438.05,
        438.05,
        438.05,
        438.05,
        438.05,
        438.05,
        438.05,
        438.05,
        438.65,
        438.65,
        438.65,
        438.65,
        438.65,
        438.65,
        438.65,
        438.65,
        438.65,
        438.65,
        438.65,
        438.65,
        438.65,
        438.65,
        438.65,
        438.65,
        438.65,
        438.65,
        438.65,
        438.65,
        438.65,
        438.65,
        438.65,
        438.65,
        438.65,
        438.65,
        438.65,
        438.65,
        438.65,
        438.65,
        438.65
      ],
      "mean": [
        -Infinity,
        -Infinity,
        420.4181818181818,
        421.35909090909087,
        421.35909090909087,
        421.91818181818184,
        426.1454545454546,
        428.15000000000003,
        436.48863636363626,
        436.48863636363626,
        436.48863636363626,
        436.5431818181818,
        436.5431818181818,
        436.5431818181818,
        436.5431818181818,
        436.5431818181818,
        436.5431818181818,
        436.5431818181818,
        436.7613636363636,
        436.7613636363636,
        436.7613636363636,
        436.7613636363636,
        436.80227272727274,
        437.34772727272735,
        437.34772727272735,
        437.34772727272735,
        437.35454545454553,
        437.35454545454553,
        437.35454545454553,
        437.35454545454553,
        437.35454545454553,
        437.37500000000006,
        437.37500000000006,
        437.37500000000006,
        437.37500000000006,
        437.3954545454546,
        437.3954545454546,
        437.3954545454546,
        437.3954545454546,
        437.3954545454546,
        437.3954545454546,
        437.3954545454546,
        437.3954545454546,
        437.3954545454546,
        437.3954545454546,
        437.3954545454546,
        437.3954545454546,
        437.3954545454546,
        437.70909090909095,
        437.70909090909095,
        437.70909090909095,
        437.70909090909095,
        437.70909090909095,
        437.70909090909095,
        437.70909090909095,
        437.70909090909095,
        437.70909090909095,
        437.70909090909095,
        437.70909090909095,
        437.70909090909095,
        437.70909090909095,
        437.70909090909095,
        437.70909090909095,
        437.70909090909095,
        437.75,
        437.75,
        437.75,
        437.75,
        437.75,
        438.08409090909095,
        438.08409090909095,
        438.08409090909095,
        438.08409090909095,
        438.08409090909095,
        438.08409090909095,
        438.08409090909095,
        438.08409090909095,
        438.08409090909095,
        438.08409090909095,
        438.08409090909095,
        438.08409090909095,
        438.08409090909095,
        438.08409090909095,
        438.08409090909095,
        438.08409090909095,
        438.08409090909095,
        438.08409090909095,
        438.08409090909095,
        438.08409090909095,
        438.08409090909095,
        438.08409090909095,
        438.08409090909095,
        438.08409090909095,
        438.08409090909095,
        438.08409090909095,
        438.08409090909095,
        438.08409090909095,
        438.08409090909095,
        438.08409090909095,
        438.08409090909095
      ]
    }
  },
  "per_generation": [
    {
      "gen": 0.0,
      "best": 435.95,
      "mean": -Infinity
    },
    {
      "gen": 1.0,
      "best": 434.45,
      "mean": -Infinity
    },
    {
      "gen": 2.0,
      "best": 435.95,
      "mean": 420.4181818181818
    },
    {
      "gen": 3.0,
      "best": 437.6,
      "mean": 421.35909090909087
    },
    {
      "gen": 4.0,
      "best": 437.6,
      "mean": 421.35909090909087
    },
    {
      "gen": 5.0,
      "best": 437.6,
      "mean": 421.91818181818184
    },
    {
      "gen": 6.0,
      "best": 437.6,
      "mean": 426.1454545454546
    },
    {
      "gen": 7.0,
      "best": 437.6,
      "mean": 428.15000000000003
    },
    {
      "gen": 8.0,
      "best": 437.6,
      "mean": 436.48863636363626
    },
    {
      "gen": 9.0,
      "best": 437.6,
      "mean": 436.48863636363626
    },
    {
      "gen": 10.0,
      "best": 437.6,
      "mean": 436.48863636363626
    },
    {
      "gen": 11.0,
      "best": 437.6,
      "mean": 436.5431818181818
    },
    {
      "gen": 12.0,
      "best": 437.6,
      "mean": 436.5431818181818
    },
    {
      "gen": 13.0,
      "best": 437.6,
      "mean": 436.5431818181818
    },
    {
      "gen": 14.0,
      "best": 437.6,
      "mean": 436.5431818181818
    },
    {
      "gen": 15.0,
      "best": 437.6,
      "mean": 436.5431818181818
    },
    {
      "gen": 16.0,
      "best": 437.6,
      "mean": 436.5431818181818
    },
    {
      "gen": 17.0,
      "best": 437.6,
      "mean": 436.5431818181818
    },
    {
      "gen": 18.0,
      "best": 437.6,
      "mean": 436.7613636363636
    },
    {
      "gen": 19.0,
      "best": 437.6,
      "mean": 436.7613636363636
    },
    {
      "gen": 20.0,
      "best": 437.6,
      "mean": 436.7613636363636
    },
    {
      "gen": 21.0,
      "best": 437.6,
      "mean": 436.7613636363636
    },
    {
      "gen": 22.0,
      "best": 437.6,
      "mean": 436.80227272727274
    },
    {
      "gen": 23.0,
      "best": 437.75,
      "mean": 437.34772727272735
    },
    {
      "gen": 24.0,
      "best": 437.75,
      "mean": 437.34772727272735
    },
    {
      "gen": 25.0,
      "best": 437.75,