{
  "algo": "pso",
  "hparams": {
    "generations": 100,
    "popsize": 22,
    "fix_last_gene": true,
    "seed": 909,
    "verbosity": 1,
    "log_every": 1,
    "evals_cap": 10000,
    "w": 0.8660794954659756,
    "c1": 0.9763522975744114,
    "c2": 2.1691751327161435
  },
  "metrics": {
    "best_final": 438.65,
    "auc_best": 43397.32500000008,
    "auc_best_norm": 438.35681818181894,
    "runtime_sec": 79.62090301513672,
    "evals_total": -1,
    "budget_triggered": false,
    "stop_reason": "None"
  },
  "diagnostics": {
    "best": {
      "start": 436.7,
      "end": 438.65,
      "delta_abs": 1.9499999999999886,
      "delta_rel": 0.004465307991756329,
      "max_val": 438.65,
      "argmax": 43,
      "auc_raw": 43397.32500000008,
      "auc_norm": 438.35681818181894
    },
    "mean": {
      "start": -Infinity,
      "end": 438.55454545454546,
      "delta_abs": Infinity,
      "delta_rel": NaN,
      "max_val": 438.55454545454546,
      "argmax": 78,
      "auc_raw": -Infinity,
      "auc_norm": -Infinity
    }
  },
  "genomes": {
    "best_genome": [
      1,
      0,
      1,
      1,
      1,
      1,
      1,
      1,
      1,
      1,
      1,
      0,
      1,
      0,
      1,
      0,
      0,
      0,
      0,
      0,
      0,
      0,
      0,
      0,
      0,
      0,
      0,
      0,
      0,
      0,
      0,
      0,
      1
    ],
    "all_best_genomes": null
  },
  "raw": {
    "curves": {
      "best": [
        436.7,
        436.7,
        436.7,
        436.7,
        436.7,
        436.7,
        437.15,
        437.15,
        437.15,
        438.05,
        438.05,
        438.05,
        438.05,
        438.05,
        438.05,
        438.05,
        438.05,
        438.05,
        438.05,
        438.05,
        438.05,
        438.35,
        438.35,
        438.35,
        438.35,
        438.35,
        438.35,
        438.35,
        438.35,
        438.35,
        438.35,
        438.35,
        438.35,
        438.35,
        438.35,
        438.35,
        438.35,
        438.35,
        438.35,
        438.35,
        438.35,
        438.35,
        438.35,
        438.65,
        438.65,
        438.65,
        438.65,
        438.65,
        438.65,
        438.65,
        438.65,
        438.65,
        438.65,
        438.65,
        438.65,
        438.65,
        438.65,
        438.65,
        438.65,
        438.65,
        438.65,
        438.65,
        438.65,
        438.65,
        438.65,
        438.65,
        438.65,
        438.65,
        438.65,
        438.65,
        438.65,
        438.65,
        438.65,
        438.65,
        438.65,
        438.65,
        438.65,
        438.65,
        438.65,
        438.65,
        438.65,
        438.65,
        438.65,
        438.65,
        438.65,
        438.65,
        438.65,
        438.65,
        438.65,
        438.65,
        438.65,
        438.65,
        438.65,
        438.65,
        438.65,
        438.65,
        438.65,
        438.65,
        438.65,
        438.65
      ],
      "mean": [
        -Infinity,
        -Infinity,
        418.1613636363636,
        432.88863636363635,
        432.8954545454546,
        432.8954545454546,
        435.6227272727274,
        435.643181818182,
        435.6704545454546,
        436.91818181818184,
        436.9386363636364,
        437.0136363636364,
        437.2318181818182,
        437.3,
        437.3,
        437.3,
        437.3,
        437.49090909090916,
        437.5522727272728,
        437.5522727272728,
        437.5522727272728,
        437.72272727272724,
        437.73636363636365,
        437.73636363636365,
        437.81136363636364,
        437.81136363636364,
        437.81136363636364,
        437.81136363636364,
        437.8795454545454,
        437.94090909090903,
        437.94090909090903,
        437.9613636363636,
        437.9613636363636,
        437.9613636363636,
        437.97499999999997,
        437.97499999999997,
        437.97499999999997,
        438.00909090909096,
        438.00909090909096,
        438.00909090909096,
        438.00909090909096,
        438.00909090909096,
        438.00909090909096,
        438.17272727272734,
        438.17272727272734,
        438.17272727272734,
        438.18636363636364,
        438.18636363636364,
        438.18636363636364,
        438.2068181818182,
        438.2068181818182,
        438.25454545454545,
        438.25454545454545,
        438.25454545454545,
        438.2818181818182,
        438.2818181818182,
        438.2818181818182,
        438.3363636363636,
        438.3636363636364,
        438.3704545454546,
        438.3704545454546,
        438.3704545454546,
        438.3704545454546,
        438.3704545454546,
        438.39090909090913,
        438.39090909090913,
        438.39090909090913,
        438.39090909090913,
        438.39090909090913,
        438.4045454545454,
        438.4045454545454,
        438.4045454545454,
        438.4045454545454,
        438.41818181818184,
        438.41818181818184,
        438.41818181818184,
        438.41818181818184,
        438.4318181818182,
        438.55454545454546,
        438.55454545454546,
        438.55454545454546,
        438.55454545454546,
        438.55454545454546,
        438.55454545454546,
        438.55454545454546,
        438.55454545454546,
        438.55454545454546,
        438.55454545454546,
        438.55454545454546,
        438.55454545454546,
        438.55454545454546,
        438.55454545454546,
        438.55454545454546,
        438.55454545454546,
        438.55454545454546,
        438.55454545454546,
        438.55454545454546,
        438.55454545454546,
        438.55454545454546,
        438.55454545454546
      ]
    }
  },
  "per_generation": [
    {
      "gen": 0.0,
      "best": 436.7,
      "mean": -Infinity
    },
    {
      "gen": 1.0,
      "best": 436.7,
      "mean": -Infinity
    },
    {
      "gen": 2.0,
      "best": 436.7,
      "mean": 418.1613636363636
    },
    {
      "gen": 3.0,
      "best": 436.7,
      "mean": 432.88863636363635
    },
    {
      "gen": 4.0,
      "best": 436.7,
      "mean": 432.8954545454546
    },
    {
      "gen": 5.0,
      "best": 436.7,
      "mean": 432.8954545454546
    },
    {
      "gen": 6.0,
      "best": 437.15,
      "mean": 435.6227272727274
    },
    {
      "gen": 7.0,
      "best": 437.15,
      "mean": 435.643181818182
    },
    {
      "gen": 8.0,
      "best": 437.15,
      "mean": 435.6704545454546
    },
    {
      "gen": 9.0,
      "best": 438.05,
      "mean": 436.91818181818184
    },
    {
      "gen": 10.0,
      "best": 438.05,
      "mean": 436.9386363636364
    },
    {
      "gen": 11.0,
      "best": 438.05,
      "mean": 437.0136363636364
    },
    {
      "gen": 12.0,
      "best": 438.05,
      "mean": 437.2318181818182
    },
    {
      "gen": 13.0,
      "best": 438.05,
      "mean": 437.3
    },
    {
      "gen": 14.0,
      "best": 438.05,
      "mean": 437.3
    },
    {
      "gen": 15.0,
      "best": 438.05,
      "mean": 437.3
    },
    {
      "gen": 16.0,
      "best": 438.05,
      "mean": 437.3
    },
    {
      "gen": 17.0,
      "best": 438.05,
      "mean": 437.49090909090916
    },
    {
      "gen": 18.0,
      "best": 438.05,
      "mean": 437.5522727272728
    },
    {
      "gen": 19.0,
      "best": 438.05,
      "mean": 437.5522727272728
    },
    {
      "gen": 20.0,
      "best": 438.05,
      "mean": 437.5522727272728
    },
    {
      "gen": 21.0,
      "best": 438.35,
      "mean": 437.72272727272724
    },
    {
      "gen": 22.0,
      "best": 438.35,
      "mean": 437.73636363636365
    },
    {
      "gen": 23.0,
      "best": 438.35,
      "mean": 437.73636363636365
    },
    {
      "gen": 24.0,
      "best": 438.35,
      "mean": 437.81136363636364
    },
    {
      "gen": 25.0,
      "best": 438.35,