{
  "algo": "pso",
  "hparams": {
    "generations": 100,
    "popsize": 22,
    "fix_last_gene": true,
    "seed": 202,
    "verbosity": 1,
    "log_every": 1,
    "evals_cap": 10000,
    "w": 0.8484789705492941,
    "c1": 0.8610379470533984,
    "c2": 2.2
  },
  "metrics": {
    "best_final": 438.5,
    "auc_best": 43377.60000000001,
    "auc_best_norm": 438.1575757575759,
    "runtime_sec": 78.53877806663513,
    "evals_total": -1,
    "budget_triggered": false,
    "stop_reason": "None"
  },
  "diagnostics": {
    "best": {
      "start": 436.1,
      "end": 438.5,
      "delta_abs": 2.3999999999999773,
      "delta_rel": 0.0055033249254757555,
      "max_val": 438.5,
      "argmax": 59,
      "auc_raw": 43377.60000000001,
      "auc_norm": 438.1575757575759
    },
    "mean": {
      "start": -Infinity,
      "end": 438.2545454545454,
      "delta_abs": Infinity,
      "delta_rel": NaN,
      "max_val": 438.2545454545454,
      "argmax": 85,
      "auc_raw": -Infinity,
      "auc_norm": -Infinity
    }
  },
  "genomes": {
    "best_genome": [
      1,
      0,
      1,
      1,
      0,
      0,
      0,
      1,
      1,
      0,
      0,
      0,
      0,
      0,
      0,
      0,
      0,
      0,
      0,
      0,
      0,
      0,
      0,
      1,
      0,
      0,
      0,
      0,
      0,
      0,
      0,
      0,
      1
    ],
    "all_best_genomes": null
  },
  "raw": {
    "curves": {
      "best": [
        436.1,
        436.1,
        436.1,
        436.1,
        436.1,
        436.25,
        436.85,
        437.75,
        437.75,
        437.75,
        437.75,
        437.75,
        437.75,
        437.75,
        437.75,
        437.75,
        437.75,
        437.9,
        438.2,
        438.2,
        438.2,
        438.2,
        438.2,
        438.2,
        438.2,
        438.2,
        438.2,
        438.2,
        438.2,
        438.2,
        438.2,
        438.2,
        438.2,
        438.2,
        438.2,
        438.2,
        438.2,
        438.2,
        438.2,
        438.2,
        438.2,
        438.2,
        438.2,
        438.2,
        438.2,
        438.2,
        438.2,
        438.2,
        438.2,
        438.2,
        438.2,
        438.35,
        438.35,
        438.35,
        438.35,
        438.35,
        438.35,
        438.35,
        438.35,
        438.5,
        438.5,
        438.5,
        438.5,
        438.5,
        438.5,
        438.5,
        438.5,
        438.5,
        438.5,
        438.5,
        438.5,
        438.5,
        438.5,
        438.5,
        438.5,
        438.5,
        438.5,
        438.5,
        438.5,
        438.5,
        438.5,
        438.5,
        438.5,
        438.5,
        438.5,
        438.5,
        438.5,
        438.5,
        438.5,
        438.5,
        438.5,
        438.5,
        438.5,
        438.5,
        438.5,
        438.5,
        438.5,
        438.5,
        438.5,
        438.5
      ],
      "mean": [
        -Infinity,
        416.9272727272728,
        416.9272727272728,
        428.2318181818182,
        428.2318181818182,
        435.165909090909,
        435.49999999999994,
        436.4204545454546,
        436.4477272727274,
        436.4477272727274,
        436.54318181818195,
        436.54318181818195,
        436.54318181818195,
        436.5500000000001,
        436.59772727272735,
        436.59772727272735,
        436.59772727272735,
        436.94545454545454,
        437.5386363636363,
        437.5386363636363,
        437.5386363636363,
        437.89318181818174,
        437.89318181818174,
        437.89318181818174,
        437.89999999999986,
        437.89999999999986,
        437.89999999999986,
        437.89999999999986,
        437.89999999999986,
        437.89999999999986,
        437.89999999999986,
        437.9545454545454,
        437.9545454545454,
        437.9545454545454,
        437.9545454545454,
        437.981818181818,
        437.981818181818,
        437.981818181818,
        437.981818181818,
        437.981818181818,
        437.981818181818,
        437.981818181818,
        438.0022727272726,
        438.0022727272726,
        438.0022727272726,
        438.02954545454537,
        438.02954545454537,
        438.02954545454537,
        438.03636363636355,
        438.03636363636355,
        438.03636363636355,
        438.0840909090908,
        438.0840909090908,
        438.0840909090908,
        438.0840909090908,
        438.10454545454536,
        438.10454545454536,
        438.10454545454536,
        438.10454545454536,
        438.13863636363624,
        438.13863636363624,
        438.13863636363624,
        438.1590909090908,
        438.1590909090908,
        438.1590909090908,
        438.1590909090908,
        438.1590909090908,
        438.1590909090908,
        438.1590909090908,
        438.1590909090908,
        438.17272727272723,
        438.17272727272723,
        438.17272727272723,
        438.1795454545454,
        438.1795454545454,
        438.1795454545454,
        438.1795454545454,
        438.1795454545454,
        438.1795454545454,
        438.1795454545454,
        438.1795454545454,
        438.1863636363636,
        438.1863636363636,
        438.1863636363636,
        438.24090909090904,
        438.2545454545454,
        438.2545454545454,
        438.2545454545454,
        438.2545454545454,
        438.2545454545454,
        438.2545454545454,
        438.2545454545454,
        438.2545454545454,
        438.2545454545454,
        438.2545454545454,
        438.2545454545454,
        438.2545454545454,
        438.2545454545454,
        438.2545454545454,
        438.2545454545454
      ]
    }
  },
  "per_generation": [
    {
      "gen": 0.0,
      "best": 436.1,
      "mean": -Infinity
    },
    {
      "gen": 1.0,
      "best": 436.1,
      "mean": 416.9272727272728
    },
    {
      "gen": 2.0,
      "best": 436.1,
      "mean": 416.9272727272728
    },
    {
      "gen": 3.0,
      "best": 436.1,
      "mean": 428.2318181818182
    },
    {
      "gen": 4.0,
      "best": 436.1,
      "mean": 428.2318181818182
    },
    {
      "gen": 5.0,
      "best": 436.25,
      "mean": 435.165909090909
    },
    {
      "gen": 6.0,
      "best": 436.85,
      "mean": 435.49999999999994
    },
    {
      "gen": 7.0,
      "best": 437.75,
      "mean": 436.4204545454546
    },
    {
      "gen": 8.0,
      "best": 437.75,
      "mean": 436.4477272727274
    },
    {
      "gen": 9.0,
      "best": 437.75,
      "mean": 436.4477272727274
    },
    {
      "gen": 10.0,
      "best": 437.75,
      "mean": 436.54318181818195
    },
    {
      "gen": 11.0,
      "best": 437.75,
      "mean": 436.54318181818195
    },
    {
      "gen": 12.0,
      "best": 437.75,
      "mean": 436.54318181818195
    },
    {
      "gen": 13.0,
      "best": 437.75,
      "mean": 436.5500000000001
    },
    {
      "gen": 14.0,
      "best": 437.75,
      "mean": 436.59772727272735
    },
    {
      "gen": 15.0,
      "best": 437.75,
      "mean": 436.59772727272735
    },
    {
      "gen": 16.0,
      "best": 437.75,
      "mean": 436.59772727272735
    },
    {
      "gen": 17.0,
      "best": 437.9,
      "mean": 436.94545454545454
    },
    {
      "gen": 18.0,
      "best": 438.2,
      "mean": 437.5386363636363
    },
    {
      "gen": 19.0,
      "best": 438.2,
      "mean": 437.5386363636363
    },
    {
      "gen": 20.0,
      "best": 438.2,
      "mean": 437.5386363636363
    },
    {
      "gen": 21.0,
      "best": 438.2,
      "mean": 437.89318181818174
    },
    {
      "gen": 22.0,
      "best": 438.2,
      "mean": 437.89318181818174
    },
    {
      "gen": 23.0,
      "best": 438.2,
      "mean": 437.89318181818174
    },
    {
      "gen": 24.0,
      "best": 438.2,
      "mean": 437.89999999999986
    },
    {
      "gen": 25.0,
      "best": 438.2,
      "mean": 437.89999999999986
    },
    {
      "gen": 26.0,