{
  "algo": "pso",
  "hparams": {
    "generations": 100,
    "popsize": 22,
    "fix_last_gene": true,
    "seed": 101,
    "verbosity": 1,
    "log_every": 1,
    "evals_cap": 10000,
    "w": 0.8484789705492941,
    "c1": 0.8610379470533984,
    "c2": 2.2
  },
  "metrics": {
    "best_final": 438.65,
    "auc_best": 43403.10000000008,
    "auc_best_norm": 438.41515151515233,
    "runtime_sec": 98.7802324295044,
    "evals_total": -1,
    "budget_triggered": false,
    "stop_reason": "None"
  },
  "diagnostics": {
    "best": {
      "start": 436.55,
      "end": 438.65,
      "delta_abs": 2.099999999999966,
      "delta_rel": 0.004810445538884356,
      "max_val": 438.65,
      "argmax": 19,
      "auc_raw": 43403.10000000008,
      "auc_norm": 438.41515151515233
    },
    "mean": {
      "start": -Infinity,
      "end": 438.64999999999986,
      "delta_abs": Infinity,
      "delta_rel": NaN,
      "max_val": 438.64999999999986,
      "argmax": 97,
      "auc_raw": -Infinity,
      "auc_norm": -Infinity
    }
  },
  "genomes": {
    "best_genome": [
      1,
      1,
      1,
      0,
      1,
      1,
      0,
      0,
      1,
      1,
      1,
      0,
      0,
      1,
      0,
      0,
      0,
      0,
      0,
      0,
      0,
      0,
      0,
      0,
      0,
      0,
      0,
      0,
      0,
      0,
      0,
      0,
      1
    ],
    "all_best_genomes": null
  },
  "raw": {
    "curves": {
      "best": [
        436.55,
        436.55,
        436.55,
        437.0,
        437.0,
        437.0,
        437.0,
        437.15,
        437.15,
        437.15,
        437.15,
        437.75,
        437.75,
        437.75,
        437.75,
        438.2,
        438.2,
        438.2,
        438.2,
        438.65,
        438.65,
        438.65,
        438.65,
        438.65,
        438.65,
        438.65,
        438.65,
        438.65,
        438.65,
        438.65,
        438.65,
        438.65,
        438.65,
        438.65,
        438.65,
        438.65,
        438.65,
        438.65,
        438.65,
        438.65,
        438.65,
        438.65,
        438.65,
        438.65,
        438.65,
        438.65,
        438.65,
        438.65,
        438.65,
        438.65,
        438.65,
        438.65,
        438.65,
        438.65,
        438.65,
        438.65,
        438.65,
        438.65,
        438.65,
        438.65,
        438.65,
        438.65,
        438.65,
        438.65,
        438.65,
        438.65,
        438.65,
        438.65,
        438.65,
        438.65,
        438.65,
        438.65,
        438.65,
        438.65,
        438.65,
        438.65,
        438.65,
        438.65,
        438.65,
        438.65,
        438.65,
        438.65,
        438.65,
        438.65,
        438.65,
        438.65,
        438.65,
        438.65,
        438.65,
        438.65,
        438.65,
        438.65,
        438.65,
        438.65,
        438.65,
        438.65,
        438.65,
        438.65,
        438.65,
        438.65
      ],
      "mean": [
        -Infinity,
        422.6886363636364,
        428.57272727272726,
        428.73636363636365,
        435.13863636363635,
        435.22727272727275,
        435.46590909090907,
        435.84090909090907,
        435.84090909090907,
        436.1,
        436.1,
        437.26590909090913,
        437.26590909090913,
        437.26590909090913,
        437.26590909090913,
        437.56590909090914,
        437.56590909090914,
        437.57272727272726,
        437.57272727272726,
        437.9136363636364,
        437.9136363636364,
        437.9136363636364,
        437.94090909090903,
        437.94090909090903,
        437.94090909090903,
        437.97499999999997,
        437.97499999999997,
        437.97499999999997,
        437.97499999999997,
        438.125,
        438.125,
        438.125,
        438.125,
        438.125,
        438.125,
        438.125,
        438.125,
        438.125,
        438.15227272727276,
        438.15227272727276,
        438.15227272727276,
        438.30909090909097,
        438.30909090909097,
        438.30909090909097,
        438.30909090909097,
        438.30909090909097,
        438.30909090909097,
        438.31590909090914,
        438.31590909090914,
        438.38409090909096,
        438.38409090909096,
        438.38409090909096,
        438.38409090909096,
        438.38409090909096,
        438.39090909090913,
        438.45227272727277,
        438.45227272727277,
        438.45227272727277,
        438.45227272727277,
        438.45227272727277,
        438.45227272727277,
        438.45227272727277,
        438.45227272727277,
        438.45227272727277,
        438.47272727272724,
        438.47272727272724,
        438.5068181818182,
        438.5068181818182,
        438.5068181818182,
        438.51363636363635,
        438.51363636363635,
        438.51363636363635,
        438.52045454545447,
        438.52045454545447,
        438.52045454545447,
        438.52045454545447,
        438.52045454545447,
        438.52045454545447,
        438.5545454545454,
        438.5545454545454,
        438.5545454545454,
        438.5545454545454,
        438.5545454545454,
        438.5545454545454,
        438.64318181818174,
        438.64318181818174,
        438.64318181818174,
        438.64318181818174,
        438.64318181818174,
        438.64318181818174,
        438.64318181818174,
        438.64318181818174,
        438.64318181818174,
        438.64318181818174,
        438.64318181818174,
        438.64318181818174,
        438.64318181818174,
        438.64999999999986,
        438.64999999999986,
        438.64999999999986
      ]
    }
  },
  "per_generation": [
    {
      "gen": 0.0,
      "best": 436.55,
      "mean": -Infinity
    },
    {
      "gen": 1.0,
      "best": 436.55,
      "mean": 422.6886363636364
    },
    {
      "gen": 2.0,
      "best": 436.55,
      "mean": 428.57272727272726
    },
    {
      "gen": 3.0,
      "best": 437.0,
      "mean": 428.73636363636365
    },
    {
      "gen": 4.0,
      "best": 437.0,
      "mean": 435.13863636363635
    },
    {
      "gen": 5.0,
      "best": 437.0,
      "mean": 435.22727272727275
    },
    {
      "gen": 6.0,
      "best": 437.0,
      "mean": 435.46590909090907
    },
    {
      "gen": 7.0,
      "best": 437.15,
      "mean": 435.84090909090907
    },
    {
      "gen": 8.0,
      "best": 437.15,
      "mean": 435.84090909090907
    },
    {
      "gen": 9.0,
      "best": 437.15,
      "mean": 436.1
    },
    {
      "gen": 10.0,
      "best": 437.15,
      "mean": 436.1
    },
    {
      "gen": 11.0,
      "best": 437.75,
      "mean": 437.26590909090913
    },
    {
      "gen": 12.0,
      "best": 437.75,
      "mean": 437.26590909090913
    },
    {
      "gen": 13.0,
      "best": 437.75,
      "mean": 437.26590909090913
    },
    {
      "gen": 14.0,
      "best": 437.75,
      "mean": 437.26590909090913
    },
    {
      "gen": 15.0,
      "best": 438.2,
      "mean": 437.56590909090914
    },
    {
      "gen": 16.0,
      "best": 438.2,
      "mean": 437.56590909090914
    },
    {
      "gen": 17.0,
      "best": 438.2,
      "mean": 437.57272727272726
    },
    {
      "gen": 18.0,
      "best": 438.2,
      "mean": 437.57272727272726
    },
    {
      "gen": 19.0,
      "best": 438.65,
      "mean": 437.9136363636364
    },
    {
      "gen": 20.0,
      "best": 438.65,
      "mean": 437.9136363636364
    },
    {
      "gen": 21.0,
      "best": 438.65,
      "mean": 437.9136363636364
    },
    {
      "gen": 22.0,
      "best": 438.65,
      "mean": 437.94090909090903
    },
    {
      "gen": 23.0,
      "best": 438.65,
      "mean": 437.94090909090903
    },
    {
      "gen": 24.0,
      "best": 438.65,
      "mean": 437.94090909090903
    },
    {
      "gen": 25.0,
      "best": 438.65,
      "mean": 437.97499999999997
    },
    {
      "gen": 26.0,