{
  "algo": "pso",
  "hparams": {
    "generations": 100,
    "popsize": 22,
    "fix_last_gene": true,
    "seed": 1001,
    "verbosity": 1,
    "log_every": 1,
    "evals_cap": 10000,
    "w": 0.6928104865148448,
    "c1": 1.512924567041681,
    "c2": 1.7214864792907267
  },
  "metrics": {
    "best_final": 438.5,
    "auc_best": 43360.72499999993,
    "auc_best_norm": 437.98712121212054,
    "runtime_sec": 70.512127161026,
    "evals_total": -1,
    "budget_triggered": false,
    "stop_reason": "None"
  },
  "diagnostics": {
    "best": {
      "start": 436.55,
      "end": 438.5,
      "delta_abs": 1.9499999999999886,
      "delta_rel": 0.004466842286106949,
      "max_val": 438.5,
      "argmax": 88,
      "auc_raw": 43360.72499999993,
      "auc_norm": 437.98712121212054
    },
    "mean": {
      "start": -Infinity,
      "end": 438.07727272727266,
      "delta_abs": Infinity,
      "delta_rel": NaN,
      "max_val": 438.07727272727266,
      "argmax": 91,
      "auc_raw": -Infinity,
      "auc_norm": -Infinity
    }
  },
  "genomes": {
    "best_genome": [
      1,
      0,
      1,
      1,
      1,
      1,
      0,
      1,
      0,
      1,
      1,
      0,
      0,
      1,
      1,
      0,
      0,
      0,
      0,
      0,
      0,
      0,
      0,
      1,
      0,
      0,
      0,
      0,
      0,
      0,
      0,
      0,
      1
    ],
    "all_best_genomes": null
  },
  "raw": {
    "curves": {
      "best": [
        436.55,
        436.55,
        436.55,
        437.45,
        437.45,
        437.45,
        437.45,
        437.45,
        437.45,
        437.45,
        437.45,
        437.45,
        437.45,
        437.6,
        437.6,
        437.6,
        437.6,
        437.6,
        437.6,
        437.6,
        437.6,
        437.6,
        437.6,
        438.05,
        438.05,
        438.05,
        438.05,
        438.05,
        438.05,
        438.05,
        438.05,
        438.05,
        438.05,
        438.05,
        438.05,
        438.05,
        438.05,
        438.05,
        438.05,
        438.05,
        438.05,
        438.05,
        438.05,
        438.05,
        438.05,
        438.05,
        438.05,
        438.05,
        438.05,
        438.05,
        438.05,
        438.05,
        438.05,
        438.05,
        438.05,
        438.05,
        438.05,
        438.05,
        438.05,
        438.05,
        438.05,
        438.05,
        438.05,
        438.05,
        438.05,
        438.05,
        438.05,
        438.05,
        438.05,
        438.2,
        438.2,
        438.2,
        438.2,
        438.2,
        438.2,
        438.2,
        438.2,
        438.2,
        438.2,
        438.2,
        438.2,
        438.2,
        438.2,
        438.2,
        438.2,
        438.2,
        438.2,
        438.2,
        438.5,
        438.5,
        438.5,
        438.5,
        438.5,
        438.5,
        438.5,
        438.5,
        438.5,
        438.5,
        438.5,
        438.5
      ],
      "mean": [
        -Infinity,
        420.24772727272733,
        423.45909090909095,
        423.91590909090905,
        424.0045454545454,
        424.0045454545454,
        424.25,
        424.52272727272725,
        424.5568181818182,
        424.5568181818182,
        424.57727272727277,
        424.6318181818182,
        433.29772727272734,
        436.775,
        436.775,
        436.775,
        436.775,
        436.775,
        436.80227272727274,
        436.80227272727274,
        436.80227272727274,
        436.80227272727274,
        436.85,
        437.0818181818182,
        437.0818181818182,
        437.0818181818182,
        437.0818181818182,
        437.0818181818182,
        437.0818181818182,
        437.0886363636364,
        437.18409090909086,
        437.19772727272726,
        437.19772727272726,
        437.19772727272726,
        437.19772727272726,
        437.20454545454544,
        437.20454545454544,
        437.20454545454544,
        437.20454545454544,
        437.20454545454544,
        437.41590909090917,
        437.4295454545456,
        437.4295454545456,
        437.4295454545456,
        437.52500000000015,
        437.52500000000015,
        437.52500000000015,
        437.52500000000015,
        437.52500000000015,
        437.52500000000015,
        437.6,
        437.6,
        437.6272727272728,
        437.6272727272728,
        437.6272727272728,
        437.6272727272728,
        437.6272727272728,
        437.6272727272728,
        437.6272727272728,
        437.6272727272728,
        437.6272727272728,
        437.6272727272728,
        437.63409090909096,
        437.63409090909096,
        437.63409090909096,
        437.63409090909096,
        437.63409090909096,
        437.63409090909096,
        437.63409090909096,
        437.68863636363636,
        437.6954545454546,
        437.6954545454546,
        437.6954545454546,
        437.6954545454546,
        437.6954545454546,
        437.6954545454546,
        437.6954545454546,
        437.7159090909092,
        437.7159090909092,
        437.7159090909092,
        437.7704545454546,
        437.7704545454546,
        437.7704545454546,
        437.7704545454546,
        437.7704545454546,
        437.9613636363636,
        437.9613636363636,
        437.9613636363636,
        438.07045454545454,
        438.07045454545454,
        438.07045454545454,
        438.07727272727266,
        438.07727272727266,
        438.07727272727266,
        438.07727272727266,
        438.07727272727266,
        438.07727272727266,
        438.07727272727266,
        438.07727272727266,
        438.07727272727266
      ]
    }
  },
  "per_generation": [
    {
      "gen": 0.0,
      "best": 436.55,
      "mean": -Infinity
    },
    {
      "gen": 1.0,
      "best": 436.55,
      "mean": 420.24772727272733
    },
    {
      "gen": 2.0,
      "best": 436.55,
      "mean": 423.45909090909095
    },
    {
      "gen": 3.0,
      "best": 437.45,
      "mean": 423.91590909090905
    },
    {
      "gen": 4.0,
      "best": 437.45,
      "mean": 424.0045454545454
    },
    {
      "gen": 5.0,
      "best": 437.45,
      "mean": 424.0045454545454
    },
    {
      "gen": 6.0,
      "best": 437.45,
      "mean": 424.25
    },
    {
      "gen": 7.0,
      "best": 437.45,
      "mean": 424.52272727272725
    },
    {
      "gen": 8.0,
      "best": 437.45,
      "mean": 424.5568181818182
    },
    {
      "gen": 9.0,
      "best": 437.45,
      "mean": 424.5568181818182
    },
    {
      "gen": 10.0,
      "best": 437.45,
      "mean": 424.57727272727277
    },
    {
      "gen": 11.0,
      "best": 437.45,
      "mean": 424.6318181818182
    },
    {
      "gen": 12.0,
      "best": 437.45,
      "mean": 433.29772727272734
    },
    {
      "gen": 13.0,
      "best": 437.6,
      "mean": 436.775
    },
    {
      "gen": 14.0,
      "best": 437.6,
      "mean": 436.775
    },
    {
      "gen": 15.0,
      "best": 437.6,
      "mean": 436.775
    },
    {
      "gen": 16.0,
      "best": 437.6,
      "mean": 436.775
    },
    {
      "gen": 17.0,
      "best": 437.6,
      "mean": 436.775
    },
    {
      "gen": 18.0,
      "best": 437.6,
      "mean": 436.80227272727274
    },
    {
      "gen": 19.0,
      "best": 437.6,
      "mean": 436.80227272727274
    },
    {
      "gen": 20.0,
      "best": 437.6,
      "mean": 436.80227272727274
    },
    {
      "gen": 21.0,
      "best": 437.6,
      "mean": 436.80227272727274
    },
    {
      "gen": 22.0,
      "best": 437.6,
      "mean": 436.85
    },
    {
      "gen": 23.0,
      "best": 438.05,
      "mean": 437.0818181818182
    },
    {
      "gen": 24.0,
      "best": 438.05,
      "mean": 437.0818181818182
    },
    {
      "gen": 25.0,
      "best": 438.05,
      "mean": 437.0818181818182
    },
    {
      "gen": 26.0,
      "best": 438.05,
      "mean": 437.0818181818182
    },
    {
      "gen": 27.0,