{
  "algo": "pso",
  "hparams": {
    "generations": 100,
    "popsize": 22,
    "fix_last_gene": true,
    "seed": 1001,
    "verbosity": 1,
    "log_every": 1,
    "evals_cap": 10000,
    "w": 0.9446921644354112,
    "c1": 1.2059627718795185,
    "c2": 2.2
  },
  "metrics": {
    "best_final": 438.65,
    "auc_best": 43402.65000000008,
    "auc_best_norm": 438.4106060606069,
    "runtime_sec": 86.4250066280365,
    "evals_total": -1,
    "budget_triggered": false,
    "stop_reason": "None"
  },
  "diagnostics": {
    "best": {
      "start": 436.55,
      "end": 438.65,
      "delta_abs": 2.099999999999966,
      "delta_rel": 0.004810445538884356,
      "max_val": 438.65,
      "argmax": 23,
      "auc_raw": 43402.65000000008,
      "auc_norm": 438.4106060606069
    },
    "mean": {
      "start": -Infinity,
      "end": 438.64999999999986,
      "delta_abs": Infinity,
      "delta_rel": NaN,
      "max_val": 438.64999999999986,
      "argmax": 77,
      "auc_raw": -Infinity,
      "auc_norm": -Infinity
    }
  },
  "genomes": {
    "best_genome": [
      0,
      1,
      1,
      1,
      0,
      1,
      0,
      1,
      0,
      1,
      1,
      1,
      0,
      0,
      0,
      0,
      0,
      0,
      0,
      0,
      0,
      0,
      0,
      0,
      0,
      0,
      0,
      0,
      0,
      0,
      0,
      0,
      1
    ],
    "all_best_genomes": null
  },
  "raw": {
    "curves": {
      "best": [
        436.55,
        436.55,
        436.55,
        437.15,
        437.15,
        437.15,
        437.15,
        437.15,
        437.15,
        437.15,
        437.15,
        437.15,
        437.3,
        438.2,
        438.2,
        438.2,
        438.2,
        438.35,
        438.35,
        438.35,
        438.35,
        438.35,
        438.35,
        438.65,
        438.65,
        438.65,
        438.65,
        438.65,
        438.65,
        438.65,
        438.65,
        438.65,
        438.65,
        438.65,
        438.65,
        438.65,
        438.65,
        438.65,
        438.65,
        438.65,
        438.65,
        438.65,
        438.65,
        438.65,
        438.65,
        438.65,
        438.65,
        438.65,
        438.65,
        438.65,
        438.65,
        438.65,
        438.65,
        438.65,
        438.65,
        438.65,
        438.65,
        438.65,
        438.65,
        438.65,
        438.65,
        438.65,
        438.65,
        438.65,
        438.65,
        438.65,
        438.65,
        438.65,
        438.65,
        438.65,
        438.65,
        438.65,
        438.65,
        438.65,
        438.65,
        438.65,
        438.65,
        438.65,
        438.65,
        438.65,
        438.65,
        438.65,
        438.65,
        438.65,
        438.65,
        438.65,
        438.65,
        438.65,
        438.65,
        438.65,
        438.65,
        438.65,
        438.65,
        438.65,
        438.65,
        438.65,
        438.65,
        438.65,
        438.65,
        438.65
      ],
      "mean": [
        -Infinity,
        421.09318181818185,
        426.3022727272728,
        426.95000000000005,
        429.22045454545463,
        433.2704545454546,
        434.70909090909095,
        436.0181818181818,
        436.0386363636363,
        436.0386363636363,
        436.19545454545454,
        436.19545454545454,
        436.7,
        437.10909090909087,
        437.1636363636364,
        437.20454545454544,
        437.2931818181818,
        437.40227272727276,
        437.54545454545456,
        437.66136363636366,
        437.66136363636366,
        437.72954545454553,
        437.78409090909093,
        438.07727272727266,
        438.07727272727266,
        438.09772727272724,
        438.09772727272724,
        438.09772727272724,
        438.17954545454546,
        438.2136363636364,
        438.24090909090916,
        438.30227272727274,
        438.30227272727274,
        438.30227272727274,
        438.30909090909086,
        438.30909090909086,
        438.3431818181818,
        438.34999999999997,
        438.34999999999997,
        438.425,
        438.425,
        438.425,
        438.425,
        438.425,
        438.44545454545454,
        438.44545454545454,
        438.44545454545454,
        438.44545454545454,
        438.44545454545454,
        438.44545454545454,
        438.44545454545454,
        438.44545454545454,
        438.45909090909095,
        438.45909090909095,
        438.49318181818177,
        438.49318181818177,
        438.49318181818177,
        438.49318181818177,
        438.5749999999999,
        438.60227272727263,
        438.6090909090908,
        438.6090909090908,
        438.6090909090908,
        438.6090909090908,
        438.6090909090908,
        438.62272727272716,
        438.62272727272716,
        438.62272727272716,
        438.62272727272716,
        438.63636363636357,
        438.64318181818174,
        438.64318181818174,
        438.64318181818174,
        438.64318181818174,
        438.64318181818174,
        438.64318181818174,
        438.64318181818174,
        438.64999999999986,
        438.64999999999986,
        438.64999999999986,
        438.64999999999986,
        438.64999999999986,
        438.64999999999986,
        438.64999999999986,
        438.64999999999986,
        438.64999999999986,
        438.64999999999986,
        438.64999999999986,
        438.64999999999986,
        438.64999999999986,
        438.64999999999986,
        438.64999999999986,
        438.64999999999986,
        438.64999999999986,
        438.64999999999986,
        438.64999999999986,
        438.64999999999986,
        438.64999999999986,
        438.64999999999986,
        438.64999999999986
      ]
    }
  },
  "per_generation": [
    {
      "gen": 0.0,
      "best": 436.55,
      "mean": -Infinity
    },
    {
      "gen": 1.0,
      "best": 436.55,
      "mean": 421.09318181818185
    },
    {
      "gen": 2.0,
      "best": 436.55,
      "mean": 426.3022727272728
    },
    {
      "gen": 3.0,
      "best": 437.15,
      "mean": 426.95000000000005
    },
    {
      "gen": 4.0,
      "best": 437.15,
      "mean": 429.22045454545463
    },
    {
      "gen": 5.0,
      "best": 437.15,
      "mean": 433.2704545454546
    },
    {
      "gen": 6.0,
      "best": 437.15,
      "mean": 434.70909090909095
    },
    {
      "gen": 7.0,
      "best": 437.15,
      "mean": 436.0181818181818
    },
    {
      "gen": 8.0,
      "best": 437.15,
      "mean": 436.0386363636363
    },
    {
      "gen": 9.0,
      "best": 437.15,
      "mean": 436.0386363636363
    },
    {
      "gen": 10.0,
      "best": 437.15,
      "mean": 436.19545454545454
    },
    {
      "gen": 11.0,
      "best": 437.15,
      "mean": 436.19545454545454
    },
    {
      "gen": 12.0,
      "best": 437.3,
      "mean": 436.7
    },
    {
      "gen": 13.0,
      "best": 438.2,
      "mean": 437.10909090909087
    },
    {
      "gen": 14.0,
      "best": 438.2,
      "mean": 437.1636363636364
    },
    {
      "gen": 15.0,
      "best": 438.2,
      "mean": 437.20454545454544
    },
    {
      "gen": 16.0,
      "best": 438.2,
      "mean": 437.2931818181818
    },
    {
      "gen": 17.0,
      "best": 438.35,
      "mean": 437.40227272727276
    },
    {
      "gen": 18.0,
      "best": 438.35,
      "mean": 437.54545454545456
    },
    {
      "gen": 19.0,
      "best": 438.35,
      "mean": 437.66136363636366
    },
    {
      "gen": 20.0,
      "best": 438.35,
      "mean": 437.66136363636366
    },
    {
      "gen": 21.0,
      "best": 438.35,
      "mean": 437.72954545454553
    },
    {
      "gen": 22.0,
      "best": 438.35,
      "mean": 437.78409090909093
    },
    {
      "gen": 23.0,
      "best": 438.65,
      "mean": 438.07727272727266
    },
    {
      "gen": 24.0,
      "best": 438.65,
      "mean": 438.07727272727266
    },
    {
      "gen": 25.0,
      "best": 438.65,