{
  "algo": "pso",
  "hparams": {
    "generations": 100,
    "popsize": 22,
    "fix_last_gene": true,
    "seed": 606,
    "verbosity": 1,
    "log_every": 1,
    "evals_cap": 10000,
    "w": 0.8389905920165952,
    "c1": 1.6736352159050651,
    "c2": 2.089482031173722
  },
  "metrics": {
    "best_final": 438.65,
    "auc_best": 43388.850000000086,
    "auc_best_norm": 438.271212121213,
    "runtime_sec": 79.32135438919067,
    "evals_total": -1,
    "budget_triggered": false,
    "stop_reason": "None"
  },
  "diagnostics": {
    "best": {
      "start": 435.35,
      "end": 438.65,
      "delta_abs": 3.2999999999999545,
      "delta_rel": 0.007580107959113252,
      "max_val": 438.65,
      "argmax": 33,
      "auc_raw": 43388.850000000086,
      "auc_norm": 438.271212121213
    },
    "mean": {
      "start": -Infinity,
      "end": 438.63636363636357,
      "delta_abs": Infinity,
      "delta_rel": NaN,
      "max_val": 438.63636363636357,
      "argmax": 95,
      "auc_raw": -Infinity,
      "auc_norm": -Infinity
    }
  },
  "genomes": {
    "best_genome": [
      1,
      1,
      0,
      1,
      0,
      0,
      1,
      1,
      0,
      0,
      1,
      0,
      1,
      0,
      0,
      0,
      0,
      0,
      0,
      0,
      0,
      0,
      0,
      0,
      0,
      0,
      0,
      0,
      0,
      0,
      0,
      0,
      1
    ],
    "all_best_genomes": null
  },
  "raw": {
    "curves": {
      "best": [
        435.35,
        435.5,
        435.5,
        435.5,
        435.95,
        436.4,
        436.4,
        436.7,
        436.7,
        436.7,
        436.7,
        436.7,
        437.15,
        437.15,
        437.15,
        437.9,
        437.9,
        437.9,
        438.35,
        438.35,
        438.35,
        438.5,
        438.5,
        438.5,
        438.5,
        438.5,
        438.5,
        438.5,
        438.5,
        438.5,
        438.5,
        438.5,
        438.5,
        438.65,
        438.65,
        438.65,
        438.65,
        438.65,
        438.65,
        438.65,
        438.65,
        438.65,
        438.65,
        438.65,
        438.65,
        438.65,
        438.65,
        438.65,
        438.65,
        438.65,
        438.65,
        438.65,
        438.65,
        438.65,
        438.65,
        438.65,
        438.65,
        438.65,
        438.65,
        438.65,
        438.65,
        438.65,
        438.65,
        438.65,
        438.65,
        438.65,
        438.65,
        438.65,
        438.65,
        438.65,
        438.65,
        438.65,
        438.65,
        438.65,
        438.65,
        438.65,
        438.65,
        438.65,
        438.65,
        438.65,
        438.65,
        438.65,
        438.65,
        438.65,
        438.65,
        438.65,
        438.65,
        438.65,
        438.65,
        438.65,
        438.65,
        438.65,
        438.65,
        438.65,
        438.65,
        438.65,
        438.65,
        438.65,
        438.65,
        438.65
      ],
      "mean": [
        -Infinity,
        426.30227272727274,
        431.4295454545454,
        434.8181818181818,
        435.17272727272734,
        435.28863636363644,
        435.4250000000001,
        435.6704545454546,
        435.6704545454546,
        435.8272727272728,
        435.8272727272728,
        436.02500000000003,
        436.3863636363636,
        436.4818181818182,
        436.6863636363636,
        437.1431818181818,
        437.34772727272724,
        437.34772727272724,
        438.03636363636366,
        438.03636363636366,
        438.03636363636366,
        438.21363636363645,
        438.21363636363645,
        438.21363636363645,
        438.21363636363645,
        438.21363636363645,
        438.21363636363645,
        438.2272727272728,
        438.26136363636374,
        438.26136363636374,
        438.26136363636374,
        438.26136363636374,
        438.268181818182,
        438.3022727272728,
        438.3022727272728,
        438.32954545454555,
        438.32954545454555,
        438.32954545454555,
        438.32954545454555,
        438.32954545454555,
        438.32954545454555,
        438.32954545454555,
        438.32954545454555,
        438.32954545454555,
        438.32954545454555,
        438.32954545454555,
        438.35681818181826,
        438.35681818181826,
        438.35681818181826,
        438.35681818181826,
        438.35681818181826,
        438.35681818181826,
        438.35681818181826,
        438.35681818181826,
        438.35681818181826,
        438.35681818181826,
        438.35681818181826,
        438.35681818181826,
        438.35681818181826,
        438.39772727272737,
        438.39772727272737,
        438.45227272727277,
        438.45227272727277,
        438.45227272727277,
        438.45227272727277,
        438.46590909090907,
        438.46590909090907,
        438.46590909090907,
        438.46590909090907,
        438.5136363636364,
        438.5136363636364,
        438.5136363636364,
        438.5136363636364,
        438.5136363636364,
        438.5136363636364,
        438.5136363636364,
        438.5136363636364,
        438.5136363636364,
        438.5136363636364,
        438.5136363636364,
        438.5136363636364,
        438.54090909090905,
        438.54090909090905,
        438.54090909090905,
        438.54090909090905,
        438.54090909090905,
        438.54090909090905,
        438.54090909090905,
        438.54090909090905,
        438.54090909090905,
        438.54090909090905,
        438.575,
        438.575,
        438.575,
        438.575,
        438.63636363636357,
        438.63636363636357,
        438.63636363636357,
        438.63636363636357,
        438.63636363636357
      ]
    }
  },
  "per_generation": [
    {
      "gen": 0.0,
      "best": 435.35,
      "mean": -Infinity
    },
    {
      "gen": 1.0,
      "best": 435.5,
      "mean": 426.30227272727274
    },
    {
      "gen": 2.0,
      "best": 435.5,
      "mean": 431.4295454545454
    },
    {
      "gen": 3.0,
      "best": 435.5,
      "mean": 434.8181818181818
    },
    {
      "gen": 4.0,
      "best": 435.95,
      "mean": 435.17272727272734
    },
    {
      "gen": 5.0,
      "best": 436.4,
      "mean": 435.28863636363644
    },
    {
      "gen": 6.0,
      "best": 436.4,
      "mean": 435.4250000000001
    },
    {
      "gen": 7.0,
      "best": 436.7,
      "mean": 435.6704545454546
    },
    {
      "gen": 8.0,
      "best": 436.7,
      "mean": 435.6704545454546
    },
    {
      "gen": 9.0,
      "best": 436.7,
      "mean": 435.8272727272728
    },
    {
      "gen": 10.0,
      "best": 436.7,
      "mean": 435.8272727272728
    },
    {
      "gen": 11.0,
      "best": 436.7,
      "mean": 436.02500000000003
    },
    {
      "gen": 12.0,
      "best": 437.15,
      "mean": 436.3863636363636
    },
    {
      "gen": 13.0,
      "best": 437.15,
      "mean": 436.4818181818182
    },
    {
      "gen": 14.0,
      "best": 437.15,
      "mean": 436.6863636363636
    },
    {
      "gen": 15.0,
      "best": 437.9,
      "mean": 437.1431818181818
    },
    {
      "gen": 16.0,
      "best": 437.9,
      "mean": 437.34772727272724
    },
    {
      "gen": 17.0,
      "best": 437.9,
      "mean": 437.34772727272724
    },
    {
      "gen": 18.0,
      "best": 438.35,
      "mean": 438.03636363636366
    },
    {
      "gen": 19.0,
      "best": 438.35,
      "mean": 438.03636363636366
    },
    {
      "gen": 20.0,
      "best": 438.35,
      "mean": 438.03636363636366
    },
    {
      "gen": 21.0,
      "best": 438.5,
      "mean": 438.21363636363645
    },
    {
      "gen": 22.0,
      "best": 438.5,
      "mean": 438.21363636363645
    },
    {
      "gen": 23.0,
      "best": 438.5,
      "mean": 438.21363636363645
    },
    {
      "gen": 24.0,
      "best": 438.5,
      "mean": 438.21363636363645
    },
    {
      "gen": 25.0,
      "best": 438.5,