{
  "algo": "pso",
  "hparams": {
    "generations": 100,
    "popsize": 22,
    "fix_last_gene": true,
    "seed": 1001,
    "verbosity": 1,
    "log_every": 1,
    "evals_cap": 10000,
    "w": 0.8572833705515861,
    "c1": 1.0556539706812742,
    "c2": 1.4847713327692562
  },
  "metrics": {
    "best_final": 438.5,
    "auc_best": 43383.07499999998,
    "auc_best_norm": 438.2128787878786,
    "runtime_sec": 76.98917555809021,
    "evals_total": -1,
    "budget_triggered": false,
    "stop_reason": "None"
  },
  "diagnostics": {
    "best": {
      "start": 436.55,
      "end": 438.5,
      "delta_abs": 1.9499999999999886,
      "delta_rel": 0.004466842286106949,
      "max_val": 438.5,
      "argmax": 52,
      "auc_raw": 43383.07499999998,
      "auc_norm": 438.2128787878786
    },
    "mean": {
      "start": -Infinity,
      "end": 438.425,
      "delta_abs": Infinity,
      "delta_rel": NaN,
      "max_val": 438.425,
      "argmax": 88,
      "auc_raw": -Infinity,
      "auc_norm": -Infinity
    }
  },
  "genomes": {
    "best_genome": [
      1,
      0,
      1,
      0,
      1,
      1,
      0,
      1,
      0,
      1,
      1,
      1,
      0,
      1,
      1,
      0,
      0,
      0,
      0,
      0,
      0,
      0,
      0,
      1,
      0,
      0,
      0,
      0,
      0,
      0,
      0,
      0,
      1
    ],
    "all_best_genomes": null
  },
  "raw": {
    "curves": {
      "best": [
        436.55,
        436.55,
        436.55,
        436.55,
        436.55,
        436.55,
        437.0,
        437.0,
        437.0,
        437.0,
        437.0,
        437.0,
        437.15,
        438.2,
        438.2,
        438.2,
        438.2,
        438.2,
        438.2,
        438.2,
        438.2,
        438.2,
        438.2,
        438.35,
        438.35,
        438.35,
        438.35,
        438.35,
        438.35,
        438.35,
        438.35,
        438.35,
        438.35,
        438.35,
        438.35,
        438.35,
        438.35,
        438.35,
        438.35,
        438.35,
        438.35,
        438.35,
        438.35,
        438.35,
        438.35,
        438.35,
        438.35,
        438.35,
        438.35,
        438.35,
        438.35,
        438.35,
        438.5,
        438.5,
        438.5,
        438.5,
        438.5,
        438.5,
        438.5,
        438.5,
        438.5,
        438.5,
        438.5,
        438.5,
        438.5,
        438.5,
        438.5,
        438.5,
        438.5,
        438.5,
        438.5,
        438.5,
        438.5,
        438.5,
        438.5,
        438.5,
        438.5,
        438.5,
        438.5,
        438.5,
        438.5,
        438.5,
        438.5,
        438.5,
        438.5,
        438.5,
        438.5,
        438.5,
        438.5,
        438.5,
        438.5,
        438.5,
        438.5,
        438.5,
        438.5,
        438.5,
        438.5,
        438.5,
        438.5,
        438.5
      ],
      "mean": [
        -Infinity,
        420.17272727272734,
        421.3454545454546,
        421.7613636363636,
        421.8568181818182,
        425.80454545454546,
        425.9136363636364,
        426.45909090909095,
        426.46590909090907,
        426.46590909090907,
        428.5113636363636,
        428.62045454545455,
        435.2545454545453,
        436.7068181818182,
        436.80909090909097,
        436.80909090909097,
        436.80909090909097,
        436.8568181818182,
        436.8568181818182,
        436.88409090909096,
        436.88409090909096,
        436.88409090909096,
        436.9931818181818,
        437.36136363636365,
        437.36136363636365,
        437.3681818181818,
        437.3681818181818,
        437.3681818181818,
        437.3681818181818,
        437.3681818181818,
        437.52500000000003,
        437.6136363636364,
        437.6136363636364,
        437.6136363636364,
        437.68863636363636,
        437.68863636363636,
        437.68863636363636,
        437.68863636363636,
        437.68863636363636,
        437.72272727272724,
        437.79772727272734,
        437.79772727272734,
        437.79772727272734,
        437.79772727272734,
        437.8795454545454,
        437.8795454545454,
        437.8795454545454,
        437.8795454545454,
        437.8795454545454,
        437.8863636363636,
        437.95454545454544,
        437.95454545454544,
        437.99545454545455,
        437.99545454545455,
        438.02272727272725,
        438.02272727272725,
        438.02272727272725,
        438.02272727272725,
        438.05,
        438.05,
        438.05,
        438.05,
        438.05,
        438.05,
        438.05,
        438.05,
        438.05,
        438.05,
        438.05,
        438.31590909090914,
        438.31590909090914,
        438.31590909090914,
        438.31590909090914,
        438.31590909090914,
        438.31590909090914,
        438.31590909090914,
        438.31590909090914,
        438.31590909090914,
        438.31590909090914,
        438.31590909090914,
        438.32272727272726,
        438.32272727272726,
        438.32272727272726,
        438.32272727272726,
        438.32272727272726,
        438.3431818181818,
        438.3431818181818,
        438.3431818181818,
        438.425,
        438.425,
        438.425,
        438.425,
        438.425,
        438.425,
        438.425,
        438.425,
        438.425,
        438.425,
        438.425,
        438.425
      ]
    }
  },
  "per_generation": [
    {
      "gen": 0.0,
      "best": 436.55,
      "mean": -Infinity
    },
    {
      "gen": 1.0,
      "best": 436.55,
      "mean": 420.17272727272734
    },
    {
      "gen": 2.0,
      "best": 436.55,
      "mean": 421.3454545454546
    },
    {
      "gen": 3.0,
      "best": 436.55,
      "mean": 421.7613636363636
    },
    {
      "gen": 4.0,
      "best": 436.55,
      "mean": 421.8568181818182
    },
    {
      "gen": 5.0,
      "best": 436.55,
      "mean": 425.80454545454546
    },
    {
      "gen": 6.0,
      "best": 437.0,
      "mean": 425.9136363636364
    },
    {
      "gen": 7.0,
      "best": 437.0,
      "mean": 426.45909090909095
    },
    {
      "gen": 8.0,
      "best": 437.0,
      "mean": 426.46590909090907
    },
    {
      "gen": 9.0,
      "best": 437.0,
      "mean": 426.46590909090907
    },
    {
      "gen": 10.0,
      "best": 437.0,
      "mean": 428.5113636363636
    },
    {
      "gen": 11.0,
      "best": 437.0,
      "mean": 428.62045454545455
    },
    {
      "gen": 12.0,
      "best": 437.15,
      "mean": 435.2545454545453
    },
    {
      "gen": 13.0,
      "best": 438.2,
      "mean": 436.7068181818182
    },
    {
      "gen": 14.0,
      "best": 438.2,
      "mean": 436.80909090909097
    },
    {
      "gen": 15.0,
      "best": 438.2,
      "mean": 436.80909090909097
    },
    {
      "gen": 16.0,
      "best": 438.2,
      "mean": 436.80909090909097
    },
    {
      "gen": 17.0,
      "best": 438.2,
      "mean": 436.8568181818182
    },
    {
      "gen": 18.0,
      "best": 438.2,
      "mean": 436.8568181818182
    },
    {
      "gen": 19.0,
      "best": 438.2,
      "mean": 436.88409090909096
    },
    {
      "gen": 20.0,
      "best": 438.2,
      "mean": 436.88409090909096
    },
    {
      "gen": 21.0,
      "best": 438.2,
      "mean": 436.88409090909096
    },
    {
      "gen": 22.0,
      "best": 438.2,
      "mean": 436.9931818181818
    },
    {
      "gen": 23.0,
      "best": 438.35,
      "mean": 437.36136363636365
    },
    {
      "gen": 24.0,
      "best": 438.35,
      "mean": 437.36136363636365
    },
    {
      "gen": 25.0,
      "best": 438.35,
      "mean": 437.3681818181818
    },
    {
      "gen": 26.0,
      "best": 438.35,
      "mean": 437.3681818181818
    },
    {
      "gen": 27.0,
      "best": 438.35,
      "mean": 437.3681818181818
    },
    {
      "gen": 28.0,
      "best": 438.35,