{
  "best_genome": [
    0,
    0,
    1,
    0,
    1,
    0,
    0,
    0,
    0,
    0,
    1,
    1
  ],
  "best_utility": -6.15,
  "all_best_genomes": [
    [
      0,
      0,
      1,
      0,
      1,
      0,
      0,
      0,
      0,
      0,
      1,
      1
    ]
  ],
  "curves": {
    "best": [
      -18.63,
      -7.84,
      -7.84,
      -6.15,
      -6.15,
      -6.15,
      -6.15,
      -6.15,
      -6.15,
      -6.15,
      -6.15,
      -6.15,
      -6.15,
      -6.15,
      -6.15,
      -6.15,
      -6.15,
      -6.15,
      -6.15,
      -6.15,
      -6.15,
      -6.15,
      -6.15,
      -6.15,
      -6.15,
      -6.15,
      -6.15,
      -6.15,
      -6.15,
      -6.15,
      -6.15,
      -6.15,
      -6.15,
      -6.15,
      -6.15,
      -6.15,
      -6.15,
      -6.15,
      -6.15,
      -6.15,
      -6.15,
      -6.15,
      -6.15,
      -6.15,
      -6.15,
      -6.15,
      -6.15,
      -6.15,
      -6.15,
      -6.15,
      -6.15
    ],
    "mean": [
      -139.7618,
      -61.235600000000005,
      -34.2706,
      -19.977800000000002,
      -17.1474,
      -15.5836,
      -23.7162,
      -18.5862,
      -15.2006,
      -20.922200000000004,
      -13.528800000000004,
      -10.7174,
      -13.684000000000001,
      -15.409600000000001,
      -13.525799999999998,
      -14.359800000000002,
      -13.812999999999999,
      -14.377,
      -14.796999999999999,
      -16.628800000000002,
      -17.631200000000003,
      -22.5298,
      -16.7392,
      -16.845000000000002,
      -12.6776,
      -16.4646,
      -16.1092,
      -12.565,
      -13.0618,
      -14.0266,
      -17.3972,
      -11.4332,
      -21.597600000000003,
      -14.911200000000001,
      -11.8006,
      -20.0426,
      -14.302999999999999,
      -23.0928,
      -16.238400000000002,
      -19.11,
      -10.9762,
      -13.737,
      -15.7116,
      -14.229800000000003,
      -11.658,
      -14.831399999999999,
      -14.782600000000002,
      -18.916600000000003,
      -21.598200000000002,
      -14.278200000000002,
      -14.086000000000002
    ],
    "median": [
      -160.595,
      -60.64999999999999,
      -32.565,
      -20.43,
      -11.545,
      -9.78,
      -8.77,
      -7.84,
      -8.835,
      -9.78,
      -7.96,
      -6.96,
      -7.49,
      -7.93,
      -7.96,
      -9.84,
      -9.27,
      -8.86,
      -6.99,
      -7.96,
      -6.995,
      -8.87,
      -8.795,
      -9.365,
      -7.93,
      -7.43,
      -8.335,
      -7.87,
      -6.15,
      -7.96,
      -7.96,
      -6.99,
      -9.295000000000002,
      -8.36,
      -7.02,
      -7.96,
      -8.335,
      -9.78,
      -10.72,
      -9.74,
      -6.96,
      -8.835,
      -7.43,
      -6.96,
      -6.585,
      -7.96,
      -7.025,
      -7.46,
      -9.370000000000001,
      -7.46,
      -8.96
    ]
  },
  "meta": {
    "labels": [
      "X4",
      "X0",
      "X8",
      "X5",
      "X6",
      "X7"
    ],
    "sizes": [
      2,
      1,
      1,
      1,
      1,
      1
    ],
    "K": 7,
    "L_used": 12,
    "alphabet": [
      0,
      1
    ],
    "pool_sizes": [
      3,
      2,
      2,
      2,
      2,
      2
    ],
    "genome_internal": {
      "selectors": 6,
      "tail_len": 5
    },
    "generations": 50,
    "popsize": 50,
    "parents": 15,
    "sel_mutation": 0.25,
    "tail_mutation": 0.03,
    "fix_last_gene": true,
    "seed": 98,
    "tie_tolerance": 1e-09,
    "num_best_genomes": 1,
    "evals_per_gen": [
      50,
      35,
      35,
      35,
      35,
      35,
      35,
      35,
      35,
      35,
      35,
      35,
      35,
      35,
      35,
      35,
      35,
      35,
      35,
      35,
      35,
      35,
      35,
      35,
      35,
      35,
      35,
      35,
      35,
      35,
      35,
      35,
      35,
      35,
      35,
      35,
      35,
      35,
      35,
      35,
      35,
      35,
      35,
      35,
      35,
      35,
      35,
      35,
      35,
      35,
      35
    ],
    "evals_cum": [
      50,
      85,
      120,
      155,
      190,
      225,
      260,
      295,
      330,
      365,
      400,
      435,
      470,
      505,
      540,
      575,
      610,
      645,
      680,
      715,
      750,
      785,
      820,
      855,
      890,
      925,
      960,
      995,
      1030,
      1065,
      1100,
      1135,
      1170,
      1205,
      1240,
      1275,
      1310,
      1345,
      1380,
      1415,
      1450,
      1485,
      1520,
      1555,
      1590,
      1625,
      1660,
      1695,
      1730,
      1765,
      1800
    ],
    "runtime_sec": 34.413047552108765,
    "budget": {
      "evals_cap": 150000,
      "time_limit_sec": 14400.0,
      "triggered": false,
      "reason": null,
      "evals_total": 1800,
      "time_total_sec": 34.41028809547424
    },
    "env_id": "g10_low_1"
  },