{
  "best_genome": [
    1,
    1,
    1,
    1,
    1,
    1,
    1,
    1,
    1,
    1,
    1,
    1,
    1,
    1,
    1,
    1,
    1,
    1,
    1,
    1,
    1,
    1,
    1,
    1,
    1,
    1,
    0,
    0,
    0,
    0,
    0,
    0,
    0,
    0,
    0,
    0,
    0,
    0,
    0,
    0,
    0,
    0,
    0,
    0,
    0,
    0,
    0,
    0,
    0,
    0,
    0,
    0,
    0,
    0,
    0,
    0,
    0,
    0,
    0,
    1,
    1,
    1,
    1,
    1,
    1
  ],
  "best_utility": -67.17,
  "all_best_genomes": [
    [
      1,
      1,
      1,
      1,
      1,
      1,
      1,
      1,
      1,
      1,
      1,
      1,
      1,
      1,
      1,
      1,
      1,
      1,
      1,
      1,
      1,
      1,
      1,
      1,
      1,
      1,
      0,
      0,
      0,
      0,
      0,
      0,
      0,
      0,
      0,
      0,
      0,
      0,
      0,
      0,
      0,
      0,
      0,
      0,
      0,
      0,
      0,
      0,
      0,
      0,
      0,
      0,
      0,
      0,
      0,
      0,
      0,
      0,
      0,
      1,
      1,
      1,
      1,
      1,
      1
    ]
  ],
  "curves": {
    "best": [
      -138.76,
      -132.02,
      -132.02,
      -105.92,
      -105.09,
      -96.75,
      -87.19,
      -72.9,
      -68.07,
      -67.86,
      -67.86,
      -67.86,
      -67.17,
      -67.17,
      -67.17,
      -67.17,
      -67.17,
      -67.17,
      -67.17,
      -67.17,
      -67.17,
      -67.17,
      -67.17,
      -67.17,
      -67.17,
      -67.17,
      -67.17,
      -67.17,
      -67.17,
      -67.17,
      -67.17,
      -67.17,
      -67.17,
      -67.17,
      -67.17,
      -67.17,
      -67.17,
      -67.17,
      -67.17,
      -67.17,
      -67.17,
      -67.17,
      -67.17,
      -67.17,
      -67.17,
      -67.17,
      -67.17,
      -67.17,
      -67.17,
      -67.17,
      -67.17
    ],
    "mean": [
      -283.8772,
      -216.3648,
      -178.62220000000002,
      -152.86860000000001,
      -132.90800000000002,
      -124.1698,
      -113.28059999999999,
      -106.87879999999997,
      -95.023,
      -91.59200000000001,
      -80.67159999999998,
      -79.32260000000001,
      -79.9552,
      -73.8836,
      -78.4448,
      -81.8326,
      -76.7274,
      -82.85520000000001,
      -77.8628,
      -81.0036,
      -75.2702,
      -77.49860000000001,
      -76.0582,
      -78.9652,
      -74.5692,
      -78.6172,
      -77.38640000000001,
      -74.26440000000001,
      -78.7324,
      -75.4096,
      -77.7102,
      -80.334,
      -75.73680000000002,
      -81.69040000000001,
      -74.8336,
      -75.2594,
      -72.0162,
      -82.5516,
      -72.594,
      -76.4068,
      -79.5404,
      -79.04800000000002,
      -76.4928,
      -79.9468,
      -75.10920000000002,
      -85.27599999999998,
      -75.40719999999999,
      -80.1798,
      -74.9512,
      -75.1782,
      -82.611
    ],
    "median": [
      -280.33500000000004,
      -216.49,
      -174.165,
      -151.005,
      -131.145,
      -122.41,
      -107.59,
      -101.795,
      -89.87,
      -84.805,
      -78.155,
      -72.9,
      -71.58,
      -69.11,
      -70.69,
      -70.28,
      -69.06,
      -71.19,
      -68.07,
      -68.07,
      -67.17,
      -67.17,
      -68.8,
      -74.85,
      -67.17,
      -70.785,
      -68.315,
      -69.9,
      -72.34,
      -70.0,
      -72.625,
      -70.02000000000001,
      -68.07,
      -70.05,
      -67.17,
      -67.17,
      -67.17,
      -74.235,
      -67.17,
      -67.17,
      -68.315,
      -67.62,
      -69.82499999999999,
      -69.53999999999999,
      -67.17,
      -70.195,
      -69.59,
      -70.04,
      -67.17,
      -69.95500000000001,
      -68.96
    ]
  },
  "meta": {
    "labels": [
      "X1",
      "X0"
    ],
    "sizes": [
      26,
      11
    ],
    "K": 37,
    "L_used": 65,
    "alphabet": [
      0,
      1
    ],
    "pool_sizes": [
      27,
      12
    ],
    "genome_internal": {
      "selectors": 2,
      "tail_len": 28
    },
    "generations": 50,
    "popsize": 50,
    "parents": 15,
    "sel_mutation": 0.25,
    "tail_mutation": 0.03,
    "fix_last_gene": true,
    "seed": 17,
    "tie_tolerance": 1e-09,
    "num_best_genomes": 1,
    "evals_per_gen": [
      50,
      35,
      35,
      35,
      35,
      35,
      35,
      35,
      35,
      35,
      35,
      35,
      35,
      35,
      35,
      35,
      35,
      35,
      35,
      35,
      35,
      35,
      35,
      35,
      35,
      35,
      35,
      35,
      35,
      35,
      35,
      35,
      35,
      35,
      35,
      35,
      35,
      35,
      35,
      35,
      35,
      35,
      35,
      35,
      35,
      35,
      35,
      35,
      35,
      35,
      35
    ],
    "evals_cum": [
      50,
      85,
      120,
      155,
      190,
      225,
      260,
      295,
      330,
      365,
      400,
      435,
      470,
      505,
      540,
      575,
      610,
      645,
      680,
      715,
      750,
      785,
      820,
      855,
      890,
      925,
      960,
      995,
      1030,
      1065,
      1100,
      1135,
      1170,
      1205,
      1240,
      1275,
      1310,
      1345,
      1380,
      1415,
      1450,
      1485,
      1520,
      1555,
      1590,
      1625,
      1660,
      1695,
      1730,
      1765,
      1800
    ],
    "runtime_sec": 66.79493522644043,
    "budget": {
      "evals_cap": 150000,
      "time_limit_sec": 14400.0,
      "triggered": false,
      "reason": null,
      "evals_total": 1800,
      "time_total_sec": 66.79120135307312
    },
    "env_id": "g10_high_2"
  },