{
  "best_genome": [
    0,
    0,
    0,
    0,
    0,
    0,
    0,
    0,
    0,
    0,
    0,
    0,
    0,
    0,
    0,
    0,
    0,
    0,
    0,
    0,
    0,
    0,
    0,
    0,
    0,
    0,
    0,
    0,
    0,
    0,
    0,
    0,
    0,
    0,
    0,
    0,
    1,
    0,
    1,
    1,
    1,
    1
  ],
  "best_utility": 10.31,
  "all_best_genomes": [
    [
      0,
      0,
      0,
      0,
      0,
      0,
      0,
      0,
      0,
      0,
      0,
      0,
      0,
      0,
      0,
      0,
      0,
      0,
      0,
      0,
      0,
      0,
      0,
      0,
      0,
      0,
      0,
      0,
      0,
      0,
      0,
      0,
      0,
      0,
      0,
      0,
      1,
      0,
      1,
      1,
      1,
      1
    ]
  ],
  "curves": {
    "best": [
      -40.09,
      -40.09,
      -40.09,
      -24.59,
      -16.68,
      -6.84,
      -1.24,
      -1.24,
      6.65,
      6.65,
      9.01,
      10.31,
      10.31,
      10.31,
      10.31,
      10.31,
      10.31,
      10.31,
      10.31,
      10.31,
      10.31,
      10.31,
      10.31,
      10.31,
      10.31,
      10.31,
      10.31,
      10.31,
      10.31,
      10.31,
      10.31,
      10.31,
      10.31,
      10.31,
      10.31,
      10.31,
      10.31,
      10.31,
      10.31,
      10.31,
      10.31,
      10.31,
      10.31,
      10.31,
      10.31,
      10.31,
      10.31,
      10.31,
      10.31,
      10.31,
      10.31
    ],
    "mean": [
      -138.572,
      -83.79279999999999,
      -59.08540000000001,
      -52.22339999999999,
      -42.61879999999999,
      -30.459999999999994,
      -24.0396,
      -19.3254,
      -13.178200000000002,
      -8.3088,
      -10.116999999999999,
      -1.4618,
      -1.7830000000000001,
      -2.8420000000000005,
      1.8844000000000003,
      -4.750800000000001,
      -2.3544,
      1.0548000000000004,
      4.299600000000001,
      2.0452,
      3.8810000000000002,
      4.2467999999999995,
      0.8816000000000002,
      1.0852000000000006,
      2.9158000000000004,
      1.6284000000000003,
      -3.4574000000000003,
      1.2406000000000006,
      0.6802000000000004,
      0.47540000000000066,
      -0.9353999999999997,
      0.3230000000000007,
      0.2998000000000001,
      2.3498,
      3.4396000000000004,
      -1.8725999999999998,
      0.9228000000000002,
      -0.3791999999999994,
      1.8592000000000002,
      0.7044000000000004,
      1.2722000000000002,
      -2.4396,
      2.5974,
      -1.3369999999999995,
      -2.421,
      -2.136199999999999,
      2.2758000000000003,
      3.484,
      0.7686000000000004,
      4.156000000000001,
      -4.615
    ],
    "median": [
      -145.31,
      -80.22999999999999,
      -60.02,
      -46.769999999999996,
      -38.855,
      -29.23,
      -22.36,
      -14.45,
      -10.05,
      -5.52,
      -2.085,
      2.07,
      5.99,
      6.65,
      6.65,
      2.48,
      7.085000000000001,
      9.01,
      8.775,
      6.665,
      9.66,
      10.31,
      8.125,
      10.31,
      9.02,
      9.66,
      9.66,
      10.31,
      9.02,
      10.31,
      10.31,
      9.02,
      9.66,
      6.32,
      10.31,
      7.73,
      10.31,
      8.375,
      10.31,
      6.195,
      10.31,
      10.31,
      10.31,
      7.485,
      6.86,
      10.31,
      10.31,
      10.31,
      8.775,
      10.31,
      10.31
    ]
  },
  "meta": {
    "labels": [
      "X7",
      "X9"
    ],
    "sizes": [
      14,
      10
    ],
    "K": 24,
    "L_used": 42,
    "alphabet": [
      0,
      1
    ],
    "pool_sizes": [
      15,
      11
    ],
    "genome_internal": {
      "selectors": 2,
      "tail_len": 18
    },
    "generations": 50,
    "popsize": 50,
    "parents": 15,
    "sel_mutation": 0.25,
    "tail_mutation": 0.03,
    "fix_last_gene": true,
    "seed": 81,
    "tie_tolerance": 1e-09,
    "num_best_genomes": 1,
    "evals_per_gen": [
      50,
      35,
      35,
      35,
      35,
      35,
      35,
      35,
      35,
      35,
      35,
      35,
      35,
      35,
      35,
      35,
      35,
      35,
      35,
      35,
      35,
      35,
      35,
      35,
      35,
      35,
      35,
      35,
      35,
      35,
      35,
      35,
      35,
      35,
      35,
      35,
      35,
      35,
      35,
      35,
      35,
      35,
      35,
      35,
      35,
      35,
      35,
      35,
      35,
      35,
      35
    ],
    "evals_cum": [
      50,
      85,
      120,
      155,
      190,
      225,
      260,
      295,
      330,
      365,
      400,
      435,
      470,
      505,
      540,
      575,
      610,
      645,
      680,
      715,
      750,
      785,
      820,
      855,
      890,
      925,
      960,
      995,
      1030,
      1065,
      1100,
      1135,
      1170,
      1205,
      1240,
      1275,
      1310,
      1345,
      1380,
      1415,
      1450,
      1485,
      1520,
      1555,
      1590,
      1625,
      1660,
      1695,
      1730,
      1765,
      1800
    ],
    "runtime_sec": 50.47283720970154,
    "budget": {
      "evals_cap": 150000,
      "time_limit_sec": 14400.0,
      "triggered": false,
      "reason": null,
      "evals_total": 1800,
      "time_total_sec": 50.46968960762024
    },
    "env_id": "g10_high_1"
  },