{
  "best_genome": [
    1,
    1,
    1,
    1,
    1,
    1,
    1,
    1,
    1,
    1,
    1,
    1,
    1,
    1,
    1,
    1,
    1,
    1,
    1,
    1,
    1,
    1,
    1,
    1,
    0,
    0,
    0,
    0,
    0,
    0,
    0,
    0,
    0,
    0,
    1,
    1,
    1,
    1,
    1
  ],
  "best_utility": -180.67,
  "all_best_genomes": [
    [
      1,
      1,
      1,
      1,
      1,
      1,
      1,
      1,
      1,
      1,
      1,
      1,
      1,
      1,
      1,
      1,
      1,
      1,
      1,
      1,
      1,
      1,
      1,
      1,
      0,
      0,
      0,
      0,
      0,
      0,
      0,
      0,
      0,
      0,
      1,
      1,
      1,
      1,
      1
    ]
  ],
  "curves": {
    "best": [
      -220.95,
      -214.3,
      -196.99,
      -196.99,
      -194.11,
      -186.79,
      -182.77,
      -180.93,
      -180.93,
      -180.93,
      -180.93,
      -180.93,
      -180.93,
      -180.67,
      -180.67,
      -180.67,
      -180.67,
      -180.67,
      -180.67,
      -180.67,
      -180.67,
      -180.67,
      -180.67,
      -180.67,
      -180.67,
      -180.67,
      -180.67,
      -180.67,
      -180.67,
      -180.67,
      -180.67,
      -180.67,
      -180.67,
      -180.67,
      -180.67,
      -180.67,
      -180.67,
      -180.67,
      -180.67,
      -180.67,
      -180.67,
      -180.67,
      -180.67,
      -180.67,
      -180.67,
      -180.67,
      -180.67,
      -180.67,
      -180.67,
      -180.67,
      -180.67
    ],
    "mean": [
      -335.6594,
      -268.32200000000006,
      -244.00820000000004,
      -229.08419999999998,
      -218.3702,
      -210.40060000000003,
      -203.2018,
      -199.03440000000003,
      -193.73899999999998,
      -195.0294,
      -193.13080000000002,
      -188.3024,
      -189.31400000000002,
      -190.2256,
      -189.3582,
      -189.0914,
      -189.98420000000002,
      -190.379,
      -188.8366,
      -189.48760000000001,
      -187.6972,
      -186.2136,
      -191.77039999999997,
      -190.10399999999998,
      -191.74,
      -187.4314,
      -192.3298,
      -188.9702,
      -190.02719999999997,
      -191.2484,
      -188.9968,
      -189.80019999999996,
      -190.35899999999998,
      -187.1064,
      -184.0076,
      -191.36780000000002,
      -190.05200000000002,
      -191.582,
      -189.43959999999996,
      -190.1218,
      -188.8586,
      -192.00740000000002,
      -192.35600000000002,
      -193.15039999999996,
      -188.3674,
      -189.66559999999998,
      -192.9278,
      -190.78719999999998,
      -190.08579999999998,
      -189.7934,
      -191.35940000000002
    ],
    "median": [
      -343.46500000000003,
      -269.29999999999995,
      -242.79500000000002,
      -224.825,
      -214.53500000000003,
      -206.95999999999998,
      -199.535,
      -194.11,
      -188.365,
      -186.79,
      -187.54000000000002,
      -181.98,
      -182.505,
      -181.845,
      -180.93,
      -182.65,
      -180.93,
      -181.98,
      -181.06,
      -180.67,
      -181.325,
      -180.67,
      -183.59,
      -180.67,
      -182.11,
      -180.93,
      -180.67,
      -183.18,
      -180.8,
      -180.67,
      -180.67,
      -180.67,
      -180.67,
      -180.67,
      -180.67,
      -183.935,
      -180.67,
      -182.94,
      -184.625,
      -182.125,
      -182.24,
      -187.54000000000002,
      -181.45499999999998,
      -180.67,
      -181.06,
      -180.93,
      -180.8,
      -182.77,
      -180.67,
      -182.72500000000002,
      -180.67
    ]
  },
  "meta": {
    "labels": [
      "X1",
      "X4",
      "X9"
    ],
    "sizes": [
      11,
      10,
      3
    ],
    "K": 24,
    "L_used": 39,
    "alphabet": [
      0,
      1
    ],
    "pool_sizes": [
      12,
      11,
      4
    ],
    "genome_internal": {
      "selectors": 3,
      "tail_len": 15
    },
    "generations": 50,
    "popsize": 50,
    "parents": 15,
    "sel_mutation": 0.25,
    "tail_mutation": 0.03,
    "fix_last_gene": true,
    "seed": 11,
    "tie_tolerance": 1e-09,
    "num_best_genomes": 1,
    "evals_per_gen": [
      50,
      35,
      35,
      35,
      35,
      35,
      35,
      35,
      35,
      35,
      35,
      35,
      35,
      35,
      35,
      35,
      35,
      35,
      35,
      35,
      35,
      35,
      35,
      35,
      35,
      35,
      35,
      35,
      35,
      35,
      35,
      35,
      35,
      35,
      35,
      35,
      35,
      35,
      35,
      35,
      35,
      35,
      35,
      35,
      35,
      35,
      35,
      35,
      35,
      35,
      35
    ],
    "evals_cum": [
      50,
      85,
      120,
      155,
      190,
      225,
      260,
      295,
      330,
      365,
      400,
      435,
      470,
      505,
      540,
      575,
      610,
      645,
      680,
      715,
      750,
      785,
      820,
      855,
      890,
      925,
      960,
      995,
      1030,
      1065,
      1100,
      1135,
      1170,
      1205,
      1240,
      1275,
      1310,
      1345,
      1380,
      1415,
      1450,
      1485,
      1520,
      1555,
      1590,
      1625,
      1660,
      1695,
      1730,
      1765,
      1800
    ],
    "runtime_sec": 49.92918252944946,
    "budget": {
      "evals_cap": 150000,
      "time_limit_sec": 14400.0,
      "triggered": false,
      "reason": null,
      "evals_total": 1800,
      "time_total_sec": 49.92607617378235
    },
    "env_id": "g10_medium_2"
  },