{
  "best_genome": [
    0,
    0,
    0,
    0,
    0,
    0,
    0,
    0,
    0,
    0,
    0,
    1,
    1
  ],
  "best_utility": -247.82,
  "all_best_genomes": [
    [
      0,
      0,
      0,
      0,
      0,
      0,
      0,
      0,
      0,
      0,
      0,
      1,
      1
    ]
  ],
  "curves": {
    "best": [
      -262.94,
      -256.33,
      -249.89,
      -249.89,
      -248.92,
      -248.92,
      -248.92,
      -247.82,
      -247.82,
      -247.82,
      -247.82,
      -247.82,
      -247.82,
      -247.82,
      -247.82,
      -247.82,
      -247.82,
      -247.82,
      -247.82,
      -247.82,
      -247.82,
      -247.82,
      -247.82,
      -247.82,
      -247.82,
      -247.82,
      -247.82,
      -247.82,
      -247.82,
      -247.82,
      -247.82,
      -247.82,
      -247.82,
      -247.82,
      -247.82,
      -247.82,
      -247.82,
      -247.82,
      -247.82,
      -247.82,
      -247.82,
      -247.82,
      -247.82,
      -247.82,
      -247.82,
      -247.82,
      -247.82,
      -247.82,
      -247.82,
      -247.82,
      -247.82
    ],
    "mean": [
      -369.17839999999995,
      -296.4784,
      -280.2654,
      -274.1924,
      -265.9134,
      -259.9188,
      -261.7982,
      -266.9638,
      -261.3766,
      -265.4538,
      -261.995,
      -264.29720000000003,
      -258.2462,
      -259.747,
      -261.08040000000005,
      -259.7048,
      -259.7878,
      -261.67,
      -261.4438,
      -257.4278,
      -257.60220000000004,
      -258.428,
      -263.1066,
      -263.8642,
      -260.0952,
      -257.2822,
      -264.26500000000004,
      -259.1284,
      -261.57779999999997,
      -257.7872,
      -255.7566,
      -268.07739999999995,
      -262.1696,
      -262.9988,
      -258.79159999999996,
      -258.5222,
      -267.7704,
      -257.4454,
      -259.7156,
      -255.3396,
      -257.557,
      -266.2948,
      -260.53340000000003,
      -260.5494,
      -270.15319999999997,
      -256.793,
      -261.3568,
      -257.4062,
      -258.6038,
      -260.3672,
      -257.86039999999997
    ],
    "median": [
      -391.93,
      -294.19000000000005,
      -272.73,
      -265.08500000000004,
      -258.495,
      -255.47,
      -256.29999999999995,
      -253.565,
      -252.485,
      -255.025,
      -256.8,
      -256.88,
      -250.875,
      -252.70499999999998,
      -250.875,
      -253.19,
      -251.53,
      -252.41500000000002,
      -250.9,
      -254.59,
      -255.44,
      -250.9,
      -250.875,
      -254.815,
      -250.875,
      -251.53,
      -254.22,
      -253.93,
      -253.04500000000002,
      -252.16,
      -251.43,
      -254.075,
      -253.04500000000002,
      -252.16,
      -252.07999999999998,
      -252.16,
      -253.93,
      -252.16,
      -254.555,
      -251.53,
      -250.9,
      -260.17499999999995,
      -249.89,
      -250.85,
      -256.98,
      -251.53,
      -254.555,
      -250.9,
      -253.59,
      -252.565,
      -250.85
    ]
  },
  "meta": {
    "labels": [
      "X0",
      "X7",
      "X8",
      "X1",
      "X5",
      "X3",
      "X4"
    ],
    "sizes": [
      3,
      1,
      1,
      1,
      1,
      1,
      1
    ],
    "K": 9,
    "L_used": 13,
    "alphabet": [
      0,
      1
    ],
    "pool_sizes": [
      4,
      2,
      2,
      2,
      2,
      2,
      2
    ],
    "genome_internal": {
      "selectors": 7,
      "tail_len": 4
    },
    "generations": 50,
    "popsize": 50,
    "parents": 15,
    "sel_mutation": 0.25,
    "tail_mutation": 0.03,
    "fix_last_gene": true,
    "seed": 81,
    "tie_tolerance": 1e-09,
    "num_best_genomes": 1,
    "evals_per_gen": [
      50,
      35,
      35,
      35,
      35,
      35,
      35,
      35,
      35,
      35,
      35,
      35,
      35,
      35,
      35,
      35,
      35,
      35,
      35,
      35,
      35,
      35,
      35,
      35,
      35,
      35,
      35,
      35,
      35,
      35,
      35,
      35,
      35,
      35,
      35,
      35,
      35,
      35,
      35,
      35,
      35,
      35,
      35,
      35,
      35,
      35,
      35,
      35,
      35,
      35,
      35
    ],
    "evals_cum": [
      50,
      85,
      120,
      155,
      190,
      225,
      260,
      295,
      330,
      365,
      400,
      435,
      470,
      505,
      540,
      575,
      610,
      645,
      680,
      715,
      750,
      785,
      820,
      855,
      890,
      925,
      960,
      995,
      1030,
      1065,
      1100,
      1135,
      1170,
      1205,
      1240,
      1275,
      1310,
      1345,
      1380,
      1415,
      1450,
      1485,
      1520,
      1555,
      1590,
      1625,
      1660,
      1695,
      1730,
      1765,
      1800
    ],
    "runtime_sec": 34.6511754989624,
    "budget": {
      "evals_cap": 150000,
      "time_limit_sec": 14400.0,
      "triggered": false,
      "reason": null,
      "evals_total": 1800,
      "time_total_sec": 34.648736000061035
    },
    "env_id": "g10_low_0"
  },