{
  "best_genome": [
    0,
    0,
    0,
    0,
    0,
    0,
    0,
    0,
    0,
    0,
    0,
    1,
    1
  ],
  "best_utility": -247.82,
  "all_best_genomes": [
    [
      0,
      0,
      0,
      0,
      0,
      0,
      0,
      0,
      0,
      0,
      0,
      1,
      1
    ]
  ],
  "curves": {
    "best": [
      -255.02,
      -250.85,
      -250.85,
      -250.85,
      -247.82,
      -247.82,
      -247.82,
      -247.82,
      -247.82,
      -247.82,
      -247.82,
      -247.82,
      -247.82,
      -247.82,
      -247.82,
      -247.82,
      -247.82,
      -247.82,
      -247.82,
      -247.82,
      -247.82,
      -247.82,
      -247.82,
      -247.82,
      -247.82,
      -247.82,
      -247.82,
      -247.82,
      -247.82,
      -247.82,
      -247.82,
      -247.82,
      -247.82,
      -247.82,
      -247.82,
      -247.82,
      -247.82,
      -247.82,
      -247.82,
      -247.82,
      -247.82,
      -247.82,
      -247.82,
      -247.82,
      -247.82,
      -247.82,
      -247.82,
      -247.82,
      -247.82,
      -247.82,
      -247.82
    ],
    "mean": [
      -348.56139999999994,
      -287.267,
      -271.589,
      -265.661,
      -267.68140000000005,
      -259.139,
      -266.377,
      -262.758,
      -259.133,
      -259.8238,
      -262.6556,
      -265.8092,
      -261.508,
      -259.2882,
      -259.868,
      -262.3192000000001,
      -258.8432,
      -259.0636,
      -261.6092,
      -262.32199999999995,
      -261.2294,
      -255.93259999999998,
      -256.584,
      -259.795,
      -257.6666,
      -257.74,
      -257.6152,
      -261.5392,
      -263.8956,
      -260.2868,
      -268.4604,
      -261.925,
      -260.1336,
      -264.38140000000004,
      -260.3574,
      -254.24599999999998,
      -256.7176,
      -263.795,
      -258.51480000000004,
      -258.7776,
      -256.3348,
      -256.1836,
      -260.28939999999994,
      -256.0122,
      -264.2288,
      -257.351,
      -260.505,
      -261.085,
      -257.7074,
      -260.9702,
      -255.8584
    ],
    "median": [
      -320.64,
      -284.51,
      -268.275,
      -259.85,
      -259.35,
      -255.18,
      -260.505,
      -255.18,
      -255.505,
      -253.565,
      -253.11,
      -257.765,
      -254.56,
      -248.92,
      -251.53,
      -260.855,
      -255.44,
      -255.21,
      -256.98,
      -253.935,
      -256.25,
      -252.05,
      -250.88,
      -253.93,
      -250.9,
      -252.16,
      -252.16,
      -255.44,
      -255.18,
      -250.9,
      -254.585,
      -257.28,
      -253.45499999999998,
      -251.97,
      -253.01999999999998,
      -248.92,
      -250.85500000000002,
      -255.24,
      -253.425,
      -251.45,
      -251.53,
      -250.9,
      -254.05,
      -250.85500000000002,
      -254.7,
      -252.425,
      -258.235,
      -255.7,
      -253.25,
      -255.47,
      -250.85
    ]
  },
  "meta": {
    "labels": [
      "X0",
      "X7",
      "X8",
      "X1",
      "X5",
      "X3",
      "X4"
    ],
    "sizes": [
      3,
      1,
      1,
      1,
      1,
      1,
      1
    ],
    "K": 9,
    "L_used": 13,
    "alphabet": [
      0,
      1
    ],
    "pool_sizes": [
      4,
      2,
      2,
      2,
      2,
      2,
      2
    ],
    "genome_internal": {
      "selectors": 7,
      "tail_len": 4
    },
    "generations": 50,
    "popsize": 50,
    "parents": 15,
    "sel_mutation": 0.25,
    "tail_mutation": 0.03,
    "fix_last_gene": true,
    "seed": 23,
    "tie_tolerance": 1e-09,
    "num_best_genomes": 1,
    "evals_per_gen": [
      50,
      35,
      35,
      35,
      35,
      35,
      35,
      35,
      35,
      35,
      35,
      35,
      35,
      35,
      35,
      35,
      35,
      35,
      35,
      35,
      35,
      35,
      35,
      35,
      35,
      35,
      35,
      35,
      35,
      35,
      35,
      35,
      35,
      35,
      35,
      35,
      35,
      35,
      35,
      35,
      35,
      35,
      35,
      35,
      35,
      35,
      35,
      35,
      35,
      35,
      35
    ],
    "evals_cum": [
      50,
      85,
      120,
      155,
      190,
      225,
      260,
      295,
      330,
      365,
      400,
      435,
      470,
      505,
      540,
      575,
      610,
      645,
      680,
      715,
      750,
      785,
      820,
      855,
      890,
      925,
      960,
      995,
      1030,
      1065,
      1100,
      1135,
      1170,
      1205,
      1240,
      1275,
      1310,
      1345,
      1380,
      1415,
      1450,
      1485,
      1520,
      1555,
      1590,
      1625,
      1660,
      1695,
      1730,
      1765,
      1800
    ],
    "runtime_sec": 34.99011492729187,
    "budget": {
      "evals_cap": 150000,
      "time_limit_sec": 14400.0,
      "triggered": false,
      "reason": null,
      "evals_total": 1800,
      "time_total_sec": 34.98786640167236
    },
    "env_id": "g10_low_0"
  },