{
  "best_genome": [
    0,
    0,
    1,
    0,
    1,
    0,
    0,
    0,
    0,
    0,
    1,
    1
  ],
  "best_utility": -6.15,
  "all_best_genomes": [
    [
      0,
      0,
      1,
      0,
      1,
      0,
      0,
      0,
      0,
      0,
      1,
      1
    ]
  ],
  "curves": {
    "best": [
      -13.32,
      -13.32,
      -8.83,
      -6.96,
      -6.15,
      -6.15,
      -6.15,
      -6.15,
      -6.15,
      -6.15,
      -6.15,
      -6.15,
      -6.15,
      -6.15,
      -6.15,
      -6.15,
      -6.15,
      -6.15,
      -6.15,
      -6.15,
      -6.15,
      -6.15,
      -6.15,
      -6.15,
      -6.15,
      -6.15,
      -6.15,
      -6.15,
      -6.15,
      -6.15,
      -6.15,
      -6.15,
      -6.15,
      -6.15,
      -6.15,
      -6.15,
      -6.15,
      -6.15,
      -6.15,
      -6.15,
      -6.15,
      -6.15,
      -6.15,
      -6.15,
      -6.15,
      -6.15,
      -6.15,
      -6.15,
      -6.15,
      -6.15,
      -6.15
    ],
    "mean": [
      -123.04820000000001,
      -53.21039999999999,
      -33.4796,
      -27.947599999999998,
      -19.977000000000004,
      -20.3348,
      -14.540000000000003,
      -12.4796,
      -20.166800000000002,
      -13.963400000000002,
      -14.9076,
      -14.7858,
      -17.3936,
      -13.867399999999998,
      -14.9892,
      -20.49,
      -11.839,
      -14.904200000000001,
      -20.612000000000002,
      -14.4724,
      -14.093,
      -18.8438,
      -12.709999999999997,
      -13.5922,
      -19.647000000000002,
      -17.4054,
      -13.6692,
      -15.9562,
      -12.159600000000001,
      -16.793200000000002,
      -18.144600000000004,
      -12.778200000000004,
      -13.326600000000001,
      -15.834800000000003,
      -13.366800000000001,
      -10.0414,
      -21.4082,
      -13.749600000000001,
      -17.726600000000005,
      -15.476600000000001,
      -12.950400000000002,
      -13.5704,
      -17.175800000000002,
      -12.9126,
      -12.1154,
      -14.8954,
      -16.548800000000004,
      -16.3536,
      -15.549399999999999,
      -10.3234,
      -12.460200000000002
    ],
    "median": [
      -146.365,
      -47.875,
      -32.195,
      -20.57,
      -16.88,
      -10.685,
      -9.665,
      -7.96,
      -9.805,
      -7.43,
      -7.93,
      -6.96,
      -7.96,
      -8.77,
      -8.96,
      -8.735,
      -6.96,
      -7.4,
      -8.76,
      -6.96,
      -7.93,
      -8.76,
      -6.96,
      -8.96,
      -13.395,
      -8.36,
      -7.96,
      -8.86,
      -6.99,
      -8.96,
      -13.42,
      -7.43,
      -6.99,
      -8.96,
      -7.96,
      -6.96,
      -9.370000000000001,
      -7.96,
      -7.96,
      -7.9,
      -7.96,
      -8.895,
      -10.77,
      -7.9,
      -7.9,
      -6.15,
      -7.02,
      -7.96,
      -8.86,
      -7.43,
      -7.46
    ]
  },
  "meta": {
    "labels": [
      "X4",
      "X0",
      "X8",
      "X5",
      "X6",
      "X7"
    ],
    "sizes": [
      2,
      1,
      1,
      1,
      1,
      1
    ],
    "K": 7,
    "L_used": 12,
    "alphabet": [
      0,
      1
    ],
    "pool_sizes": [
      3,
      2,
      2,
      2,
      2,
      2
    ],
    "genome_internal": {
      "selectors": 6,
      "tail_len": 5
    },
    "generations": 50,
    "popsize": 50,
    "parents": 15,
    "sel_mutation": 0.25,
    "tail_mutation": 0.03,
    "fix_last_gene": true,
    "seed": 99,
    "tie_tolerance": 1e-09,
    "num_best_genomes": 1,
    "evals_per_gen": [
      50,
      35,
      35,
      35,
      35,
      35,
      35,
      35,
      35,
      35,
      35,
      35,
      35,
      35,
      35,
      35,
      35,
      35,
      35,
      35,
      35,
      35,
      35,
      35,
      35,
      35,
      35,
      35,
      35,
      35,
      35,
      35,
      35,
      35,
      35,
      35,
      35,
      35,
      35,
      35,
      35,
      35,
      35,
      35,
      35,
      35,
      35,
      35,
      35,
      35,
      35
    ],
    "evals_cum": [
      50,
      85,
      120,
      155,
      190,
      225,
      260,
      295,
      330,
      365,
      400,
      435,
      470,
      505,
      540,
      575,
      610,
      645,
      680,
      715,
      750,
      785,
      820,
      855,
      890,
      925,
      960,
      995,
      1030,
      1065,
      1100,
      1135,
      1170,
      1205,
      1240,
      1275,
      1310,
      1345,
      1380,
      1415,
      1450,
      1485,
      1520,
      1555,
      1590,
      1625,
      1660,
      1695,
      1730,
      1765,
      1800
    ],
    "runtime_sec": 34.495863914489746,
    "budget": {
      "evals_cap": 150000,
      "time_limit_sec": 14400.0,
      "triggered": false,
      "reason": null,
      "evals_total": 1800,
      "time_total_sec": 34.49352264404297
    },
    "env_id": "g10_low_1"
  },