{
  "best_genome": [
    0,
    0,
    0,
    0,
    0,
    0,
    0,
    0,
    0,
    0,
    0,
    1,
    1
  ],
  "best_utility": -247.82,
  "all_best_genomes": [
    [
      0,
      0,
      0,
      0,
      0,
      0,
      0,
      0,
      0,
      0,
      0,
      1,
      1
    ]
  ],
  "curves": {
    "best": [
      -253.25,
      -250.85,
      -250.85,
      -247.82,
      -247.82,
      -247.82,
      -247.82,
      -247.82,
      -247.82,
      -247.82,
      -247.82,
      -247.82,
      -247.82,
      -247.82,
      -247.82,
      -247.82,
      -247.82,
      -247.82,
      -247.82,
      -247.82,
      -247.82,
      -247.82,
      -247.82,
      -247.82,
      -247.82,
      -247.82,
      -247.82,
      -247.82,
      -247.82,
      -247.82,
      -247.82,
      -247.82,
      -247.82,
      -247.82,
      -247.82,
      -247.82,
      -247.82,
      -247.82,
      -247.82,
      -247.82,
      -247.82,
      -247.82,
      -247.82,
      -247.82,
      -247.82,
      -247.82,
      -247.82,
      -247.82,
      -247.82,
      -247.82,
      -247.82
    ],
    "mean": [
      -362.5954,
      -288.14459999999997,
      -274.0852,
      -273.1012,
      -262.8452,
      -262.705,
      -264.07079999999996,
      -262.0236,
      -261.30060000000003,
      -257.8122,
      -264.24260000000004,
      -260.1836,
      -256.155,
      -263.7832,
      -256.2526,
      -255.96959999999999,
      -264.8628,
      -262.5222,
      -258.5362,
      -260.3872,
      -258.5882,
      -257.72439999999995,
      -259.861,
      -259.1978,
      -260.9532,
      -258.298,
      -260.0204,
      -263.4624,
      -258.914,
      -260.3918,
      -260.0318,
      -261.5054,
      -260.0332,
      -257.612,
      -267.50120000000004,
      -262.4714,
      -258.1508,
      -265.1748,
      -258.4794,
      -261.74559999999997,
      -257.9608,
      -261.6422,
      -256.5144000000001,
      -267.2788,
      -263.5074,
      -260.35580000000004,
      -262.65319999999997,
      -257.5972,
      -261.4104,
      -258.5196,
      -259.5202
    ],
    "median": [
      -385.53999999999996,
      -284.4,
      -269.78999999999996,
      -265.61,
      -255.615,
      -253.59,
      -252.0,
      -252.70499999999998,
      -256.25,
      -252.94,
      -257.21500000000003,
      -253.59,
      -253.04500000000002,
      -255.44,
      -250.9,
      -252.70499999999998,
      -255.7,
      -255.44,
      -252.16,
      -254.555,
      -257.845,
      -251.02499999999998,
      -251.53,
      -254.47500000000002,
      -254.7,
      -255.24,
      -252.535,
      -253.01999999999998,
      -250.88,
      -252.16,
      -253.93,
      -253.45,
      -260.43499999999995,
      -255.7,
      -257.24,
      -254.215,
      -253.04500000000002,
      -250.9,
      -255.47,
      -251.43,
      -252.16,
      -255.44,
      -253.67000000000002,
      -252.07999999999998,
      -255.47,
      -250.88,
      -252.075,
      -250.875,
      -250.88,
      -252.16,
      -252.16
    ]
  },
  "meta": {
    "labels": [
      "X0",
      "X7",
      "X8",
      "X1",
      "X5",
      "X3",
      "X4"
    ],
    "sizes": [
      3,
      1,
      1,
      1,
      1,
      1,
      1
    ],
    "K": 9,
    "L_used": 13,
    "alphabet": [
      0,
      1
    ],
    "pool_sizes": [
      4,
      2,
      2,
      2,
      2,
      2,
      2
    ],
    "genome_internal": {
      "selectors": 7,
      "tail_len": 4
    },
    "generations": 50,
    "popsize": 50,
    "parents": 15,
    "sel_mutation": 0.25,
    "tail_mutation": 0.03,
    "fix_last_gene": true,
    "seed": 11,
    "tie_tolerance": 1e-09,
    "num_best_genomes": 1,
    "evals_per_gen": [
      50,
      35,
      35,
      35,
      35,
      35,
      35,
      35,
      35,
      35,
      35,
      35,
      35,
      35,
      35,
      35,
      35,
      35,
      35,
      35,
      35,
      35,
      35,
      35,
      35,
      35,
      35,
      35,
      35,
      35,
      35,
      35,
      35,
      35,
      35,
      35,
      35,
      35,
      35,
      35,
      35,
      35,
      35,
      35,
      35,
      35,
      35,
      35,
      35,
      35,
      35
    ],
    "evals_cum": [
      50,
      85,
      120,
      155,
      190,
      225,
      260,
      295,
      330,
      365,
      400,
      435,
      470,
      505,
      540,
      575,
      610,
      645,
      680,
      715,
      750,
      785,
      820,
      855,
      890,
      925,
      960,
      995,
      1030,
      1065,
      1100,
      1135,
      1170,
      1205,
      1240,
      1275,
      1310,
      1345,
      1380,
      1415,
      1450,
      1485,
      1520,
      1555,
      1590,
      1625,
      1660,
      1695,
      1730,
      1765,
      1800
    ],
    "runtime_sec": 34.41622257232666,
    "budget": {
      "evals_cap": 150000,
      "time_limit_sec": 14400.0,
      "triggered": false,
      "reason": null,
      "evals_total": 1800,
      "time_total_sec": 34.41336131095886
    },
    "env_id": "g10_low_0"
  },