{
  "best_genome": [
    1,
    1,
    1,
    1,
    1,
    1,
    1,
    1,
    1,
    1,
    1,
    1,
    1,
    1,
    1,
    1,
    1,
    1,
    1,
    1,
    1,
    1,
    1,
    1,
    1,
    1,
    0,
    0,
    0,
    0,
    0,
    0,
    0,
    0,
    0,
    0,
    0,
    0,
    0,
    0,
    0,
    0,
    0,
    0,
    0,
    0,
    0,
    0,
    0,
    0,
    0,
    0,
    0,
    0,
    0,
    0,
    0,
    0,
    0,
    1,
    1,
    1,
    1,
    1,
    1
  ],
  "best_utility": -67.17,
  "all_best_genomes": [
    [
      1,
      1,
      1,
      1,
      1,
      1,
      1,
      1,
      1,
      1,
      1,
      1,
      1,
      1,
      1,
      1,
      1,
      1,
      1,
      1,
      1,
      1,
      1,
      1,
      1,
      1,
      0,
      0,
      0,
      0,
      0,
      0,
      0,
      0,
      0,
      0,
      0,
      0,
      0,
      0,
      0,
      0,
      0,
      0,
      0,
      0,
      0,
      0,
      0,
      0,
      0,
      0,
      0,
      0,
      0,
      0,
      0,
      0,
      0,
      1,
      1,
      1,
      1,
      1,
      1
    ]
  ],
  "curves": {
    "best": [
      -162.52,
      -141.32,
      -128.51,
      -112.38,
      -112.38,
      -105.63,
      -97.59,
      -89.78,
      -82.76,
      -70.98,
      -70.98,
      -70.98,
      -70.61,
      -69.8,
      -68.56,
      -67.17,
      -67.17,
      -67.17,
      -67.17,
      -67.17,
      -67.17,
      -67.17,
      -67.17,
      -67.17,
      -67.17,
      -67.17,
      -67.17,
      -67.17,
      -67.17,
      -67.17,
      -67.17,
      -67.17,
      -67.17,
      -67.17,
      -67.17,
      -67.17,
      -67.17,
      -67.17,
      -67.17,
      -67.17,
      -67.17,
      -67.17,
      -67.17,
      -67.17,
      -67.17,
      -67.17,
      -67.17,
      -67.17,
      -67.17,
      -67.17,
      -67.17
    ],
    "mean": [
      -271.2124,
      -197.9872,
      -166.72979999999998,
      -147.5394,
      -133.49919999999997,
      -129.06359999999998,
      -122.994,
      -114.6022,
      -108.06219999999998,
      -98.8238,
      -86.948,
      -86.20160000000001,
      -80.9874,
      -80.0706,
      -77.2118,
      -78.0714,
      -80.41760000000001,
      -76.634,
      -77.82379999999999,
      -80.0104,
      -74.6022,
      -75.9504,
      -74.96440000000001,
      -77.7388,
      -80.8562,
      -73.8676,
      -76.4256,
      -76.02980000000001,
      -76.62100000000001,
      -76.68620000000001,
      -85.39479999999999,
      -78.9278,
      -73.87500000000001,
      -75.84580000000001,
      -76.0776,
      -77.9236,
      -75.2194,
      -78.7756,
      -73.1026,
      -76.07719999999999,
      -81.84460000000001,
      -78.97300000000001,
      -80.7758,
      -81.12459999999999,
      -73.8392,
      -84.3274,
      -73.33940000000001,
      -75.66699999999999,
      -79.4874,
      -72.1628,
      -80.3974
    ],
    "median": [
      -283.595,
      -192.505,
      -168.85,
      -144.59,
      -130.375,
      -124.515,
      -119.025,
      -109.78999999999999,
      -102.345,
      -92.91,
      -84.575,
      -82.76,
      -78.71000000000001,
      -74.06,
      -72.41,
      -71.09,
      -71.33,
      -70.88499999999999,
      -69.065,
      -69.99000000000001,
      -69.435,
      -68.59,
      -69.28,
      -68.03,
      -70.65,
      -70.195,
      -69.21000000000001,
      -68.395,
      -68.9,
      -67.69,
      -73.01,
      -70.04,
      -67.17,
      -67.17,
      -67.17,
      -73.36,
      -71.58,
      -69.08,
      -67.345,
      -68.1,
      -70.39,
      -69.375,
      -72.295,
      -69.885,
      -68.275,
      -72.67500000000001,
      -67.17,
      -70.0,
      -70.0,
      -67.58,
      -67.17
    ]
  },
  "meta": {
    "labels": [
      "X1",
      "X0"
    ],
    "sizes": [
      26,
      11
    ],
    "K": 37,
    "L_used": 65,
    "alphabet": [
      0,
      1
    ],
    "pool_sizes": [
      27,
      12
    ],
    "genome_internal": {
      "selectors": 2,
      "tail_len": 28
    },
    "generations": 50,
    "popsize": 50,
    "parents": 15,
    "sel_mutation": 0.25,
    "tail_mutation": 0.03,
    "fix_last_gene": true,
    "seed": 73,
    "tie_tolerance": 1e-09,
    "num_best_genomes": 1,
    "evals_per_gen": [
      50,
      35,
      35,
      35,
      35,
      35,
      35,
      35,
      35,
      35,
      35,
      35,
      35,
      35,
      35,
      35,
      35,
      35,
      35,
      35,
      35,
      35,
      35,
      35,
      35,
      35,
      35,
      35,
      35,
      35,
      35,
      35,
      35,
      35,
      35,
      35,
      35,
      35,
      35,
      35,
      35,
      35,
      35,
      35,
      35,
      35,
      35,
      35,
      35,
      35,
      35
    ],
    "evals_cum": [
      50,
      85,
      120,
      155,
      190,
      225,
      260,
      295,
      330,
      365,
      400,
      435,
      470,
      505,
      540,
      575,
      610,
      645,
      680,
      715,
      750,
      785,
      820,
      855,
      890,
      925,
      960,
      995,
      1030,
      1065,
      1100,
      1135,
      1170,
      1205,
      1240,
      1275,
      1310,
      1345,
      1380,
      1415,
      1450,
      1485,
      1520,
      1555,
      1590,
      1625,
      1660,
      1695,
      1730,
      1765,
      1800
    ],
    "runtime_sec": 66.25179886817932,
    "budget": {
      "evals_cap": 150000,
      "time_limit_sec": 14400.0,
      "triggered": false,
      "reason": null,
      "evals_total": 1800,
      "time_total_sec": 66.24802541732788
    },
    "env_id": "g10_high_2"
  },