{
  "best_genome": [
    0,
    0,
    1,
    1,
    1,
    1,
    0,
    0,
    0,
    1,
    1
  ],
  "best_utility": 28.09,
  "all_best_genomes": [
    [
      0,
      0,
      1,
      1,
      1,
      1,
      0,
      0,
      0,
      1,
      1
    ]
  ],
  "curves": {
    "best": [
      23.38,
      27.45,
      28.09,
      28.09,
      28.09,
      28.09,
      28.09,
      28.09,
      28.09,
      28.09,
      28.09,
      28.09,
      28.09,
      28.09,
      28.09,
      28.09,
      28.09,
      28.09,
      28.09,
      28.09,
      28.09,
      28.09,
      28.09,
      28.09,
      28.09,
      28.09,
      28.09,
      28.09,
      28.09,
      28.09,
      28.09,
      28.09,
      28.09,
      28.09,
      28.09,
      28.09,
      28.09,
      28.09,
      28.09,
      28.09,
      28.09,
      28.09,
      28.09,
      28.09,
      28.09,
      28.09,
      28.09,
      28.09,
      28.09,
      28.09,
      28.09
    ],
    "mean": [
      -5.758000000000001,
      13.985200000000003,
      20.759599999999995,
      24.4438,
      24.181000000000004,
      24.6296,
      24.2142,
      25.177999999999997,
      25.478199999999998,
      24.184999999999995,
      25.653399999999998,
      23.1318,
      25.501199999999994,
      25.177,
      22.5768,
      25.3148,
      24.912999999999993,
      25.176599999999997,
      24.388399999999997,
      24.696199999999997,
      24.7324,
      25.842200000000002,
      24.827599999999997,
      23.025999999999996,
      26.6348,
      24.544599999999996,
      23.811,
      25.8846,
      24.3102,
      25.3242,
      24.191000000000003,
      23.859399999999997,
      25.24319999999999,
      24.041400000000003,
      24.933799999999998,
      23.869199999999996,
      25.009799999999995,
      24.457200000000004,
      24.847599999999993,
      25.316999999999997,
      25.8654,
      23.884999999999994,
      26.330999999999996,
      23.078999999999997,
      24.159199999999995,
      24.862,
      23.755199999999995,
      26.455399999999994,
      24.579999999999995,
      24.785,
      24.8312
    ],
    "median": [
      -5.4350000000000005,
      15.53,
      21.79,
      26.82,
      27.45,
      27.45,
      28.09,
      28.09,
      28.09,
      28.09,
      28.09,
      28.09,
      28.09,
      28.09,
      27.77,
      28.09,
      28.09,
      28.09,
      28.09,
      28.09,
      28.09,
      28.09,
      28.09,
      28.09,
      28.09,
      28.09,
      28.09,
      28.09,
      28.09,
      28.09,
      28.09,
      28.09,
      28.09,
      28.09,
      28.09,
      28.09,
      28.09,
      28.09,
      28.09,
      28.09,
      28.09,
      28.09,
      28.09,
      28.09,
      28.09,
      28.09,
      28.09,
      28.09,
      28.09,
      28.09,
      28.09
    ]
  },
  "meta": {
    "labels": [
      "X5",
      "X3"
    ],
    "sizes": [
      2,
      4
    ],
    "K": 6,
    "L_used": 11,
    "alphabet": [
      0,
      1
    ],
    "pool_sizes": [
      3,
      5
    ],
    "genome_internal": {
      "selectors": 2,
      "tail_len": 5
    },
    "generations": 50,
    "popsize": 50,
    "parents": 15,
    "sel_mutation": 0.25,
    "tail_mutation": 0.03,
    "fix_last_gene": true,
    "seed": 99,
    "tie_tolerance": 1e-09,
    "num_best_genomes": 1,
    "evals_per_gen": [
      50,
      35,
      35,
      35,
      35,
      35,
      35,
      35,
      35,
      35,
      35,
      35,
      35,
      35,
      35,
      35,
      35,
      35,
      35,
      35,
      35,
      35,
      35,
      35,
      35,
      35,
      35,
      35,
      35,
      35,
      35,
      35,
      35,
      35,
      35,
      35,
      35,
      35,
      35,
      35,
      35,
      35,
      35,
      35,
      35,
      35,
      35,
      35,
      35,
      35,
      35
    ],
    "evals_cum": [
      50,
      85,
      120,
      155,
      190,
      225,
      260,
      295,
      330,
      365,
      400,
      435,
      470,
      505,
      540,
      575,
      610,
      645,
      680,
      715,
      750,
      785,
      820,
      855,
      890,
      925,
      960,
      995,
      1030,
      1065,
      1100,
      1135,
      1170,
      1205,
      1240,
      1275,
      1310,
      1345,
      1380,
      1415,
      1450,
      1485,
      1520,
      1555,
      1590,
      1625,
      1660,
      1695,
      1730,
      1765,
      1800
    ],
    "runtime_sec": 34.528676986694336,
    "budget": {
      "evals_cap": 150000,
      "time_limit_sec": 14400.0,
      "triggered": false,
      "reason": null,
      "evals_total": 1800,
      "time_total_sec": 34.526484966278076
    },
    "env_id": "g6_high_0"
  },
  "best_by_selectors": [
    [
      "(2,0)",
      28.09
    ],
    [
      "(1,0)",
      27.45
    ],
    [
      "(0,0)",
      26.82
    ],
    [
      "(2,1)",
      22.45
    ],
    [
      "(1,1)",
      21.82
    ],
    [
      "(0,1)",
      21.18
    ],
    [
      "(2,2)",
      16.79
    ],
    [
      "(1,2)",
      16.16
    ],
    [
      "(0,2)",
      15.53
    ],
    [
      "(2,3)",
      11.15
    ],
    [
      "(1,3)",
      10.52
    ],
    [
      "(0,3)",
      9.89
    ],
    [
      "(2,4)",
      4.24
    ],
    [
      "(1,4)",
      3.62
    ],
    [
      "(0,4)",
      2.99
    ]
  ]
}