{
  "best_genome": [
    0,
    0,
    0,
    1,
    1,
    1,
    0,
    0,
    1,
    0,
    1,
    1
  ],
  "best_utility": 24.64,
  "all_best_genomes": [
    [
      0,
      0,
      0,
      1,
      1,
      1,
      0,
      0,
      1,
      0,
      1,
      1
    ]
  ],
  "curves": {
    "best": [
      24.64,
      24.64,
      24.64,
      24.64,
      24.64,
      24.64,
      24.64,
      24.64,
      24.64,
      24.64,
      24.64,
      24.64,
      24.64,
      24.64,
      24.64,
      24.64,
      24.64,
      24.64,
      24.64,
      24.64,
      24.64,
      24.64,
      24.64,
      24.64,
      24.64,
      24.64,
      24.64,
      24.64,
      24.64,
      24.64,
      24.64,
      24.64,
      24.64,
      24.64,
      24.64,
      24.64,
      24.64,
      24.64,
      24.64,
      24.64,
      24.64,
      24.64,
      24.64,
      24.64,
      24.64,
      24.64,
      24.64,
      24.64,
      24.64,
      24.64,
      24.64
    ],
    "mean": [
      4.0442,
      17.713599999999996,
      22.5402,
      23.7526,
      22.776600000000002,
      23.6032,
      22.7258,
      22.810200000000005,
      23.243599999999997,
      23.786200000000004,
      23.536800000000003,
      23.5224,
      23.1646,
      23.315800000000003,
      23.105999999999998,
      23.4734,
      23.840000000000003,
      23.486600000000003,
      23.012200000000004,
      23.4006,
      23.522800000000004,
      23.496600000000004,
      23.2738,
      23.216400000000004,
      23.837200000000003,
      23.138800000000007,
      24.0418,
      22.1754,
      23.700800000000005,
      22.729600000000005,
      22.722199999999997,
      23.328800000000005,
      23.414200000000005,
      23.771600000000003,
      23.258999999999997,
      23.453800000000005,
      23.329000000000004,
      22.266800000000003,
      23.403600000000004,
      22.957600000000003,
      22.922400000000007,
      23.0726,
      23.3284,
      24.076600000000006,
      23.620800000000003,
      22.5726,
      22.8702,
      23.821800000000003,
      23.006999999999998,
      23.4504,
      24.1192
    ],
    "median": [
      4.005,
      20.2,
      22.52,
      23.6,
      24.64,
      24.64,
      24.64,
      24.64,
      24.64,
      24.64,
      24.64,
      24.64,
      24.64,
      24.64,
      24.64,
      24.64,
      24.64,
      24.64,
      24.64,
      24.64,
      24.64,
      24.64,
      24.64,
      24.64,
      24.64,
      24.64,
      24.64,
      24.64,
      24.64,
      24.64,
      24.64,
      24.64,
      24.64,
      24.64,
      24.64,
      24.64,
      24.64,
      24.48,
      24.64,
      24.64,
      24.64,
      24.64,
      24.64,
      24.64,
      24.64,
      24.64,
      24.64,
      24.64,
      24.64,
      24.64,
      24.64
    ]
  },
  "meta": {
    "labels": [
      "X2",
      "X0"
    ],
    "sizes": [
      3,
      3
    ],
    "K": 6,
    "L_used": 12,
    "alphabet": [
      0,
      1
    ],
    "pool_sizes": [
      4,
      4
    ],
    "genome_internal": {
      "selectors": 2,
      "tail_len": 6
    },
    "generations": 50,
    "popsize": 50,
    "parents": 15,
    "sel_mutation": 0.25,
    "tail_mutation": 0.03,
    "fix_last_gene": true,
    "seed": 42,
    "tie_tolerance": 1e-09,
    "num_best_genomes": 1,
    "evals_per_gen": [
      50,
      35,
      35,
      35,
      35,
      35,
      35,
      35,
      35,
      35,
      35,
      35,
      35,
      35,
      35,
      35,
      35,
      35,
      35,
      35,
      35,
      35,
      35,
      35,
      35,
      35,
      35,
      35,
      35,
      35,
      35,
      35,
      35,
      35,
      35,
      35,
      35,
      35,
      35,
      35,
      35,
      35,
      35,
      35,
      35,
      35,
      35,
      35,
      35,
      35,
      35
    ],
    "evals_cum": [
      50,
      85,
      120,
      155,
      190,
      225,
      260,
      295,
      330,
      365,
      400,
      435,
      470,
      505,
      540,
      575,
      610,
      645,
      680,
      715,
      750,
      785,
      820,
      855,
      890,
      925,
      960,
      995,
      1030,
      1065,
      1100,
      1135,
      1170,
      1205,
      1240,
      1275,
      1310,
      1345,
      1380,
      1415,
      1450,
      1485,
      1520,
      1555,
      1590,
      1625,
      1660,
      1695,
      1730,
      1765,
      1800
    ],
    "runtime_sec": 32.79179549217224,
    "budget": {
      "evals_cap": 150000,
      "time_limit_sec": 14400.0,
      "triggered": false,
      "reason": null,
      "evals_total": 1800,
      "time_total_sec": 32.78952646255493
    },
    "env_id": "g6_high_1"
  },
  "best_by_selectors": [
    [
      "(3,0)",
      24.64
    ],
    [
      "(2,0)",
      24.19
    ],
    [
      "(1,0)",
      23.74
    ],
    [
      "(3,1)",
      23.6
    ],
    [
      "(0,0)",
      23.31
    ],
    [
      "(2,1)",
      23.15
    ],
    [
      "(1,1)",
      22.72
    ],
    [
      "(3,2)",
      22.52
    ],
    [
      "(0,1)",
      22.28
    ],
    [
      "(2,2)",
      22.07
    ],
    [
      "(1,2)",
      21.63
    ],
    [
      "(3,3)",
      21.43
    ],
    [
      "(0,2)",
      21.2
    ],
    [
      "(2,3)",
      20.99
    ],
    [
      "(1,3)",
      20.55
    ],
    [
      "(0,3)",
      20.11
    ]
  ]
}