{
  "best_genome": [
    0,
    0,
    1,
    0,
    0,
    0,
    1,
    1
  ],
  "best_utility": 51.8,
  "all_best_genomes": [
    [
      0,
      0,
      1,
      0,
      0,
      0,
      1,
      1
    ]
  ],
  "curves": {
    "best": [
      51.71,
      51.8,
      51.8,
      51.8,
      51.8,
      51.8,
      51.8,
      51.8,
      51.8,
      51.8,
      51.8,
      51.8,
      51.8,
      51.8,
      51.8,
      51.8,
      51.8,
      51.8,
      51.8,
      51.8,
      51.8,
      51.8,
      51.8,
      51.8,
      51.8,
      51.8,
      51.8,
      51.8,
      51.8,
      51.8,
      51.8,
      51.8,
      51.8,
      51.8,
      51.8,
      51.8,
      51.8,
      51.8,
      51.8,
      51.8,
      51.8,
      51.8,
      51.8,
      51.8,
      51.8,
      51.8,
      51.8,
      51.8,
      51.8,
      51.8,
      51.8
    ],
    "mean": [
      17.840000000000003,
      36.6398,
      48.25699999999999,
      49.69660000000001,
      50.27920000000001,
      49.427600000000005,
      50.929,
      50.0872,
      50.17100000000001,
      50.3094,
      50.436800000000005,
      50.479800000000004,
      49.36959999999999,
      49.284400000000005,
      49.49159999999999,
      50.0424,
      48.883799999999994,
      50.12799999999999,
      50.15540000000001,
      49.65120000000001,
      49.40659999999999,
      48.74620000000001,
      50.14520000000002,
      50.462399999999995,
      47.8478,
      50.41459999999999,
      49.68780000000001,
      49.367,
      47.68639999999999,
      50.1112,
      50.06,
      50.609399999999994,
      49.768999999999984,
      50.15559999999999,
      50.022400000000005,
      48.05740000000001,
      49.939800000000005,
      48.58079999999999,
      49.3192,
      50.20539999999999,
      50.08860000000001,
      48.444599999999994,
      49.986599999999996,
      50.0158,
      50.056000000000004,
      50.1492,
      49.69999999999999,
      50.0298,
      48.9568,
      49.772800000000004,
      50.8372
    ],
    "median": [
      18.69,
      36.46,
      51.175,
      51.71,
      51.8,
      51.8,
      51.8,
      51.8,
      51.8,
      51.8,
      51.8,
      51.8,
      51.8,
      51.8,
      51.8,
      51.8,
      51.8,
      51.8,
      51.71,
      51.8,
      51.754999999999995,
      51.8,
      51.754999999999995,
      51.8,
      51.175,
      51.71,
      51.8,
      51.8,
      51.8,
      51.8,
      51.8,
      51.8,
      51.8,
      51.71,
      51.8,
      51.8,
      51.8,
      51.675,
      51.8,
      51.8,
      51.8,
      51.8,
      51.8,
      51.71,
      51.8,
      51.8,
      51.8,
      51.8,
      51.754999999999995,
      51.71,
      51.8
    ]
  },
  "meta": {
    "labels": [
      "X5",
      "X0",
      "X1"
    ],
    "sizes": [
      2,
      1,
      1
    ],
    "K": 4,
    "L_used": 8,
    "alphabet": [
      0,
      1
    ],
    "pool_sizes": [
      3,
      2,
      2
    ],
    "genome_internal": {
      "selectors": 3,
      "tail_len": 4
    },
    "generations": 50,
    "popsize": 50,
    "parents": 15,
    "sel_mutation": 0.25,
    "tail_mutation": 0.03,
    "fix_last_gene": true,
    "seed": 81,
    "tie_tolerance": 1e-09,
    "num_best_genomes": 1,
    "evals_per_gen": [
      50,
      35,
      35,
      35,
      35,
      35,
      35,
      35,
      35,
      35,
      35,
      35,
      35,
      35,
      35,
      35,
      35,
      35,
      35,
      35,
      35,
      35,
      35,
      35,
      35,
      35,
      35,
      35,
      35,
      35,
      35,
      35,
      35,
      35,
      35,
      35,
      35,
      35,
      35,
      35,
      35,
      35,
      35,
      35,
      35,
      35,
      35,
      35,
      35,
      35,
      35
    ],
    "evals_cum": [
      50,
      85,
      120,
      155,
      190,
      225,
      260,
      295,
      330,
      365,
      400,
      435,
      470,
      505,
      540,
      575,
      610,
      645,
      680,
      715,
      750,
      785,
      820,
      855,
      890,
      925,
      960,
      995,
      1030,
      1065,
      1100,
      1135,
      1170,
      1205,
      1240,
      1275,
      1310,
      1345,
      1380,
      1415,
      1450,
      1485,
      1520,
      1555,
      1590,
      1625,
      1660,
      1695,
      1730,
      1765,
      1800
    ],
    "runtime_sec": 32.18643808364868,
    "budget": {
      "evals_cap": 150000,
      "time_limit_sec": 14400.0,
      "triggered": false,
      "reason": null,
      "evals_total": 1800,
      "time_total_sec": 32.18436789512634
    },
    "env_id": "g6_low_2"
  },
  "best_by_selectors": [
    [
      "(2,0,1)",
      51.8
    ],
    [
      "(1,0,1)",
      51.71
    ],
    [
      "(0,0,1)",
      51.64
    ],
    [
      "(2,0,0)",
      50.71
    ],
    [
      "(1,0,0)",
      50.64
    ],
    [
      "(0,0,0)",
      50.57
    ],
    [
      "(2,1,1)",
      47.97
    ],
    [
      "(1,1,1)",
      47.9
    ],
    [
      "(0,1,1)",
      47.83
    ],
    [
      "(2,1,0)",
      46.89
    ],
    [
      "(1,1,0)",
      46.82
    ],
    [
      "(0,1,0)",
      46.75
    ]
  ]
}