{
  "best_genome": [
    1,
    1,
    0,
    1,
    0,
    0,
    1,
    1
  ],
  "best_utility": 48.35,
  "all_best_genomes": [
    [
      1,
      1,
      0,
      1,
      0,
      0,
      1,
      1
    ]
  ],
  "curves": {
    "best": [
      48.35,
      48.35,
      48.35,
      48.35,
      48.35,
      48.35,
      48.35,
      48.35,
      48.35,
      48.35,
      48.35,
      48.35,
      48.35,
      48.35,
      48.35,
      48.35,
      48.35,
      48.35,
      48.35,
      48.35,
      48.35,
      48.35,
      48.35,
      48.35,
      48.35,
      48.35,
      48.35,
      48.35,
      48.35,
      48.35,
      48.35,
      48.35,
      48.35,
      48.35,
      48.35,
      48.35,
      48.35,
      48.35,
      48.35,
      48.35,
      48.35,
      48.35,
      48.35,
      48.35,
      48.35,
      48.35,
      48.35,
      48.35,
      48.35,
      48.35,
      48.35
    ],
    "mean": [
      17.330000000000002,
      38.551,
      45.072599999999994,
      46.67359999999999,
      46.240399999999994,
      47.381600000000006,
      46.385200000000005,
      44.9404,
      45.46099999999999,
      47.15700000000001,
      45.516000000000005,
      46.10080000000001,
      45.369200000000006,
      45.897600000000004,
      47.03499999999999,
      45.485400000000006,
      45.9616,
      45.78660000000001,
      45.5408,
      47.045399999999994,
      46.996399999999994,
      45.9226,
      46.231,
      45.256,
      46.54999999999999,
      46.0088,
      46.61159999999999,
      44.5062,
      45.1668,
      46.41480000000001,
      45.297399999999996,
      46.2204,
      45.62380000000001,
      45.798,
      45.4458,
      45.516999999999996,
      45.88,
      44.915600000000005,
      46.85139999999999,
      46.6204,
      46.2792,
      45.403,
      46.7672,
      46.9828,
      46.5844,
      45.5624,
      45.6262,
      46.0688,
      47.17419999999999,
      45.739200000000004,
      46.325199999999995
    ],
    "median": [
      16.16,
      41.56,
      46.12,
      48.254999999999995,
      48.28,
      48.35,
      48.35,
      48.35,
      48.35,
      48.35,
      48.35,
      48.35,
      48.35,
      48.35,
      48.35,
      46.12,
      48.35,
      48.35,
      48.35,
      48.35,
      48.35,
      48.35,
      48.35,
      48.35,
      48.35,
      48.254999999999995,
      48.35,
      48.254999999999995,
      48.35,
      48.35,
      48.35,
      48.35,
      48.28,
      48.28,
      48.315,
      48.315,
      48.35,
      48.315,
      48.35,
      48.35,
      48.35,
      48.35,
      48.35,
      48.35,
      48.28,
      48.28,
      48.315,
      48.28,
      48.35,
      48.35,
      48.35
    ]
  },
  "meta": {
    "labels": [
      "X3",
      "X1",
      "X4"
    ],
    "sizes": [
      2,
      1,
      1
    ],
    "K": 4,
    "L_used": 8,
    "alphabet": [
      0,
      1
    ],
    "pool_sizes": [
      3,
      2,
      2
    ],
    "genome_internal": {
      "selectors": 3,
      "tail_len": 4
    },
    "generations": 50,
    "popsize": 50,
    "parents": 15,
    "sel_mutation": 0.25,
    "tail_mutation": 0.03,
    "fix_last_gene": true,
    "seed": 98,
    "tie_tolerance": 1e-09,
    "num_best_genomes": 1,
    "evals_per_gen": [
      50,
      35,
      35,
      35,
      35,
      35,
      35,
      35,
      35,
      35,
      35,
      35,
      35,
      35,
      35,
      35,
      35,
      35,
      35,
      35,
      35,
      35,
      35,
      35,
      35,
      35,
      35,
      35,
      35,
      35,
      35,
      35,
      35,
      35,
      35,
      35,
      35,
      35,
      35,
      35,
      35,
      35,
      35,
      35,
      35,
      35,
      35,
      35,
      35,
      35,
      35
    ],
    "evals_cum": [
      50,
      85,
      120,
      155,
      190,
      225,
      260,
      295,
      330,
      365,
      400,
      435,
      470,
      505,
      540,
      575,
      610,
      645,
      680,
      715,
      750,
      785,
      820,
      855,
      890,
      925,
      960,
      995,
      1030,
      1065,
      1100,
      1135,
      1170,
      1205,
      1240,
      1275,
      1310,
      1345,
      1380,
      1415,
      1450,
      1485,
      1520,
      1555,
      1590,
      1625,
      1660,
      1695,
      1730,
      1765,
      1800
    ],
    "runtime_sec": 31.621829748153687,
    "budget": {
      "evals_cap": 150000,
      "time_limit_sec": 14400.0,
      "triggered": false,
      "reason": null,
      "evals_total": 1800,
      "time_total_sec": 31.619660139083862
    },
    "env_id": "g6_low_0"
  },
  "best_by_selectors": [
    [
      "(0,1,0)",
      48.35
    ],
    [
      "(1,1,0)",
      48.28
    ],
    [
      "(2,1,0)",
      48.23
    ],
    [
      "(0,0,0)",
      46.12
    ],
    [
      "(1,0,0)",
      46.05
    ],
    [
      "(2,0,0)",
      45.99
    ],
    [
      "(0,1,1)",
      43.84
    ],
    [
      "(1,1,1)",
      43.79
    ],
    [
      "(2,1,1)",
      43.73
    ],
    [
      "(0,0,1)",
      41.62
    ],
    [
      "(1,0,1)",
      41.56
    ],
    [
      "(2,0,1)",
      41.51
    ]
  ]
}