{
  "best_genome": [
    1,
    1,
    0,
    1,
    0,
    0,
    1,
    1
  ],
  "best_utility": 48.35,
  "all_best_genomes": [
    [
      1,
      1,
      0,
      1,
      0,
      0,
      1,
      1
    ]
  ],
  "curves": {
    "best": [
      48.35,
      48.35,
      48.35,
      48.35,
      48.35,
      48.35,
      48.35,
      48.35,
      48.35,
      48.35,
      48.35,
      48.35,
      48.35,
      48.35,
      48.35,
      48.35,
      48.35,
      48.35,
      48.35,
      48.35,
      48.35,
      48.35,
      48.35,
      48.35,
      48.35,
      48.35,
      48.35,
      48.35,
      48.35,
      48.35,
      48.35,
      48.35,
      48.35,
      48.35,
      48.35,
      48.35,
      48.35,
      48.35,
      48.35,
      48.35,
      48.35,
      48.35,
      48.35,
      48.35,
      48.35,
      48.35,
      48.35,
      48.35,
      48.35,
      48.35,
      48.35
    ],
    "mean": [
      20.493,
      40.672799999999995,
      46.4336,
      46.708200000000005,
      47.0434,
      45.8562,
      45.1784,
      45.397999999999996,
      45.3714,
      46.65720000000001,
      46.4084,
      46.0458,
      46.828,
      45.6828,
      46.1026,
      45.756,
      46.31120000000001,
      46.1458,
      46.812200000000004,
      45.7772,
      47.03700000000001,
      45.455799999999996,
      45.37460000000001,
      46.50019999999999,
      45.56080000000001,
      46.4926,
      47.173399999999994,
      46.65800000000001,
      45.86080000000001,
      46.148399999999995,
      45.931,
      45.3372,
      45.7596,
      46.769800000000004,
      45.927600000000005,
      45.3404,
      46.545,
      45.5726,
      45.2384,
      46.3974,
      46.21940000000001,
      46.545199999999994,
      46.06400000000001,
      45.65420000000001,
      46.8084,
      45.832,
      47.2528,
      46.688399999999994,
      46.2426,
      45.19700000000001,
      45.727599999999995
    ],
    "median": [
      19.39,
      43.785,
      48.28,
      48.35,
      48.35,
      48.35,
      48.28,
      48.28,
      48.254999999999995,
      48.28,
      48.28,
      48.35,
      48.35,
      48.35,
      48.35,
      48.35,
      48.35,
      48.35,
      48.35,
      48.35,
      48.35,
      48.315,
      48.35,
      48.35,
      48.35,
      48.35,
      48.35,
      48.35,
      48.35,
      48.35,
      48.35,
      48.35,
      48.35,
      48.35,
      48.35,
      48.35,
      48.35,
      48.35,
      48.315,
      48.35,
      48.35,
      48.35,
      48.35,
      48.35,
      48.35,
      48.28,
      48.35,
      48.35,
      48.35,
      48.315,
      48.35
    ]
  },
  "meta": {
    "labels": [
      "X3",
      "X1",
      "X4"
    ],
    "sizes": [
      2,
      1,
      1
    ],
    "K": 4,
    "L_used": 8,
    "alphabet": [
      0,
      1
    ],
    "pool_sizes": [
      3,
      2,
      2
    ],
    "genome_internal": {
      "selectors": 3,
      "tail_len": 4
    },
    "generations": 50,
    "popsize": 50,
    "parents": 15,
    "sel_mutation": 0.25,
    "tail_mutation": 0.03,
    "fix_last_gene": true,
    "seed": 99,
    "tie_tolerance": 1e-09,
    "num_best_genomes": 1,
    "evals_per_gen": [
      50,
      35,
      35,
      35,
      35,
      35,
      35,
      35,
      35,
      35,
      35,
      35,
      35,
      35,
      35,
      35,
      35,
      35,
      35,
      35,
      35,
      35,
      35,
      35,
      35,
      35,
      35,
      35,
      35,
      35,
      35,
      35,
      35,
      35,
      35,
      35,
      35,
      35,
      35,
      35,
      35,
      35,
      35,
      35,
      35,
      35,
      35,
      35,
      35,
      35,
      35
    ],
    "evals_cum": [
      50,
      85,
      120,
      155,
      190,
      225,
      260,
      295,
      330,
      365,
      400,
      435,
      470,
      505,
      540,
      575,
      610,
      645,
      680,
      715,
      750,
      785,
      820,
      855,
      890,
      925,
      960,
      995,
      1030,
      1065,
      1100,
      1135,
      1170,
      1205,
      1240,
      1275,
      1310,
      1345,
      1380,
      1415,
      1450,
      1485,
      1520,
      1555,
      1590,
      1625,
      1660,
      1695,
      1730,
      1765,
      1800
    ],
    "runtime_sec": 32.169816732406616,
    "budget": {
      "evals_cap": 150000,
      "time_limit_sec": 14400.0,
      "triggered": false,
      "reason": null,
      "evals_total": 1800,
      "time_total_sec": 32.167383670806885
    },
    "env_id": "g6_low_0"
  },
  "best_by_selectors": [
    [
      "(0,1,0)",
      48.35
    ],
    [
      "(1,1,0)",
      48.28
    ],
    [
      "(2,1,0)",
      48.23
    ],
    [
      "(0,0,0)",
      46.12
    ],
    [
      "(1,0,0)",
      46.05
    ],
    [
      "(2,0,0)",
      45.99
    ],
    [
      "(0,1,1)",
      43.84
    ],
    [
      "(1,1,1)",
      43.79
    ],
    [
      "(2,1,1)",
      43.73
    ],
    [
      "(0,0,1)",
      41.62
    ],
    [
      "(1,0,1)",
      41.56
    ],
    [
      "(2,0,1)",
      41.51
    ]
  ]
}