{
  "best_genome": [
    1,
    1,
    0,
    0,
    1,
    0,
    1,
    1,
    1
  ],
  "best_utility": 8.37,
  "all_best_genomes": [
    [
      1,
      1,
      0,
      0,
      1,
      0,
      1,
      1,
      1
    ]
  ],
  "curves": {
    "best": [
      6.73,
      6.74,
      8.37,
      8.37,
      8.37,
      8.37,
      8.37,
      8.37,
      8.37,
      8.37,
      8.37,
      8.37,
      8.37,
      8.37,
      8.37,
      8.37,
      8.37,
      8.37,
      8.37,
      8.37,
      8.37,
      8.37,
      8.37,
      8.37,
      8.37,
      8.37,
      8.37,
      8.37,
      8.37,
      8.37,
      8.37,
      8.37,
      8.37,
      8.37,
      8.37,
      8.37,
      8.37,
      8.37,
      8.37,
      8.37,
      8.37,
      8.37,
      8.37,
      8.37,
      8.37,
      8.37,
      8.37,
      8.37,
      8.37,
      8.37,
      8.37
    ],
    "mean": [
      -17.2122,
      -5.159199999999999,
      2.0048000000000004,
      3.0358000000000005,
      3.45,
      3.6310000000000002,
      5.006600000000001,
      6.5774,
      4.461399999999999,
      4.041,
      3.109199999999999,
      3.292,
      4.7682,
      3.2493999999999996,
      4.3876,
      4.3218,
      3.5686,
      2.5685999999999996,
      2.1136,
      3.7885999999999997,
      3.632999999999999,
      2.6755999999999993,
      4.420399999999999,
      3.5735999999999994,
      2.5772000000000004,
      3.2093999999999996,
      4.631,
      4.2138,
      4.725599999999999,
      3.8404,
      5.4166,
      4.817399999999999,
      2.9514,
      5.236599999999999,
      4.627599999999999,
      0.9727999999999998,
      3.8775999999999993,
      3.0035999999999996,
      4.7082,
      4.318999999999999,
      6.029399999999999,
      4.625800000000001,
      3.8413999999999993,
      3.7201999999999997,
      4.701,
      4.4258,
      1.0537999999999996,
      2.5639999999999996,
      3.955,
      3.5472,
      2.9695999999999994
    ],
    "median": [
      -16.22,
      -8.91,
      4.6,
      6.73,
      7.84,
      7.84,
      8.37,
      8.37,
      8.37,
      8.37,
      8.37,
      8.37,
      8.37,
      8.37,
      8.37,
      8.37,
      8.37,
      8.37,
      7.29,
      7.29,
      8.37,
      8.37,
      8.37,
      8.37,
      8.37,
      8.37,
      8.105,
      8.37,
      8.37,
      8.37,
      8.37,
      8.37,
      8.37,
      8.37,
      8.37,
      7.29,
      8.37,
      8.105,
      8.37,
      8.37,
      8.37,
      8.37,
      8.37,
      8.37,
      8.37,
      8.37,
      8.37,
      8.37,
      8.37,
      8.37,
      8.37
    ]
  },
  "meta": {
    "labels": [
      "X1",
      "X0",
      "X5"
    ],
    "sizes": [
      2,
      2,
      1
    ],
    "K": 5,
    "L_used": 9,
    "alphabet": [
      0,
      1
    ],
    "pool_sizes": [
      3,
      3,
      2
    ],
    "genome_internal": {
      "selectors": 3,
      "tail_len": 4
    },
    "generations": 50,
    "popsize": 50,
    "parents": 15,
    "sel_mutation": 0.25,
    "tail_mutation": 0.03,
    "fix_last_gene": true,
    "seed": 42,
    "tie_tolerance": 1e-09,
    "num_best_genomes": 1,
    "evals_per_gen": [
      50,
      35,
      35,
      35,
      35,
      35,
      35,
      35,
      35,
      35,
      35,
      35,
      35,
      35,
      35,
      35,
      35,
      35,
      35,
      35,
      35,
      35,
      35,
      35,
      35,
      35,
      35,
      35,
      35,
      35,
      35,
      35,
      35,
      35,
      35,
      35,
      35,
      35,
      35,
      35,
      35,
      35,
      35,
      35,
      35,
      35,
      35,
      35,
      35,
      35,
      35
    ],
    "evals_cum": [
      50,
      85,
      120,
      155,
      190,
      225,
      260,
      295,
      330,
      365,
      400,
      435,
      470,
      505,
      540,
      575,
      610,
      645,
      680,
      715,
      750,
      785,
      820,
      855,
      890,
      925,
      960,
      995,
      1030,
      1065,
      1100,
      1135,
      1170,
      1205,
      1240,
      1275,
      1310,
      1345,
      1380,
      1415,
      1450,
      1485,
      1520,
      1555,
      1590,
      1625,
      1660,
      1695,
      1730,
      1765,
      1800
    ],
    "runtime_sec": 31.878686666488647,
    "budget": {
      "evals_cap": 150000,
      "time_limit_sec": 14400.0,
      "triggered": false,
      "reason": null,
      "evals_total": 1800,
      "time_total_sec": 31.876604795455933
    },
    "env_id": "g6_medium_2"
  },
  "best_by_selectors": [
    [
      "(0,2,0)",
      8.37
    ],
    [
      "(1,2,0)",
      7.84
    ],
    [
      "(0,1,0)",
      6.74
    ],
    [
      "(2,2,0)",
      6.73
    ],
    [
      "(1,1,0)",
      6.22
    ],
    [
      "(0,0,0)",
      5.11
    ],
    [
      "(2,1,0)",
      5.11
    ],
    [
      "(1,0,0)",
      4.6
    ],
    [
      "(2,0,0)",
      3.49
    ],
    [
      "(0,2,1)",
      -8.91
    ],
    [
      "(1,2,1)",
      -9.43
    ],
    [
      "(0,1,1)",
      -10.53
    ],
    [
      "(2,2,1)",
      -10.54
    ],
    [
      "(1,1,1)",
      -11.06
    ],
    [
      "(0,0,1)",
      -12.15
    ],
    [
      "(2,1,1)",
      -12.17
    ],
    [
      "(1,0,1)",
      -12.68
    ],
    [
      "(2,0,1)",
      -13.79
    ]
  ]
}