{
  "best_genome": [
    1,
    1,
    1,
    1,
    1,
    1,
    1,
    0,
    0,
    0,
    0,
    1,
    1,
    1
  ],
  "best_utility": -19.47,
  "all_best_genomes": [
    [
      1,
      1,
      1,
      1,
      1,
      1,
      1,
      0,
      0,
      0,
      0,
      1,
      1,
      1
    ]
  ],
  "curves": {
    "best": [
      -30.47,
      -22.99,
      -19.47,
      -19.47,
      -19.47,
      -19.47,
      -19.47,
      -19.47,
      -19.47,
      -19.47,
      -19.47,
      -19.47,
      -19.47,
      -19.47,
      -19.47,
      -19.47,
      -19.47,
      -19.47,
      -19.47,
      -19.47,
      -19.47,
      -19.47,
      -19.47,
      -19.47,
      -19.47,
      -19.47,
      -19.47,
      -19.47,
      -19.47,
      -19.47,
      -19.47,
      -19.47,
      -19.47,
      -19.47,
      -19.47,
      -19.47,
      -19.47,
      -19.47,
      -19.47,
      -19.47,
      -19.47,
      -19.47,
      -19.47,
      -19.47,
      -19.47,
      -19.47,
      -19.47,
      -19.47,
      -19.47,
      -19.47,
      -19.47
    ],
    "mean": [
      -67.83460000000001,
      -49.88220000000001,
      -35.8048,
      -28.428799999999995,
      -26.577199999999998,
      -24.484399999999997,
      -24.338,
      -23.8206,
      -25.1784,
      -24.384,
      -25.9912,
      -23.912,
      -24.455,
      -27.267,
      -25.2766,
      -26.512000000000004,
      -26.336,
      -22.766399999999997,
      -27.826399999999992,
      -23.486600000000003,
      -27.7306,
      -23.942200000000003,
      -24.8776,
      -25.966400000000004,
      -25.1144,
      -23.364399999999996,
      -29.9998,
      -23.962799999999998,
      -24.805799999999998,
      -22.606399999999997,
      -26.937800000000003,
      -23.5082,
      -25.869,
      -25.301199999999998,
      -24.338800000000003,
      -23.1584,
      -26.1594,
      -25.177,
      -24.531399999999998,
      -25.5838,
      -24.734,
      -25.4654,
      -25.175,
      -27.4074,
      -26.195,
      -27.5096,
      -26.012400000000003,
      -26.7246,
      -26.824800000000003,
      -25.1424,
      -27.273000000000003
    ],
    "median": [
      -64.29,
      -51.129999999999995,
      -34.17,
      -23.69,
      -22.99,
      -19.47,
      -19.47,
      -19.47,
      -19.47,
      -19.47,
      -19.47,
      -19.47,
      -19.47,
      -19.47,
      -19.47,
      -19.47,
      -19.47,
      -19.47,
      -19.47,
      -19.47,
      -19.604999999999997,
      -19.47,
      -19.47,
      -19.47,
      -19.47,
      -19.47,
      -19.47,
      -19.47,
      -19.47,
      -19.47,
      -19.47,
      -19.47,
      -19.47,
      -19.47,
      -19.47,
      -19.47,
      -19.47,
      -19.47,
      -19.47,
      -19.47,
      -19.47,
      -19.47,
      -19.47,
      -19.47,
      -19.47,
      -19.47,
      -19.47,
      -19.47,
      -19.47,
      -19.47,
      -19.47
    ]
  },
  "meta": {
    "labels": [
      "X4",
      "X5"
    ],
    "sizes": [
      2,
      5
    ],
    "K": 7,
    "L_used": 14,
    "alphabet": [
      0,
      1
    ],
    "pool_sizes": [
      3,
      6
    ],
    "genome_internal": {
      "selectors": 2,
      "tail_len": 7
    },
    "generations": 50,
    "popsize": 50,
    "parents": 15,
    "sel_mutation": 0.25,
    "tail_mutation": 0.03,
    "fix_last_gene": true,
    "seed": 81,
    "tie_tolerance": 1e-09,
    "num_best_genomes": 1,
    "evals_per_gen": [
      50,
      35,
      35,
      35,
      35,
      35,
      35,
      35,
      35,
      35,
      35,
      35,
      35,
      35,
      35,
      35,
      35,
      35,
      35,
      35,
      35,
      35,
      35,
      35,
      35,
      35,
      35,
      35,
      35,
      35,
      35,
      35,
      35,
      35,
      35,
      35,
      35,
      35,
      35,
      35,
      35,
      35,
      35,
      35,
      35,
      35,
      35,
      35,
      35,
      35,
      35
    ],
    "evals_cum": [
      50,
      85,
      120,
      155,
      190,
      225,
      260,
      295,
      330,
      365,
      400,
      435,
      470,
      505,
      540,
      575,
      610,
      645,
      680,
      715,
      750,
      785,
      820,
      855,
      890,
      925,
      960,
      995,
      1030,
      1065,
      1100,
      1135,
      1170,
      1205,
      1240,
      1275,
      1310,
      1345,
      1380,
      1415,
      1450,
      1485,
      1520,
      1555,
      1590,
      1625,
      1660,
      1695,
      1730,
      1765,
      1800
    ],
    "runtime_sec": 34.74936389923096,
    "budget": {
      "evals_cap": 150000,
      "time_limit_sec": 14400.0,
      "triggered": false,
      "reason": null,
      "evals_total": 1800,
      "time_total_sec": 34.74715256690979
    },
    "env_id": "g6_medium_1"
  },
  "best_by_selectors": [
    [
      "(0,0)",
      -19.47
    ],
    [
      "(1,0)",
      -19.74
    ],
    [
      "(2,0)",
      -19.99
    ],
    [
      "(0,1)",
      -27.9
    ],
    [
      "(1,1)",
      -28.15
    ],
    [
      "(2,1)",
      -28.4
    ],
    [
      "(0,2)",
      -36.33
    ],
    [
      "(1,2)",
      -36.58
    ],
    [
      "(2,2)",
      -36.83
    ],
    [
      "(0,3)",
      -44.75
    ],
    [
      "(1,3)",
      -45.0
    ],
    [
      "(2,3)",
      -45.26
    ],
    [
      "(0,4)",
      -53.17
    ],
    [
      "(1,4)",
      -53.43
    ],
    [
      "(2,4)",
      -53.68
    ],
    [
      "(0,5)",
      -59.97
    ],
    [
      "(1,5)",
      -60.22
    ],
    [
      "(2,5)",
      -60.48
    ]
  ]
}