{
  "algo": "generic",
  "hparams": {
    "generations": 100,
    "popsize": 22,
    "fix_last_gene": true,
    "seed": 404,
    "verbosity": 1,
    "log_every": 1,
    "evals_cap": 10000,
    "cxpb": 0.9773818928901302,
    "mutpb": 0.11773674166383268,
    "mutation_rate": 0.16858500547331534
  },
  "metrics": {
    "best_final": 438.65,
    "auc_best": 43860.57500000008,
    "auc_best_norm": 438.6057500000008,
    "runtime_sec": 68.84590673446655,
    "evals_total": 2173,
    "budget_triggered": false,
    "stop_reason": "None"
  },
  "diagnostics": {
    "best": {
      "start": 437.0,
      "end": 438.65,
      "delta_abs": 1.6499999999999773,
      "delta_rel": 0.0037757437070937696,
      "max_val": 438.65,
      "argmax": 6,
      "auc_raw": 43860.57500000008,
      "auc_norm": 438.6057500000008
    },
    "mean": {
      "start": 423.72499999999997,
      "end": 438.4727272727272,
      "delta_abs": 14.747727272727218,
      "delta_rel": 0.034804949608182714,
      "max_val": 438.64999999999986,
      "argmax": 16,
      "auc_raw": 43783.53295454544,
      "auc_norm": 437.8353295454544
    },
    "median": {
      "start": 424.1,
      "end": 438.65,
      "delta_abs": 14.549999999999955,
      "delta_rel": 0.034307946239094445,
      "max_val": 438.65,
      "argmax": 10,
      "auc_raw": 43847.45000000008,
      "auc_norm": 438.4745000000008
    }
  },
  "genomes": {
    "best_genome": [
      1,
      1,
      1,
      0,
      1,
      1,
      0,
      1,
      0,
      1,
      0,
      1,
      0,
      0,
      1,
      0,
      0,
      0,
      0,
      0,
      0,
      0,
      0,
      0,
      0,
      0,
      0,
      0,
      0,
      0,
      0,
      0,
      1
    ],
    "all_best_genomes": null
  },
  "raw": {
    "curves": {
      "best": [
        437.0,
        437.6,
        437.6,
        438.05,
        438.05,
        438.35,
        438.65,
        438.65,
        438.65,
        438.65,
        438.65,
        438.65,
        438.65,
        438.65,
        438.65,
        438.65,
        438.65,
        438.65,
        438.65,
        438.65,
        438.65,
        438.65,
        438.65,
        438.65,
        438.65,
        438.65,
        438.65,
        438.65,
        438.65,
        438.65,
        438.65,
        438.65,
        438.65,
        438.65,
        438.65,
        438.65,
        438.65,
        438.65,
        438.65,
        438.65,
        438.65,
        438.65,
        438.65,
        438.65,
        438.65,
        438.65,
        438.65,
        438.65,
        438.65,
        438.65,
        438.65,
        438.65,
        438.65,
        438.65,
        438.65,
        438.65,
        438.65,
        438.65,
        438.65,
        438.65,
        438.65,
        438.65,
        438.65,
        438.65,
        438.65,
        438.65,
        438.65,
        438.65,
        438.65,
        438.65,
        438.65,
        438.65,
        438.65,
        438.65,
        438.65,
        438.65,
        438.65,
        438.65,
        438.65,
        438.65,
        438.65,
        438.65,
        438.65,
        438.65,
        438.65,
        438.65,
        438.65,
        438.65,
        438.65,
        438.65,
        438.65,
        438.65,
        438.65,
        438.65,
        438.65,
        438.65,
        438.65,
        438.65,
        438.65,
        438.65,
        438.65
      ],
      "mean": [
        423.72499999999997,
        433.6181818181818,
        435.35681818181814,
        436.025,
        437.6204545454546,
        435.5886363636364,
        436.89772727272725,
        435.92272727272734,
        438.32954545454555,
        438.3636363636364,
        438.3227272727272,
        437.43636363636364,
        438.51363636363624,
        437.52499999999986,
        438.49999999999994,
        437.4636363636362,
        438.64999999999986,
        438.63636363636357,
        438.59545454545446,
        437.3068181818181,
        436.2772727272726,
        438.49999999999994,
        438.4181818181818,
        438.33636363636356,
        437.5045454545454,
        438.60227272727263,
        438.64999999999986,
        437.37499999999994,
        437.28636363636355,
        437.3613636363636,
        438.58181818181805,
        438.55454545454535,
        436.3931818181818,
        438.58181818181816,
        438.4522727272726,
        438.45909090909083,
        438.4318181818181,
        438.4318181818181,
        438.4318181818181,
        438.4113636363636,
        437.33409090909083,
        438.49318181818177,
        438.50681818181806,
        438.58181818181805,
        437.5522727272726,
        435.2477272727272,
        438.36363636363626,
        438.62272727272716,
        438.36363636363626,
        438.59545454545446,
        438.540909090909,
        436.48863636363626,
        437.54545454545445,
        438.4863636363635,
        438.64999999999986,
        436.17499999999995,
        438.36363636363626,
        438.5477272727272,
        438.615909090909,
        437.37499999999994,
        438.49318181818177,
        437.45681818181805,
        438.4590909090908,
        436.1818181818181,
        438.5,
        438.63636363636357,
        436.42045454545445,
        438.3363636363636,
        438.4727272727272,
        438.52045454545447,
        437.5522727272726,
        438.58863636363634,
        438.52727272727265,
        438.5272727272726,
        437.37499999999994,
        437.38181818181806,
        438.60227272727263,
        438.64999999999986,
        438.64999999999986,
        438.50681818181806,
        437.54545454545445,
        438.6295454545454,
        438.45909090909083,
        438.49999999999994,
        438.64999999999986,
        438.55454545454535,
        438.5749999999999,
        438.540909090909,
        437.56590909090903,
        437.44318181818176,
        438.5954545454544,
        438.5886363636362,
        438.4454545454544,
        437.38863636363635,
        437.49772727272716,
        438.4522727272726,
        437.4090909090908,
        438.5954545454544,
        437.46363636363634,
        437.53181818181804,
        438.4727272727272
      ],
      "median": [
        424.1,
        435.35,
        436.625,
        437.3,
        437.6,
        437.75,
        438.05,
        438.2,
        438.35,
        438.35,
        438.65,
        438.65,
        438.65,
        438.65,
        438.65,
        438.65,
        438.65,
        438.65,
        438.65,
        438.65,
        438.65,
        438.65,
        438.65,
        438.65,
        438.65,
        438.65,
        438.65,
        438.65,
        438.65,
        438.65,
        438.65,
        438.65,
        438.65,
        438.65,
        438.65,
        438.65,
        438.65,
        438.65,
        438.65,
        438.65,
        438.65,
        438.65,
        438.65,
        438.65,
        438.65,
        438.65,
        438.65,
        438.65,
        438.65,
        438.65,
        438.65,
        438.65,
        438.65,
        438.65,
        438.65,
        438.65,
        438.65,
        438.65,
        438.65,
        438.65,
        438.65,
        438.65,
        438.65,
        438.65,
        438.65,
        438.65,
        438.65,
        438.65,
        438.65,
        438.65,
        438.65,
        438.65,
        438.65,
        438.65,
        438.65,
        438.65,
        438.65,
        438.65,
        438.65,
        438.65,
        438.65,
        438.65,
        438.65,
        438.65,
        438.65,
        438.65,
        438.65,
        438.65,
        438.65,
        438.65,
        438.65,
        438.65,
        438.65,
        438.65,
        438.65,
        438.65,
        438.65,
        438.65,
        438.65,
        438.65,
        438.65
      ]
    }
  },
  "per_generation": [
    {
      "gen": 0.0,
      "best": 437.0,
      "mean": 423.72499999999997,