{
  "algo": "generic",
  "hparams": {
    "generations": 100,
    "popsize": 22,
    "fix_last_gene": true,
    "seed": 909,
    "verbosity": 1,
    "log_every": 1,
    "evals_cap": 10000,
    "cxpb": 0.5197868393609221,
    "mutpb": 0.40296511382380756,
    "mutation_rate": 0.18472579899162264
  },
  "metrics": {
    "best_final": 438.65,
    "auc_best": 43853.975000000086,
    "auc_best_norm": 438.5397500000009,
    "runtime_sec": 62.71838927268982,
    "evals_total": 1631,
    "budget_triggered": false,
    "stop_reason": "None"
  },
  "diagnostics": {
    "best": {
      "start": 436.7,
      "end": 438.65,
      "delta_abs": 1.9499999999999886,
      "delta_rel": 0.004465307991756329,
      "max_val": 438.65,
      "argmax": 18,
      "auc_raw": 43853.975000000086,
      "auc_norm": 438.5397500000009
    },
    "mean": {
      "start": 422.63409090909084,
      "end": 438.1113636363635,
      "delta_abs": 15.477272727272634,
      "delta_rel": 0.03662097559139359,
      "max_val": 438.5340909090908,
      "argmax": 98,
      "auc_raw": 43627.18181818182,
      "auc_norm": 436.2718181818182
    },
    "median": {
      "start": 413.75,
      "end": 438.65,
      "delta_abs": 24.899999999999977,
      "delta_rel": 0.06018126888217517,
      "max_val": 438.65,
      "argmax": 26,
      "auc_raw": 43817.15000000004,
      "auc_norm": 438.1715000000004
    }
  },
  "genomes": {
    "best_genome": [
      1,
      1,
      1,
      0,
      1,
      1,
      1,
      1,
      1,
      0,
      0,
      0,
      1,
      1,
      0,
      0,
      0,
      0,
      0,
      0,
      0,
      0,
      0,
      0,
      0,
      0,
      0,
      0,
      0,
      0,
      0,
      0,
      1
    ],
    "all_best_genomes": null
  },
  "raw": {
    "curves": {
      "best": [
        436.7,
        436.7,
        437.0,
        437.0,
        438.05,
        438.05,
        438.05,
        438.05,
        438.35,
        438.35,
        438.35,
        438.35,
        438.35,
        438.35,
        438.5,
        438.5,
        438.5,
        438.5,
        438.65,
        438.65,
        438.65,
        438.65,
        438.65,
        438.65,
        438.65,
        438.65,
        438.65,
        438.65,
        438.65,
        438.65,
        438.65,
        438.65,
        438.65,
        438.65,
        438.65,
        438.65,
        438.65,
        438.65,
        438.65,
        438.65,
        438.65,
        438.65,
        438.65,
        438.65,
        438.65,
        438.65,
        438.65,
        438.65,
        438.65,
        438.65,
        438.65,
        438.65,
        438.65,
        438.65,
        438.65,
        438.65,
        438.65,
        438.65,
        438.65,
        438.65,
        438.65,
        438.65,
        438.65,
        438.65,
        438.65,
        438.65,
        438.65,
        438.65,
        438.65,
        438.65,
        438.65,
        438.65,
        438.65,
        438.65,
        438.65,
        438.65,
        438.65,
        438.65,
        438.65,
        438.65,
        438.65,
        438.65,
        438.65,
        438.65,
        438.65,
        438.65,
        438.65,
        438.65,
        438.65,
        438.65,
        438.65,
        438.65,
        438.65,
        438.65,
        438.65,
        438.65,
        438.65,
        438.65,
        438.65,
        438.65,
        438.65
      ],
      "mean": [
        422.63409090909084,
        431.2318181818182,
        434.96818181818185,
        434.02727272727265,
        436.65227272727276,
        435.88863636363635,
        436.0181818181818,
        437.3818181818182,
        435.5749999999999,
        436.65227272727265,
        435.11136363636365,
        437.64090909090913,
        436.59772727272724,
        435.73181818181826,
        435.92272727272734,
        436.51590909090913,
        435.24772727272733,
        436.5704545454546,
        435.54772727272734,
        434.68863636363636,
        436.8772727272728,
        436.80909090909086,
        437.68863636363636,
        437.02045454545447,
        436.74090909090916,
        438.15909090909093,
        437.14999999999986,
        437.08181818181816,
        433.65227272727276,
        434.76363636363624,
        436.12045454545455,
        436.9863636363636,
        438.15909090909093,
        437.95454545454544,
        438.1181818181818,
        434.85227272727275,
        438.13181818181806,
        434.9136363636364,
        433.4681818181818,
        435.95681818181805,
        435.88863636363635,
        437.18409090909086,
        435.83409090909083,
        437.0886363636362,
        435.9363636363636,
        437.075,
        437.32045454545454,
        436.06590909090903,
        438.1999999999999,
        436.95227272727266,
        438.22045454545446,
        434.79090909090905,
        435.54090909090905,
        434.45681818181805,
        437.1636363636364,
        434.79772727272723,
        435.97045454545446,
        435.9840909090908,
        437.0613636363636,
        437.0613636363636,
        438.14545454545447,
        435.990909090909,
        437.28636363636355,
        436.365909090909,
        436.4272727272726,
        435.44545454545454,
        435.81363636363636,
        436.90454545454537,
        436.9113636363636,
        433.6590909090908,
        437.3,
        434.74318181818177,
        436.65227272727265,
        437.08181818181816,
        436.87045454545444,
        436.890909090909,
        438.37045454545455,
        436.9318181818182,
        434.7840909090908,
        436.08636363636356,
        435.9295454545454,
        437.83181818181816,
        434.96136363636356,
        434.79772727272723,
        436.215909090909,
        438.47272727272724,
        435.09772727272724,
        434.9,
        435.95,
        437.06136363636364,
        436.89772727272725,
        436.9931818181818,
        434.9477272727272,
        436.08636363636356,
        437.0340909090908,
        438.3090909090908,
        434.62045454545455,
        438.1999999999999,
        438.5340909090908,
        438.13863636363635,
        438.1113636363635
      ],
      "median": [
        413.75,
        435.5,
        436.4,
        436.55,
        436.7,
        436.85,
        437.0,
        437.6,
        438.05,
        438.05,
        437.225,
        438.05,
        438.05,
        438.35,
        438.35,
        437.6,
        437.525,
        437.6,
        438.35,
        438.35,
        438.35,
        438.20000000000005,
        438.05,
        438.2,
        438.275,
        438.5,
        438.65,
        438.425,
        438.35,
        438.125,
        438.65,
        438.20000000000005,
        438.65,
        438.65,
        438.2,
        438.425,
        438.65,
        438.35,
        437.6,
        438.575,
        438.20000000000005,
        438.5,
        438.5,
        438.65,
        438.275,
        438.65,
        438.65,
        438.65,
        438.65,
        438.65,
        438.65,
        438.5,
        438.5,
        438.275,
        438.65,
        438.275,
        438.65,
        438.65,
        438.65,
        438.65,
        438.575,
        438.5,
        438.575,
        438.65,
        437.75,
        437.375,
        438.05,
        438.65,
        438.575,
        438.575,
        438.65,
        438.275,
        438.05,
        438.65,
        438.65,
        438.5,
        438.65,
        438.65,
        438.65,
        438.65,
        438.65,
        438.2,
        438.65,
        438.65,
        438.65,
        438.65,
        438.65,
        438.65,
        438.65,
        438.65,
        438.5,
        438.65,
        438.65,
        438.65,
        438.65,
        438.65,
        438.5,
        438.65,
        438.65,
        438.65,
        438.65
      ]
    }
  },
  "per_generation": [
    {
      "gen": 0.0,
      "best": 436.7,
      "mean": 422.63409090909084,