{
  "algo": "generic",
  "hparams": {
    "generations": 100,
    "popsize": 22,
    "fix_last_gene": true,
    "seed": 1001,
    "verbosity": 1,
    "log_every": 1,
    "evals_cap": 10000,
    "cxpb": 0.03901193444748749,
    "mutpb": 0.24958270275132294,
    "mutation_rate": 0.17984007504118743
  },
  "metrics": {
    "best_final": 438.65,
    "auc_best": 43854.12500000009,
    "auc_best_norm": 438.5412500000009,
    "runtime_sec": 22.86234164237976,
    "evals_total": 653,
    "budget_triggered": false,
    "stop_reason": "None"
  },
  "diagnostics": {
    "best": {
      "start": 437.9,
      "end": 438.65,
      "delta_abs": 0.75,
      "delta_rel": 0.001712719799040877,
      "max_val": 438.65,
      "argmax": 27,
      "auc_raw": 43854.12500000009,
      "auc_norm": 438.5412500000009
    },
    "mean": {
      "start": 427.6999999999999,
      "end": 434.9545454545454,
      "delta_abs": 7.254545454545507,
      "delta_rel": 0.016961761642612833,
      "max_val": 438.62272727272716,
      "argmax": 91,
      "auc_raw": 43702.69318181818,
      "auc_norm": 437.02693181818177
    },
    "median": {
      "start": 434.75,
      "end": 438.65,
      "delta_abs": 3.8999999999999773,
      "delta_rel": 0.008970672800459982,
      "max_val": 438.65,
      "argmax": 31,
      "auc_raw": 43844.37500000008,
      "auc_norm": 438.4437500000008
    }
  },
  "genomes": {
    "best_genome": [
      1,
      0,
      0,
      1,
      1,
      0,
      0,
      1,
      1,
      1,
      1,
      0,
      1,
      1,
      0,
      0,
      0,
      0,
      0,
      0,
      0,
      0,
      0,
      0,
      0,
      0,
      0,
      0,
      0,
      0,
      0,
      0,
      1
    ],
    "all_best_genomes": null
  },
  "raw": {
    "curves": {
      "best": [
        437.9,
        437.9,
        437.9,
        438.2,
        438.2,
        438.2,
        438.2,
        438.2,
        438.2,
        438.2,
        438.2,
        438.2,
        438.2,
        438.2,
        438.2,
        438.35,
        438.35,
        438.35,
        438.35,
        438.35,
        438.35,
        438.35,
        438.35,
        438.35,
        438.35,
        438.35,
        438.35,
        438.65,
        438.65,
        438.65,
        438.65,
        438.65,
        438.65,
        438.65,
        438.65,
        438.65,
        438.65,
        438.65,
        438.65,
        438.65,
        438.65,
        438.65,
        438.65,
        438.65,
        438.65,
        438.65,
        438.65,
        438.65,
        438.65,
        438.65,
        438.65,
        438.65,
        438.65,
        438.65,
        438.65,
        438.65,
        438.65,
        438.65,
        438.65,
        438.65,
        438.65,
        438.65,
        438.65,
        438.65,
        438.65,
        438.65,
        438.65,
        438.65,
        438.65,
        438.65,
        438.65,
        438.65,
        438.65,
        438.65,
        438.65,
        438.65,
        438.65,
        438.65,
        438.65,
        438.65,
        438.65,
        438.65,
        438.65,
        438.65,
        438.65,
        438.65,
        438.65,
        438.65,
        438.65,
        438.65,
        438.65,
        438.65,
        438.65,
        438.65,
        438.65,
        438.65,
        438.65,
        438.65,
        438.65,
        438.65,
        438.65
      ],
      "mean": [
        427.6999999999999,
        434.6681818181818,
        436.28409090909093,
        437.075,
        437.46363636363634,
        435.68409090909086,
        435.5886363636364,
        436.61818181818194,
        436.76818181818186,
        435.6363636363636,
        434.75000000000006,
        436.66590909090905,
        438.0704545454546,
        438.1795454545456,
        438.09772727272735,
        437.0545454545456,
        436.8704545454546,
        438.2818181818182,
        434.57954545454555,
        436.02500000000015,
        437.0818181818182,
        436.734090909091,
        437.034090909091,
        436.9795454545456,
        434.8386363636364,
        434.73636363636365,
        436.8772727272728,
        438.309090909091,
        438.159090909091,
        435.87500000000006,
        438.25454545454545,
        438.51363636363624,
        436.20227272727266,
        438.5477272727272,
        438.40454545454537,
        437.38181818181806,
        437.24545454545444,
        436.2977272727272,
        438.465909090909,
        437.04772727272723,
        437.3613636363636,
        436.93863636363636,
        437.08863636363634,
        438.3568181818182,
        434.84545454545463,
        437.29318181818167,
        438.36363636363626,
        437.265909090909,
        437.3613636363635,
        436.1818181818181,
        438.60227272727263,
        438.26136363636357,
        437.4363636363636,
        438.2613636363636,
        437.28636363636355,
        436.04545454545445,
        437.47045454545446,
        438.5886363636362,
        436.20227272727266,
        436.3045454545454,
        438.04999999999995,
        433.8090909090908,
        437.18409090909086,
        438.27499999999986,
        437.3204545454544,
        437.2386363636364,
        436.965909090909,
        435.93636363636347,
        436.27045454545447,
        436.965909090909,
        437.21136363636356,
        436.27045454545447,
        436.3863636363636,
        438.42499999999995,
        437.3068181818181,
        437.98863636363626,
        437.4295454545454,
        438.30227272727274,
        438.24090909090904,
        438.5886363636362,
        437.4227272727272,
        437.37499999999994,
        437.52499999999986,
        438.29545454545445,
        432.8613636363636,
        434.8727272727272,
        436.0727272727272,
        437.2522727272726,
        437.5727272727272,
        437.23863636363626,
        438.4863636363636,
        438.62272727272716,
        438.26136363636357,
        436.90454545454537,
        437.231818181818,
        437.36818181818177,
        438.5545454545454,
        437.19090909090903,
        437.10909090909087,
        438.11818181818177,
        434.9545454545454
      ],
      "median": [
        434.75,
        435.425,
        436.54999999999995,
        437.0,
        437.375,
        437.9,
        438.2,
        438.2,
        438.2,
        438.2,
        438.2,
        438.2,
        438.2,
        438.2,
        438.2,
        438.2,
        438.2,
        438.35,
        438.35,
        438.35,
        438.35,
        438.35,
        438.35,
        438.35,
        438.35,
        438.35,
        438.35,
        438.35,
        438.35,
        438.35,
        438.35,
        438.65,
        438.65,
        438.65,
        438.65,
        438.65,
        438.65,
        438.65,
        438.65,
        438.65,
        438.65,
        438.65,
        438.65,
        438.65,
        438.65,
        438.65,
        438.65,
        438.65,
        438.65,
        438.65,
        438.65,
        438.65,
        438.65,
        438.65,
        438.65,
        438.65,
        438.65,
        438.65,
        438.65,
        438.65,
        438.65,
        438.65,
        438.65,
        438.65,
        438.65,
        438.65,
        438.425,
        438.65,
        438.65,
        438.65,
        438.65,
        438.65,
        438.65,
        438.65,
        438.65,
        438.65,
        438.65,
        438.65,
        438.65,
        438.65,
        438.65,
        438.65,
        438.65,
        438.65,
        438.35,
        438.65,
        438.65,
        438.65,
        438.65,
        438.65,
        438.65,
        438.65,
        438.65,
        438.65,
        438.65,
        438.65,
        438.65,
        438.65,
        438.65,
        438.65,
        438.65
      ]
    }
  },
  "per_generation": [
    {
      "gen": 0.0,
      "best": 437.9,
      "mean": 427.6999999999999,
      "median": 434.75
    },
    {
      "gen": 1.0,