{
  "algo": "generic",
  "hparams": {
    "generations": 100,
    "popsize": 22,
    "fix_last_gene": true,
    "seed": 707,
    "verbosity": 1,
    "log_every": 1,
    "evals_cap": 10000,
    "cxpb": 0.28288238731238907,
    "mutpb": 0.382482644072911,
    "mutation_rate": 0.12739397713170963
  },
  "metrics": {
    "best_final": 438.65,
    "auc_best": 43850.60000000008,
    "auc_best_norm": 438.50600000000077,
    "runtime_sec": 43.94259715080261,
    "evals_total": 1227,
    "budget_triggered": false,
    "stop_reason": "None"
  },
  "diagnostics": {
    "best": {
      "start": 436.55,
      "end": 438.65,
      "delta_abs": 2.099999999999966,
      "delta_rel": 0.004810445538884356,
      "max_val": 438.65,
      "argmax": 18,
      "auc_raw": 43850.60000000008,
      "auc_norm": 438.50600000000077
    },
    "mean": {
      "start": 427.7886363636363,
      "end": 437.14999999999986,
      "delta_abs": 9.361363636363592,
      "delta_rel": 0.021883151726372844,
      "max_val": 438.52727272727265,
      "argmax": 40,
      "auc_raw": 43696.90113636365,
      "auc_norm": 436.9690113636365
    },
    "median": {
      "start": 434.29999999999995,
      "end": 438.65,
      "delta_abs": 4.350000000000023,
      "delta_rel": 0.010016117890858907,
      "max_val": 438.65,
      "argmax": 22,
      "auc_raw": 43837.47500000008,
      "auc_norm": 438.3747500000008
    }
  },
  "genomes": {
    "best_genome": [
      0,
      0,
      0,
      0,
      0,
      0,
      1,
      1,
      1,
      1,
      1,
      0,
      1,
      1,
      0,
      0,
      0,
      0,
      0,
      0,
      0,
      0,
      0,
      0,
      0,
      0,
      0,
      0,
      0,
      0,
      0,
      0,
      1
    ],
    "all_best_genomes": null
  },
  "raw": {
    "curves": {
      "best": [
        436.55,
        436.55,
        436.85,
        436.85,
        436.85,
        436.85,
        437.9,
        437.9,
        437.9,
        438.05,
        438.5,
        438.5,
        438.5,
        438.5,
        438.5,
        438.5,
        438.5,
        438.5,
        438.65,
        438.65,
        438.65,
        438.65,
        438.65,
        438.65,
        438.65,
        438.65,
        438.65,
        438.65,
        438.65,
        438.65,
        438.65,
        438.65,
        438.65,
        438.65,
        438.65,
        438.65,
        438.65,
        438.65,
        438.65,
        438.65,
        438.65,
        438.65,
        438.65,
        438.65,
        438.65,
        438.65,
        438.65,
        438.65,
        438.65,
        438.65,
        438.65,
        438.65,
        438.65,
        438.65,
        438.65,
        438.65,
        438.65,
        438.65,
        438.65,
        438.65,
        438.65,
        438.65,
        438.65,
        438.65,
        438.65,
        438.65,
        438.65,
        438.65,
        438.65,
        438.65,
        438.65,
        438.65,
        438.65,
        438.65,
        438.65,
        438.65,
        438.65,
        438.65,
        438.65,
        438.65,
        438.65,
        438.65,
        438.65,
        438.65,
        438.65,
        438.65,
        438.65,
        438.65,
        438.65,
        438.65,
        438.65,
        438.65,
        438.65,
        438.65,
        438.65,
        438.65,
        438.65,
        438.65,
        438.65,
        438.65,
        438.65
      ],
      "mean": [
        427.7886363636363,
        433.22272727272735,
        432.89545454545447,
        434.06136363636364,
        434.334090909091,
        435.41136363636366,
        436.85681818181826,
        436.76818181818186,
        436.9318181818182,
        437.36818181818177,
        436.49545454545455,
        436.665909090909,
        436.81590909090903,
        438.1795454545454,
        438.22727272727275,
        438.1318181818182,
        436.05909090909097,
        438.3431818181818,
        436.13409090909096,
        436.2431818181818,
        437.3068181818182,
        438.41136363636366,
        438.44545454545454,
        435.0568181818182,
        436.99318181818177,
        438.29545454545456,
        437.38863636363624,
        438.20681818181816,
        438.0704545454544,
        437.3477272727272,
        436.0931818181817,
        437.29999999999995,
        437.15,
        437.17045454545456,
        438.13863636363635,
        437.0545454545454,
        436.35227272727275,
        437.4363636363636,
        436.12727272727267,
        438.31590909090903,
        438.52727272727265,
        437.2727272727272,
        437.31363636363636,
        436.1545454545454,
        436.09999999999997,
        437.3204545454546,
        436.95909090909083,
        437.0886363636362,
        437.19090909090914,
        437.23181818181814,
        438.22727272727263,
        435.20681818181805,
        438.3295454545454,
        438.06363636363636,
        438.36363636363626,
        438.38409090909084,
        431.61363636363626,
        434.85227272727263,
        437.0749999999999,
        438.29545454545445,
        435.14545454545447,
        437.27954545454537,
        438.3431818181818,
        437.13636363636357,
        438.3977272727272,
        438.30227272727274,
        438.31590909090903,
        438.52045454545447,
        436.33863636363634,
        437.2727272727272,
        438.45909090909083,
        436.290909090909,
        437.08181818181816,
        436.1477272727272,
        438.29545454545456,
        436.1613636363636,
        438.35681818181814,
        437.3,
        437.3545454545454,
        437.15,
        437.25227272727267,
        436.1954545454544,
        435.1454545454544,
        436.3386363636364,
        438.22045454545446,
        436.20909090909095,
        436.215909090909,
        436.20227272727266,
        438.22045454545446,
        437.29318181818167,
        437.3477272727272,
        437.45681818181816,
        436.33181818181816,
        438.4181818181818,
        438.3772727272726,
        434.13636363636357,
        438.2886363636362,
        438.29545454545456,
        438.2886363636364,
        437.17045454545456,
        437.14999999999986
      ],
      "median": [
        434.29999999999995,
        435.125,
        436.25,
        436.325,
        436.55,
        436.85,
        436.85,
        436.85,
        437.075,
        437.29999999999995,
        437.675,
        437.9,
        437.9,
        438.5,
        438.5,
        438.5,
        438.5,
        438.5,
        438.5,
        438.5,
        438.5,
        438.5,
        438.65,
        438.65,
        438.575,
        438.575,
        438.65,
        438.65,
        438.65,
        438.65,
        438.65,
        438.65,
        438.65,
        438.575,
        438.35,
        438.575,
        438.65,
        438.65,
        438.65,
        438.65,
        438.65,
        438.65,
        438.65,
        438.5,
        438.65,
        438.65,
        438.65,
        438.125,
        438.65,
        438.65,
        438.65,
        438.65,
        438.65,
        438.65,
        438.65,
        438.65,
        438.125,
        437.9,
        438.65,
        438.65,
        438.65,
        438.65,
        438.65,
        438.65,
        438.65,
        438.65,
        438.65,
        438.65,
        438.65,
        438.65,
        438.65,
        438.65,
        438.65,
        438.65,
        438.65,
        438.65,
        438.65,
        438.65,
        438.65,
        438.65,
        438.65,
        438.65,
        438.65,
        438.65,
        438.35,
        438.65,
        438.65,
        438.65,
        438.65,
        438.65,
        438.65,
        438.65,
        438.65,
        438.65,
        438.65,
        438.65,
        438.65,
        438.65,
        438.65,
        438.65,
        438.65
      ]
    }
  },
  "per_generation": [
    {
      "gen": 0.0,
      "best": 436.55,
      "mean": 427.7886363636363,