{
  "algo": "generic",
  "hparams": {
    "generations": 100,
    "popsize": 22,
    "fix_last_gene": true,
    "seed": 909,
    "verbosity": 1,
    "log_every": 1,
    "evals_cap": 10000,
    "cxpb": 0.6674402774240402,
    "mutpb": 0.489514437403882,
    "mutation_rate": 0.16697441830950413
  },
  "metrics": {
    "best_final": 438.65,
    "auc_best": 43855.02500000008,
    "auc_best_norm": 438.5502500000008,
    "runtime_sec": 68.66174173355103,
    "evals_total": 1831,
    "budget_triggered": false,
    "stop_reason": "None"
  },
  "diagnostics": {
    "best": {
      "start": 436.7,
      "end": 438.65,
      "delta_abs": 1.9499999999999886,
      "delta_rel": 0.004465307991756329,
      "max_val": 438.65,
      "argmax": 14,
      "auc_raw": 43855.02500000008,
      "auc_norm": 438.5502500000008
    },
    "mean": {
      "start": 422.63409090909084,
      "end": 434.79090909090905,
      "delta_abs": 12.15681818181821,
      "delta_rel": 0.02876440505702877,
      "max_val": 438.47272727272724,
      "argmax": 67,
      "auc_raw": 43582.737499999996,
      "auc_norm": 435.82737499999996
    },
    "median": {
      "start": 413.75,
      "end": 438.2,
      "delta_abs": 24.44999999999999,
      "delta_rel": 0.05909365558912384,
      "max_val": 438.65,
      "argmax": 18,
      "auc_raw": 43808.225000000006,
      "auc_norm": 438.08225000000004
    }
  },
  "genomes": {
    "best_genome": [
      1,
      0,
      1,
      1,
      1,
      0,
      0,
      1,
      0,
      0,
      0,
      1,
      1,
      1,
      0,
      0,
      0,
      0,
      0,
      0,
      0,
      0,
      0,
      0,
      0,
      0,
      0,
      0,
      0,
      0,
      0,
      0,
      1
    ],
    "all_best_genomes": null
  },
  "raw": {
    "curves": {
      "best": [
        436.7,
        436.7,
        437.45,
        437.75,
        437.75,
        437.9,
        438.05,
        438.05,
        438.05,
        438.35,
        438.35,
        438.35,
        438.35,
        438.35,
        438.65,
        438.65,
        438.65,
        438.65,
        438.65,
        438.65,
        438.65,
        438.65,
        438.65,
        438.65,
        438.65,
        438.65,
        438.65,
        438.65,
        438.65,
        438.65,
        438.65,
        438.65,
        438.65,
        438.65,
        438.65,
        438.65,
        438.65,
        438.65,
        438.65,
        438.65,
        438.65,
        438.65,
        438.65,
        438.65,
        438.65,
        438.65,
        438.65,
        438.65,
        438.65,
        438.65,
        438.65,
        438.65,
        438.65,
        438.65,
        438.65,
        438.65,
        438.65,
        438.65,
        438.65,
        438.65,
        438.65,
        438.65,
        438.65,
        438.65,
        438.65,
        438.65,
        438.65,
        438.65,
        438.65,
        438.65,
        438.65,
        438.65,
        438.65,
        438.65,
        438.65,
        438.65,
        438.65,
        438.65,
        438.65,
        438.65,
        438.65,
        438.65,
        438.65,
        438.65,
        438.65,
        438.65,
        438.65,
        438.65,
        438.65,
        438.65,
        438.65,
        438.65,
        438.65,
        438.65,
        438.65,
        438.65,
        438.65,
        438.65,
        438.65,
        438.65,
        438.65
      ],
      "mean": [
        422.63409090909084,
        431.29999999999995,
        434.92045454545445,
        433.4613636363637,
        433.80909090909097,
        436.0318181818182,
        437.45681818181816,
        434.04772727272723,
        436.3386363636364,
        435.07045454545454,
        435.38409090909084,
        436.5704545454546,
        437.70909090909095,
        435.61590909090916,
        436.7886363636364,
        434.5863636363637,
        436.90454545454537,
        433.6863636363636,
        438.0977272727272,
        434.9136363636363,
        437.04090909090905,
        437.08181818181805,
        434.83863636363634,
        433.50227272727267,
        433.63863636363635,
        438.04999999999995,
        432.54090909090905,
        435.990909090909,
        434.5522727272726,
        438.1931818181818,
        434.715909090909,
        435.7727272727272,
        437.4499999999999,
        435.96363636363634,
        437.49090909090904,
        436.78181818181815,
        433.62500000000006,
        437.85909090909087,
        437.90681818181815,
        434.6613636363636,
        436.67272727272723,
        437.24545454545455,
        437.02045454545447,
        433.9113636363636,
        435.82045454545454,
        438.06363636363636,
        436.87727272727267,
        435.7727272727272,
        435.990909090909,
        437.11590909090904,
        434.8727272727272,
        435.69090909090914,
        433.7340909090908,
        437.92727272727274,
        434.90000000000003,
        434.8795454545454,
        436.1954545454544,
        435.75227272727267,
        435.92272727272723,
        436.11363636363626,
        438.0295454545454,
        436.80227272727274,
        437.98181818181814,
        435.6227272727272,
        438.0295454545454,
        434.7840909090908,
        435.915909090909,
        438.47272727272724,
        436.90454545454537,
        438.06363636363636,
        436.04545454545445,
        436.06590909090903,
        435.79999999999995,
        436.99999999999994,
        436.9727272727272,
        435.07727272727266,
        437.10227272727263,
        434.865909090909,
        431.55909090909086,
        434.63409090909084,
        433.4613636363637,
        437.7295454545454,
        437.03409090909093,
        433.73409090909087,
        438.34999999999997,
        434.70909090909083,
        437.83181818181816,
        438.33636363636356,
        437.17045454545456,
        436.5772727272726,
        432.275,
        435.79999999999995,
        434.85227272727275,
        436.04545454545456,
        437.0681818181818,
        432.4318181818182,
        434.78409090909093,
        437.83181818181816,
        437.9,
        433.5431818181818,
        434.79090909090905
      ],
      "median": [
        413.75,
        435.575,
        435.95,
        436.475,
        436.85,
        437.45,
        437.6,
        437.675,
        437.675,
        437.45,
        437.75,
        438.05,
        438.20000000000005,
        438.275,
        438.35,
        438.35,
        438.35,
        438.125,
        438.65,
        438.65,
        438.5,
        438.65,
        438.2,
        437.675,
        438.35,
        438.575,
        437.75,
        437.975,
        437.82500000000005,
        438.65,
        437.975,
        438.20000000000005,
        438.65,
        438.42499999999995,
        438.125,
        437.75,
        437.675,
        438.5,
        438.65,
        437.9,
        438.125,
        438.575,
        438.5,
        438.5,
        438.35,
        438.65,
        438.5,
        438.65,
        438.65,
        438.425,
        438.2,
        438.425,
        438.04999999999995,
        438.35,
        438.5,
        438.65,
        438.65,
        438.275,
        438.65,
        438.65,
        438.2,
        438.65,
        438.575,
        437.825,
        438.65,
        438.5,
        438.575,
        438.65,
        438.5,
        438.65,
        438.65,
        438.65,
        438.65,
        438.35,
        438.575,
        438.65,
        438.65,
        438.275,
        437.825,
        437.975,
        437.825,
        438.5,
        438.65,
        438.125,
        438.65,
        438.5,
        438.65,
        438.65,
        438.65,
        437.9,
        437.075,
        437.67499999999995,
        438.35,
        438.35,
        438.5,
        437.6,
        437.9,
        438.20000000000005,
        438.5,
        438.2,
        438.2
      ]
    }
  },
  "per_generation": [
    {
      "gen": 0.0,