{
  "algo": "generic",
  "hparams": {
    "generations": 100,
    "popsize": 22,
    "fix_last_gene": true,
    "seed": 202,
    "verbosity": 1,
    "log_every": 1,
    "evals_cap": 10000,
    "cxpb": 0.16138697197823584,
    "mutpb": 0.46032168931701456,
    "mutation_rate": 0.056058662270023055
  },
  "metrics": {
    "best_final": 438.65,
    "auc_best": 43845.725000000086,
    "auc_best_norm": 438.45725000000084,
    "runtime_sec": 45.19873833656311,
    "evals_total": 1235,
    "budget_triggered": false,
    "stop_reason": "None"
  },
  "diagnostics": {
    "best": {
      "start": 436.7,
      "end": 438.65,
      "delta_abs": 1.9499999999999886,
      "delta_rel": 0.004465307991756329,
      "max_val": 438.65,
      "argmax": 27,
      "auc_raw": 43845.725000000086,
      "auc_norm": 438.45725000000084
    },
    "mean": {
      "start": 422.29999999999995,
      "end": 438.5204545454544,
      "delta_abs": 16.22045454545446,
      "delta_rel": 0.0384097905409767,
      "max_val": 438.5749999999999,
      "argmax": 77,
      "auc_raw": 43758.217045454534,
      "auc_norm": 437.58217045454535
    },
    "median": {
      "start": 413.0,
      "end": 438.65,
      "delta_abs": 25.649999999999977,
      "delta_rel": 0.062106537530266286,
      "max_val": 438.65,
      "argmax": 29,
      "auc_raw": 43826.675000000076,
      "auc_norm": 438.26675000000074
    }
  },
  "genomes": {
    "best_genome": [
      0,
      1,
      0,
      0,
      0,
      1,
      1,
      1,
      1,
      0,
      0,
      1,
      1,
      0,
      0,
      0,
      0,
      0,
      0,
      0,
      0,
      0,
      0,
      0,
      0,
      0,
      0,
      0,
      0,
      0,
      0,
      0,
      1
    ],
    "all_best_genomes": null
  },
  "raw": {
    "curves": {
      "best": [
        436.7,
        436.7,
        436.7,
        436.85,
        437.0,
        437.15,
        437.15,
        437.9,
        437.9,
        437.9,
        438.2,
        438.2,
        438.2,
        438.2,
        438.35,
        438.35,
        438.35,
        438.35,
        438.35,
        438.35,
        438.35,
        438.35,
        438.35,
        438.35,
        438.35,
        438.35,
        438.35,
        438.65,
        438.65,
        438.65,
        438.65,
        438.65,
        438.65,
        438.65,
        438.65,
        438.65,
        438.65,
        438.65,
        438.65,
        438.65,
        438.65,
        438.65,
        438.65,
        438.65,
        438.65,
        438.65,
        438.65,
        438.65,
        438.65,
        438.65,
        438.65,
        438.65,
        438.65,
        438.65,
        438.65,
        438.65,
        438.65,
        438.65,
        438.65,
        438.65,
        438.65,
        438.65,
        438.65,
        438.65,
        438.65,
        438.65,
        438.65,
        438.65,
        438.65,
        438.65,
        438.65,
        438.65,
        438.65,
        438.65,
        438.65,
        438.65,
        438.65,
        438.65,
        438.65,
        438.65,
        438.65,
        438.65,
        438.65,
        438.65,
        438.65,
        438.65,
        438.65,
        438.65,
        438.65,
        438.65,
        438.65,
        438.65,
        438.65,
        438.65,
        438.65,
        438.65,
        438.65,
        438.65,
        438.65,
        438.65,
        438.65
      ],
      "mean": [
        422.29999999999995,
        433.12045454545455,
        435.95,
        435.5136363636365,
        433.4818181818182,
        436.55,
        436.9113636363636,
        437.10227272727275,
        436.1818181818182,
        436.6045454545454,
        436.6795454545454,
        437.8113636363636,
        436.925,
        438.05681818181824,
        436.8772727272728,
        438.04318181818184,
        438.10454545454553,
        438.24090909090916,
        438.0022727272728,
        438.25454545454556,
        438.15227272727276,
        438.16590909090917,
        437.09545454545463,
        437.0204545454546,
        438.17272727272723,
        436.12727272727284,
        438.1795454545456,
        436.99318181818194,
        438.15227272727276,
        438.51363636363635,
        437.44318181818176,
        437.5045454545454,
        437.40909090909093,
        438.43863636363625,
        438.33636363636356,
        437.4840909090908,
        437.490909090909,
        435.30227272727274,
        437.35454545454536,
        437.45681818181805,
        437.23181818181814,
        438.4045454545454,
        438.38409090909084,
        438.49999999999994,
        438.4454545454544,
        438.465909090909,
        436.29772727272734,
        437.31363636363636,
        438.51363636363635,
        438.3977272727272,
        438.49999999999994,
        437.39545454545447,
        437.47045454545446,
        438.4113636363636,
        438.3636363636364,
        438.52045454545447,
        438.26136363636357,
        437.49772727272716,
        438.51363636363624,
        438.5340909090908,
        437.35454545454536,
        437.28636363636355,
        438.390909090909,
        437.4227272727272,
        437.33409090909083,
        438.31590909090914,
        438.540909090909,
        437.4363636363636,
        438.40454545454537,
        437.36818181818177,
        437.32045454545454,
        437.39545454545447,
        438.43863636363625,
        437.4363636363636,
        438.5204545454544,
        438.4181818181818,
        437.44318181818176,
        438.5749999999999,
        438.4454545454544,
        438.56818181818176,
        437.25227272727267,
        438.45227272727277,
        437.32045454545454,
        438.40454545454537,
        438.42499999999995,
        437.51136363636357,
        438.4318181818181,
        438.2886363636363,
        437.5045454545454,
        438.2477272727272,
        437.4977272727272,
        437.52499999999986,
        438.540909090909,
        438.5545454545454,
        438.56818181818176,
        437.38181818181806,
        437.40227272727265,
        438.5477272727272,
        438.50681818181806,
        436.39999999999986,
        438.5204545454544
      ],
      "median": [
        413.0,
        434.9,
        435.875,
        436.7,
        436.7,
        436.7,
        437.0,
        437.15,
        437.225,
        437.825,
        437.9,
        437.9,
        438.05,
        438.2,
        438.2,
        438.2,
        438.2,
        438.35,
        438.35,
        438.35,
        438.35,
        438.35,
        438.35,
        438.35,
        438.35,
        438.35,
        438.35,
        438.35,
        438.35,
        438.65,
        438.65,
        438.65,
        438.65,
        438.65,
        438.65,
        438.65,
        438.65,
        438.65,
        438.65,
        438.65,
        438.65,
        438.65,
        438.65,
        438.65,
        438.65,
        438.65,
        438.65,
        438.65,
        438.65,
        438.65,
        438.65,
        438.65,
        438.65,
        438.65,
        438.65,
        438.65,
        438.575,
        438.65,
        438.65,
        438.65,
        438.65,
        438.65,
        438.65,
        438.65,
        438.65,
        438.65,
        438.65,
        438.65,
        438.65,
        438.65,
        438.65,
        438.65,
        438.65,
        438.65,
        438.65,
        438.65,
        438.65,
        438.65,
        438.65,
        438.65,
        438.65,
        438.65,
        438.65,
        438.65,
        438.65,
        438.65,
        438.65,
        438.65,
        438.65,
        438.5,
        438.65,
        438.65,
        438.65,
        438.65,
        438.65,
        438.65,
        438.65,
        438.65,
        438.65,
        438.65,
        438.65
      ]
    }
  },
  "per_generation": [
    {
      "gen": 0.0,
      "best": 436.7,
      "mean": 422.29999999999995,
      "median": 413.0
    },
    {
      "gen": 1.0,