{
  "algo": "generic",
  "hparams": {
    "generations": 100,
    "popsize": 22,
    "fix_last_gene": true,
    "seed": 101,
    "verbosity": 1,
    "log_every": 1,
    "evals_cap": 10000,
    "cxpb": 0.9379686795857813,
    "mutpb": 0.3336221852353528,
    "mutation_rate": 0.10846732029884788
  },
  "metrics": {
    "best_final": 438.65,
    "auc_best": 43851.27500000009,
    "auc_best_norm": 438.5127500000009,
    "runtime_sec": 101.0500123500824,
    "evals_total": 2110,
    "budget_triggered": false,
    "stop_reason": "None"
  },
  "diagnostics": {
    "best": {
      "start": 436.7,
      "end": 438.65,
      "delta_abs": 1.9499999999999886,
      "delta_rel": 0.004465307991756329,
      "max_val": 438.65,
      "argmax": 23,
      "auc_raw": 43851.27500000009,
      "auc_norm": 438.5127500000009
    },
    "mean": {
      "start": 420.5,
      "end": 435.0227272727272,
      "delta_abs": 14.522727272727195,
      "delta_rel": 0.03453680683169369,
      "max_val": 438.58181818181805,
      "argmax": 85,
      "auc_raw": 43720.59090909088,
      "auc_norm": 437.20590909090885
    },
    "median": {
      "start": 413.15,
      "end": 438.65,
      "delta_abs": 25.5,
      "delta_rel": 0.06172092460365485,
      "max_val": 438.65,
      "argmax": 26,
      "auc_raw": 43832.15000000009,
      "auc_norm": 438.32150000000087
    }
  },
  "genomes": {
    "best_genome": [
      0,
      0,
      1,
      0,
      0,
      1,
      1,
      0,
      0,
      1,
      1,
      0,
      1,
      1,
      0,
      0,
      0,
      0,
      0,
      0,
      0,
      0,
      0,
      0,
      0,
      0,
      0,
      0,
      0,
      0,
      0,
      0,
      1
    ],
    "all_best_genomes": null
  },
  "raw": {
    "curves": {
      "best": [
        436.7,
        436.85,
        437.15,
        437.3,
        437.3,
        438.05,
        438.05,
        438.05,
        438.05,
        438.05,
        438.35,
        438.35,
        438.35,
        438.35,
        438.35,
        438.35,
        438.35,
        438.35,
        438.35,
        438.35,
        438.35,
        438.35,
        438.5,
        438.65,
        438.65,
        438.65,
        438.65,
        438.65,
        438.65,
        438.65,
        438.65,
        438.65,
        438.65,
        438.65,
        438.65,
        438.65,
        438.65,
        438.65,
        438.65,
        438.65,
        438.65,
        438.65,
        438.65,
        438.65,
        438.65,
        438.65,
        438.65,
        438.65,
        438.65,
        438.65,
        438.65,
        438.65,
        438.65,
        438.65,
        438.65,
        438.65,
        438.65,
        438.65,
        438.65,
        438.65,
        438.65,
        438.65,
        438.65,
        438.65,
        438.65,
        438.65,
        438.65,
        438.65,
        438.65,
        438.65,
        438.65,
        438.65,
        438.65,
        438.65,
        438.65,
        438.65,
        438.65,
        438.65,
        438.65,
        438.65,
        438.65,
        438.65,
        438.65,
        438.65,
        438.65,
        438.65,
        438.65,
        438.65,
        438.65,
        438.65,
        438.65,
        438.65,
        438.65,
        438.65,
        438.65,
        438.65,
        438.65,
        438.65,
        438.65,
        438.65,
        438.65
      ],
      "mean": [
        420.5,
        433.4613636363637,
        436.0863636363636,
        436.4272727272728,
        436.7204545454546,
        437.0886363636362,
        437.48409090909087,
        435.5613636363636,
        437.6818181818182,
        436.83636363636356,
        437.93409090909086,
        437.94090909090903,
        433.74090909090904,
        435.9977272727272,
        435.88181818181823,
        436.80909090909086,
        435.9159090909092,
        437.09545454545463,
        434.93409090909086,
        438.21363636363645,
        437.07500000000005,
        438.2818181818183,
        436.0659090909092,
        438.24772727272733,
        438.34999999999997,
        438.1795454545454,
        438.45909090909083,
        436.0590909090908,
        438.3295454545454,
        437.2931818181818,
        436.3113636363636,
        438.22045454545446,
        436.325,
        437.37499999999994,
        436.17499999999995,
        437.5045454545454,
        437.1295454545453,
        438.390909090909,
        438.3431818181817,
        438.5749999999999,
        438.5204545454544,
        436.34545454545446,
        438.41136363636355,
        437.26590909090896,
        437.2386363636364,
        438.42499999999995,
        437.415909090909,
        438.4318181818181,
        438.35681818181814,
        435.11818181818177,
        437.1772727272726,
        436.99999999999994,
        438.4318181818182,
        436.33181818181805,
        437.4636363636362,
        437.40227272727265,
        438.5477272727272,
        438.3977272727272,
        437.3,
        438.49318181818177,
        437.31363636363636,
        436.34545454545446,
        437.4977272727272,
        438.5545454545454,
        438.29545454545445,
        436.25681818181806,
        438.4522727272726,
        438.47954545454536,
        437.22499999999997,
        437.38181818181806,
        435.315909090909,
        438.4113636363636,
        435.22727272727263,
        437.29318181818184,
        437.34772727272724,
        436.3386363636362,
        438.33636363636356,
        438.4727272727272,
        437.3954545454544,
        437.17727272727274,
        436.0795454545454,
        438.4454545454544,
        438.4863636363636,
        438.5545454545454,
        438.44545454545454,
        438.58181818181805,
        437.3613636363636,
        436.99999999999994,
        434.1090909090908,
        437.5045454545454,
        437.33409090909083,
        438.42499999999995,
        437.415909090909,
        437.3613636363636,
        438.37045454545455,
        437.2795454545454,
        438.4045454545454,
        436.3454545454546,
        437.38181818181806,
        438.24772727272733,
        435.0227272727272
      ],
      "median": [
        413.15,
        435.42499999999995,
        436.175,
        436.55,
        436.85,
        437.225,
        437.6,
        437.975,
        438.05,
        438.05,
        438.05,
        438.05,
        438.05,
        438.05,
        438.05,
        438.275,
        438.35,
        438.35,
        438.35,
        438.35,
        438.35,
        438.35,
        438.35,
        438.35,
        438.425,
        438.5,
        438.65,
        438.65,
        438.65,
        438.65,
        438.65,
        438.65,
        438.65,
        438.65,
        438.65,
        438.65,
        438.65,
        438.65,
        438.65,
        438.65,
        438.65,
        438.65,
        438.65,
        438.65,
        438.65,
        438.65,
        438.65,
        438.65,
        438.65,
        438.65,
        438.65,
        438.65,
        438.65,
        438.65,
        438.65,
        438.65,
        438.65,
        438.65,
        438.65,
        438.65,
        438.65,
        438.65,
        438.65,
        438.65,
        438.65,
        438.65,
        438.65,
        438.65,
        438.65,
        438.65,
        438.65,
        438.65,
        438.65,
        438.65,
        438.65,
        438.65,
        438.65,
        438.65,
        438.65,
        438.65,
        438.65,
        438.65,
        438.65,
        438.65,
        438.65,
        438.65,
        438.65,
        438.65,
        438.65,
        438.65,
        438.65,
        438.65,
        438.65,
        438.65,
        438.65,
        438.65,
        438.65,
        438.65,
        438.65,
        438.65,
        438.65
      ]
    }
  },
  "per_generation": [
    {
      "gen": 0.0,
      "best": 436.7,
      "mean": 420.5,
      "median": 413.15
    },
    {
      "gen": 1.0,
      "best": 436.85,