{
  "algo": "generic",
  "hparams": {
    "generations": 100,
    "popsize": 22,
    "fix_last_gene": true,
    "seed": 303,
    "verbosity": 1,
    "log_every": 1,
    "evals_cap": 10000,
    "cxpb": 0.18721590725596188,
    "mutpb": 0.3044361653285918,
    "mutation_rate": 0.09763447424124129
  },
  "metrics": {
    "best_final": 438.65,
    "auc_best": 43853.75000000009,
    "auc_best_norm": 438.5375000000009,
    "runtime_sec": 34.35174107551575,
    "evals_total": 970,
    "budget_triggered": false,
    "stop_reason": "None"
  },
  "diagnostics": {
    "best": {
      "start": 436.55,
      "end": 438.65,
      "delta_abs": 2.099999999999966,
      "delta_rel": 0.004810445538884356,
      "max_val": 438.65,
      "argmax": 26,
      "auc_raw": 43853.75000000009,
      "auc_norm": 438.5375000000009
    },
    "mean": {
      "start": 426.45227272727266,
      "end": 437.4499999999999,
      "delta_abs": 10.997727272727218,
      "delta_rel": 0.025788881842260813,
      "max_val": 438.615909090909,
      "argmax": 40,
      "auc_raw": 43754.36477272728,
      "auc_norm": 437.54364772727274
    },
    "median": {
      "start": 433.85,
      "end": 438.65,
      "delta_abs": 4.7999999999999545,
      "delta_rel": 0.01106373170450606,
      "max_val": 438.65,
      "argmax": 29,
      "auc_raw": 43844.00000000009,
      "auc_norm": 438.44000000000085
    }
  },
  "genomes": {
    "best_genome": [
      0,
      0,
      0,
      0,
      1,
      0,
      1,
      0,
      0,
      0,
      1,
      0,
      1,
      1,
      1,
      0,
      0,
      0,
      0,
      0,
      0,
      0,
      0,
      0,
      0,
      0,
      0,
      0,
      0,
      0,
      0,
      0,
      1
    ],
    "all_best_genomes": null
  },
  "raw": {
    "curves": {
      "best": [
        436.55,
        436.55,
        436.55,
        437.45,
        438.2,
        438.2,
        438.2,
        438.2,
        438.2,
        438.5,
        438.5,
        438.5,
        438.5,
        438.5,
        438.5,
        438.5,
        438.5,
        438.5,
        438.5,
        438.5,
        438.5,
        438.5,
        438.5,
        438.5,
        438.5,
        438.5,
        438.65,
        438.65,
        438.65,
        438.65,
        438.65,
        438.65,
        438.65,
        438.65,
        438.65,
        438.65,
        438.65,
        438.65,
        438.65,
        438.65,
        438.65,
        438.65,
        438.65,
        438.65,
        438.65,
        438.65,
        438.65,
        438.65,
        438.65,
        438.65,
        438.65,
        438.65,
        438.65,
        438.65,
        438.65,
        438.65,
        438.65,
        438.65,
        438.65,
        438.65,
        438.65,
        438.65,
        438.65,
        438.65,
        438.65,
        438.65,
        438.65,
        438.65,
        438.65,
        438.65,
        438.65,
        438.65,
        438.65,
        438.65,
        438.65,
        438.65,
        438.65,
        438.65,
        438.65,
        438.65,
        438.65,
        438.65,
        438.65,
        438.65,
        438.65,
        438.65,
        438.65,
        438.65,
        438.65,
        438.65,
        438.65,
        438.65,
        438.65,
        438.65,
        438.65,
        438.65,
        438.65,
        438.65,
        438.65,
        438.65,
        438.65
      ],
      "mean": [
        426.45227272727266,
        431.9136363636364,
        435.87499999999994,
        436.3113636363636,
        436.44090909090903,
        436.08636363636356,
        437.60681818181826,
        437.7363636363636,
        436.98636363636365,
        437.9272727272728,
        437.97500000000014,
        435.89545454545447,
        436.9659090909092,
        438.24772727272733,
        437.0818181818182,
        438.39090909090913,
        437.29318181818184,
        438.47272727272724,
        438.3636363636364,
        437.34090909090907,
        438.1318181818182,
        438.39090909090913,
        438.3363636363636,
        438.22727272727275,
        438.30909090909086,
        438.3636363636364,
        438.2136363636364,
        438.2204545454546,
        437.21136363636356,
        438.47954545454536,
        437.3477272727272,
        438.4045454545454,
        436.12727272727267,
        438.465909090909,
        438.50681818181806,
        438.47954545454536,
        438.37045454545455,
        437.3818181818182,
        436.31818181818176,
        438.31590909090903,
        438.615909090909,
        438.59545454545446,
        436.20909090909083,
        438.42499999999995,
        436.19545454545454,
        438.5340909090908,
        438.58181818181805,
        437.36818181818177,
        438.43863636363625,
        438.51363636363635,
        437.18409090909086,
        436.35227272727263,
        437.265909090909,
        436.40681818181804,
        438.42499999999995,
        438.4113636363636,
        438.4727272727272,
        438.4795454545454,
        437.36818181818177,
        438.42499999999995,
        434.2386363636364,
        437.31363636363636,
        437.27954545454537,
        438.4318181818181,
        437.31363636363625,
        437.39545454545447,
        437.38863636363624,
        436.1818181818181,
        438.45227272727266,
        438.4318181818181,
        438.52045454545447,
        437.52499999999986,
        438.540909090909,
        437.39545454545447,
        437.4090909090908,
        437.38181818181806,
        436.38636363636357,
        437.29999999999995,
        437.3340909090908,
        437.51136363636357,
        437.45681818181805,
        438.390909090909,
        438.3636363636362,
        438.43863636363625,
        437.43636363636364,
        437.4704545454544,
        436.27045454545447,
        438.54772727272723,
        437.21136363636356,
        438.11818181818177,
        437.4295454545454,
        437.51818181818174,
        438.29545454545445,
        438.45227272727266,
        438.5613636363636,
        437.45681818181805,
        437.3204545454544,
        437.4295454545454,
        438.465909090909,
        437.265909090909,
        437.4499999999999
      ],
      "median": [
        433.85,
        434.825,
        436.25,
        436.55,
        436.55,
        437.225,
        437.525,
        437.975,
        438.2,
        438.2,
        438.2,
        438.2,
        438.2,
        438.2,
        438.5,
        438.5,
        438.5,
        438.5,
        438.5,
        438.5,
        438.5,
        438.5,
        438.5,
        438.5,
        438.5,
        438.5,
        438.5,
        438.5,
        438.5,
        438.65,
        438.65,
        438.65,
        438.65,
        438.65,
        438.65,
        438.65,
        438.65,
        438.65,
        438.65,
        438.65,
        438.65,
        438.65,
        438.65,
        438.65,
        438.65,
        438.65,
        438.65,
        438.65,
        438.65,
        438.65,
        438.65,
        438.65,
        438.65,
        438.65,
        438.65,
        438.65,
        438.65,
        438.65,
        438.65,
        438.65,
        438.65,
        438.65,
        438.65,
        438.65,
        438.65,
        438.65,
        438.65,
        438.65,
        438.65,
        438.65,
        438.65,
        438.65,
        438.65,
        438.65,
        438.65,
        438.65,
        438.65,
        438.65,
        438.65,
        438.65,
        438.65,
        438.65,
        438.65,
        438.65,
        438.65,
        438.65,
        438.65,
        438.65,
        438.65,
        438.65,
        438.65,
        438.65,
        438.65,
        438.65,
        438.65,
        438.65,
        438.65,
        438.65,
        438.65,
        438.65,
        438.65
      ]
    }
  },
  "per_generation": [
    {
      "gen": 0.0,
      "best": 436.55,
      "mean": 426.45227272727266,
      "median": 433.85
    },
    {
      "gen": 1.0,