{
  "algo": "generic",
  "hparams": {
    "generations": 100,
    "popsize": 22,
    "fix_last_gene": true,
    "seed": 404,
    "verbosity": 1,
    "log_every": 1,
    "evals_cap": 10000,
    "cxpb": 0.39963188365707414,
    "mutpb": 0.28333652711067836,
    "mutation_rate": 0.026268208102578954
  },
  "metrics": {
    "best_final": 438.65,
    "auc_best": 43841.82500000008,
    "auc_best_norm": 438.4182500000008,
    "runtime_sec": 38.750884771347046,
    "evals_total": 1274,
    "budget_triggered": false,
    "stop_reason": "None"
  },
  "diagnostics": {
    "best": {
      "start": 437.0,
      "end": 438.65,
      "delta_abs": 1.6499999999999773,
      "delta_rel": 0.0037757437070937696,
      "max_val": 438.65,
      "argmax": 26,
      "auc_raw": 43841.82500000008,
      "auc_norm": 438.4182500000008
    },
    "mean": {
      "start": 423.72499999999997,
      "end": 438.60227272727263,
      "delta_abs": 14.877272727272668,
      "delta_rel": 0.03511067963248019,
      "max_val": 438.64999999999986,
      "argmax": 31,
      "auc_raw": 43808.92045454544,
      "auc_norm": 438.08920454545444
    },
    "median": {
      "start": 424.1,
      "end": 438.65,
      "delta_abs": 14.549999999999955,
      "delta_rel": 0.034307946239094445,
      "max_val": 438.65,
      "argmax": 30,
      "auc_raw": 43828.92500000008,
      "auc_norm": 438.28925000000083
    }
  },
  "genomes": {
    "best_genome": [
      1,
      0,
      1,
      1,
      1,
      0,
      0,
      1,
      0,
      0,
      0,
      0,
      0,
      0,
      0,
      0,
      0,
      0,
      0,
      0,
      0,
      0,
      0,
      0,
      0,
      0,
      0,
      0,
      0,
      0,
      0,
      0,
      1
    ],
    "all_best_genomes": null
  },
  "raw": {
    "curves": {
      "best": [
        437.0,
        437.0,
        437.3,
        437.3,
        437.3,
        437.3,
        437.6,
        437.9,
        437.9,
        437.9,
        437.9,
        437.9,
        437.9,
        437.9,
        437.9,
        437.9,
        437.9,
        437.9,
        437.9,
        437.9,
        437.9,
        437.9,
        437.9,
        437.9,
        437.9,
        437.9,
        438.65,
        438.65,
        438.65,
        438.65,
        438.65,
        438.65,
        438.65,
        438.65,
        438.65,
        438.65,
        438.65,
        438.65,
        438.65,
        438.65,
        438.65,
        438.65,
        438.65,
        438.65,
        438.65,
        438.65,
        438.65,
        438.65,
        438.65,
        438.65,
        438.65,
        438.65,
        438.65,
        438.65,
        438.65,
        438.65,
        438.65,
        438.65,
        438.65,
        438.65,
        438.65,
        438.65,
        438.65,
        438.65,
        438.65,
        438.65,
        438.65,
        438.65,
        438.65,
        438.65,
        438.65,
        438.65,
        438.65,
        438.65,
        438.65,
        438.65,
        438.65,
        438.65,
        438.65,
        438.65,
        438.65,
        438.65,
        438.65,
        438.65,
        438.65,
        438.65,
        438.65,
        438.65,
        438.65,
        438.65,
        438.65,
        438.65,
        438.65,
        438.65,
        438.65,
        438.65,
        438.65,
        438.65,
        438.65,
        438.65,
        438.65
      ],
      "mean": [
        423.72499999999997,
        433.5909090909092,
        435.83409090909095,
        437.04772727272723,
        437.1090909090908,
        437.1636363636363,
        437.29318181818167,
        437.33409090909083,
        437.3613636363636,
        437.61363636363643,
        437.77045454545447,
        437.8386363636362,
        437.8181818181818,
        437.89999999999986,
        437.85909090909087,
        437.80454545454535,
        437.84545454545446,
        437.88636363636357,
        436.83636363636356,
        437.88636363636357,
        437.84545454545446,
        437.8590909090908,
        437.865909090909,
        436.8022727272726,
        437.83181818181805,
        437.89999999999986,
        437.89318181818174,
        436.8431818181817,
        438.0363636363636,
        438.38409090909084,
        438.60227272727263,
        438.64999999999986,
        438.64999999999986,
        438.5340909090908,
        438.62272727272716,
        438.6295454545454,
        438.62272727272716,
        438.56818181818176,
        438.60227272727263,
        438.5613636363636,
        438.59545454545446,
        438.58181818181816,
        438.615909090909,
        438.64999999999986,
        438.5954545454544,
        438.56818181818176,
        438.615909090909,
        438.6090909090908,
        437.54545454545456,
        438.58181818181816,
        438.63636363636357,
        438.60227272727263,
        438.6090909090908,
        438.64999999999986,
        438.63636363636357,
        438.5749999999999,
        438.58863636363634,
        438.615909090909,
        438.63636363636357,
        437.5522727272726,
        438.58181818181805,
        438.59545454545446,
        437.54545454545445,
        438.5749999999999,
        438.62272727272716,
        437.5045454545454,
        438.5749999999999,
        438.50681818181806,
        437.5931818181817,
        438.6227272727272,
        438.59545454545446,
        437.52499999999986,
        438.59545454545446,
        438.6090909090908,
        438.56818181818176,
        438.49999999999994,
        438.56818181818176,
        438.63636363636357,
        437.58636363636356,
        438.540909090909,
        438.64999999999986,
        438.5886363636362,
        438.5477272727272,
        438.63636363636357,
        437.5522727272726,
        438.64999999999986,
        438.5886363636362,
        438.6295454545454,
        438.5886363636362,
        438.63636363636357,
        438.60227272727263,
        438.6090909090908,
        438.63636363636357,
        438.60227272727263,
        438.64999999999986,
        438.615909090909,
        438.5886363636362,
        438.58863636363634,
        437.58636363636356,
        438.60227272727263,
        438.60227272727263
      ],
      "median": [
        424.1,
        435.5,
        437.0,
        437.0,
        437.0,
        437.3,
        437.3,
        437.3,
        437.6,
        437.6,
        437.9,
        437.9,
        437.9,
        437.9,
        437.9,
        437.9,
        437.9,
        437.9,
        437.9,
        437.9,
        437.9,
        437.9,
        437.9,
        437.9,
        437.9,
        437.9,
        437.9,
        437.9,
        437.9,
        438.35,
        438.65,
        438.65,
        438.65,
        438.65,
        438.65,
        438.65,
        438.65,
        438.65,
        438.65,
        438.65,
        438.65,
        438.65,
        438.65,
        438.65,
        438.65,
        438.65,
        438.65,
        438.65,
        438.65,
        438.65,
        438.65,
        438.65,
        438.65,
        438.65,
        438.65,
        438.65,
        438.65,
        438.65,
        438.65,
        438.65,
        438.65,
        438.65,
        438.65,
        438.65,
        438.65,
        438.65,
        438.65,
        438.65,
        438.65,
        438.65,
        438.65,
        438.65,
        438.65,
        438.65,
        438.65,
        438.65,
        438.65,
        438.65,
        438.65,
        438.65,
        438.65,
        438.65,
        438.65,
        438.65,
        438.65,
        438.65,
        438.65,
        438.65,
        438.65,
        438.65,
        438.65,
        438.65,
        438.65,
        438.65,
        438.65,
        438.65,
        438.65,
        438.65,
        438.65,
        438.65,
        438.65
      ]
    }
  },
  "per_generation": [
    {
      "gen": 0.0,
      "best": 437.0,
      "mean": 423.72499999999997,
      "median": 424.1
    },
    {
      "gen": 1.0,