{
  "algo": "generic",
  "hparams": {
    "generations": 100,
    "popsize": 22,
    "fix_last_gene": true,
    "seed": 404,
    "verbosity": 1,
    "log_every": 1,
    "evals_cap": 10000,
    "cxpb": 0.5577591237610802,
    "mutpb": 0.2225215159692826,
    "mutation_rate": 0.13686475979997428
  },
  "metrics": {
    "best_final": 438.65,
    "auc_best": 43846.625000000095,
    "auc_best_norm": 438.46625000000097,
    "runtime_sec": 56.224843978881836,
    "evals_total": 1444,
    "budget_triggered": false,
    "stop_reason": "None"
  },
  "diagnostics": {
    "best": {
      "start": 437.0,
      "end": 438.65,
      "delta_abs": 1.6499999999999773,
      "delta_rel": 0.0037757437070937696,
      "max_val": 438.65,
      "argmax": 33,
      "auc_raw": 43846.625000000095,
      "auc_norm": 438.46625000000097
    },
    "mean": {
      "start": 423.72499999999997,
      "end": 437.42272727272723,
      "delta_abs": 13.697727272727263,
      "delta_rel": 0.0323269273059821,
      "max_val": 438.63636363636357,
      "argmax": 59,
      "auc_raw": 43744.85340909092,
      "auc_norm": 437.4485340909092
    },
    "median": {
      "start": 424.1,
      "end": 438.65,
      "delta_abs": 14.549999999999955,
      "delta_rel": 0.034307946239094445,
      "max_val": 438.65,
      "argmax": 35,
      "auc_raw": 43832.90000000009,
      "auc_norm": 438.32900000000086
    }
  },
  "genomes": {
    "best_genome": [
      1,
      1,
      1,
      1,
      0,
      1,
      0,
      1,
      0,
      0,
      0,
      1,
      1,
      0,
      0,
      0,
      0,
      0,
      0,
      0,
      0,
      0,
      0,
      0,
      0,
      0,
      0,
      0,
      0,
      0,
      0,
      0,
      1
    ],
    "all_best_genomes": null
  },
  "raw": {
    "curves": {
      "best": [
        437.0,
        437.6,
        437.6,
        437.75,
        437.75,
        437.75,
        437.75,
        437.9,
        438.05,
        438.05,
        438.05,
        438.05,
        438.05,
        438.05,
        438.05,
        438.05,
        438.05,
        438.05,
        438.05,
        438.05,
        438.35,
        438.35,
        438.35,
        438.35,
        438.35,
        438.35,
        438.35,
        438.35,
        438.35,
        438.35,
        438.35,
        438.35,
        438.35,
        438.65,
        438.65,
        438.65,
        438.65,
        438.65,
        438.65,
        438.65,
        438.65,
        438.65,
        438.65,
        438.65,
        438.65,
        438.65,
        438.65,
        438.65,
        438.65,
        438.65,
        438.65,
        438.65,
        438.65,
        438.65,
        438.65,
        438.65,
        438.65,
        438.65,
        438.65,
        438.65,
        438.65,
        438.65,
        438.65,
        438.65,
        438.65,
        438.65,
        438.65,
        438.65,
        438.65,
        438.65,
        438.65,
        438.65,
        438.65,
        438.65,
        438.65,
        438.65,
        438.65,
        438.65,
        438.65,
        438.65,
        438.65,
        438.65,
        438.65,
        438.65,
        438.65,
        438.65,
        438.65,
        438.65,
        438.65,
        438.65,
        438.65,
        438.65,
        438.65,
        438.65,
        438.65,
        438.65,
        438.65,
        438.65,
        438.65,
        438.65,
        438.65
      ],
      "mean": [
        423.72499999999997,
        433.54318181818184,
        436.7272727272728,
        437.1704545454546,
        436.2704545454546,
        437.484090909091,
        437.49090909090916,
        435.39772727272725,
        436.66590909090905,
        435.58181818181816,
        437.56590909090903,
        436.7477272727272,
        436.5568181818181,
        435.74545454545444,
        436.9318181818181,
        437.83181818181816,
        437.9340909090908,
        436.8363636363636,
        436.8977272727272,
        437.89318181818174,
        436.9045454545454,
        437.8795454545454,
        437.8590909090908,
        438.084090909091,
        436.959090909091,
        438.11136363636376,
        438.01590909090913,
        438.1454545454546,
        437.14318181818186,
        437.1772727272728,
        438.2272727272728,
        437.00681818181835,
        437.9613636363636,
        438.18636363636375,
        437.2113636363637,
        437.3,
        436.31818181818176,
        438.49999999999994,
        436.27045454545447,
        436.37272727272733,
        437.34772727272724,
        437.490909090909,
        438.3431818181818,
        438.4181818181818,
        438.4318181818181,
        437.5045454545454,
        438.37045454545455,
        438.36363636363626,
        438.52045454545447,
        436.215909090909,
        438.615909090909,
        438.41818181818167,
        438.4863636363635,
        438.47954545454536,
        437.4090909090908,
        437.47727272727263,
        438.49999999999994,
        438.47954545454536,
        436.9318181818182,
        438.63636363636357,
        437.4499999999999,
        438.37045454545444,
        438.5340909090908,
        437.28636363636355,
        437.49772727272716,
        436.3590909090908,
        438.5477272727272,
        438.37727272727267,
        437.5045454545454,
        437.231818181818,
        437.33409090909083,
        438.3227272727272,
        436.19545454545454,
        438.51363636363635,
        435.1590909090908,
        438.44545454545454,
        437.415909090909,
        437.265909090909,
        438.50681818181806,
        438.5886363636362,
        438.540909090909,
        437.3272727272726,
        436.38636363636357,
        438.6090909090908,
        438.44545454545454,
        437.25909090909084,
        436.29090909090905,
        438.615909090909,
        437.45681818181816,
        437.340909090909,
        437.4499999999999,
        437.51136363636357,
        438.3227272727272,
        437.23181818181814,
        438.40454545454537,
        437.3068181818181,
        438.5749999999999,
        436.26363636363635,
        438.39090909090913,
        438.29545454545456,
        437.42272727272723
      ],
      "median": [
        424.1,
        435.125,
        436.925,
        437.0,
        437.6,
        437.6,
        437.6,
        437.6,
        437.75,
        437.75,
        437.75,
        438.05,
        438.05,
        438.05,
        438.05,
        438.05,
        438.05,
        438.05,
        438.05,
        438.05,
        438.05,
        438.05,
        438.05,
        438.20000000000005,
        438.35,
        438.35,
        438.35,
        438.35,
        438.35,
        438.35,
        438.35,
        438.35,
        438.35,
        438.35,
        438.35,
        438.65,
        438.65,
        438.65,
        438.65,
        438.65,
        438.65,
        438.65,
        438.65,
        438.65,
        438.65,
        438.65,
        438.65,
        438.65,
        438.65,
        438.65,
        438.65,
        438.65,
        438.65,
        438.65,
        438.65,
        438.65,
        438.65,
        438.65,
        438.65,
        438.65,
        438.65,
        438.65,
        438.65,
        438.65,
        438.65,
        438.65,
        438.65,
        438.65,
        438.65,
        438.65,
        438.65,
        438.65,
        438.575,
        438.65,
        438.65,
        438.65,
        438.65,
        438.65,
        438.65,
        438.65,
        438.65,
        438.65,
        438.65,
        438.65,
        438.65,
        438.65,
        438.65,
        438.65,
        438.65,
        438.65,
        438.65,
        438.65,
        438.65,
        438.65,
        438.65,
        438.65,
        438.65,
        438.65,
        438.65,
        438.65,
        438.65
      ]
    }
  },
  "per_generation": [
    {
      "gen": 0.0,
      "best": 437.0,
      "mean": 423.72499999999997,