{
  "algo": "generic",
  "hparams": {
    "generations": 100,
    "popsize": 22,
    "fix_last_gene": true,
    "seed": 606,
    "verbosity": 1,
    "log_every": 1,
    "evals_cap": 10000,
    "cxpb": 0.23463637627881087,
    "mutpb": 0.10060899075265249,
    "mutation_rate": 0.07741755542403544
  },
  "metrics": {
    "best_final": 438.65,
    "auc_best": 43834.5500000001,
    "auc_best_norm": 438.345500000001,
    "runtime_sec": 28.679671049118042,
    "evals_total": 681,
    "budget_triggered": false,
    "stop_reason": "None"
  },
  "diagnostics": {
    "best": {
      "start": 436.55,
      "end": 438.65,
      "delta_abs": 2.099999999999966,
      "delta_rel": 0.004810445538884356,
      "max_val": 438.65,
      "argmax": 38,
      "auc_raw": 43834.5500000001,
      "auc_norm": 438.345500000001
    },
    "mean": {
      "start": 423.7181818181818,
      "end": 437.38863636363624,
      "delta_abs": 13.670454545454447,
      "delta_rel": 0.032263082237335906,
      "max_val": 438.64999999999986,
      "argmax": 51,
      "auc_raw": 43804.48522727272,
      "auc_norm": 438.0448522727272
    },
    "median": {
      "start": 423.95,
      "end": 438.65,
      "delta_abs": 14.699999999999989,
      "delta_rel": 0.034673900224083,
      "max_val": 438.65,
      "argmax": 40,
      "auc_raw": 43821.87500000009,
      "auc_norm": 438.21875000000085
    }
  },
  "genomes": {
    "best_genome": [
      1,
      1,
      0,
      1,
      1,
      1,
      1,
      0,
      0,
      1,
      1,
      0,
      0,
      1,
      0,
      0,
      0,
      0,
      0,
      0,
      0,
      0,
      0,
      0,
      0,
      0,
      0,
      0,
      0,
      0,
      0,
      0,
      1
    ],
    "all_best_genomes": null
  },
  "raw": {
    "curves": {
      "best": [
        436.55,
        436.55,
        436.55,
        436.85,
        436.85,
        436.85,
        437.6,
        437.6,
        437.6,
        437.6,
        437.6,
        437.6,
        437.6,
        437.6,
        437.6,
        438.05,
        438.05,
        438.05,
        438.05,
        438.05,
        438.05,
        438.05,
        438.05,
        438.2,
        438.2,
        438.2,
        438.2,
        438.2,
        438.2,
        438.2,
        438.2,
        438.2,
        438.2,
        438.2,
        438.5,
        438.5,
        438.5,
        438.5,
        438.65,
        438.65,
        438.65,
        438.65,
        438.65,
        438.65,
        438.65,
        438.65,
        438.65,
        438.65,
        438.65,
        438.65,
        438.65,
        438.65,
        438.65,
        438.65,
        438.65,
        438.65,
        438.65,
        438.65,
        438.65,
        438.65,
        438.65,
        438.65,
        438.65,
        438.65,
        438.65,
        438.65,
        438.65,
        438.65,
        438.65,
        438.65,
        438.65,
        438.65,
        438.65,
        438.65,
        438.65,
        438.65,
        438.65,
        438.65,
        438.65,
        438.65,
        438.65,
        438.65,
        438.65,
        438.65,
        438.65,
        438.65,
        438.65,
        438.65,
        438.65,
        438.65,
        438.65,
        438.65,
        438.65,
        438.65,
        438.65,
        438.65,
        438.65,
        438.65,
        438.65,
        438.65,
        438.65
      ],
      "mean": [
        423.7181818181818,
        434.2727272727272,
        436.05909090909097,
        436.46136363636356,
        435.45909090909083,
        436.6931818181819,
        436.7954545454546,
        437.0136363636364,
        437.25227272727284,
        437.51818181818186,
        437.5863636363637,
        437.5863636363637,
        437.60000000000014,
        437.60000000000014,
        437.5863636363637,
        437.6204545454546,
        437.6886363636364,
        437.7568181818182,
        437.92045454545445,
        437.96136363636356,
        436.83636363636356,
        436.9454545454544,
        436.9727272727272,
        438.0568181818181,
        437.99545454545444,
        438.0977272727272,
        438.13181818181835,
        438.17954545454546,
        438.07727272727277,
        438.1386363636364,
        438.20000000000005,
        438.20000000000005,
        437.109090909091,
        438.20000000000005,
        437.1568181818183,
        438.26818181818186,
        438.28863636363644,
        438.45909090909095,
        438.47272727272724,
        438.4931818181818,
        438.58181818181816,
        438.63636363636357,
        438.615909090909,
        438.63636363636357,
        438.50681818181806,
        438.63636363636357,
        438.615909090909,
        438.5477272727272,
        438.59545454545446,
        438.465909090909,
        438.45227272727266,
        438.64999999999986,
        438.615909090909,
        438.64999999999986,
        438.615909090909,
        438.5340909090908,
        438.59545454545446,
        438.60227272727263,
        437.4840909090908,
        438.64999999999986,
        438.5545454545454,
        438.5477272727272,
        438.55454545454535,
        438.64318181818174,
        438.49318181818177,
        438.47954545454536,
        438.64999999999986,
        438.64999999999986,
        438.49318181818177,
        438.60227272727263,
        438.64318181818174,
        438.64318181818174,
        438.64999999999986,
        438.58181818181805,
        438.63636363636357,
        438.64999999999986,
        438.64999999999986,
        438.6090909090908,
        438.64999999999986,
        438.60227272727263,
        438.62272727272716,
        438.64999999999986,
        437.47727272727263,
        438.540909090909,
        438.42499999999995,
        438.51363636363624,
        438.6295454545454,
        438.42499999999984,
        438.5340909090908,
        438.5886363636362,
        438.6295454545454,
        438.62272727272716,
        438.64999999999986,
        438.64999999999986,
        438.5613636363636,
        436.515909090909,
        438.59545454545446,
        438.63636363636357,
        438.64999999999986,
        438.6295454545454,
        437.38863636363624
      ],
      "median": [
        423.95,
        435.275,
        436.4,
        436.55,
        436.55,
        436.85,
        436.85,
        436.85,
        437.6,
        437.6,
        437.6,
        437.6,
        437.6,
        437.6,
        437.6,
        437.6,
        437.6,
        437.75,
        438.05,
        438.05,
        438.05,
        438.05,
        438.05,
        438.05,
        438.05,
        438.05,
        438.2,
        438.2,
        438.2,
        438.2,
        438.2,
        438.2,
        438.2,
        438.2,
        438.2,
        438.2,
        438.2,
        438.5,
        438.5,
        438.5,
        438.65,
        438.65,
        438.65,
        438.65,
        438.65,
        438.65,
        438.65,
        438.65,
        438.65,
        438.65,
        438.65,
        438.65,
        438.65,
        438.65,
        438.65,
        438.65,
        438.65,
        438.65,
        438.65,
        438.65,
        438.65,
        438.65,
        438.65,
        438.65,
        438.65,
        438.65,
        438.65,
        438.65,
        438.65,
        438.65,
        438.65,
        438.65,
        438.65,
        438.65,
        438.65,
        438.65,
        438.65,
        438.65,
        438.65,
        438.65,
        438.65,
        438.65,
        438.65,
        438.65,
        438.65,
        438.65,
        438.65,
        438.65,
        438.65,
        438.65,
        438.65,
        438.65,
        438.65,
        438.65,
        438.65,
        438.65,
        438.65,
        438.65,
        438.65,
        438.65,
        438.65
      ]
    }
  },
  "per_generation": [
    {
      "gen": 0.0,
      "best": 436.55,
      "mean": 423.7181818181818,
      "median": 423.95
    },
    {
      "gen": 1.0,