{
  "algo": "generic",
  "hparams": {
    "generations": 100,
    "popsize": 22,
    "fix_last_gene": true,
    "seed": 1001,
    "verbosity": 1,
    "log_every": 1,
    "evals_cap": 10000,
    "cxpb": 0.410132013524356,
    "mutpb": 0.09465790945763217,
    "mutation_rate": 0.03745634664229013
  },
  "metrics": {
    "best_final": 438.65,
    "auc_best": 43855.77500000009,
    "auc_best_norm": 438.5577500000009,
    "runtime_sec": 41.190826654434204,
    "evals_total": 1078,
    "budget_triggered": false,
    "stop_reason": "None"
  },
  "diagnostics": {
    "best": {
      "start": 437.9,
      "end": 438.65,
      "delta_abs": 0.75,
      "delta_rel": 0.001712719799040877,
      "max_val": 438.65,
      "argmax": 34,
      "auc_raw": 43855.77500000009,
      "auc_norm": 438.5577500000009
    },
    "mean": {
      "start": 427.6999999999999,
      "end": 438.615909090909,
      "delta_abs": 10.91590909090911,
      "delta_rel": 0.02552234999043515,
      "max_val": 438.64999999999986,
      "argmax": 40,
      "auc_raw": 43835.453409090944,
      "auc_norm": 438.35453409090945
    },
    "median": {
      "start": 434.75,
      "end": 438.65,
      "delta_abs": 3.8999999999999773,
      "delta_rel": 0.008970672800459982,
      "max_val": 438.65,
      "argmax": 36,
      "auc_raw": 43848.65000000009,
      "auc_norm": 438.4865000000009
    }
  },
  "genomes": {
    "best_genome": [
      0,
      1,
      0,
      0,
      1,
      1,
      0,
      0,
      1,
      0,
      1,
      0,
      1,
      1,
      1,
      0,
      0,
      0,
      0,
      0,
      0,
      0,
      0,
      0,
      0,
      0,
      0,
      0,
      0,
      0,
      0,
      0,
      1
    ],
    "all_best_genomes": null
  },
  "raw": {
    "curves": {
      "best": [
        437.9,
        437.9,
        438.05,
        438.05,
        438.2,
        438.2,
        438.2,
        438.2,
        438.2,
        438.2,
        438.2,
        438.2,
        438.5,
        438.5,
        438.5,
        438.5,
        438.5,
        438.5,
        438.5,
        438.5,
        438.5,
        438.5,
        438.5,
        438.5,
        438.5,
        438.5,
        438.5,
        438.5,
        438.5,
        438.5,
        438.5,
        438.5,
        438.5,
        438.5,
        438.65,
        438.65,
        438.65,
        438.65,
        438.65,
        438.65,
        438.65,
        438.65,
        438.65,
        438.65,
        438.65,
        438.65,
        438.65,
        438.65,
        438.65,
        438.65,
        438.65,
        438.65,
        438.65,
        438.65,
        438.65,
        438.65,
        438.65,
        438.65,
        438.65,
        438.65,
        438.65,
        438.65,
        438.65,
        438.65,
        438.65,
        438.65,
        438.65,
        438.65,
        438.65,
        438.65,
        438.65,
        438.65,
        438.65,
        438.65,
        438.65,
        438.65,
        438.65,
        438.65,
        438.65,
        438.65,
        438.65,
        438.65,
        438.65,
        438.65,
        438.65,
        438.65,
        438.65,
        438.65,
        438.65,
        438.65,
        438.65,
        438.65,
        438.65,
        438.65,
        438.65,
        438.65,
        438.65,
        438.65,
        438.65,
        438.65,
        438.65
      ],
      "mean": [
        427.6999999999999,
        435.72499999999997,
        436.81590909090903,
        437.67499999999995,
        437.9477272727272,
        438.00227272727267,
        438.06363636363625,
        438.12499999999994,
        438.13181818181835,
        438.18636363636375,
        438.12500000000006,
        438.20000000000005,
        438.21363636363645,
        438.20000000000005,
        438.22045454545463,
        438.30227272727274,
        438.37727272727267,
        438.5,
        438.48636363636365,
        438.5,
        438.5,
        438.5,
        438.46590909090907,
        438.5,
        438.47954545454553,
        438.5,
        438.5,
        438.47272727272724,
        438.4318181818182,
        437.42272727272723,
        438.4113636363636,
        438.46590909090907,
        438.46590909090907,
        438.5,
        438.39772727272725,
        438.5068181818182,
        438.59545454545446,
        438.64318181818174,
        438.615909090909,
        438.5954545454544,
        438.64999999999986,
        438.64999999999986,
        438.63636363636357,
        438.63636363636357,
        437.52499999999986,
        438.64999999999986,
        438.64999999999986,
        438.64999999999986,
        438.64318181818174,
        438.64999999999986,
        438.64999999999986,
        438.63636363636357,
        438.64999999999986,
        438.60227272727263,
        438.5749999999999,
        438.64999999999986,
        438.56818181818176,
        438.60227272727263,
        438.64999999999986,
        438.64999999999986,
        438.62272727272716,
        438.58181818181805,
        438.6295454545454,
        438.63636363636357,
        437.5522727272726,
        438.64999999999986,
        438.64999999999986,
        438.64999999999986,
        438.64999999999986,
        438.6295454545454,
        438.64999999999986,
        438.6090909090908,
        438.64999999999986,
        437.5522727272726,
        438.64999999999986,
        438.615909090909,
        438.56818181818176,
        438.64999999999986,
        438.6090909090908,
        438.64999999999986,
        438.615909090909,
        438.4863636363635,
        438.64318181818174,
        437.59999999999985,
        438.64999999999986,
        438.64999999999986,
        438.64999999999986,
        438.64318181818174,
        438.64999999999986,
        437.51136363636357,
        438.64999999999986,
        438.64999999999986,
        437.5931818181817,
        438.615909090909,
        438.63636363636357,
        438.64999999999986,
        438.64999999999986,
        438.64999999999986,
        438.64999999999986,
        438.64999999999986,
        438.615909090909
      ],
      "median": [
        434.75,
        435.5,
        437.075,
        437.9,
        437.975,
        438.05,
        438.05,
        438.2,
        438.2,
        438.2,
        438.2,
        438.2,
        438.2,
        438.2,
        438.2,
        438.2,
        438.5,
        438.5,
        438.5,
        438.5,
        438.5,
        438.5,
        438.5,
        438.5,
        438.5,
        438.5,
        438.5,
        438.5,
        438.5,
        438.5,
        438.5,
        438.5,
        438.5,
        438.5,
        438.5,
        438.5,
        438.65,
        438.65,
        438.65,
        438.65,
        438.65,
        438.65,
        438.65,
        438.65,
        438.65,
        438.65,
        438.65,
        438.65,
        438.65,
        438.65,
        438.65,
        438.65,
        438.65,
        438.65,
        438.65,
        438.65,
        438.65,
        438.65,
        438.65,
        438.65,
        438.65,
        438.65,
        438.65,
        438.65,
        438.65,
        438.65,
        438.65,
        438.65,
        438.65,
        438.65,
        438.65,
        438.65,
        438.65,
        438.65,
        438.65,
        438.65,
        438.65,
        438.65,
        438.65,
        438.65,
        438.65,
        438.65,
        438.65,
        438.65,
        438.65,
        438.65,
        438.65,
        438.65,
        438.65,
        438.65,
        438.65,
        438.65,
        438.65,
        438.65,
        438.65,
        438.65,
        438.65,
        438.65,
        438.65,
        438.65,
        438.65
      ]
    }
  },
  "per_generation": [
    {
      "gen": 0.0,
      "best": 437.9,
      "mean": 427.6999999999999,
      "median": 434.75
    },
    {
      "gen": 1.0,
      "best": 437.9,
      "mean": 435.72499999999997,
      "median": 435.5
    },
    {
      "gen": 2.0,