{
  "algo": "generic",
  "hparams": {
    "generations": 100,
    "popsize": 22,
    "fix_last_gene": true,
    "seed": 505,
    "verbosity": 1,
    "log_every": 1,
    "evals_cap": 10000,
    "cxpb": 0.3174668302072297,
    "mutpb": 0.3790899271734029,
    "mutation_rate": 0.053188637476925066
  },
  "metrics": {
    "best_final": 438.65,
    "auc_best": 43850.67500000008,
    "auc_best_norm": 438.5067500000008,
    "runtime_sec": 55.28211450576782,
    "evals_total": 1299,
    "budget_triggered": false,
    "stop_reason": "None"
  },
  "diagnostics": {
    "best": {
      "start": 436.7,
      "end": 438.65,
      "delta_abs": 1.9499999999999886,
      "delta_rel": 0.004465307991756329,
      "max_val": 438.65,
      "argmax": 22,
      "auc_raw": 43850.67500000008,
      "auc_norm": 438.5067500000008
    },
    "mean": {
      "start": 422.3886363636364,
      "end": 438.50681818181806,
      "delta_abs": 16.118181818181654,
      "delta_rel": 0.03815960097066966,
      "max_val": 438.64999999999986,
      "argmax": 98,
      "auc_raw": 43766.68181818182,
      "auc_norm": 437.66681818181826
    },
    "median": {
      "start": 413.975,
      "end": 438.65,
      "delta_abs": 24.674999999999955,
      "delta_rel": 0.05960504861404663,
      "max_val": 438.65,
      "argmax": 26,
      "auc_raw": 43831.21250000008,
      "auc_norm": 438.31212500000083
    }
  },
  "genomes": {
    "best_genome": [
      1,
      0,
      1,
      1,
      0,
      1,
      0,
      1,
      0,
      1,
      0,
      1,
      1,
      0,
      1,
      0,
      0,
      0,
      0,
      0,
      0,
      0,
      0,
      0,
      0,
      0,
      0,
      0,
      0,
      0,
      0,
      0,
      1
    ],
    "all_best_genomes": null
  },
  "raw": {
    "curves": {
      "best": [
        436.7,
        436.7,
        436.7,
        437.0,
        437.75,
        437.75,
        438.05,
        438.05,
        438.2,
        438.2,
        438.2,
        438.2,
        438.35,
        438.35,
        438.35,
        438.35,
        438.35,
        438.35,
        438.35,
        438.35,
        438.35,
        438.35,
        438.65,
        438.65,
        438.65,
        438.65,
        438.65,
        438.65,
        438.65,
        438.65,
        438.65,
        438.65,
        438.65,
        438.65,
        438.65,
        438.65,
        438.65,
        438.65,
        438.65,
        438.65,
        438.65,
        438.65,
        438.65,
        438.65,
        438.65,
        438.65,
        438.65,
        438.65,
        438.65,
        438.65,
        438.65,
        438.65,
        438.65,
        438.65,
        438.65,
        438.65,
        438.65,
        438.65,
        438.65,
        438.65,
        438.65,
        438.65,
        438.65,
        438.65,
        438.65,
        438.65,
        438.65,
        438.65,
        438.65,
        438.65,
        438.65,
        438.65,
        438.65,
        438.65,
        438.65,
        438.65,
        438.65,
        438.65,
        438.65,
        438.65,
        438.65,
        438.65,
        438.65,
        438.65,
        438.65,
        438.65,
        438.65,
        438.65,
        438.65,
        438.65,
        438.65,
        438.65,
        438.65,
        438.65,
        438.65,
        438.65,
        438.65,
        438.65,
        438.65,
        438.65,
        438.65
      ],
      "mean": [
        422.3886363636364,
        430.35909090909087,
        435.88863636363635,
        436.3931818181818,
        435.72500000000014,
        436.97954545454553,
        436.43409090909086,
        436.57045454545454,
        437.8181818181818,
        434.59999999999985,
        437.69545454545454,
        434.78409090909093,
        436.89772727272725,
        436.9659090909092,
        438.10454545454553,
        438.28863636363644,
        438.16590909090917,
        436.11363636363643,
        438.20681818181833,
        435.08409090909095,
        438.20000000000005,
        437.23863636363643,
        437.2318181818182,
        438.35681818181826,
        438.2818181818182,
        437.30681818181824,
        438.51363636363624,
        438.540909090909,
        438.49999999999994,
        438.4318181818182,
        437.5522727272726,
        438.51363636363624,
        437.44318181818176,
        438.4181818181818,
        438.5749999999999,
        437.2590909090908,
        438.2477272727272,
        438.45909090909083,
        437.38863636363635,
        438.5477272727272,
        437.40227272727265,
        438.45909090909083,
        438.35681818181814,
        438.4727272727272,
        438.61590909090904,
        438.44545454545454,
        437.25909090909084,
        438.40454545454537,
        437.33409090909083,
        437.415909090909,
        438.4795454545454,
        438.56818181818176,
        437.47045454545446,
        438.49318181818177,
        438.45227272727266,
        438.55454545454535,
        438.4727272727272,
        438.56818181818176,
        437.47045454545446,
        438.4863636363636,
        437.5386363636363,
        437.5045454545454,
        437.4840909090908,
        437.5727272727272,
        438.60227272727263,
        437.42272727272723,
        438.37727272727267,
        438.465909090909,
        437.38863636363635,
        437.32045454545454,
        438.54772727272723,
        438.540909090909,
        438.5613636363636,
        438.45909090909083,
        436.47499999999997,
        438.45909090909083,
        438.43863636363625,
        438.540909090909,
        437.4704545454544,
        436.38636363636357,
        438.5340909090908,
        438.44545454545454,
        438.4863636363636,
        437.415909090909,
        437.5045454545454,
        437.4636363636362,
        438.4113636363636,
        437.415909090909,
        438.60227272727263,
        438.52045454545447,
        438.5545454545454,
        438.63636363636357,
        437.4636363636362,
        438.59545454545446,
        438.615909090909,
        438.5613636363636,
        437.54545454545445,
        437.5045454545454,
        438.64999999999986,
        438.4863636363635,
        438.50681818181806
      ],
      "median": [
        413.975,
        435.425,
        435.8,
        436.7,
        436.7,
        437.0,
        437.75,
        437.75,
        437.75,
        437.825,
        437.9,
        437.975,
        438.2,
        438.2,
        438.2,
        438.35,
        438.35,
        438.35,
        438.35,
        438.35,
        438.35,
        438.35,
        438.35,
        438.35,
        438.35,
        438.35,
        438.65,
        438.65,
        438.65,
        438.65,
        438.65,
        438.65,
        438.65,
        438.65,
        438.65,
        438.65,
        438.5,
        438.65,
        438.65,
        438.65,
        438.65,
        438.65,
        438.65,
        438.65,
        438.65,
        438.65,
        438.575,
        438.65,
        438.65,
        438.65,
        438.65,
        438.65,
        438.65,
        438.65,
        438.65,
        438.65,
        438.65,
        438.65,
        438.65,
        438.65,
        438.65,
        438.65,
        438.65,
        438.65,
        438.65,
        438.65,
        438.65,
        438.65,
        438.65,
        438.65,
        438.65,
        438.65,
        438.65,
        438.65,
        438.65,
        438.65,
        438.65,
        438.65,
        438.65,
        438.65,
        438.65,
        438.65,
        438.65,
        438.65,
        438.65,
        438.65,
        438.65,
        438.65,
        438.65,
        438.65,
        438.65,
        438.65,
        438.65,
        438.65,
        438.65,
        438.65,
        438.65,
        438.65,
        438.65,
        438.65,
        438.65
      ]
    }
  },
  "per_generation": [
    {
      "gen": 0.0,
      "best": 436.7,
      "mean": 422.3886363636364,