{
  "algo": "generic",
  "hparams": {
    "generations": 100,
    "popsize": 22,
    "fix_last_gene": true,
    "seed": 101,
    "verbosity": 1,
    "log_every": 1,
    "evals_cap": 10000,
    "cxpb": 0.6891172103772414,
    "mutpb": 0.06545245974915703,
    "mutation_rate": 0.13181838494709516
  },
  "metrics": {
    "best_final": 438.65,
    "auc_best": 43847.525000000016,
    "auc_best_norm": 438.4752500000002,
    "runtime_sec": 57.32901430130005,
    "evals_total": 1579,
    "budget_triggered": false,
    "stop_reason": "None"
  },
  "diagnostics": {
    "best": {
      "start": 436.7,
      "end": 438.65,
      "delta_abs": 1.9499999999999886,
      "delta_rel": 0.004465307991756329,
      "max_val": 438.65,
      "argmax": 87,
      "auc_raw": 43847.525000000016,
      "auc_norm": 438.4752500000002
    },
    "mean": {
      "start": 420.5,
      "end": 438.64999999999986,
      "delta_abs": 18.149999999999864,
      "delta_rel": 0.043162901307966385,
      "max_val": 438.64999999999986,
      "argmax": 98,
      "auc_raw": 43805.71590909093,
      "auc_norm": 438.05715909090935
    },
    "median": {
      "start": 413.15,
      "end": 438.65,
      "delta_abs": 25.5,
      "delta_rel": 0.06172092460365485,
      "max_val": 438.65,
      "argmax": 90,
      "auc_raw": 43828.55000000002,
      "auc_norm": 438.2855000000002
    }
  },
  "genomes": {
    "best_genome": [
      0,
      1,
      1,
      0,
      1,
      0,
      0,
      1,
      1,
      1,
      1,
      1,
      1,
      0,
      1,
      0,
      0,
      0,
      0,
      0,
      0,
      0,
      0,
      0,
      0,
      0,
      0,
      0,
      0,
      0,
      0,
      0,
      1
    ],
    "all_best_genomes": null
  },
  "raw": {
    "curves": {
      "best": [
        436.7,
        437.9,
        437.9,
        437.9,
        438.2,
        438.2,
        438.2,
        438.2,
        438.2,
        438.2,
        438.5,
        438.5,
        438.5,
        438.5,
        438.5,
        438.5,
        438.5,
        438.5,
        438.5,
        438.5,
        438.5,
        438.5,
        438.5,
        438.5,
        438.5,
        438.5,
        438.5,
        438.5,
        438.5,
        438.5,
        438.5,
        438.5,
        438.5,
        438.5,
        438.5,
        438.5,
        438.5,
        438.5,
        438.5,
        438.5,
        438.5,
        438.5,
        438.5,
        438.5,
        438.5,
        438.5,
        438.5,
        438.5,
        438.5,
        438.5,
        438.5,
        438.5,
        438.5,
        438.5,
        438.5,
        438.5,
        438.5,
        438.5,
        438.5,
        438.5,
        438.5,
        438.5,
        438.5,
        438.5,
        438.5,
        438.5,
        438.5,
        438.5,
        438.5,
        438.5,
        438.5,
        438.5,
        438.5,
        438.5,
        438.5,
        438.5,
        438.5,
        438.5,
        438.5,
        438.5,
        438.5,
        438.5,
        438.5,
        438.5,
        438.5,
        438.5,
        438.5,
        438.65,
        438.65,
        438.65,
        438.65,
        438.65,
        438.65,
        438.65,
        438.65,
        438.65,
        438.65,
        438.65,
        438.65,
        438.65,
        438.65
      ],
      "mean": [
        420.5,
        433.52272727272725,
        436.33181818181816,
        436.9795454545454,
        437.68863636363625,
        437.87272727272716,
        437.9681818181818,
        437.00681818181823,
        438.1181818181818,
        438.20000000000005,
        438.20000000000005,
        438.2954545454546,
        438.45909090909095,
        437.38181818181823,
        438.5,
        438.5,
        438.43863636363636,
        438.5,
        438.48636363636365,
        438.48636363636365,
        438.5,
        438.4113636363636,
        438.5,
        437.38863636363635,
        438.41818181818184,
        438.5,
        438.5,
        438.5,
        438.5,
        438.4931818181818,
        438.5,
        437.42954545454546,
        438.5,
        438.41818181818184,
        438.37045454545455,
        438.5,
        438.5,
        438.5,
        437.3545454545454,
        438.5,
        438.4318181818182,
        438.37727272727267,
        438.47272727272724,
        438.4931818181818,
        438.5,
        438.5,
        438.5,
        438.5,
        438.48636363636365,
        437.3068181818182,
        438.5,
        437.36136363636365,
        438.41818181818184,
        438.2886363636364,
        438.5,
        437.42272727272723,
        438.4931818181818,
        438.5,
        438.44545454545454,
        438.44545454545454,
        438.45909090909095,
        438.47272727272724,
        438.5,
        438.5,
        438.31590909090914,
        438.4318181818182,
        438.5,
        438.45909090909095,
        438.48636363636365,
        438.4045454545454,
        438.4045454545454,
        438.5,
        438.5,
        438.425,
        438.5,
        436.31136363636364,
        438.5,
        437.3068181818182,
        437.40909090909093,
        438.3636363636364,
        438.425,
        438.4795454545454,
        437.43636363636364,
        438.5,
        437.43636363636364,
        438.46590909090907,
        438.5,
        438.3636363636364,
        438.38409090909084,
        438.4181818181818,
        438.47954545454536,
        437.3954545454544,
        438.45227272727266,
        438.6295454545454,
        437.47045454545446,
        436.20227272727266,
        437.5795454545454,
        438.356818181818,
        438.64999999999986,
        438.60227272727263,
        438.64999999999986
      ],
      "median": [
        413.15,
        435.125,
        436.25,
        437.0,
        437.9,
        437.9,
        437.9,
        438.2,
        438.2,
        438.2,
        438.2,
        438.2,
        438.5,
        438.5,
        438.5,
        438.5,
        438.5,
        438.5,
        438.5,
        438.5,
        438.5,
        438.5,
        438.5,
        438.5,
        438.5,
        438.5,
        438.5,
        438.5,
        438.5,
        438.5,
        438.5,
        438.5,
        438.5,
        438.5,
        438.5,
        438.5,
        438.5,
        438.5,
        438.5,
        438.5,
        438.5,
        438.5,
        438.5,
        438.5,
        438.5,
        438.5,
        438.5,
        438.5,
        438.5,
        438.5,
        438.5,
        438.5,
        438.5,
        438.5,
        438.5,
        438.5,
        438.5,
        438.5,
        438.5,
        438.5,
        438.5,
        438.5,
        438.5,
        438.5,
        438.5,
        438.5,
        438.5,
        438.5,
        438.5,
        438.5,
        438.5,
        438.5,
        438.5,
        438.5,
        438.5,
        438.5,
        438.5,
        438.5,
        438.5,
        438.5,
        438.5,
        438.5,
        438.5,
        438.5,
        438.5,
        438.5,
        438.5,
        438.5,
        438.5,
        438.575,
        438.65,
        438.65,
        438.65,
        438.65,
        438.65,
        438.65,
        438.65,
        438.65,
        438.65,
        438.65,
        438.65
      ]
    }
  },
  "per_generation": [
    {
      "gen": 0.0,
      "best": 436.7,
      "mean": 420.5,
      "median": 413.15
    },
    {
      "gen": 1.0,
      "best": 437.9,
      "mean": 433.52272727272725,
      "median": 435.125
    },
    {
      "gen": 2.0,
      "best": 437.9,
      "mean": 436.33181818181816,
      "median": 436.25
    },
    {
      "gen": 3.0,
      "best": 437.9,
      "mean": 436.9795454545454,
      "median": 437.0
    },
    {
      "gen": 4.0,
      "best": 438.2,
      "mean": 437.68863636363625,
      "median": 437.9
    },
    {
      "gen": 5.0,
      "best": 438.2,
      "mean": 437.87272727272716,
      "median": 437.9
    },
    {
      "gen": 6.0,
      "best": 438.2,