{
  "algo": "generic",
  "hparams": {
    "generations": 100,
    "popsize": 22,
    "fix_last_gene": true,
    "seed": 404,
    "verbosity": 1,
    "log_every": 1,
    "evals_cap": 10000,
    "cxpb": 0.14092877489432323,
    "mutpb": 0.16764646725402255,
    "mutation_rate": 0.14664743531593769
  },
  "metrics": {
    "best_final": 438.65,
    "auc_best": 43838.82500000008,
    "auc_best_norm": 438.38825000000077,
    "runtime_sec": 21.569782972335815,
    "evals_total": 654,
    "budget_triggered": false,
    "stop_reason": "None"
  },
  "diagnostics": {
    "best": {
      "start": 437.0,
      "end": 438.65,
      "delta_abs": 1.6499999999999773,
      "delta_rel": 0.0037757437070937696,
      "max_val": 438.65,
      "argmax": 50,
      "auc_raw": 43838.82500000008,
      "auc_norm": 438.38825000000077
    },
    "mean": {
      "start": 423.72499999999997,
      "end": 438.64999999999986,
      "delta_abs": 14.924999999999898,
      "delta_rel": 0.03522331700985285,
      "max_val": 438.64999999999986,
      "argmax": 83,
      "auc_raw": 43749.78977272728,
      "auc_norm": 437.4978977272728
    },
    "median": {
      "start": 424.1,
      "end": 438.65,
      "delta_abs": 14.549999999999955,
      "delta_rel": 0.034307946239094445,
      "max_val": 438.65,
      "argmax": 54,
      "auc_raw": 43824.95000000007,
      "auc_norm": 438.2495000000007
    }
  },
  "genomes": {
    "best_genome": [
      0,
      1,
      0,
      1,
      0,
      0,
      0,
      1,
      0,
      0,
      0,
      0,
      0,
      1,
      0,
      0,
      0,
      0,
      0,
      0,
      0,
      0,
      0,
      0,
      0,
      0,
      0,
      0,
      0,
      0,
      0,
      0,
      1
    ],
    "all_best_genomes": null
  },
  "raw": {
    "curves": {
      "best": [
        437.0,
        437.0,
        437.0,
        437.3,
        437.3,
        437.3,
        437.3,
        437.6,
        437.9,
        437.9,
        437.9,
        437.9,
        437.9,
        437.9,
        437.9,
        437.9,
        437.9,
        438.2,
        438.2,
        438.2,
        438.2,
        438.2,
        438.2,
        438.2,
        438.2,
        438.2,
        438.2,
        438.2,
        438.2,
        438.2,
        438.5,
        438.5,
        438.5,
        438.5,
        438.5,
        438.5,
        438.5,
        438.5,
        438.5,
        438.5,
        438.5,
        438.5,
        438.5,
        438.5,
        438.5,
        438.5,
        438.5,
        438.5,
        438.5,
        438.5,
        438.65,
        438.65,
        438.65,
        438.65,
        438.65,
        438.65,
        438.65,
        438.65,
        438.65,
        438.65,
        438.65,
        438.65,
        438.65,
        438.65,
        438.65,
        438.65,
        438.65,
        438.65,
        438.65,
        438.65,
        438.65,
        438.65,
        438.65,
        438.65,
        438.65,
        438.65,
        438.65,
        438.65,
        438.65,
        438.65,
        438.65,
        438.65,
        438.65,
        438.65,
        438.65,
        438.65,
        438.65,
        438.65,
        438.65,
        438.65,
        438.65,
        438.65,
        438.65,
        438.65,
        438.65,
        438.65,
        438.65,
        438.65,
        438.65,
        438.65,
        438.65
      ],
      "mean": [
        423.72499999999997,
        432.52727272727276,
        435.4318181818181,
        436.93863636363636,
        435.9636363636364,
        437.0613636363636,
        437.0681818181818,
        436.1545454545454,
        435.15227272727276,
        436.2977272727272,
        437.4840909090908,
        436.3522727272728,
        434.37499999999994,
        436.6045454545454,
        437.7704545454544,
        436.5227272727272,
        436.48863636363626,
        437.83181818181805,
        436.6590909090908,
        437.8795454545453,
        436.84999999999997,
        438.0704545454546,
        438.1045454545456,
        435.9431818181819,
        437.0818181818182,
        435.95000000000005,
        438.05681818181824,
        437.0272727272728,
        438.09772727272735,
        437.00681818181823,
        437.98181818181826,
        438.17272727272734,
        437.15,
        437.37500000000006,
        438.31590909090903,
        438.18636363636364,
        438.4795454545454,
        438.32272727272726,
        438.23409090909087,
        438.4045454545454,
        438.2818181818182,
        438.30227272727274,
        438.3363636363636,
        438.2818181818182,
        438.31590909090903,
        434.8727272727272,
        438.31590909090914,
        436.29772727272723,
        438.41818181818184,
        438.37727272727267,
        438.18636363636364,
        438.29545454545456,
        438.38409090909084,
        436.20227272727266,
        438.4454545454544,
        435.21363636363634,
        437.33409090909083,
        438.5477272727272,
        438.5886363636362,
        437.39545454545447,
        438.6295454545454,
        438.5886363636362,
        437.39545454545447,
        437.490909090909,
        438.4863636363636,
        438.49999999999994,
        438.49999999999994,
        438.51363636363624,
        438.5613636363636,
        437.35454545454536,
        438.40454545454537,
        436.35227272727263,
        437.54545454545445,
        437.3545454545454,
        438.59545454545446,
        438.5204545454544,
        438.4863636363636,
        438.390909090909,
        437.2931818181818,
        438.45909090909083,
        438.5204545454544,
        438.56818181818176,
        437.38863636363624,
        438.64999999999986,
        438.58863636363634,
        438.51363636363624,
        437.42272727272723,
        438.44545454545454,
        437.5113636363636,
        438.64999999999986,
        437.2795454545454,
        438.3977272727272,
        436.33181818181816,
        437.40227272727265,
        437.5522727272726,
        438.465909090909,
        438.5613636363636,
        438.41136363636355,
        438.43863636363625,
        436.3113636363636,
        438.64999999999986
      ],
      "median": [
        424.1,
        435.35,
        437.0,
        437.0,
        437.0,
        437.0,
        437.3,
        437.3,
        437.3,
        437.3,
        437.525,
        437.6,
        437.9,
        437.9,
        437.9,
        437.9,
        437.9,
        437.9,
        437.9,
        437.9,
        437.9,
        438.2,
        438.2,
        438.2,
        438.2,
        438.2,
        438.2,
        438.2,
        438.2,
        438.2,
        438.2,
        438.2,
        438.2,
        438.5,
        438.5,
        438.5,
        438.5,
        438.5,
        438.5,
        438.5,
        438.5,
        438.5,
        438.5,
        438.5,
        438.5,
        438.5,
        438.5,
        438.5,
        438.5,
        438.5,
        438.5,
        438.5,
        438.5,
        438.5,
        438.65,
        438.65,
        438.65,
        438.65,
        438.65,
        438.65,
        438.65,
        438.65,
        438.65,
        438.65,
        438.65,
        438.65,
        438.65,
        438.65,
        438.65,
        438.65,
        438.65,
        438.65,
        438.65,
        438.65,
        438.65,
        438.65,
        438.65,
        438.65,
        438.65,
        438.65,
        438.65,
        438.65,
        438.65,
        438.65,
        438.65,
        438.65,
        438.65,
        438.65,
        438.65,
        438.65,
        438.65,
        438.65,
        438.65,
        438.65,
        438.65,
        438.65,
        438.65,
        438.65,
        438.65,
        438.65,
        438.65
      ]
    }
  },
  "per_generation": [
    {
      "gen": 0.0,
      "best": 437.0,
      "mean": 423.72499999999997,
      "median": 424.1
    },
    {
      "gen": 1.0,
      "best": 437.0,
      "mean": 432.52727272727276,