{
  "algo": "generic",
  "hparams": {
    "generations": 100,
    "popsize": 22,
    "fix_last_gene": true,
    "seed": 909,
    "verbosity": 1,
    "log_every": 1,
    "evals_cap": 10000,
    "cxpb": 0.2878087511770598,
    "mutpb": 0.1820753108421099,
    "mutation_rate": 0.17587635200768362
  },
  "metrics": {
    "best_final": 438.65,
    "auc_best": 43852.92500000008,
    "auc_best_norm": 438.52925000000084,
    "runtime_sec": 41.92662596702576,
    "evals_total": 950,
    "budget_triggered": false,
    "stop_reason": "None"
  },
  "diagnostics": {
    "best": {
      "start": 436.7,
      "end": 438.65,
      "delta_abs": 1.9499999999999886,
      "delta_rel": 0.004465307991756329,
      "max_val": 438.65,
      "argmax": 20,
      "auc_raw": 43852.92500000008,
      "auc_norm": 438.52925000000084
    },
    "mean": {
      "start": 422.63409090909084,
      "end": 437.2727272727272,
      "delta_abs": 14.638636363636351,
      "delta_rel": 0.03463666722234469,
      "max_val": 438.6090909090908,
      "argmax": 84,
      "auc_raw": 43733.36477272726,
      "auc_norm": 437.3336477272726
    },
    "median": {
      "start": 413.75,
      "end": 438.65,
      "delta_abs": 24.899999999999977,
      "delta_rel": 0.06018126888217517,
      "max_val": 438.65,
      "argmax": 24,
      "auc_raw": 43832.450000000084,
      "auc_norm": 438.32450000000085
    }
  },
  "genomes": {
    "best_genome": [
      1,
      0,
      0,
      0,
      1,
      0,
      1,
      0,
      1,
      1,
      0,
      1,
      1,
      1,
      1,
      0,
      0,
      0,
      0,
      0,
      0,
      0,
      0,
      0,
      0,
      0,
      0,
      0,
      0,
      0,
      0,
      0,
      1
    ],
    "all_best_genomes": null
  },
  "raw": {
    "curves": {
      "best": [
        436.7,
        437.15,
        438.05,
        438.05,
        438.05,
        438.05,
        438.05,
        438.05,
        438.05,
        438.05,
        438.05,
        438.05,
        438.05,
        438.05,
        438.05,
        438.05,
        438.35,
        438.35,
        438.35,
        438.35,
        438.65,
        438.65,
        438.65,
        438.65,
        438.65,
        438.65,
        438.65,
        438.65,
        438.65,
        438.65,
        438.65,
        438.65,
        438.65,
        438.65,
        438.65,
        438.65,
        438.65,
        438.65,
        438.65,
        438.65,
        438.65,
        438.65,
        438.65,
        438.65,
        438.65,
        438.65,
        438.65,
        438.65,
        438.65,
        438.65,
        438.65,
        438.65,
        438.65,
        438.65,
        438.65,
        438.65,
        438.65,
        438.65,
        438.65,
        438.65,
        438.65,
        438.65,
        438.65,
        438.65,
        438.65,
        438.65,
        438.65,
        438.65,
        438.65,
        438.65,
        438.65,
        438.65,
        438.65,
        438.65,
        438.65,
        438.65,
        438.65,
        438.65,
        438.65,
        438.65,
        438.65,
        438.65,
        438.65,
        438.65,
        438.65,
        438.65,
        438.65,
        438.65,
        438.65,
        438.65,
        438.65,
        438.65,
        438.65,
        438.65,
        438.65,
        438.65,
        438.65,
        438.65,
        438.65,
        438.65,
        438.65
      ],
      "mean": [
        422.63409090909084,
        431.2181818181818,
        434.75,
        435.3363636363636,
        434.9886363636364,
        436.34545454545446,
        437.8795454545454,
        437.96136363636356,
        436.82954545454544,
        436.5227272727272,
        436.72727272727275,
        434.66818181818167,
        437.7977272727272,
        436.740909090909,
        436.74090909090904,
        436.81590909090903,
        436.925,
        435.7454545454546,
        437.87954545454556,
        437.1568181818183,
        438.22045454545463,
        438.1454545454546,
        438.35,
        437.3204545454546,
        437.5522727272726,
        438.56818181818176,
        437.415909090909,
        435.04999999999995,
        438.56136363636347,
        437.37499999999994,
        438.34999999999997,
        438.42499999999984,
        437.51136363636357,
        438.3772727272726,
        438.5204545454544,
        436.31818181818176,
        438.3636363636364,
        437.56590909090903,
        437.31363636363625,
        438.3977272727272,
        437.490909090909,
        438.5749999999999,
        438.4863636363636,
        438.33636363636356,
        436.30454545454535,
        437.33409090909083,
        438.41136363636355,
        438.60227272727263,
        438.2340909090908,
        437.45681818181816,
        438.4454545454544,
        437.56590909090903,
        437.42954545454535,
        437.4227272727272,
        437.5045454545454,
        436.40681818181815,
        435.99090909090904,
        438.38409090909084,
        438.34999999999997,
        436.2363636363636,
        437.35454545454536,
        437.27272727272725,
        438.45909090909083,
        436.3931818181818,
        437.4295454545454,
        438.2545454545453,
        437.47727272727263,
        437.38181818181806,
        437.29999999999995,
        438.4318181818181,
        437.29999999999995,
        438.35681818181814,
        437.38181818181806,
        437.13636363636357,
        438.4522727272726,
        436.39318181818174,
        437.4022727272726,
        437.29999999999995,
        436.2977272727272,
        438.56818181818176,
        438.5749999999999,
        438.40454545454537,
        436.3727272727272,
        438.4181818181818,
        438.6090909090908,
        437.36818181818177,
        438.4590909090908,
        437.24545454545444,
        438.37045454545444,
        437.45681818181805,
        437.38863636363624,
        437.37499999999994,
        437.47727272727263,
        438.5613636363636,
        436.175,
        438.4727272727272,
        438.58181818181805,
        437.4499999999999,
        437.36818181818165,
        437.23863636363626,
        437.2727272727272
      ],
      "median": [
        413.75,
        435.04999999999995,
        435.65,
        436.4,
        437.15,
        438.05,
        438.05,
        438.05,
        438.05,
        438.05,
        438.05,
        438.05,
        438.05,
        438.05,
        438.05,
        438.05,
        438.05,
        438.05,
        438.2,
        438.35,
        438.35,
        438.35,
        438.35,
        438.35,
        438.65,
        438.65,
        438.65,
        438.65,
        438.65,
        438.65,
        438.65,
        438.65,
        438.65,
        438.65,
        438.65,
        438.65,
        438.65,
        438.65,
        438.65,
        438.65,
        438.65,
        438.65,
        438.65,
        438.65,
        438.65,
        438.65,
        438.65,
        438.65,
        438.65,
        438.65,
        438.65,
        438.65,
        438.65,
        438.65,
        438.65,
        438.65,
        438.65,
        438.65,
        438.65,
        438.65,
        438.65,
        438.65,
        438.65,
        438.65,
        438.65,
        438.65,
        438.65,
        438.65,
        438.65,
        438.65,
        438.65,
        438.65,
        438.65,
        438.65,
        438.65,
        438.65,
        438.65,
        438.65,
        438.65,
        438.65,
        438.65,
        438.65,
        438.65,
        438.65,
        438.65,
        438.65,
        438.65,
        438.65,
        438.65,
        438.65,
        438.65,
        438.65,
        438.65,
        438.65,
        438.65,
        438.65,
        438.65,
        438.65,
        438.65,
        438.65,
        438.65
      ]
    }
  },
  "per_generation": [
    {
      "gen": 0.0,
      "best": 436.7,
      "mean": 422.63409090909084,