{
  "algo": "generic",
  "hparams": {
    "generations": 100,
    "popsize": 22,
    "fix_last_gene": true,
    "seed": 1102,
    "verbosity": 1,
    "log_every": 1,
    "evals_cap": 10000,
    "cxpb": 0.8863229181099802,
    "mutpb": 0.038071263315271386,
    "mutation_rate": 0.18697685430450334
  },
  "metrics": {
    "best_final": 438.35,
    "auc_best": 43829.29999999992,
    "auc_best_norm": 438.2929999999992,
    "runtime_sec": 80.2722339630127,
    "evals_total": 1979,
    "budget_triggered": false,
    "stop_reason": "None"
  },
  "diagnostics": {
    "best": {
      "start": 437.15,
      "end": 438.35,
      "delta_abs": 1.2000000000000455,
      "delta_rel": 0.0027450531854055714,
      "max_val": 438.35,
      "argmax": 18,
      "auc_raw": 43829.29999999992,
      "auc_norm": 438.2929999999992
    },
    "mean": {
      "start": 422.7295454545454,
      "end": 438.35000000000014,
      "delta_abs": 15.62045454545472,
      "delta_rel": 0.0369514142397088,
      "max_val": 438.35000000000014,
      "argmax": 25,
      "auc_raw": 43796.20113636362,
      "auc_norm": 437.9620113636362
    },
    "median": {
      "start": 413.67499999999995,
      "end": 438.35,
      "delta_abs": 24.675000000000068,
      "delta_rel": 0.059648274611712265,
      "max_val": 438.35,
      "argmax": 20,
      "auc_raw": 43812.46249999992,
      "auc_norm": 438.12462499999924
    }
  },
  "genomes": {
    "best_genome": [
      0,
      0,
      1,
      1,
      0,
      1,
      1,
      0,
      0,
      0,
      1,
      1,
      0,
      0,
      1,
      0,
      0,
      1,
      0,
      0,
      0,
      0,
      0,
      0,
      0,
      0,
      0,
      0,
      0,
      0,
      0,
      0,
      1
    ],
    "all_best_genomes": null
  },
  "raw": {
    "curves": {
      "best": [
        437.15,
        438.05,
        438.05,
        438.05,
        438.05,
        438.05,
        438.05,
        438.05,
        438.05,
        438.05,
        438.05,
        438.05,
        438.05,
        438.05,
        438.05,
        438.05,
        438.05,
        438.05,
        438.35,
        438.35,
        438.35,
        438.35,
        438.35,
        438.35,
        438.35,
        438.35,
        438.35,
        438.35,
        438.35,
        438.35,
        438.35,
        438.35,
        438.35,
        438.35,
        438.35,
        438.35,
        438.35,
        438.35,
        438.35,
        438.35,
        438.35,
        438.35,
        438.35,
        438.35,
        438.35,
        438.35,
        438.35,
        438.35,
        438.35,
        438.35,
        438.35,
        438.35,
        438.35,
        438.35,
        438.35,
        438.35,
        438.35,
        438.35,
        438.35,
        438.35,
        438.35,
        438.35,
        438.35,
        438.35,
        438.35,
        438.35,
        438.35,
        438.35,
        438.35,
        438.35,
        438.35,
        438.35,
        438.35,
        438.35,
        438.35,
        438.35,
        438.35,
        438.35,
        438.35,
        438.35,
        438.35,
        438.35,
        438.35,
        438.35,
        438.35,
        438.35,
        438.35,
        438.35,
        438.35,
        438.35,
        438.35,
        438.35,
        438.35,
        438.35,
        438.35,
        438.35,
        438.35,
        438.35,
        438.35,
        438.35,
        438.35
      ],
      "mean": [
        422.7295454545454,
        429.7045454545454,
        436.86363636363643,
        436.325,
        437.84545454545446,
        438.03636363636355,
        436.8772727272726,
        438.015909090909,
        438.015909090909,
        437.90681818181804,
        438.04999999999995,
        438.04999999999995,
        438.04999999999995,
        438.03636363636355,
        438.04999999999995,
        437.9545454545454,
        438.04999999999995,
        437.85227272727263,
        438.04999999999995,
        438.06363636363625,
        438.24090909090904,
        438.3363636363637,
        438.3022727272728,
        437.20454545454555,
        438.2954545454546,
        438.35000000000014,
        438.35000000000014,
        438.35000000000014,
        438.3159090909092,
        438.35000000000014,
        438.26818181818186,
        438.28863636363644,
        438.2818181818183,
        438.3227272727274,
        438.35000000000014,
        438.35000000000014,
        438.35000000000014,
        438.35000000000014,
        438.35000000000014,
        438.35000000000014,
        438.3159090909092,
        438.28863636363644,
        436.97954545454553,
        438.35000000000014,
        438.35000000000014,
        438.35000000000014,
        438.35000000000014,
        438.21363636363645,
        438.35000000000014,
        438.28863636363644,
        438.35000000000014,
        438.22045454545463,
        438.35000000000014,
        438.2954545454546,
        438.35000000000014,
        438.26136363636374,
        437.2113636363637,
        438.35000000000014,
        438.3227272727274,
        438.35000000000014,
        438.2477272727274,
        438.2272727272728,
        438.35000000000014,
        438.35000000000014,
        438.35000000000014,
        437.225,
        438.32954545454555,
        438.3022727272728,
        438.35000000000014,
        438.35000000000014,
        438.27500000000015,
        438.3159090909092,
        438.35000000000014,
        438.309090909091,
        438.25454545454556,
        437.2113636363637,
        438.3363636363637,
        438.3159090909092,
        438.14545454545464,
        438.35000000000014,
        438.35000000000014,
        438.25454545454545,
        438.3159090909092,
        438.25454545454556,
        438.2477272727274,
        438.3022727272728,
        437.23863636363643,
        438.35000000000014,
        437.2454545454546,
        438.2818181818183,
        438.32954545454555,
        438.234090909091,
        437.1977272727274,
        438.26136363636374,
        438.35000000000014,
        438.35000000000014,
        438.3022727272728,
        438.35000000000014,
        438.28863636363644,
        438.159090909091,
        438.35000000000014
      ],
      "median": [
        413.67499999999995,
        435.575,
        436.85,
        437.225,
        438.05,
        438.05,
        438.05,
        438.05,
        438.05,
        438.05,
        438.05,
        438.05,
        438.05,
        438.05,
        438.05,
        438.05,
        438.05,
        438.05,
        438.05,
        438.05,
        438.35,
        438.35,
        438.35,
        438.35,
        438.35,
        438.35,
        438.35,
        438.35,
        438.35,
        438.35,
        438.35,
        438.35,
        438.35,
        438.35,
        438.35,
        438.35,
        438.35,
        438.35,
        438.35,
        438.35,
        438.35,
        438.35,
        438.35,
        438.35,
        438.35,
        438.35,
        438.35,
        438.35,
        438.35,
        438.35,
        438.35,
        438.35,
        438.35,
        438.35,
        438.35,
        438.35,
        438.35,
        438.35,
        438.35,
        438.35,
        438.35,
        438.35,
        438.35,
        438.35,
        438.35,
        438.35,
        438.35,
        438.35,
        438.35,
        438.35,
        438.35,
        438.35,
        438.35,
        438.35,
        438.35,
        438.35,
        438.35,
        438.35,
        438.35,
        438.35,
        438.35,
        438.35,
        438.35,
        438.35,
        438.35,
        438.35,
        438.35,
        438.35,
        438.35,
        438.35,
        438.35,
        438.35,
        438.35,
        438.35,
        438.35,
        438.35,
        438.35,
        438.35,
        438.35,
        438.35,
        438.35
      ]
    }
  },
  "per_generation": [
    {
      "gen": 0.0,
      "best": 437.15,
      "mean": 422.7295454545454,