{
  "algo": "generic",
  "hparams": {
    "generations": 100,
    "popsize": 22,
    "fix_last_gene": true,
    "seed": 808,
    "verbosity": 1,
    "log_every": 1,
    "evals_cap": 10000,
    "cxpb": 0.3801679541583563,
    "mutpb": 0.3391302309153191,
    "mutation_rate": 0.06538913992072647
  },
  "metrics": {
    "best_final": 438.65,
    "auc_best": 43853.52500000009,
    "auc_best_norm": 438.5352500000009,
    "runtime_sec": 50.63448929786682,
    "evals_total": 1346,
    "budget_triggered": false,
    "stop_reason": "None"
  },
  "diagnostics": {
    "best": {
      "start": 437.6,
      "end": 438.65,
      "delta_abs": 1.0499999999999545,
      "delta_rel": 0.002399451553930426,
      "max_val": 438.65,
      "argmax": 28,
      "auc_raw": 43853.52500000009,
      "auc_norm": 438.5352500000009
    },
    "mean": {
      "start": 427.10681818181814,
      "end": 438.55454545454535,
      "delta_abs": 11.447727272727207,
      "delta_rel": 0.026802960724110807,
      "max_val": 438.64318181818174,
      "argmax": 76,
      "auc_raw": 43765.376136363644,
      "auc_norm": 437.6537613636364
    },
    "median": {
      "start": 433.625,
      "end": 438.65,
      "delta_abs": 5.024999999999977,
      "delta_rel": 0.011588353992504992,
      "max_val": 438.65,
      "argmax": 31,
      "auc_raw": 43844.78750000007,
      "auc_norm": 438.4478750000007
    }
  },
  "genomes": {
    "best_genome": [
      0,
      0,
      0,
      1,
      1,
      1,
      0,
      0,
      0,
      0,
      1,
      1,
      0,
      1,
      1,
      0,
      0,
      0,
      0,
      0,
      0,
      0,
      0,
      0,
      0,
      0,
      0,
      0,
      0,
      0,
      0,
      0,
      1
    ],
    "all_best_genomes": null
  },
  "raw": {
    "curves": {
      "best": [
        437.6,
        437.6,
        437.6,
        437.6,
        437.6,
        437.9,
        437.9,
        437.9,
        438.2,
        438.2,
        438.2,
        438.2,
        438.2,
        438.5,
        438.5,
        438.5,
        438.5,
        438.5,
        438.5,
        438.5,
        438.5,
        438.5,
        438.5,
        438.5,
        438.5,
        438.5,
        438.5,
        438.5,
        438.65,
        438.65,
        438.65,
        438.65,
        438.65,
        438.65,
        438.65,
        438.65,
        438.65,
        438.65,
        438.65,
        438.65,
        438.65,
        438.65,
        438.65,
        438.65,
        438.65,
        438.65,
        438.65,
        438.65,
        438.65,
        438.65,
        438.65,
        438.65,
        438.65,
        438.65,
        438.65,
        438.65,
        438.65,
        438.65,
        438.65,
        438.65,
        438.65,
        438.65,
        438.65,
        438.65,
        438.65,
        438.65,
        438.65,
        438.65,
        438.65,
        438.65,
        438.65,
        438.65,
        438.65,
        438.65,
        438.65,
        438.65,
        438.65,
        438.65,
        438.65,
        438.65,
        438.65,
        438.65,
        438.65,
        438.65,
        438.65,
        438.65,
        438.65,
        438.65,
        438.65,
        438.65,
        438.65,
        438.65,
        438.65,
        438.65,
        438.65,
        438.65,
        438.65,
        438.65,
        438.65,
        438.65,
        438.65
      ],
      "mean": [
        427.10681818181814,
        432.7318181818182,
        436.50909090909096,
        437.1363636363636,
        434.19772727272726,
        437.4977272727274,
        437.54545454545456,
        437.70909090909083,
        437.6954545454544,
        436.7545454545454,
        435.61590909090916,
        436.97954545454553,
        437.0272727272728,
        437.9613636363637,
        438.1727272727274,
        438.0704545454546,
        437.1090909090908,
        438.3363636363637,
        438.40454545454554,
        438.4318181818182,
        438.425,
        438.39090909090913,
        437.2795454545454,
        438.30227272727274,
        437.35454545454553,
        438.30227272727274,
        437.27272727272725,
        436.27727272727276,
        438.390909090909,
        437.38863636363635,
        438.54772727272723,
        438.5340909090908,
        436.3727272727272,
        438.3227272727272,
        437.51818181818174,
        437.51818181818174,
        438.615909090909,
        438.49999999999994,
        438.58181818181805,
        437.51818181818174,
        438.4454545454544,
        437.31363636363625,
        438.54772727272723,
        437.46363636363634,
        438.56818181818176,
        437.47045454545446,
        438.51363636363624,
        437.4227272727272,
        438.52045454545447,
        438.58181818181816,
        437.3068181818181,
        438.3363636363636,
        437.3613636363636,
        437.33409090909083,
        435.07727272727266,
        437.17045454545456,
        438.4113636363636,
        438.465909090909,
        438.4181818181818,
        438.49318181818177,
        437.3818181818182,
        437.4840909090908,
        436.48181818181814,
        438.59545454545446,
        438.45909090909083,
        438.42499999999995,
        436.40681818181815,
        437.40227272727265,
        438.46590909090907,
        438.4590909090908,
        438.49999999999994,
        438.6090909090908,
        436.27045454545447,
        436.39999999999986,
        437.39545454545447,
        438.43863636363625,
        438.64318181818174,
        438.58181818181805,
        438.4113636363636,
        438.30909090909086,
        437.4090909090908,
        437.3545454545454,
        438.22727272727263,
        438.5,
        438.45909090909083,
        438.49999999999994,
        438.58181818181805,
        437.49772727272716,
        438.4454545454544,
        436.0863636363636,
        438.28181818181815,
        437.38863636363635,
        437.2931818181818,
        438.22727272727263,
        437.45681818181805,
        437.51136363636357,
        437.37499999999994,
        438.45227272727266,
        437.38863636363635,
        438.465909090909,
        438.55454545454535
      ],
      "median": [
        433.625,
        435.95,
        436.54999999999995,
        437.225,
        437.525,
        437.6,
        437.6,
        437.75,
        437.9,
        437.9,
        437.9,
        438.2,
        438.2,
        438.2,
        438.2,
        438.2,
        438.5,
        438.5,
        438.5,
        438.5,
        438.5,
        438.5,
        438.5,
        438.5,
        438.5,
        438.5,
        438.5,
        438.5,
        438.5,
        438.5,
        438.5,
        438.65,
        438.65,
        438.65,
        438.65,
        438.65,
        438.65,
        438.65,
        438.65,
        438.65,
        438.65,
        438.65,
        438.65,
        438.65,
        438.65,
        438.65,
        438.65,
        438.65,
        438.65,
        438.65,
        438.65,
        438.65,
        438.65,
        438.65,
        438.65,
        438.575,
        438.65,
        438.65,
        438.65,
        438.65,
        438.65,
        438.65,
        438.65,
        438.65,
        438.65,
        438.65,
        438.65,
        438.65,
        438.65,
        438.65,
        438.65,
        438.65,
        438.65,
        438.65,
        438.65,
        438.65,
        438.65,
        438.65,
        438.65,
        438.65,
        438.65,
        438.65,
        438.425,
        438.65,
        438.65,
        438.65,
        438.65,
        438.65,
        438.65,
        438.35,
        438.65,
        438.65,
        438.65,
        438.65,
        438.65,
        438.65,
        438.65,
        438.65,
        438.65,
        438.65,
        438.65
      ]
    }
  },
  "per_generation": [
    {
      "gen": 0.0,
      "best": 437.6,
      "mean": 427.10681818181814,
      "median": 433.625
    },
    {
      "gen": 1.0,