{
  "algo": "generic",
  "hparams": {
    "generations": 100,
    "popsize": 22,
    "fix_last_gene": true,
    "seed": 404,
    "verbosity": 1,
    "log_every": 1,
    "evals_cap": 10000,
    "cxpb": 0.18123701535156744,
    "mutpb": 0.04030197270671292,
    "mutation_rate": 0.02851188378921149
  },
  "metrics": {
    "best_final": 438.35,
    "auc_best": 43775.82500000007,
    "auc_best_norm": 437.7582500000007,
    "runtime_sec": 15.896437883377075,
    "evals_total": 446,
    "budget_triggered": false,
    "stop_reason": "None"
  },
  "diagnostics": {
    "best": {
      "start": 437.0,
      "end": 438.35,
      "delta_abs": 1.3500000000000227,
      "delta_rel": 0.003089244851258633,
      "max_val": 438.35,
      "argmax": 100,
      "auc_raw": 43775.82500000007,
      "auc_norm": 437.7582500000007
    },
    "mean": {
      "start": 423.72499999999997,
      "end": 438.06363636363636,
      "delta_abs": 14.338636363636397,
      "delta_rel": 0.03383948637355926,
      "max_val": 438.06363636363636,
      "argmax": 100,
      "auc_raw": 43760.630681818235,
      "auc_norm": 437.60630681818236
    },
    "median": {
      "start": 424.1,
      "end": 438.05,
      "delta_abs": 13.949999999999989,
      "delta_rel": 0.03289318556944114,
      "max_val": 438.05,
      "argmax": 75,
      "auc_raw": 43764.72500000007,
      "auc_norm": 437.6472500000007
    }
  },
  "genomes": {
    "best_genome": [
      0,
      1,
      1,
      1,
      0,
      0,
      1,
      1,
      1,
      0,
      0,
      1,
      0,
      0,
      1,
      0,
      0,
      0,
      0,
      0,
      1,
      0,
      0,
      0,
      0,
      0,
      0,
      0,
      0,
      0,
      0,
      0,
      1
    ],
    "all_best_genomes": null
  },
  "raw": {
    "curves": {
      "best": [
        437.0,
        437.0,
        437.0,
        437.0,
        437.0,
        437.0,
        437.0,
        437.0,
        437.0,
        437.0,
        437.0,
        437.75,
        437.75,
        437.75,
        437.75,
        437.75,
        437.75,
        437.75,
        437.75,
        437.75,
        437.75,
        437.75,
        437.75,
        437.75,
        437.75,
        437.75,
        437.75,
        437.75,
        437.75,
        437.75,
        437.75,
        437.75,
        437.75,
        437.75,
        437.75,
        437.75,
        437.75,
        437.75,
        437.75,
        437.75,
        437.75,
        437.75,
        437.75,
        437.75,
        437.75,
        437.75,
        437.75,
        437.75,
        437.75,
        437.75,
        437.75,
        437.75,
        437.75,
        437.75,
        437.75,
        437.75,
        437.75,
        437.75,
        437.75,
        437.75,
        437.75,
        437.75,
        437.75,
        437.75,
        437.75,
        437.75,
        437.75,
        437.75,
        437.75,
        437.75,
        437.75,
        437.75,
        438.05,
        438.05,
        438.05,
        438.05,
        438.05,
        438.05,
        438.05,
        438.05,
        438.05,
        438.05,
        438.05,
        438.05,
        438.05,
        438.05,
        438.05,
        438.05,
        438.05,
        438.05,
        438.05,
        438.05,
        438.05,
        438.05,
        438.05,
        438.05,
        438.05,
        438.05,
        438.05,
        438.05,
        438.35
      ],
      "mean": [
        423.72499999999997,
        433.4613636363636,
        436.58409090909095,
        437.0,
        437.0,
        436.96590909090907,
        436.95909090909095,
        437.0,
        437.0,
        437.0,
        437.0,
        437.03409090909093,
        437.10227272727275,
        437.375,
        437.54545454545456,
        437.6818181818182,
        437.75,
        437.75,
        437.75,
        437.75,
        437.75,
        437.75,
        437.75,
        437.75,
        437.73636363636365,
        437.73636363636365,
        437.75,
        437.75,
        437.75,
        436.7,
        437.68863636363636,
        437.75,
        437.75,
        437.75,
        437.75,
        437.71590909090907,
        437.75,
        437.75,
        437.75,
        437.75,
        437.75,
        437.75,
        437.75,
        437.7431818181818,
        437.75,
        437.75,
        437.73636363636365,
        437.75,
        437.75,
        437.75,
        437.73636363636365,
        437.75,
        437.75,
        437.75,
        437.71590909090907,
        437.75,
        437.75,
        437.75,
        437.68863636363636,
        437.72272727272724,
        437.7431818181818,
        437.6818181818182,
        437.75,
        437.75,
        437.75,
        437.73636363636365,
        437.75,
        437.75,
        437.75,
        437.75,
        437.71590909090907,
        437.75,
        437.76363636363635,
        437.7295454545454,
        437.9,
        438.00909090909084,
        438.015909090909,
        438.04999999999995,
        438.04999999999995,
        438.04999999999995,
        438.04999999999995,
        437.9886363636364,
        438.04999999999995,
        438.04999999999995,
        438.04999999999995,
        438.04999999999995,
        438.04999999999995,
        438.04999999999995,
        438.04999999999995,
        438.04999999999995,
        438.04999999999995,
        438.0363636363636,
        438.04999999999995,
        438.04999999999995,
        438.04999999999995,
        438.04999999999995,
        438.04999999999995,
        438.04999999999995,
        438.03636363636355,
        438.04999999999995,
        438.06363636363636
      ],
      "median": [
        424.1,
        435.125,
        437.0,
        437.0,
        437.0,
        437.0,
        437.0,
        437.0,
        437.0,
        437.0,
        437.0,
        437.0,
        437.0,
        437.375,
        437.75,
        437.75,
        437.75,
        437.75,
        437.75,
        437.75,
        437.75,
        437.75,
        437.75,
        437.75,
        437.75,
        437.75,
        437.75,
        437.75,
        437.75,
        437.75,
        437.75,
        437.75,
        437.75,
        437.75,
        437.75,
        437.75,
        437.75,
        437.75,
        437.75,
        437.75,
        437.75,
        437.75,
        437.75,
        437.75,
        437.75,
        437.75,
        437.75,
        437.75,
        437.75,
        437.75,
        437.75,
        437.75,
        437.75,
        437.75,
        437.75,
        437.75,
        437.75,
        437.75,
        437.75,
        437.75,
        437.75,
        437.75,
        437.75,
        437.75,
        437.75,
        437.75,
        437.75,
        437.75,
        437.75,
        437.75,
        437.75,
        437.75,
        437.75,
        437.75,
        437.9,
        438.05,
        438.05,
        438.05,
        438.05,
        438.05,
        438.05,
        438.05,
        438.05,
        438.05,
        438.05,
        438.05,
        438.05,
        438.05,
        438.05,
        438.05,
        438.05,
        438.05,
        438.05,
        438.05,
        438.05,
        438.05,
        438.05,
        438.05,
        438.05,
        438.05,
        438.05
      ]
    }
  },
  "per_generation": [
    {
      "gen": 0.0,
      "best": 437.0,
      "mean": 423.72499999999997,
      "median": 424.1
    },
    {
      "gen": 1.0,
      "best": 437.0,
      "mean": 433.4613636363636,
      "median": 435.125
    },
    {
      "gen": 2.0,
      "best": 437.0,
      "mean": 436.58409090909095,
      "median": 437.0
    },
    {
      "gen": 3.0,
      "best": 437.0,
      "mean": 437.0,
      "median": 437.0
    },
    {
      "gen": 4.0,
      "best": 437.0,
      "mean": 437.0,
      "median": 437.0
    },
    {
      "gen": 5.0,
      "best": 437.0,
      "mean": 436.96590909090907,
      "median": 437.0
    },
    {
      "gen": 6.0,
      "best": 437.0,