{
  "algo": "generic",
  "hparams": {
    "generations": 100,
    "popsize": 22,
    "fix_last_gene": true,
    "seed": 1001,
    "verbosity": 1,
    "log_every": 1,
    "evals_cap": 10000,
    "cxpb": 0.6428642280417737,
    "mutpb": 0.2745012870833964,
    "mutation_rate": 0.12261130494100532
  },
  "metrics": {
    "best_final": 438.65,
    "auc_best": 43860.42500000008,
    "auc_best_norm": 438.60425000000083,
    "runtime_sec": 62.99302577972412,
    "evals_total": 1686,
    "budget_triggered": false,
    "stop_reason": "None"
  },
  "diagnostics": {
    "best": {
      "start": 437.9,
      "end": 438.65,
      "delta_abs": 0.75,
      "delta_rel": 0.001712719799040877,
      "max_val": 438.65,
      "argmax": 18,
      "auc_raw": 43860.42500000008,
      "auc_norm": 438.60425000000083
    },
    "mean": {
      "start": 427.6999999999999,
      "end": 438.29545454545445,
      "delta_abs": 10.595454545454572,
      "delta_rel": 0.024773099241184416,
      "max_val": 438.63636363636357,
      "argmax": 32,
      "auc_raw": 43744.76136363637,
      "auc_norm": 437.44761363636366
    },
    "median": {
      "start": 434.75,
      "end": 438.65,
      "delta_abs": 3.8999999999999773,
      "delta_rel": 0.008970672800459982,
      "max_val": 438.65,
      "argmax": 22,
      "auc_raw": 43852.02500000008,
      "auc_norm": 438.52025000000083
    }
  },
  "genomes": {
    "best_genome": [
      1,
      1,
      0,
      0,
      1,
      0,
      1,
      0,
      1,
      1,
      0,
      0,
      1,
      0,
      1,
      0,
      0,
      0,
      0,
      0,
      0,
      0,
      0,
      0,
      0,
      0,
      0,
      0,
      0,
      0,
      0,
      0,
      1
    ],
    "all_best_genomes": null
  },
  "raw": {
    "curves": {
      "best": [
        437.9,
        437.9,
        438.05,
        438.2,
        438.35,
        438.35,
        438.5,
        438.5,
        438.5,
        438.5,
        438.5,
        438.5,
        438.5,
        438.5,
        438.5,
        438.5,
        438.5,
        438.5,
        438.65,
        438.65,
        438.65,
        438.65,
        438.65,
        438.65,
        438.65,
        438.65,
        438.65,
        438.65,
        438.65,
        438.65,
        438.65,
        438.65,
        438.65,
        438.65,
        438.65,
        438.65,
        438.65,
        438.65,
        438.65,
        438.65,
        438.65,
        438.65,
        438.65,
        438.65,
        438.65,
        438.65,
        438.65,
        438.65,
        438.65,
        438.65,
        438.65,
        438.65,
        438.65,
        438.65,
        438.65,
        438.65,
        438.65,
        438.65,
        438.65,
        438.65,
        438.65,
        438.65,
        438.65,
        438.65,
        438.65,
        438.65,
        438.65,
        438.65,
        438.65,
        438.65,
        438.65,
        438.65,
        438.65,
        438.65,
        438.65,
        438.65,
        438.65,
        438.65,
        438.65,
        438.65,
        438.65,
        438.65,
        438.65,
        438.65,
        438.65,
        438.65,
        438.65,
        438.65,
        438.65,
        438.65,
        438.65,
        438.65,
        438.65,
        438.65,
        438.65,
        438.65,
        438.65,
        438.65,
        438.65,
        438.65,
        438.65
      ],
      "mean": [
        427.6999999999999,
        435.73863636363626,
        436.72045454545446,
        436.31136363636364,
        437.64090909090913,
        438.0022727272728,
        435.909090909091,
        436.7681818181818,
        436.0318181818183,
        438.2204545454546,
        436.1681818181818,
        438.37045454545455,
        436.14772727272725,
        438.16590909090905,
        437.0,
        438.35,
        437.08181818181833,
        435.98409090909087,
        438.24090909090904,
        438.3363636363636,
        438.3363636363636,
        437.2181818181818,
        437.45,
        438.60227272727263,
        437.32727272727266,
        438.3772727272726,
        436.20909090909083,
        438.3772727272726,
        438.4045454545454,
        438.58181818181805,
        437.38181818181806,
        437.1977272727272,
        438.63636363636357,
        437.51136363636357,
        438.540909090909,
        438.49318181818177,
        435.1113636363636,
        438.45909090909083,
        436.31818181818176,
        438.58181818181805,
        437.52499999999986,
        436.20909090909083,
        437.18409090909086,
        437.29318181818167,
        438.5340909090908,
        437.4090909090908,
        437.34090909090895,
        437.54545454545445,
        438.2886363636363,
        437.40909090909093,
        435.9431818181818,
        435.9977272727272,
        437.2863636363636,
        437.4363636363636,
        438.2545454545453,
        437.28636363636355,
        437.3477272727272,
        438.39090909090913,
        438.39090909090896,
        437.46363636363634,
        436.24318181818177,
        435.22727272727263,
        438.34999999999985,
        436.2431818181818,
        436.4272727272726,
        438.51363636363635,
        438.4522727272726,
        438.5954545454544,
        438.5477272727272,
        438.52727272727265,
        437.22499999999997,
        438.42499999999995,
        436.53636363636355,
        436.33181818181805,
        438.28181818181815,
        437.36818181818177,
        438.28181818181804,
        437.3204545454544,
        437.2863636363636,
        437.45681818181816,
        438.34999999999985,
        438.3090909090908,
        437.59999999999985,
        437.45681818181816,
        437.3272727272726,
        438.3772727272726,
        437.46363636363634,
        437.47045454545446,
        436.27727272727265,
        438.42499999999995,
        436.0931818181817,
        437.37499999999994,
        436.215909090909,
        437.2795454545454,
        438.44545454545454,
        438.49999999999994,
        438.4454545454544,
        438.19318181818176,
        437.3068181818181,
        438.37045454545444,
        438.29545454545445
      ],
      "median": [
        434.75,
        435.5,
        436.85,
        437.525,
        437.9,
        438.05,
        438.2,
        438.2,
        438.35,
        438.5,
        438.5,
        438.5,
        438.5,
        438.5,
        438.5,
        438.5,
        438.5,
        438.5,
        438.5,
        438.5,
        438.5,
        438.5,
        438.65,
        438.65,
        438.65,
        438.65,
        438.65,
        438.65,
        438.65,
        438.65,
        438.65,
        438.65,
        438.65,
        438.65,
        438.65,
        438.65,
        438.65,
        438.65,
        438.65,
        438.65,
        438.65,
        438.65,
        438.65,
        438.65,
        438.65,
        438.65,
        438.65,
        438.65,
        438.65,
        438.65,
        438.35,
        438.65,
        438.5,
        438.65,
        438.65,
        438.65,
        438.65,
        438.65,
        438.65,
        438.65,
        438.65,
        438.65,
        438.65,
        438.65,
        438.65,
        438.65,
        438.65,
        438.65,
        438.65,
        438.65,
        438.65,
        438.65,
        438.65,
        438.65,
        438.65,
        438.65,
        438.65,
        438.65,
        438.65,
        438.65,
        438.65,
        438.65,
        438.65,
        438.65,
        438.65,
        438.65,
        438.65,
        438.65,
        438.65,
        438.65,
        438.65,
        438.65,
        438.65,
        438.65,
        438.65,
        438.65,
        438.65,
        438.65,
        438.65,
        438.65,
        438.65
      ]
    }
  },
  "per_generation": [
    {
      "gen": 0.0,
      "best": 437.9,
      "mean": 427.6999999999999,
      "median": 434.75
    },
    {
      "gen": 1.0,
      "best": 437.9,