{
  "algo": "generic",
  "hparams": {
    "generations": 100,
    "popsize": 22,
    "fix_last_gene": true,
    "seed": 303,
    "verbosity": 1,
    "log_every": 1,
    "evals_cap": 10000,
    "cxpb": 0.27122818950104255,
    "mutpb": 0.1388751769290077,
    "mutation_rate": 0.16172866727550833
  },
  "metrics": {
    "best_final": 438.65,
    "auc_best": 43848.20000000002,
    "auc_best_norm": 438.4820000000002,
    "runtime_sec": 37.59614062309265,
    "evals_total": 897,
    "budget_triggered": false,
    "stop_reason": "None"
  },
  "diagnostics": {
    "best": {
      "start": 436.55,
      "end": 438.65,
      "delta_abs": 2.099999999999966,
      "delta_rel": 0.004810445538884356,
      "max_val": 438.65,
      "argmax": 86,
      "auc_raw": 43848.20000000002,
      "auc_norm": 438.4820000000002
    },
    "mean": {
      "start": 426.45227272727266,
      "end": 437.43636363636364,
      "delta_abs": 10.98409090909098,
      "delta_rel": 0.025756905547354398,
      "max_val": 438.63636363636357,
      "argmax": 96,
      "auc_raw": 43761.10113636364,
      "auc_norm": 437.6110113636364
    },
    "median": {
      "start": 433.85,
      "end": 438.65,
      "delta_abs": 4.7999999999999545,
      "delta_rel": 0.01106373170450606,
      "max_val": 438.65,
      "argmax": 88,
      "auc_raw": 43838.45000000001,
      "auc_norm": 438.3845000000001
    }
  },
  "genomes": {
    "best_genome": [
      1,
      0,
      0,
      1,
      0,
      1,
      0,
      1,
      0,
      0,
      0,
      0,
      0,
      1,
      0,
      0,
      0,
      0,
      0,
      0,
      0,
      0,
      0,
      0,
      0,
      0,
      0,
      0,
      0,
      0,
      0,
      0,
      1
    ],
    "all_best_genomes": null
  },
  "raw": {
    "curves": {
      "best": [
        436.55,
        437.75,
        437.75,
        437.75,
        437.75,
        438.5,
        438.5,
        438.5,
        438.5,
        438.5,
        438.5,
        438.5,
        438.5,
        438.5,
        438.5,
        438.5,
        438.5,
        438.5,
        438.5,
        438.5,
        438.5,
        438.5,
        438.5,
        438.5,
        438.5,
        438.5,
        438.5,
        438.5,
        438.5,
        438.5,
        438.5,
        438.5,
        438.5,
        438.5,
        438.5,
        438.5,
        438.5,
        438.5,
        438.5,
        438.5,
        438.5,
        438.5,
        438.5,
        438.5,
        438.5,
        438.5,
        438.5,
        438.5,
        438.5,
        438.5,
        438.5,
        438.5,
        438.5,
        438.5,
        438.5,
        438.5,
        438.5,
        438.5,
        438.5,
        438.5,
        438.5,
        438.5,
        438.5,
        438.5,
        438.5,
        438.5,
        438.5,
        438.5,
        438.5,
        438.5,
        438.5,
        438.5,
        438.5,
        438.5,
        438.5,
        438.5,
        438.5,
        438.5,
        438.5,
        438.5,
        438.5,
        438.5,
        438.5,
        438.5,
        438.5,
        438.5,
        438.65,
        438.65,
        438.65,
        438.65,
        438.65,
        438.65,
        438.65,
        438.65,
        438.65,
        438.65,
        438.65,
        438.65,
        438.65,
        438.65,
        438.65
      ],
      "mean": [
        426.45227272727266,
        431.08181818181816,
        434.17727272727274,
        437.1295454545454,
        436.4068181818182,
        434.3068181818182,
        437.7568181818182,
        435.68409090909086,
        437.95454545454544,
        437.15681818181815,
        438.1590909090908,
        438.2204545454546,
        438.3636363636364,
        437.26590909090913,
        438.2,
        438.4045454545454,
        438.17272727272734,
        438.3636363636364,
        438.29545454545456,
        438.25454545454545,
        438.4113636363636,
        438.3568181818182,
        438.41818181818184,
        438.43863636363636,
        437.28636363636366,
        438.45227272727277,
        437.3,
        437.41590909090905,
        438.45227272727277,
        436.19545454545454,
        438.43863636363636,
        437.31363636363636,
        436.05227272727274,
        438.04318181818184,
        438.47272727272724,
        438.425,
        438.275,
        437.2181818181818,
        437.38863636363635,
        438.46590909090907,
        438.39772727272725,
        438.39772727272725,
        438.5,
        438.45909090909095,
        437.1295454545454,
        436.2363636363636,
        438.4659090909092,
        437.42954545454546,
        438.48636363636365,
        437.20454545454544,
        438.30909090909086,
        436.2431818181818,
        438.44545454545454,
        438.2818181818182,
        438.11818181818177,
        438.29545454545456,
        437.34090909090907,
        437.0681818181819,
        437.2181818181818,
        438.32954545454544,
        437.375,
        438.44545454545454,
        437.2113636363637,
        437.06136363636364,
        438.5,
        438.34999999999997,
        438.24090909090904,
        438.43863636363636,
        438.23409090909087,
        436.29090909090905,
        438.425,
        435.02272727272725,
        437.15000000000003,
        438.20681818181816,
        438.32272727272726,
        438.2613636363636,
        437.25227272727267,
        438.45909090909095,
        437.29318181818184,
        438.44545454545454,
        437.24545454545455,
        438.38409090909084,
        437.42272727272734,
        437.2318181818182,
        438.5,
        438.45909090909095,
        438.49318181818177,
        437.39545454545447,
        438.45227272727266,
        437.35454545454536,
        438.51363636363624,
        438.5204545454544,
        437.41590909090905,
        438.41136363636355,
        437.46363636363634,
        438.5477272727272,
        438.63636363636357,
        437.4840909090908,
        436.3045454545454,
        437.40227272727265,
        437.43636363636364
      ],
      "median": [
        433.85,
        434.825,
        435.8,
        437.6,
        437.75,
        437.75,
        437.75,
        437.75,
        437.75,
        438.425,
        438.5,
        438.5,
        438.5,
        438.5,
        438.5,
        438.5,
        438.5,
        438.5,
        438.5,
        438.5,
        438.5,
        438.5,
        438.5,
        438.5,
        438.5,
        438.5,
        438.5,
        438.5,
        438.5,
        438.5,
        438.5,
        438.5,
        438.5,
        438.5,
        438.5,
        438.5,
        438.5,
        438.5,
        438.5,
        438.5,
        438.5,
        438.5,
        438.5,
        438.5,
        438.5,
        438.5,
        438.5,
        438.5,
        438.5,
        438.5,
        438.5,
        438.5,
        438.5,
        438.5,
        438.5,
        438.5,
        438.5,
        438.5,
        438.5,
        438.5,
        438.5,
        438.5,
        438.5,
        438.5,
        438.5,
        438.5,
        438.5,
        438.5,
        438.5,
        438.5,
        438.5,
        438.5,
        438.5,
        438.5,
        438.5,
        438.5,
        438.5,
        438.5,
        438.5,
        438.5,
        438.5,
        438.5,
        438.5,
        438.5,
        438.5,
        438.5,
        438.5,
        438.5,
        438.65,
        438.65,
        438.65,
        438.65,
        438.65,
        438.65,
        438.65,
        438.65,
        438.65,
        438.65,
        438.65,
        438.65,
        438.65
      ]
    }
  },
  "per_generation": [
    {
      "gen": 0.0,
      "best": 436.55,
      "mean": 426.45227272727266,
      "median": 433.85
    },
    {
      "gen": 1.0,
      "best": 437.75,
      "mean": 431.08181818181816,
      "median": 434.825
    },
    {
      "gen": 2.0,
      "best": 437.75,
      "mean": 434.17727272727274,