{
  "algo": "generic",
  "hparams": {
    "generations": 100,
    "popsize": 22,
    "fix_last_gene": true,
    "seed": 707,
    "verbosity": 1,
    "log_every": 1,
    "evals_cap": 10000,
    "cxpb": 0.12453607819522974,
    "mutpb": 0.3009161026135077,
    "mutation_rate": 0.03645559136188683
  },
  "metrics": {
    "best_final": 438.65,
    "auc_best": 43843.700000000084,
    "auc_best_norm": 438.43700000000086,
    "runtime_sec": 36.211548805236816,
    "evals_total": 876,
    "budget_triggered": false,
    "stop_reason": "None"
  },
  "diagnostics": {
    "best": {
      "start": 436.55,
      "end": 438.65,
      "delta_abs": 2.099999999999966,
      "delta_rel": 0.004810445538884356,
      "max_val": 438.65,
      "argmax": 21,
      "auc_raw": 43843.700000000084,
      "auc_norm": 438.43700000000086
    },
    "mean": {
      "start": 427.7886363636363,
      "end": 438.60227272727263,
      "delta_abs": 10.813636363636363,
      "delta_rel": 0.025277988811382004,
      "max_val": 438.64999999999986,
      "argmax": 29,
      "auc_raw": 43791.24090909093,
      "auc_norm": 437.91240909090925
    },
    "median": {
      "start": 434.29999999999995,
      "end": 438.65,
      "delta_abs": 4.350000000000023,
      "delta_rel": 0.010016117890858907,
      "max_val": 438.65,
      "argmax": 24,
      "auc_raw": 43834.850000000086,
      "auc_norm": 438.34850000000085
    }
  },
  "genomes": {
    "best_genome": [
      1,
      1,
      0,
      1,
      0,
      0,
      1,
      1,
      1,
      1,
      0,
      1,
      0,
      0,
      0,
      0,
      0,
      0,
      0,
      0,
      0,
      0,
      0,
      0,
      0,
      0,
      0,
      0,
      0,
      0,
      0,
      0,
      1
    ],
    "all_best_genomes": null
  },
  "raw": {
    "curves": {
      "best": [
        436.55,
        436.55,
        436.85,
        436.85,
        437.15,
        437.15,
        437.6,
        437.6,
        437.6,
        437.6,
        437.6,
        437.6,
        437.6,
        437.9,
        437.9,
        437.9,
        437.9,
        438.35,
        438.35,
        438.35,
        438.35,
        438.65,
        438.65,
        438.65,
        438.65,
        438.65,
        438.65,
        438.65,
        438.65,
        438.65,
        438.65,
        438.65,
        438.65,
        438.65,
        438.65,
        438.65,
        438.65,
        438.65,
        438.65,
        438.65,
        438.65,
        438.65,
        438.65,
        438.65,
        438.65,
        438.65,
        438.65,
        438.65,
        438.65,
        438.65,
        438.65,
        438.65,
        438.65,
        438.65,
        438.65,
        438.65,
        438.65,
        438.65,
        438.65,
        438.65,
        438.65,
        438.65,
        438.65,
        438.65,
        438.65,
        438.65,
        438.65,
        438.65,
        438.65,
        438.65,
        438.65,
        438.65,
        438.65,
        438.65,
        438.65,
        438.65,
        438.65,
        438.65,
        438.65,
        438.65,
        438.65,
        438.65,
        438.65,
        438.65,
        438.65,
        438.65,
        438.65,
        438.65,
        438.65,
        438.65,
        438.65,
        438.65,
        438.65,
        438.65,
        438.65,
        438.65,
        438.65,
        438.65,
        438.65,
        438.65,
        438.65
      ],
      "mean": [
        427.7886363636363,
        435.30227272727274,
        436.09999999999997,
        435.32272727272726,
        436.6386363636364,
        436.9931818181818,
        436.0386363636363,
        437.2045454545454,
        437.17045454545456,
        437.24545454545455,
        436.43409090909097,
        437.47045454545463,
        437.60000000000014,
        437.57954545454555,
        436.5636363636364,
        436.63181818181823,
        435.72499999999997,
        437.7704545454544,
        437.89999999999986,
        437.99545454545455,
        437.1159090909092,
        438.234090909091,
        437.109090909091,
        438.37727272727267,
        438.5340909090908,
        438.60227272727263,
        438.59545454545446,
        438.60909090909087,
        438.5613636363636,
        438.64999999999986,
        438.4863636363635,
        437.53181818181815,
        438.49318181818177,
        438.58181818181816,
        437.5522727272726,
        438.60227272727263,
        437.47727272727263,
        438.5749999999999,
        438.615909090909,
        438.63636363636357,
        438.54772727272723,
        438.51363636363624,
        438.56818181818176,
        438.59545454545446,
        438.63636363636357,
        438.59545454545446,
        438.5545454545454,
        438.56818181818176,
        437.53181818181815,
        438.59545454545446,
        438.5545454545454,
        438.51363636363624,
        438.5068181818182,
        438.5613636363636,
        438.6295454545454,
        438.58863636363634,
        438.63636363636357,
        438.60227272727263,
        437.59999999999985,
        438.6227272727272,
        438.60227272727263,
        438.55454545454535,
        438.58181818181816,
        438.6090909090908,
        438.49999999999994,
        438.58863636363634,
        436.47499999999985,
        436.49545454545444,
        438.63636363636357,
        437.45681818181805,
        438.5204545454544,
        437.4840909090908,
        438.56818181818176,
        438.5886363636362,
        438.5340909090908,
        438.50681818181806,
        437.51818181818174,
        437.5522727272726,
        438.540909090909,
        437.37499999999994,
        437.4363636363636,
        438.6295454545454,
        438.60227272727263,
        436.4477272727272,
        437.4704545454544,
        437.54545454545445,
        438.58181818181805,
        438.5613636363636,
        438.615909090909,
        438.64999999999986,
        437.5727272727272,
        438.60227272727263,
        438.5749999999999,
        438.63636363636357,
        437.54545454545445,
        438.58181818181805,
        437.51136363636357,
        437.54545454545445,
        438.64318181818174,
        438.45227272727266,
        438.60227272727263
      ],
      "median": [
        434.29999999999995,
        435.2,
        436.25,
        436.475,
        436.7,
        437.15,
        437.15,
        437.15,
        437.15,
        437.225,
        437.525,
        437.6,
        437.6,
        437.6,
        437.6,
        437.6,
        437.9,
        437.9,
        437.9,
        437.9,
        438.35,
        438.35,
        438.35,
        438.35,
        438.65,
        438.65,
        438.65,
        438.65,
        438.65,
        438.65,
        438.65,
        438.65,
        438.65,
        438.65,
        438.65,
        438.65,
        438.65,
        438.65,
        438.65,
        438.65,
        438.65,
        438.65,
        438.65,
        438.65,
        438.65,
        438.65,
        438.65,
        438.65,
        438.65,
        438.65,
        438.65,
        438.65,
        438.65,
        438.65,
        438.65,
        438.65,
        438.65,
        438.65,
        438.65,
        438.65,
        438.65,
        438.65,
        438.65,
        438.65,
        438.65,
        438.65,
        438.65,
        438.65,
        438.65,
        438.65,
        438.65,
        438.65,
        438.65,
        438.65,
        438.65,
        438.65,
        438.65,
        438.65,
        438.65,
        438.65,
        438.65,
        438.65,
        438.65,
        438.65,
        438.65,
        438.65,
        438.65,
        438.65,
        438.65,
        438.65,
        438.65,
        438.65,
        438.65,
        438.65,
        438.65,
        438.65,
        438.65,
        438.65,
        438.65,
        438.65,
        438.65
      ]
    }
  },
  "per_generation": [
    {
      "gen": 0.0,
      "best": 436.55,
      "mean": 427.7886363636363,