{
  "algo": "generic",
  "hparams": {
    "generations": 100,
    "popsize": 22,
    "fix_last_gene": true,
    "seed": 707,
    "verbosity": 1,
    "log_every": 1,
    "evals_cap": 10000,
    "cxpb": 0.7409950818206213,
    "mutpb": 0.43772546737479134,
    "mutation_rate": 0.12104986465008055
  },
  "metrics": {
    "best_final": 438.65,
    "auc_best": 43857.65000000008,
    "auc_best_norm": 438.5765000000008,
    "runtime_sec": 71.12292170524597,
    "evals_total": 1902,
    "budget_triggered": false,
    "stop_reason": "None"
  },
  "diagnostics": {
    "best": {
      "start": 436.55,
      "end": 438.65,
      "delta_abs": 2.099999999999966,
      "delta_rel": 0.004810445538884356,
      "max_val": 438.65,
      "argmax": 9,
      "auc_raw": 43857.65000000008,
      "auc_norm": 438.5765000000008
    },
    "mean": {
      "start": 427.7886363636363,
      "end": 436.14090909090913,
      "delta_abs": 8.352272727272862,
      "delta_rel": 0.01952429778937166,
      "max_val": 438.50681818181806,
      "argmax": 74,
      "auc_raw": 43699.98977272728,
      "auc_norm": 436.99989772727275
    },
    "median": {
      "start": 434.29999999999995,
      "end": 438.65,
      "delta_abs": 4.350000000000023,
      "delta_rel": 0.010016117890858907,
      "max_val": 438.65,
      "argmax": 19,
      "auc_raw": 43837.62500000002,
      "auc_norm": 438.3762500000002
    }
  },
  "genomes": {
    "best_genome": [
      0,
      0,
      1,
      0,
      0,
      1,
      0,
      1,
      1,
      0,
      1,
      1,
      1,
      1,
      1,
      0,
      0,
      0,
      0,
      0,
      0,
      0,
      0,
      0,
      0,
      0,
      0,
      0,
      0,
      0,
      0,
      0,
      1
    ],
    "all_best_genomes": null
  },
  "raw": {
    "curves": {
      "best": [
        436.55,
        436.7,
        437.0,
        437.0,
        438.2,
        438.5,
        438.5,
        438.5,
        438.5,
        438.65,
        438.65,
        438.65,
        438.65,
        438.65,
        438.65,
        438.65,
        438.65,
        438.65,
        438.65,
        438.65,
        438.65,
        438.65,
        438.65,
        438.65,
        438.65,
        438.65,
        438.65,
        438.65,
        438.65,
        438.65,
        438.65,
        438.65,
        438.65,
        438.65,
        438.65,
        438.65,
        438.65,
        438.65,
        438.65,
        438.65,
        438.65,
        438.65,
        438.65,
        438.65,
        438.65,
        438.65,
        438.65,
        438.65,
        438.65,
        438.65,
        438.65,
        438.65,
        438.65,
        438.65,
        438.65,
        438.65,
        438.65,
        438.65,
        438.65,
        438.65,
        438.65,
        438.65,
        438.65,
        438.65,
        438.65,
        438.65,
        438.65,
        438.65,
        438.65,
        438.65,
        438.65,
        438.65,
        438.65,
        438.65,
        438.65,
        438.65,
        438.65,
        438.65,
        438.65,
        438.65,
        438.65,
        438.65,
        438.65,
        438.65,
        438.65,
        438.65,
        438.65,
        438.65,
        438.65,
        438.65,
        438.65,
        438.65,
        438.65,
        438.65,
        438.65,
        438.65,
        438.65,
        438.65,
        438.65,
        438.65,
        438.65
      ],
      "mean": [
        427.7886363636363,
        434.27272727272725,
        432.56136363636364,
        435.15227272727265,
        436.5227272727272,
        435.75909090909084,
        437.27954545454537,
        436.6454545454546,
        436.9113636363638,
        437.15000000000003,
        434.93409090909097,
        435.82045454545454,
        435.96363636363634,
        437.0681818181818,
        436.0181818181818,
        438.275,
        438.2681818181818,
        438.2886363636363,
        438.1113636363636,
        438.3977272727272,
        436.11363636363626,
        437.36818181818177,
        437.3477272727272,
        437.0340909090908,
        436.7545454545454,
        435.11136363636365,
        438.15227272727265,
        437.10227272727275,
        437.27954545454537,
        436.0931818181818,
        437.17045454545456,
        437.38863636363635,
        437.4090909090908,
        436.03181818181815,
        437.1431818181818,
        436.10681818181814,
        437.9545454545454,
        437.4295454545454,
        438.24090909090904,
        437.0545454545454,
        437.0886363636362,
        437.02727272727276,
        434.85227272727263,
        437.975,
        438.22727272727275,
        437.1363636363636,
        437.15681818181815,
        437.25909090909084,
        438.2681818181818,
        438.22045454545446,
        438.30909090909086,
        435.12499999999994,
        438.40454545454537,
        438.165909090909,
        438.3977272727272,
        437.26590909090896,
        437.4431818181818,
        435.0431818181818,
        438.4727272727272,
        436.2840909090908,
        437.35454545454536,
        438.4727272727272,
        437.36818181818177,
        437.17727272727274,
        437.1295454545454,
        437.0068181818182,
        438.1795454545454,
        437.1568181818182,
        436.1818181818181,
        437.11590909090904,
        437.24545454545444,
        437.14999999999986,
        436.37272727272733,
        435.9977272727272,
        438.50681818181806,
        437.28636363636355,
        438.1386363636364,
        437.4499999999999,
        437.29999999999995,
        436.290909090909,
        436.3249999999999,
        436.08636363636356,
        438.2681818181818,
        438.2477272727272,
        438.2613636363636,
        435.17954545454535,
        436.965909090909,
        437.0545454545454,
        437.0,
        437.18409090909097,
        437.12272727272733,
        438.34999999999997,
        434.97499999999985,
        436.99318181818177,
        438.28181818181815,
        437.29999999999995,
        438.47272727272724,
        437.2727272727272,
        436.9045454545454,
        437.0886363636364,
        436.14090909090913
      ],
      "median": [
        434.29999999999995,
        435.125,
        435.575,
        436.325,
        436.55,
        436.625,
        437.0,
        438.04999999999995,
        438.2,
        438.5,
        438.5,
        438.05,
        438.125,
        438.2,
        438.35,
        438.5,
        438.575,
        438.575,
        438.425,
        438.65,
        438.65,
        438.65,
        438.65,
        438.65,
        437.9,
        438.425,
        438.575,
        438.425,
        438.65,
        438.65,
        438.575,
        438.65,
        438.65,
        438.5,
        438.5,
        438.5,
        438.425,
        438.65,
        438.65,
        438.65,
        438.65,
        438.5,
        438.04999999999995,
        438.275,
        438.35,
        438.65,
        438.575,
        438.425,
        438.65,
        438.65,
        438.65,
        438.65,
        438.65,
        438.575,
        438.65,
        438.65,
        438.65,
        438.65,
        438.65,
        438.65,
        438.65,
        438.65,
        438.65,
        438.65,
        438.65,
        438.65,
        438.425,
        438.575,
        438.35,
        438.575,
        438.5,
        438.65,
        438.65,
        438.5,
        438.65,
        438.65,
        438.5,
        438.65,
        438.65,
        438.65,
        438.65,
        438.5,
        438.425,
        438.5,
        438.65,
        438.65,
        438.65,
        438.575,
        438.425,
        438.65,
        438.5,
        438.65,
        438.65,
        438.5,
        438.65,
        438.65,
        438.65,
        438.65,
        438.2,
        438.425,
        438.65
      ]
    }
  },
  "per_generation": [
    {
      "gen": 0.0,
      "best": 436.55,
      "mean": 427.7886363636363,