{
  "algo": "generic",
  "hparams": {
    "generations": 100,
    "popsize": 22,
    "fix_last_gene": true,
    "seed": 303,
    "verbosity": 1,
    "log_every": 1,
    "evals_cap": 10000,
    "cxpb": 0.7653937633136357,
    "mutpb": 0.27722096305633026,
    "mutation_rate": 0.0915474020689163
  },
  "metrics": {
    "best_final": 438.65,
    "auc_best": 43853.75000000008,
    "auc_best_norm": 438.5375000000008,
    "runtime_sec": 72.54326725006104,
    "evals_total": 1889,
    "budget_triggered": false,
    "stop_reason": "None"
  },
  "diagnostics": {
    "best": {
      "start": 436.55,
      "end": 438.65,
      "delta_abs": 2.099999999999966,
      "delta_rel": 0.004810445538884356,
      "max_val": 438.65,
      "argmax": 20,
      "auc_raw": 43853.75000000008,
      "auc_norm": 438.5375000000008
    },
    "mean": {
      "start": 426.45227272727266,
      "end": 438.43863636363625,
      "delta_abs": 11.986363636363592,
      "delta_rel": 0.02810716322299725,
      "max_val": 438.64999999999986,
      "argmax": 51,
      "auc_raw": 43763.722727272696,
      "auc_norm": 437.63722727272693
    },
    "median": {
      "start": 433.85,
      "end": 438.65,
      "delta_abs": 4.7999999999999545,
      "delta_rel": 0.01106373170450606,
      "max_val": 438.65,
      "argmax": 24,
      "auc_raw": 43845.725000000086,
      "auc_norm": 438.45725000000084
    }
  },
  "genomes": {
    "best_genome": [
      0,
      0,
      1,
      1,
      0,
      1,
      1,
      1,
      1,
      0,
      0,
      1,
      1,
      1,
      1,
      0,
      0,
      0,
      0,
      0,
      0,
      0,
      0,
      0,
      0,
      0,
      0,
      0,
      0,
      0,
      0,
      0,
      1
    ],
    "all_best_genomes": null
  },
  "raw": {
    "curves": {
      "best": [
        436.55,
        436.55,
        437.3,
        437.75,
        437.9,
        438.05,
        438.05,
        438.05,
        438.2,
        438.2,
        438.2,
        438.2,
        438.2,
        438.5,
        438.5,
        438.5,
        438.5,
        438.5,
        438.5,
        438.5,
        438.65,
        438.65,
        438.65,
        438.65,
        438.65,
        438.65,
        438.65,
        438.65,
        438.65,
        438.65,
        438.65,
        438.65,
        438.65,
        438.65,
        438.65,
        438.65,
        438.65,
        438.65,
        438.65,
        438.65,
        438.65,
        438.65,
        438.65,
        438.65,
        438.65,
        438.65,
        438.65,
        438.65,
        438.65,
        438.65,
        438.65,
        438.65,
        438.65,
        438.65,
        438.65,
        438.65,
        438.65,
        438.65,
        438.65,
        438.65,
        438.65,
        438.65,
        438.65,
        438.65,
        438.65,
        438.65,
        438.65,
        438.65,
        438.65,
        438.65,
        438.65,
        438.65,
        438.65,
        438.65,
        438.65,
        438.65,
        438.65,
        438.65,
        438.65,
        438.65,
        438.65,
        438.65,
        438.65,
        438.65,
        438.65,
        438.65,
        438.65,
        438.65,
        438.65,
        438.65,
        438.65,
        438.65,
        438.65,
        438.65,
        438.65,
        438.65,
        438.65,
        438.65,
        438.65,
        438.65,
        438.65
      ],
      "mean": [
        426.45227272727266,
        431.02727272727276,
        435.99090909090904,
        434.53181818181815,
        436.95909090909083,
        436.33181818181816,
        437.62045454545455,
        437.9545454545454,
        436.72727272727275,
        435.90227272727265,
        438.04999999999995,
        437.9818181818182,
        435.93636363636364,
        435.984090909091,
        438.16590909090917,
        437.29318181818184,
        438.29545454545456,
        438.37727272727267,
        438.35,
        437.42272727272734,
        438.45227272727277,
        438.38409090909096,
        438.5,
        437.3068181818181,
        438.44545454545454,
        438.5886363636362,
        438.60227272727275,
        437.32727272727266,
        435.15227272727265,
        437.4090909090908,
        438.5545454545454,
        437.31363636363636,
        436.09999999999997,
        438.37045454545444,
        437.415909090909,
        437.3204545454544,
        438.49999999999994,
        438.465909090909,
        438.5613636363636,
        438.29545454545445,
        438.30909090909086,
        437.4499999999999,
        438.3977272727272,
        437.43636363636347,
        438.4318181818181,
        437.47045454545446,
        438.41818181818167,
        438.5477272727272,
        438.63636363636357,
        438.41136363636355,
        438.4454545454544,
        438.64999999999986,
        437.59999999999985,
        437.37499999999994,
        437.52499999999986,
        438.52727272727265,
        437.42954545454535,
        437.340909090909,
        438.5749999999999,
        438.45909090909083,
        438.51363636363635,
        438.50681818181806,
        438.36363636363626,
        437.47045454545446,
        438.6090909090908,
        437.29999999999995,
        438.4454545454544,
        437.51136363636357,
        438.356818181818,
        436.12045454545444,
        436.365909090909,
        438.54772727272723,
        438.59545454545446,
        437.4295454545454,
        438.51363636363635,
        437.3613636363635,
        438.4113636363636,
        437.37499999999994,
        436.30454545454535,
        437.3613636363635,
        438.3022727272726,
        436.33863636363634,
        437.39545454545447,
        438.41818181818167,
        438.4113636363636,
        438.4522727272726,
        438.47954545454536,
        437.4295454545454,
        438.5204545454544,
        438.63636363636357,
        438.30909090909086,
        437.47045454545446,
        437.37499999999994,
        438.47954545454536,
        437.38181818181806,
        438.3977272727272,
        438.4863636363635,
        437.35454545454536,
        436.26363636363635,
        438.50681818181806,
        438.43863636363625
      ],
      "median": [
        433.85,
        435.275,
        436.25,
        436.7,
        437.225,
        437.375,
        437.75,
        438.05,
        438.05,
        438.05,
        438.05,
        438.2,
        438.2,
        438.2,
        438.2,
        438.5,
        438.5,
        438.5,
        438.5,
        438.5,
        438.5,
        438.5,
        438.5,
        438.5,
        438.65,
        438.65,
        438.65,
        438.65,
        438.65,
        438.65,
        438.65,
        438.65,
        438.65,
        438.65,
        438.65,
        438.65,
        438.65,
        438.65,
        438.65,
        438.65,
        438.65,
        438.65,
        438.65,
        438.65,
        438.65,
        438.65,
        438.65,
        438.65,
        438.65,
        438.65,
        438.65,
        438.65,
        438.65,
        438.65,
        438.65,
        438.65,
        438.65,
        438.65,
        438.65,
        438.65,
        438.65,
        438.65,
        438.65,
        438.65,
        438.65,
        438.65,
        438.65,
        438.65,
        438.65,
        438.65,
        438.65,
        438.65,
        438.65,
        438.65,
        438.65,
        438.65,
        438.65,
        438.65,
        438.65,
        438.65,
        438.65,
        438.65,
        438.65,
        438.65,
        438.65,
        438.65,
        438.65,
        438.65,
        438.65,
        438.65,
        438.65,
        438.65,
        438.65,
        438.65,
        438.65,
        438.65,
        438.65,
        438.65,
        438.65,
        438.65,
        438.65
      ]
    }
  },
  "per_generation": [
    {
      "gen": 0.0,
      "best": 436.55,
      "mean": 426.45227272727266,
      "median": 433.85
    },
    {
      "gen": 1.0,