{
  "algo": "generic",
  "hparams": {
    "generations": 100,
    "popsize": 22,
    "fix_last_gene": true,
    "seed": 505,
    "verbosity": 1,
    "log_every": 1,
    "evals_cap": 10000,
    "cxpb": 0.9773818928901302,
    "mutpb": 0.11773674166383268,
    "mutation_rate": 0.16858500547331534
  },
  "metrics": {
    "best_final": 438.65,
    "auc_best": 43844.82500000003,
    "auc_best_norm": 438.4482500000003,
    "runtime_sec": 67.0384509563446,
    "evals_total": 2171,
    "budget_triggered": false,
    "stop_reason": "None"
  },
  "diagnostics": {
    "best": {
      "start": 436.7,
      "end": 438.65,
      "delta_abs": 1.9499999999999886,
      "delta_rel": 0.004465307991756329,
      "max_val": 438.65,
      "argmax": 74,
      "auc_raw": 43844.82500000003,
      "auc_norm": 438.4482500000003
    },
    "mean": {
      "start": 422.3886363636364,
      "end": 438.54090909090905,
      "delta_abs": 16.152272727272646,
      "delta_rel": 0.03824031078659767,
      "max_val": 438.64999999999986,
      "argmax": 89,
      "auc_raw": 43767.8715909091,
      "auc_norm": 437.67871590909095
    },
    "median": {
      "start": 413.975,
      "end": 438.65,
      "delta_abs": 24.674999999999955,
      "delta_rel": 0.05960504861404663,
      "max_val": 438.65,
      "argmax": 78,
      "auc_raw": 43826.93750000003,
      "auc_norm": 438.2693750000003
    }
  },
  "genomes": {
    "best_genome": [
      0,
      0,
      0,
      1,
      0,
      1,
      1,
      0,
      0,
      1,
      1,
      0,
      0,
      1,
      1,
      0,
      0,
      0,
      0,
      0,
      0,
      0,
      0,
      0,
      0,
      0,
      0,
      0,
      0,
      0,
      0,
      0,
      1
    ],
    "all_best_genomes": null
  },
  "raw": {
    "curves": {
      "best": [
        436.7,
        436.85,
        436.85,
        437.15,
        437.3,
        437.3,
        437.6,
        438.2,
        438.5,
        438.5,
        438.5,
        438.5,
        438.5,
        438.5,
        438.5,
        438.5,
        438.5,
        438.5,
        438.5,
        438.5,
        438.5,
        438.5,
        438.5,
        438.5,
        438.5,
        438.5,
        438.5,
        438.5,
        438.5,
        438.5,
        438.5,
        438.5,
        438.5,
        438.5,
        438.5,
        438.5,
        438.5,
        438.5,
        438.5,
        438.5,
        438.5,
        438.5,
        438.5,
        438.5,
        438.5,
        438.5,
        438.5,
        438.5,
        438.5,
        438.5,
        438.5,
        438.5,
        438.5,
        438.5,
        438.5,
        438.5,
        438.5,
        438.5,
        438.5,
        438.5,
        438.5,
        438.5,
        438.5,
        438.5,
        438.5,
        438.5,
        438.5,
        438.5,
        438.5,
        438.5,
        438.5,
        438.5,
        438.5,
        438.5,
        438.65,
        438.65,
        438.65,
        438.65,
        438.65,
        438.65,
        438.65,
        438.65,
        438.65,
        438.65,
        438.65,
        438.65,
        438.65,
        438.65,
        438.65,
        438.65,
        438.65,
        438.65,
        438.65,
        438.65,
        438.65,
        438.65,
        438.65,
        438.65,
        438.65,
        438.65,
        438.65
      ],
      "mean": [
        422.3886363636364,
        431.5045454545454,
        436.134090909091,
        435.57500000000005,
        434.6204545454546,
        436.6318181818182,
        437.04090909090905,
        437.26590909090913,
        436.52272727272725,
        437.8318181818182,
        438.0636363636364,
        438.4045454545454,
        438.32272727272726,
        438.5,
        438.3022727272728,
        437.1568181818182,
        438.4045454545454,
        437.3681818181818,
        438.46590909090907,
        438.5,
        437.32727272727277,
        438.46590909090907,
        437.11590909090904,
        436.2431818181818,
        438.5,
        438.30227272727274,
        438.44545454545454,
        438.44545454545454,
        438.3568181818182,
        437.3954545454546,
        438.43863636363636,
        438.25454545454545,
        438.32954545454544,
        437.42954545454546,
        438.48636363636365,
        438.5,
        436.09318181818185,
        438.31590909090914,
        438.45227272727277,
        438.17272727272723,
        438.43863636363636,
        437.24545454545455,
        438.2818181818182,
        438.39090909090913,
        437.3545454545454,
        438.21363636363634,
        438.3568181818182,
        438.4113636363636,
        438.48636363636365,
        437.25909090909096,
        438.22727272727275,
        438.38409090909096,
        438.4113636363636,
        438.3363636363637,
        438.45227272727277,
        438.46590909090907,
        438.37045454545455,
        437.2386363636364,
        437.38181818181823,
        437.40227272727276,
        437.19090909090914,
        438.5,
        437.34090909090907,
        434.10909090909087,
        438.3568181818182,
        438.4045454545454,
        438.44545454545454,
        438.44545454545454,
        437.3818181818182,
        437.31363636363636,
        438.5,
        438.43863636363636,
        438.41818181818184,
        438.38409090909096,
        438.4318181818182,
        438.23409090909087,
        436.3863636363636,
        437.4295454545454,
        437.47727272727263,
        437.45681818181805,
        437.47045454545446,
        437.51818181818174,
        438.465909090909,
        438.56818181818176,
        438.540909090909,
        438.45227272727266,
        437.39545454545447,
        437.2863636363636,
        437.47727272727263,
        438.64999999999986,
        438.4727272727272,
        437.415909090909,
        438.6227272727272,
        437.5727272727272,
        438.5477272727272,
        438.60227272727263,
        438.64999999999986,
        437.4840909090908,
        438.64999999999986,
        434.12272727272716,
        438.54090909090905
      ],
      "median": [
        413.975,
        435.65,
        436.54999999999995,
        436.775,
        436.85,
        436.85,
        437.15,
        437.3,
        437.6,
        437.9,
        438.2,
        438.5,
        438.5,
        438.5,
        438.5,
        438.5,
        438.5,
        438.5,
        438.5,
        438.5,
        438.5,
        438.5,
        438.5,
        438.5,
        438.5,
        438.5,
        438.5,
        438.5,
        438.5,
        438.5,
        438.5,
        438.5,
        438.5,
        438.5,
        438.5,
        438.5,
        438.5,
        438.5,
        438.5,
        438.5,
        438.5,
        438.5,
        438.5,
        438.5,
        438.5,
        438.5,
        438.5,
        438.5,
        438.5,
        438.5,
        438.5,
        438.5,
        438.5,
        438.5,
        438.5,
        438.5,
        438.5,
        438.5,
        438.5,
        438.5,
        438.5,
        438.5,
        438.5,
        438.5,
        438.5,
        438.5,
        438.5,
        438.5,
        438.5,
        438.5,
        438.5,
        438.5,
        438.5,
        438.5,
        438.5,
        438.5,
        438.5,
        438.5,
        438.65,
        438.65,
        438.65,
        438.65,
        438.65,
        438.65,
        438.65,
        438.65,
        438.65,
        438.65,
        438.65,
        438.65,
        438.65,
        438.65,
        438.65,
        438.65,
        438.65,
        438.65,
        438.65,
        438.65,
        438.65,
        438.65,
        438.65
      ]
    }
  },
  "per_generation": [
    {
      "gen": 0.0,
      "best": 436.7,
      "mean": 422.3886363636364,
      "median": 413.975
    },
    {
      "gen": 1.0,
      "best": 436.85,
      "mean": 431.5045454545454,
      "median": 435.65
    },
    {
      "gen": 2.0,
      "best": 436.85,
      "mean": 436.134090909091,