{
  "algo": "generic",
  "hparams": {
    "generations": 100,
    "popsize": 22,
    "fix_last_gene": true,
    "seed": 202,
    "verbosity": 1,
    "log_every": 1,
    "evals_cap": 10000,
    "cxpb": 0.09263080265223729,
    "mutpb": 0.47618812200282834,
    "mutation_rate": 0.0871025461867389
  },
  "metrics": {
    "best_final": 438.65,
    "auc_best": 43854.27500000008,
    "auc_best_norm": 438.5427500000008,
    "runtime_sec": 43.89344048500061,
    "evals_total": 1183,
    "budget_triggered": false,
    "stop_reason": "None"
  },
  "diagnostics": {
    "best": {
      "start": 436.7,
      "end": 438.65,
      "delta_abs": 1.9499999999999886,
      "delta_rel": 0.004465307991756329,
      "max_val": 438.65,
      "argmax": 14,
      "auc_raw": 43854.27500000008,
      "auc_norm": 438.5427500000008
    },
    "mean": {
      "start": 422.29999999999995,
      "end": 437.4840909090908,
      "delta_abs": 15.184090909090855,
      "delta_rel": 0.03595569715626535,
      "max_val": 438.540909090909,
      "argmax": 72,
      "auc_raw": 43726.81250000001,
      "auc_norm": 437.26812500000005
    },
    "median": {
      "start": 413.0,
      "end": 438.65,
      "delta_abs": 25.649999999999977,
      "delta_rel": 0.062106537530266286,
      "max_val": 438.65,
      "argmax": 20,
      "auc_raw": 43828.85000000004,
      "auc_norm": 438.2885000000004
    }
  },
  "genomes": {
    "best_genome": [
      1,
      0,
      1,
      1,
      0,
      0,
      1,
      0,
      0,
      0,
      1,
      0,
      1,
      1,
      0,
      0,
      0,
      0,
      0,
      0,
      0,
      0,
      0,
      0,
      0,
      0,
      0,
      0,
      0,
      0,
      0,
      0,
      1
    ],
    "all_best_genomes": null
  },
  "raw": {
    "curves": {
      "best": [
        436.7,
        436.7,
        437.15,
        437.3,
        437.75,
        437.75,
        437.9,
        438.05,
        438.35,
        438.35,
        438.35,
        438.35,
        438.35,
        438.35,
        438.65,
        438.65,
        438.65,
        438.65,
        438.65,
        438.65,
        438.65,
        438.65,
        438.65,
        438.65,
        438.65,
        438.65,
        438.65,
        438.65,
        438.65,
        438.65,
        438.65,
        438.65,
        438.65,
        438.65,
        438.65,
        438.65,
        438.65,
        438.65,
        438.65,
        438.65,
        438.65,
        438.65,
        438.65,
        438.65,
        438.65,
        438.65,
        438.65,
        438.65,
        438.65,
        438.65,
        438.65,
        438.65,
        438.65,
        438.65,
        438.65,
        438.65,
        438.65,
        438.65,
        438.65,
        438.65,
        438.65,
        438.65,
        438.65,
        438.65,
        438.65,
        438.65,
        438.65,
        438.65,
        438.65,
        438.65,
        438.65,
        438.65,
        438.65,
        438.65,
        438.65,
        438.65,
        438.65,
        438.65,
        438.65,
        438.65,
        438.65,
        438.65,
        438.65,
        438.65,
        438.65,
        438.65,
        438.65,
        438.65,
        438.65,
        438.65,
        438.65,
        438.65,
        438.65,
        438.65,
        438.65,
        438.65,
        438.65,
        438.65,
        438.65,
        438.65,
        438.65
      ],
      "mean": [
        422.29999999999995,
        432.92272727272723,
        435.91590909090905,
        435.4522727272728,
        436.80909090909086,
        432.78636363636355,
        437.14318181818186,
        434.3068181818182,
        437.55909090909097,
        437.6545454545454,
        436.85000000000014,
        437.95454545454555,
        435.91590909090917,
        435.909090909091,
        438.18636363636375,
        438.26136363636374,
        437.14318181818186,
        438.37045454545455,
        438.22045454545446,
        437.040909090909,
        436.22954545454536,
        438.3295454545454,
        436.25,
        438.30909090909086,
        437.20454545454544,
        436.12045454545444,
        437.06818181818176,
        438.10454545454536,
        438.47954545454536,
        438.49318181818165,
        438.3022727272726,
        437.28636363636355,
        437.43636363636347,
        438.20681818181816,
        438.3636363636364,
        436.24999999999994,
        438.42499999999995,
        437.04772727272723,
        438.4113636363636,
        435.07045454545454,
        437.1227272727272,
        437.265909090909,
        436.4477272727272,
        437.1636363636363,
        437.40909090909093,
        438.4181818181818,
        438.275,
        437.231818181818,
        437.4295454545454,
        433.8977272727272,
        437.19090909090903,
        437.20454545454544,
        438.1863636363636,
        438.32954545454544,
        438.4863636363636,
        437.415909090909,
        438.4795454545454,
        437.40227272727265,
        437.33409090909083,
        437.3545454545454,
        437.08863636363634,
        437.23181818181814,
        437.3818181818182,
        437.3,
        437.1363636363636,
        438.11818181818177,
        438.22045454545446,
        438.31590909090903,
        438.23409090909087,
        437.2727272727272,
        437.4295454545454,
        438.24772727272716,
        438.540909090909,
        438.275,
        437.32727272727266,
        437.4090909090908,
        438.2681818181818,
        438.43863636363636,
        437.0340909090908,
        437.0886363636364,
        438.23409090909087,
        436.0045454545454,
        437.29318181818167,
        438.275,
        438.37727272727267,
        438.2545454545454,
        436.29772727272723,
        437.42954545454535,
        437.10909090909087,
        437.2863636363636,
        436.01136363636357,
        438.00909090909084,
        437.36818181818177,
        436.17499999999995,
        438.3704545454546,
        438.38409090909096,
        437.18409090909086,
        438.39772727272725,
        437.9477272727272,
        438.31590909090903,
        437.4840909090908
      ],
      "median": [
        413.0,
        434.825,
        436.025,
        436.7,
        437.15,
        437.15,
        437.3,
        437.75,
        437.6,
        437.75,
        438.05,
        438.20000000000005,
        438.35,
        438.20000000000005,
        438.35,
        438.35,
        438.35,
        438.5,
        438.5,
        438.425,
        438.65,
        438.65,
        438.65,
        438.65,
        438.5,
        438.65,
        438.5,
        438.42499999999995,
        438.65,
        438.65,
        438.65,
        438.65,
        438.65,
        438.65,
        438.65,
        438.65,
        438.65,
        438.5,
        438.65,
        438.35,
        438.65,
        438.65,
        438.65,
        438.65,
        438.65,
        438.65,
        438.65,
        438.65,
        438.65,
        438.65,
        438.65,
        438.425,
        438.65,
        438.65,
        438.65,
        438.65,
        438.65,
        438.65,
        438.65,
        438.65,
        438.575,
        438.425,
        438.575,
        438.65,
        438.65,
        438.65,
        438.65,
        438.575,
        438.65,
        438.65,
        438.65,
        438.65,
        438.65,
        438.65,
        438.65,
        438.65,
        438.65,
        438.65,
        438.65,
        438.425,
        438.65,
        438.05,
        438.65,
        438.65,
        438.65,
        438.65,
        438.65,
        438.65,
        438.35,
        438.65,
        438.20000000000005,
        438.20000000000005,
        438.65,
        438.65,
        438.35,
        438.65,
        438.5,
        438.575,
        438.35,
        438.65,
        438.65
      ]
    }
  },
  "per_generation": [
    {
      "gen": 0.0,
      "best": 436.7,
      "mean": 422.29999999999995,