{
  "algo": "generic",
  "hparams": {
    "generations": 100,
    "popsize": 22,
    "fix_last_gene": true,
    "seed": 1001,
    "verbosity": 1,
    "log_every": 1,
    "evals_cap": 10000,
    "cxpb": 0.6309611245068396,
    "mutpb": 0.43537342206095286,
    "mutation_rate": 0.11321721870065175
  },
  "metrics": {
    "best_final": 438.65,
    "auc_best": 43855.32500000009,
    "auc_best_norm": 438.5532500000009,
    "runtime_sec": 67.80417776107788,
    "evals_total": 1779,
    "budget_triggered": false,
    "stop_reason": "None"
  },
  "diagnostics": {
    "best": {
      "start": 437.9,
      "end": 438.65,
      "delta_abs": 0.75,
      "delta_rel": 0.001712719799040877,
      "max_val": 438.65,
      "argmax": 26,
      "auc_raw": 43855.32500000009,
      "auc_norm": 438.5532500000009
    },
    "mean": {
      "start": 427.6999999999999,
      "end": 433.99999999999994,
      "delta_abs": 6.300000000000068,
      "delta_rel": 0.01472995090016383,
      "max_val": 438.5340909090908,
      "argmax": 48,
      "auc_raw": 43683.711363636336,
      "auc_norm": 436.83711363636337
    },
    "median": {
      "start": 434.75,
      "end": 438.65,
      "delta_abs": 3.8999999999999773,
      "delta_rel": 0.008970672800459982,
      "max_val": 438.65,
      "argmax": 31,
      "auc_raw": 43841.60000000006,
      "auc_norm": 438.41600000000057
    }
  },
  "genomes": {
    "best_genome": [
      0,
      1,
      1,
      1,
      1,
      0,
      0,
      0,
      0,
      0,
      1,
      1,
      0,
      0,
      0,
      0,
      0,
      0,
      0,
      0,
      0,
      0,
      0,
      0,
      0,
      0,
      0,
      0,
      0,
      0,
      0,
      0,
      1
    ],
    "all_best_genomes": null
  },
  "raw": {
    "curves": {
      "best": [
        437.9,
        437.9,
        438.2,
        438.2,
        438.2,
        438.2,
        438.2,
        438.2,
        438.2,
        438.2,
        438.2,
        438.35,
        438.35,
        438.35,
        438.35,
        438.35,
        438.35,
        438.35,
        438.35,
        438.35,
        438.35,
        438.35,
        438.35,
        438.35,
        438.35,
        438.35,
        438.65,
        438.65,
        438.65,
        438.65,
        438.65,
        438.65,
        438.65,
        438.65,
        438.65,
        438.65,
        438.65,
        438.65,
        438.65,
        438.65,
        438.65,
        438.65,
        438.65,
        438.65,
        438.65,
        438.65,
        438.65,
        438.65,
        438.65,
        438.65,
        438.65,
        438.65,
        438.65,
        438.65,
        438.65,
        438.65,
        438.65,
        438.65,
        438.65,
        438.65,
        438.65,
        438.65,
        438.65,
        438.65,
        438.65,
        438.65,
        438.65,
        438.65,
        438.65,
        438.65,
        438.65,
        438.65,
        438.65,
        438.65,
        438.65,
        438.65,
        438.65,
        438.65,
        438.65,
        438.65,
        438.65,
        438.65,
        438.65,
        438.65,
        438.65,
        438.65,
        438.65,
        438.65,
        438.65,
        438.65,
        438.65,
        438.65,
        438.65,
        438.65,
        438.65,
        438.65,
        438.65,
        438.65,
        438.65,
        438.65,
        438.65
      ],
      "mean": [
        427.6999999999999,
        435.65681818181815,
        435.60909090909087,
        436.27045454545447,
        436.359090909091,
        436.775,
        437.92045454545456,
        436.89772727272737,
        436.72727272727275,
        436.57045454545465,
        435.7386363636364,
        435.56136363636375,
        434.6818181818182,
        434.4636363636364,
        434.81136363636364,
        432.5818181818182,
        435.85454545454553,
        436.91136363636366,
        437.1022727272728,
        437.034090909091,
        435.909090909091,
        436.84318181818185,
        435.8681818181818,
        438.0704545454546,
        435.9977272727274,
        433.70000000000005,
        437.98181818181826,
        438.0909090909092,
        438.1931818181818,
        436.07954545454544,
        436.0181818181818,
        437.22499999999997,
        438.28181818181815,
        436.16136363636355,
        436.22272727272724,
        437.35454545454536,
        436.0931818181818,
        438.19318181818176,
        436.2363636363636,
        438.23409090909087,
        438.28181818181815,
        436.290909090909,
        438.51363636363624,
        438.15909090909093,
        435.0022727272728,
        438.1727272727272,
        438.3227272727272,
        437.3068181818181,
        438.5340909090908,
        438.35681818181814,
        438.2681818181818,
        437.1227272727272,
        437.0749999999999,
        437.45681818181816,
        434.8045454545454,
        436.31818181818176,
        438.35681818181814,
        434.10227272727275,
        438.45909090909083,
        437.39545454545447,
        437.22499999999997,
        438.29545454545445,
        435.1727272727272,
        436.1477272727272,
        437.12954545454545,
        438.3022727272726,
        434.94090909090903,
        436.14772727272725,
        437.265909090909,
        436.42045454545456,
        437.1295454545454,
        438.45909090909083,
        437.2727272727272,
        437.32045454545454,
        438.4454545454544,
        436.24999999999994,
        437.17045454545445,
        438.35681818181814,
        437.08181818181816,
        438.07727272727266,
        438.19318181818176,
        433.97954545454536,
        437.075,
        437.18409090909086,
        437.09545454545446,
        437.95454545454544,
        437.22499999999997,
        438.4318181818182,
        436.15454545454537,
        438.0363636363636,
        436.2363636363636,
        438.2477272727272,
        438.4522727272726,
        438.24090909090904,
        437.1977272727272,
        437.075,
        437.22499999999997,
        438.43863636363636,
        437.22499999999997,
        433.99999999999994,
        433.99999999999994
      ],
      "median": [
        434.75,
        435.5,
        436.4,
        437.6,
        437.9,
        437.9,
        438.05,
        438.2,
        438.125,
        438.2,
        438.2,
        438.2,
        438.2,
        437.525,
        438.125,
        438.275,
        438.35,
        438.35,
        438.35,
        438.35,
        438.35,
        438.35,
        438.35,
        438.35,
        438.35,
        438.35,
        438.35,
        438.35,
        438.35,
        438.35,
        438.35,
        438.65,
        438.65,
        438.65,
        438.65,
        438.65,
        438.65,
        438.65,
        438.65,
        438.65,
        438.65,
        438.65,
        438.65,
        438.275,
        438.275,
        438.65,
        438.65,
        438.65,
        438.65,
        438.65,
        438.65,
        438.65,
        438.275,
        438.65,
        438.65,
        438.65,
        438.65,
        438.65,
        438.65,
        438.65,
        438.65,
        438.65,
        438.65,
        438.65,
        438.5,
        438.65,
        438.42499999999995,
        438.65,
        438.65,
        438.65,
        438.65,
        438.65,
        438.65,
        438.575,
        438.65,
        438.65,
        438.65,
        438.65,
        438.65,
        438.65,
        438.65,
        438.05,
        438.35,
        438.65,
        438.35,
        438.425,
        438.65,
        438.65,
        438.65,
        438.20000000000005,
        438.575,
        438.575,
        438.65,
        438.65,
        438.65,
        438.65,
        438.65,
        438.65,
        438.65,
        438.65,
        438.65
      ]
    }
  },
  "per_generation": [
    {
      "gen": 0.0,
      "best": 437.9,
      "mean": 427.6999999999999,