{
  "algo": "generic",
  "hparams": {
    "generations": 100,
    "popsize": 22,
    "fix_last_gene": true,
    "seed": 909,
    "verbosity": 1,
    "log_every": 1,
    "evals_cap": 10000,
    "cxpb": 0.8052487732162671,
    "mutpb": 0.15931635474890687,
    "mutation_rate": 0.17514101883536598
  },
  "metrics": {
    "best_final": 438.65,
    "auc_best": 43849.325000000084,
    "auc_best_norm": 438.49325000000084,
    "runtime_sec": 82.4159243106842,
    "evals_total": 1873,
    "budget_triggered": false,
    "stop_reason": "None"
  },
  "diagnostics": {
    "best": {
      "start": 436.7,
      "end": 438.65,
      "delta_abs": 1.9499999999999886,
      "delta_rel": 0.004465307991756329,
      "max_val": 438.65,
      "argmax": 23,
      "auc_raw": 43849.325000000084,
      "auc_norm": 438.49325000000084
    },
    "mean": {
      "start": 422.63409090909084,
      "end": 438.5886363636362,
      "delta_abs": 15.954545454545382,
      "delta_rel": 0.03775025677703133,
      "max_val": 438.63636363636357,
      "argmax": 46,
      "auc_raw": 43734.34999999998,
      "auc_norm": 437.3434999999998
    },
    "median": {
      "start": 413.75,
      "end": 438.65,
      "delta_abs": 24.899999999999977,
      "delta_rel": 0.06018126888217517,
      "max_val": 438.65,
      "argmax": 26,
      "auc_raw": 43830.12500000009,
      "auc_norm": 438.3012500000009
    }
  },
  "genomes": {
    "best_genome": [
      1,
      1,
      0,
      1,
      1,
      0,
      1,
      0,
      0,
      0,
      0,
      0,
      0,
      1,
      0,
      0,
      0,
      0,
      0,
      0,
      0,
      0,
      0,
      0,
      0,
      0,
      0,
      0,
      0,
      0,
      0,
      0,
      1
    ],
    "all_best_genomes": null
  },
  "raw": {
    "curves": {
      "best": [
        436.7,
        436.7,
        437.15,
        437.6,
        437.9,
        437.9,
        437.9,
        437.9,
        438.05,
        438.05,
        438.05,
        438.05,
        438.05,
        438.05,
        438.05,
        438.05,
        438.05,
        438.05,
        438.05,
        438.5,
        438.5,
        438.5,
        438.5,
        438.65,
        438.65,
        438.65,
        438.65,
        438.65,
        438.65,
        438.65,
        438.65,
        438.65,
        438.65,
        438.65,
        438.65,
        438.65,
        438.65,
        438.65,
        438.65,
        438.65,
        438.65,
        438.65,
        438.65,
        438.65,
        438.65,
        438.65,
        438.65,
        438.65,
        438.65,
        438.65,
        438.65,
        438.65,
        438.65,
        438.65,
        438.65,
        438.65,
        438.65,
        438.65,
        438.65,
        438.65,
        438.65,
        438.65,
        438.65,
        438.65,
        438.65,
        438.65,
        438.65,
        438.65,
        438.65,
        438.65,
        438.65,
        438.65,
        438.65,
        438.65,
        438.65,
        438.65,
        438.65,
        438.65,
        438.65,
        438.65,
        438.65,
        438.65,
        438.65,
        438.65,
        438.65,
        438.65,
        438.65,
        438.65,
        438.65,
        438.65,
        438.65,
        438.65,
        438.65,
        438.65,
        438.65,
        438.65,
        438.65,
        438.65,
        438.65,
        438.65,
        438.65
      ],
      "mean": [
        422.63409090909084,
        429.01590909090913,
        433.82272727272726,
        436.75454545454556,
        437.15,
        435.11136363636365,
        436.4068181818183,
        437.5386363636364,
        435.2204545454546,
        436.58409090909095,
        436.67272727272723,
        437.865909090909,
        437.6818181818182,
        436.7886363636363,
        436.71363636363634,
        437.74318181818177,
        437.9340909090908,
        438.03636363636355,
        436.6318181818182,
        437.8590909090908,
        438.11818181818177,
        438.23409090909087,
        437.1295454545454,
        435.92272727272723,
        436.21590909090907,
        438.39090909090913,
        438.465909090909,
        436.3113636363636,
        438.51363636363624,
        438.5272727272726,
        438.50681818181806,
        438.3977272727272,
        438.27499999999986,
        436.30454545454535,
        436.215909090909,
        438.13863636363635,
        436.17499999999995,
        436.365909090909,
        438.50681818181806,
        438.5204545454544,
        438.5954545454544,
        438.540909090909,
        437.5590909090908,
        437.23863636363626,
        436.35227272727263,
        437.490909090909,
        438.63636363636357,
        438.47954545454536,
        438.4727272727272,
        437.38181818181806,
        438.5340909090908,
        438.35681818181814,
        434.9136363636363,
        438.32272727272715,
        437.32727272727266,
        438.39090909090896,
        438.49999999999994,
        437.4363636363636,
        437.5181818181818,
        438.45227272727266,
        437.4840909090908,
        437.31363636363625,
        438.5477272727272,
        436.39999999999986,
        437.265909090909,
        438.59545454545446,
        438.4795454545454,
        437.47727272727263,
        438.47272727272724,
        438.5340909090908,
        438.5886363636362,
        437.5045454545454,
        438.36363636363626,
        437.45681818181805,
        437.490909090909,
        438.41136363636355,
        438.52727272727265,
        438.2545454545453,
        437.54545454545445,
        435.1113636363636,
        438.38409090909084,
        438.4386363636362,
        436.22954545454536,
        437.17045454545445,
        437.51818181818174,
        438.34999999999997,
        438.31590909090903,
        435.9977272727272,
        438.51363636363624,
        438.45227272727266,
        436.25681818181806,
        435.165909090909,
        437.490909090909,
        437.1636363636363,
        438.4727272727272,
        438.4113636363636,
        435.13863636363635,
        438.5340909090908,
        438.1590909090908,
        436.481818181818,
        438.5886363636362
      ],
      "median": [
        413.75,
        435.04999999999995,
        436.175,
        436.7,
        437.15,
        437.45,
        437.45,
        437.675,
        437.75,
        437.75,
        437.75,
        437.975,
        438.05,
        438.05,
        438.05,
        438.05,
        438.05,
        438.05,
        438.05,
        438.05,
        438.05,
        438.5,
        438.5,
        438.5,
        438.5,
        438.5,
        438.65,
        438.65,
        438.65,
        438.65,
        438.65,
        438.65,
        438.65,
        438.65,
        438.65,
        438.65,
        438.65,
        438.65,
        438.65,
        438.65,
        438.65,
        438.65,
        438.65,
        438.65,
        438.65,
        438.65,
        438.65,
        438.65,
        438.65,
        438.65,
        438.65,
        438.65,
        438.65,
        438.65,
        438.65,
        438.65,
        438.65,
        438.65,
        438.65,
        438.65,
        438.65,
        438.65,
        438.65,
        438.65,
        438.65,
        438.65,
        438.65,
        438.65,
        438.65,
        438.65,
        438.65,
        438.65,
        438.65,
        438.65,
        438.65,
        438.65,
        438.65,
        438.65,
        438.65,
        438.65,
        438.65,
        438.65,
        438.65,
        438.65,
        438.65,
        438.65,
        438.65,
        438.65,
        438.65,
        438.65,
        438.65,
        438.65,
        438.65,
        438.65,
        438.65,
        438.65,
        438.65,
        438.65,
        438.65,
        438.65,
        438.65
      ]
    }
  },
  "per_generation": [
    {
      "gen": 0.0,
      "best": 436.7,
      "mean": 422.63409090909084,