{
  "algo": "generic",
  "hparams": {
    "generations": 100,
    "popsize": 22,
    "fix_last_gene": true,
    "seed": 1102,
    "verbosity": 1,
    "log_every": 1,
    "evals_cap": 10000,
    "cxpb": 0.26015577734793965,
    "mutpb": 0.288146937273226,
    "mutation_rate": 0.08585123338494605
  },
  "metrics": {
    "best_final": 438.65,
    "auc_best": 43852.55000000008,
    "auc_best_norm": 438.5255000000008,
    "runtime_sec": 40.474063873291016,
    "evals_total": 1123,
    "budget_triggered": false,
    "stop_reason": "None"
  },
  "diagnostics": {
    "best": {
      "start": 437.15,
      "end": 438.65,
      "delta_abs": 1.5,
      "delta_rel": 0.0034313164817568343,
      "max_val": 438.65,
      "argmax": 19,
      "auc_raw": 43852.55000000008,
      "auc_norm": 438.5255000000008
    },
    "mean": {
      "start": 422.7295454545454,
      "end": 438.5204545454544,
      "delta_abs": 15.790909090908997,
      "delta_rel": 0.037354637878290756,
      "max_val": 438.615909090909,
      "argmax": 54,
      "auc_raw": 43776.274999999994,
      "auc_norm": 437.7627499999999
    },
    "median": {
      "start": 413.67499999999995,
      "end": 438.65,
      "delta_abs": 24.975000000000023,
      "delta_rel": 0.060373481597872786,
      "max_val": 438.65,
      "argmax": 23,
      "auc_raw": 43835.48750000009,
      "auc_norm": 438.3548750000009
    }
  },
  "genomes": {
    "best_genome": [
      1,
      0,
      1,
      0,
      0,
      1,
      0,
      1,
      0,
      0,
      1,
      1,
      0,
      0,
      0,
      0,
      0,
      0,
      0,
      0,
      0,
      0,
      0,
      0,
      0,
      0,
      0,
      0,
      0,
      0,
      0,
      0,
      1
    ],
    "all_best_genomes": null
  },
  "raw": {
    "curves": {
      "best": [
        437.15,
        437.15,
        437.9,
        437.9,
        437.9,
        437.9,
        437.9,
        437.9,
        437.9,
        437.9,
        438.05,
        438.05,
        438.05,
        438.05,
        438.05,
        438.35,
        438.35,
        438.35,
        438.35,
        438.65,
        438.65,
        438.65,
        438.65,
        438.65,
        438.65,
        438.65,
        438.65,
        438.65,
        438.65,
        438.65,
        438.65,
        438.65,
        438.65,
        438.65,
        438.65,
        438.65,
        438.65,
        438.65,
        438.65,
        438.65,
        438.65,
        438.65,
        438.65,
        438.65,
        438.65,
        438.65,
        438.65,
        438.65,
        438.65,
        438.65,
        438.65,
        438.65,
        438.65,
        438.65,
        438.65,
        438.65,
        438.65,
        438.65,
        438.65,
        438.65,
        438.65,
        438.65,
        438.65,
        438.65,
        438.65,
        438.65,
        438.65,
        438.65,
        438.65,
        438.65,
        438.65,
        438.65,
        438.65,
        438.65,
        438.65,
        438.65,
        438.65,
        438.65,
        438.65,
        438.65,
        438.65,
        438.65,
        438.65,
        438.65,
        438.65,
        438.65,
        438.65,
        438.65,
        438.65,
        438.65,
        438.65,
        438.65,
        438.65,
        438.65,
        438.65,
        438.65,
        438.65,
        438.65,
        438.65,
        438.65,
        438.65
      ],
      "mean": [
        422.7295454545454,
        429.6636363636363,
        436.44090909090903,
        437.19090909090903,
        437.59999999999997,
        436.76136363636357,
        436.57727272727266,
        437.640909090909,
        437.6681818181818,
        436.6727272727272,
        435.5545454545454,
        437.640909090909,
        437.83863636363634,
        436.8022727272726,
        436.83636363636356,
        437.72272727272735,
        438.01590909090913,
        437.90681818181815,
        438.1727272727274,
        438.25454545454556,
        437.07500000000005,
        438.090909090909,
        438.38409090909084,
        438.5340909090908,
        438.38409090909084,
        437.35454545454536,
        437.28636363636355,
        438.40454545454537,
        438.4181818181818,
        438.47954545454536,
        437.340909090909,
        438.4454545454544,
        438.47954545454536,
        438.3431818181818,
        437.2931818181818,
        437.1431818181818,
        437.39545454545447,
        437.42272727272723,
        438.59545454545446,
        438.5545454545454,
        437.5045454545454,
        438.54090909090905,
        438.42499999999995,
        437.340909090909,
        437.4363636363636,
        438.49318181818165,
        438.35681818181814,
        438.60227272727263,
        438.575,
        438.40454545454537,
        436.4477272727272,
        438.49999999999994,
        438.3022727272726,
        437.51818181818174,
        438.615909090909,
        438.50681818181806,
        438.58181818181816,
        437.51818181818174,
        438.34999999999997,
        438.4318181818181,
        438.1795454545454,
        438.540909090909,
        437.49772727272716,
        437.45681818181805,
        438.42499999999995,
        438.59545454545446,
        438.43863636363625,
        438.52045454545447,
        438.37727272727267,
        438.4795454545454,
        437.4295454545454,
        438.4727272727272,
        437.34090909090907,
        438.52045454545447,
        437.45681818181805,
        438.49999999999994,
        437.41590909090905,
        438.51363636363635,
        437.33409090909083,
        438.540909090909,
        438.3977272727272,
        437.5045454545454,
        438.37045454545455,
        437.32045454545454,
        438.55454545454535,
        438.58863636363634,
        438.45909090909095,
        435.3568181818182,
        438.52727272727265,
        437.31363636363625,
        438.56818181818176,
        438.37727272727267,
        438.26136363636357,
        438.5340909090908,
        438.5272727272726,
        438.34999999999997,
        437.25909090909084,
        437.45681818181816,
        438.5681818181818,
        438.4795454545454,
        438.5204545454544
      ],
      "median": [
        413.67499999999995,
        436.1,
        437.0,
        437.15,
        437.9,
        437.9,
        437.9,
        437.9,
        437.9,
        437.9,
        437.9,
        437.9,
        437.975,
        438.05,
        438.05,
        438.05,
        438.05,
        438.05,
        438.35,
        438.35,
        438.35,
        438.35,
        438.35,
        438.65,
        438.65,
        438.65,
        438.65,
        438.65,
        438.65,
        438.65,
        438.65,
        438.65,
        438.65,
        438.65,
        438.65,
        438.5,
        438.65,
        438.65,
        438.65,
        438.65,
        438.65,
        438.65,
        438.65,
        438.65,
        438.65,
        438.65,
        438.65,
        438.65,
        438.65,
        438.65,
        438.65,
        438.65,
        438.65,
        438.65,
        438.65,
        438.65,
        438.65,
        438.65,
        438.65,
        438.65,
        438.65,
        438.65,
        438.65,
        438.65,
        438.65,
        438.65,
        438.65,
        438.65,
        438.65,
        438.65,
        438.65,
        438.65,
        438.65,
        438.65,
        438.65,
        438.65,
        438.65,
        438.65,
        438.65,
        438.65,
        438.65,
        438.65,
        438.65,
        438.65,
        438.65,
        438.65,
        438.65,
        438.65,
        438.65,
        438.65,
        438.65,
        438.65,
        438.65,
        438.65,
        438.65,
        438.65,
        438.65,
        438.65,
        438.65,
        438.65,
        438.65
      ]
    }
  },
  "per_generation": [
    {
      "gen": 0.0,
      "best": 437.15,
      "mean": 422.7295454545454,