{
  "algo": "generic",
  "hparams": {
    "generations": 100,
    "popsize": 22,
    "fix_last_gene": true,
    "seed": 808,
    "verbosity": 1,
    "log_every": 1,
    "evals_cap": 10000,
    "cxpb": 0.07668806521596079,
    "mutpb": 0.41467499975324773,
    "mutation_rate": 0.18595595079371677
  },
  "metrics": {
    "best_final": 438.65,
    "auc_best": 43851.27500000009,
    "auc_best_norm": 438.5127500000009,
    "runtime_sec": 37.52103066444397,
    "evals_total": 1025,
    "budget_triggered": false,
    "stop_reason": "None"
  },
  "diagnostics": {
    "best": {
      "start": 437.6,
      "end": 438.65,
      "delta_abs": 1.0499999999999545,
      "delta_rel": 0.002399451553930426,
      "max_val": 438.65,
      "argmax": 30,
      "auc_raw": 43851.27500000009,
      "auc_norm": 438.5127500000009
    },
    "mean": {
      "start": 427.10681818181814,
      "end": 435.62272727272733,
      "delta_abs": 8.51590909090919,
      "delta_rel": 0.019938593177138166,
      "max_val": 438.3431818181817,
      "argmax": 49,
      "auc_raw": 43612.89431818182,
      "auc_norm": 436.12894318181816
    },
    "median": {
      "start": 433.625,
      "end": 437.75,
      "delta_abs": 4.125,
      "delta_rel": 0.009512827904295185,
      "max_val": 438.65,
      "argmax": 35,
      "auc_raw": 43828.587500000045,
      "auc_norm": 438.28587500000043
    }
  },
  "genomes": {
    "best_genome": [
      1,
      1,
      1,
      0,
      1,
      0,
      1,
      1,
      0,
      1,
      1,
      0,
      1,
      1,
      0,
      0,
      0,
      0,
      0,
      0,
      0,
      0,
      0,
      0,
      0,
      0,
      0,
      0,
      0,
      0,
      0,
      0,
      1
    ],
    "all_best_genomes": null
  },
  "raw": {
    "curves": {
      "best": [
        437.6,
        437.6,
        437.9,
        437.9,
        437.9,
        437.9,
        438.2,
        438.2,
        438.2,
        438.2,
        438.2,
        438.2,
        438.2,
        438.2,
        438.2,
        438.2,
        438.2,
        438.2,
        438.2,
        438.35,
        438.35,
        438.35,
        438.35,
        438.35,
        438.35,
        438.35,
        438.35,
        438.35,
        438.35,
        438.35,
        438.65,
        438.65,
        438.65,
        438.65,
        438.65,
        438.65,
        438.65,
        438.65,
        438.65,
        438.65,
        438.65,
        438.65,
        438.65,
        438.65,
        438.65,
        438.65,
        438.65,
        438.65,
        438.65,
        438.65,
        438.65,
        438.65,
        438.65,
        438.65,
        438.65,
        438.65,
        438.65,
        438.65,
        438.65,
        438.65,
        438.65,
        438.65,
        438.65,
        438.65,
        438.65,
        438.65,
        438.65,
        438.65,
        438.65,
        438.65,
        438.65,
        438.65,
        438.65,
        438.65,
        438.65,
        438.65,
        438.65,
        438.65,
        438.65,
        438.65,
        438.65,
        438.65,
        438.65,
        438.65,
        438.65,
        438.65,
        438.65,
        438.65,
        438.65,
        438.65,
        438.65,
        438.65,
        438.65,
        438.65,
        438.65,
        438.65,
        438.65,
        438.65,
        438.65,
        438.65,
        438.65
      ],
      "mean": [
        427.10681818181814,
        434.7568181818182,
        437.2386363636364,
        437.47045454545446,
        437.3,
        436.26363636363624,
        436.3795454545454,
        435.56136363636364,
        434.5181818181818,
        436.25681818181823,
        435.20681818181833,
        434.21818181818185,
        436.84318181818196,
        432.7113636363636,
        435.82727272727277,
        437.8386363636364,
        434.29318181818184,
        433.52272727272725,
        436.8363636363637,
        436.9250000000001,
        435.5545454545454,
        435.77954545454554,
        437.9409090909092,
        436.91818181818184,
        434.5931818181818,
        436.16136363636366,
        436.734090909091,
        436.8704545454547,
        436.80227272727285,
        436.584090909091,
        436.6318181818182,
        438.07045454545454,
        435.75909090909096,
        437.94772727272726,
        438.0977272727272,
        438.15227272727265,
        438.20681818181816,
        435.06363636363625,
        436.07272727272715,
        438.275,
        435.8613636363636,
        437.96136363636356,
        438.15909090909093,
        435.7045454545454,
        435.59545454545446,
        434.70909090909095,
        436.65227272727265,
        436.7613636363636,
        435.8545454545454,
        438.3431818181817,
        434.9136363636362,
        436.17499999999995,
        435.63636363636357,
        436.97954545454536,
        437.0681818181818,
        437.22499999999997,
        438.07045454545454,
        436.87727272727267,
        436.1954545454544,
        436.8977272727272,
        435.465909090909,
        435.88181818181806,
        435.9772727272728,
        435.87499999999994,
        437.27954545454537,
        436.0386363636363,
        437.2863636363636,
        436.20909090909095,
        436.13409090909084,
        436.10681818181814,
        434.86590909090904,
        434.78409090909093,
        438.10454545454536,
        432.92272727272723,
        437.1227272727272,
        436.106818181818,
        437.22499999999985,
        437.2181818181817,
        435.97045454545446,
        435.1999999999999,
        438.0363636363636,
        433.80227272727274,
        432.58863636363634,
        433.72727272727275,
        436.2227272727272,
        435.84772727272724,
        436.8977272727272,
        437.8727272727272,
        436.98636363636365,
        432.8613636363636,
        433.5227272727272,
        435.8545454545454,
        436.03181818181804,
        437.86590909090904,
        435.8818181818182,
        436.75454545454545,
        437.90681818181815,
        433.890909090909,
        433.49545454545455,
        435.8818181818182,
        435.62272727272733
      ],
      "median": [
        433.625,
        435.875,
        437.6,
        437.6,
        437.675,
        437.9,
        437.9,
        437.9,
        437.9,
        437.75,
        437.6,
        437.075,
        438.2,
        438.2,
        438.2,
        438.2,
        437.9,
        437.9,
        438.2,
        438.2,
        438.2,
        438.2,
        438.35,
        438.275,
        438.35,
        438.35,
        438.35,
        438.35,
        438.35,
        438.35,
        438.35,
        438.35,
        438.35,
        438.125,
        438.575,
        438.65,
        438.65,
        438.65,
        438.65,
        438.65,
        438.275,
        438.275,
        438.65,
        437.975,
        437.6,
        437.75,
        437.9,
        438.125,
        438.65,
        438.65,
        438.65,
        438.65,
        438.65,
        438.65,
        438.65,
        438.65,
        438.65,
        438.65,
        438.65,
        438.65,
        437.9,
        438.20000000000005,
        438.575,
        438.65,
        438.65,
        438.65,
        438.65,
        438.65,
        438.65,
        438.65,
        438.5,
        438.5,
        438.65,
        438.275,
        438.65,
        438.65,
        438.65,
        438.65,
        438.65,
        438.65,
        438.65,
        438.35,
        438.65,
        437.75,
        438.65,
        438.65,
        438.575,
        438.275,
        438.2,
        438.575,
        438.125,
        438.35,
        438.65,
        438.65,
        438.65,
        438.35,
        438.35,
        438.35,
        437.675,
        438.125,
        437.75
      ]
    }
  },
  "per_generation": [
    {
      "gen": 0.0,
      "best": 437.6,
      "mean": 427.10681818181814,
      "median": 433.625
    },
    {
      "gen": 1.0,