{
  "algo": "generic",
  "hparams": {
    "generations": 100,
    "popsize": 22,
    "fix_last_gene": true,
    "seed": 1102,
    "verbosity": 1,
    "log_every": 1,
    "evals_cap": 10000,
    "cxpb": 0.8655938082210929,
    "mutpb": 0.1747735693521502,
    "mutation_rate": 0.19805771441670147
  },
  "metrics": {
    "best_final": 438.65,
    "auc_best": 43849.7000000001,
    "auc_best_norm": 438.497000000001,
    "runtime_sec": 80.82533621788025,
    "evals_total": 2010,
    "budget_triggered": false,
    "stop_reason": "None"
  },
  "diagnostics": {
    "best": {
      "start": 437.15,
      "end": 438.65,
      "delta_abs": 1.5,
      "delta_rel": 0.0034313164817568343,
      "max_val": 438.65,
      "argmax": 38,
      "auc_raw": 43849.7000000001,
      "auc_norm": 438.497000000001
    },
    "mean": {
      "start": 422.7295454545454,
      "end": 436.24318181818177,
      "delta_abs": 13.513636363636351,
      "delta_rel": 0.03196757006682757,
      "max_val": 438.64999999999986,
      "argmax": 62,
      "auc_raw": 43731.3431818182,
      "auc_norm": 437.313431818182
    },
    "median": {
      "start": 413.67499999999995,
      "end": 438.65,
      "delta_abs": 24.975000000000023,
      "delta_rel": 0.060373481597872786,
      "max_val": 438.65,
      "argmax": 42,
      "auc_raw": 43831.287500000086,
      "auc_norm": 438.3128750000009
    }
  },
  "genomes": {
    "best_genome": [
      1,
      0,
      1,
      1,
      1,
      0,
      0,
      0,
      0,
      0,
      0,
      1,
      1,
      1,
      0,
      0,
      0,
      0,
      0,
      0,
      0,
      0,
      0,
      0,
      0,
      0,
      0,
      0,
      0,
      0,
      0,
      0,
      1
    ],
    "all_best_genomes": null
  },
  "raw": {
    "curves": {
      "best": [
        437.15,
        438.05,
        438.05,
        438.05,
        438.05,
        438.05,
        438.05,
        438.05,
        438.05,
        438.05,
        438.05,
        438.05,
        438.2,
        438.35,
        438.35,
        438.35,
        438.35,
        438.35,
        438.35,
        438.35,
        438.35,
        438.35,
        438.35,
        438.35,
        438.35,
        438.35,
        438.35,
        438.35,
        438.35,
        438.35,
        438.35,
        438.35,
        438.35,
        438.35,
        438.35,
        438.35,
        438.35,
        438.35,
        438.65,
        438.65,
        438.65,
        438.65,
        438.65,
        438.65,
        438.65,
        438.65,
        438.65,
        438.65,
        438.65,
        438.65,
        438.65,
        438.65,
        438.65,
        438.65,
        438.65,
        438.65,
        438.65,
        438.65,
        438.65,
        438.65,
        438.65,
        438.65,
        438.65,
        438.65,
        438.65,
        438.65,
        438.65,
        438.65,
        438.65,
        438.65,
        438.65,
        438.65,
        438.65,
        438.65,
        438.65,
        438.65,
        438.65,
        438.65,
        438.65,
        438.65,
        438.65,
        438.65,
        438.65,
        438.65,
        438.65,
        438.65,
        438.65,
        438.65,
        438.65,
        438.65,
        438.65,
        438.65,
        438.65,
        438.65,
        438.65,
        438.65,
        438.65,
        438.65,
        438.65,
        438.65,
        438.65
      ],
      "mean": [
        422.7295454545454,
        429.67045454545456,
        436.14772727272725,
        437.3818181818182,
        437.7568181818182,
        435.81363636363625,
        437.7363636363636,
        437.7363636363636,
        437.98863636363626,
        436.7477272727272,
        436.65227272727265,
        437.9340909090908,
        436.7613636363636,
        435.65681818181804,
        436.965909090909,
        436.78863636363644,
        438.13181818181823,
        436.93181818181824,
        438.0636363636364,
        437.89318181818186,
        436.91136363636366,
        435.85454545454553,
        437.89318181818186,
        436.9318181818182,
        435.84772727272735,
        436.97954545454553,
        436.9454545454546,
        437.13636363636374,
        437.20454545454555,
        438.0500000000001,
        436.9386363636364,
        437.8931818181818,
        436.06590909090914,
        438.35000000000014,
        437.0886363636364,
        437.91363636363644,
        436.8909090909092,
        436.88409090909096,
        438.34318181818196,
        436.96590909090907,
        435.16590909090905,
        438.08409090909083,
        436.20227272727266,
        438.3431818181818,
        437.36818181818177,
        437.340909090909,
        437.4090909090908,
        438.49318181818177,
        437.3204545454544,
        438.55454545454535,
        438.49318181818177,
        438.04999999999995,
        437.1295454545454,
        438.5613636363636,
        437.4840909090908,
        438.540909090909,
        437.47045454545446,
        438.45227272727266,
        438.2204545454544,
        438.40454545454537,
        437.0613636363636,
        438.58863636363634,
        438.64999999999986,
        436.3931818181818,
        438.50681818181806,
        438.55454545454535,
        436.31818181818176,
        437.54545454545445,
        437.2045454545454,
        438.64999999999986,
        437.47727272727263,
        438.49999999999994,
        437.4977272727272,
        436.0931818181818,
        436.365909090909,
        437.28636363636355,
        437.45681818181805,
        438.2545454545454,
        437.25227272727267,
        438.4863636363635,
        436.0386363636363,
        437.2727272727272,
        438.4454545454544,
        437.4227272727272,
        437.3613636363636,
        438.5749999999999,
        438.4863636363636,
        437.415909090909,
        437.1227272727272,
        438.42499999999995,
        438.34999999999997,
        437.43636363636347,
        436.94545454545454,
        437.190909090909,
        437.27954545454537,
        438.3227272727272,
        437.49772727272716,
        438.41818181818167,
        437.3272727272726,
        437.44318181818176,
        436.24318181818177
      ],
      "median": [
        413.67499999999995,
        435.575,
        436.25,
        437.9,
        438.05,
        438.05,
        438.05,
        438.05,
        438.05,
        438.05,
        438.05,
        438.05,
        438.05,
        438.05,
        438.05,
        438.05,
        438.2,
        438.35,
        438.35,
        438.35,
        438.35,
        438.35,
        438.35,
        438.35,
        438.35,
        438.35,
        438.35,
        438.35,
        438.35,
        438.35,
        438.35,
        438.35,
        438.35,
        438.35,
        438.35,
        438.35,
        438.35,
        438.35,
        438.35,
        438.35,
        438.35,
        438.5,
        438.65,
        438.65,
        438.65,
        438.65,
        438.65,
        438.65,
        438.65,
        438.65,
        438.65,
        438.65,
        438.65,
        438.65,
        438.65,
        438.65,
        438.65,
        438.65,
        438.65,
        438.65,
        438.65,
        438.65,
        438.65,
        438.65,
        438.65,
        438.65,
        438.65,
        438.65,
        438.65,
        438.65,
        438.65,
        438.65,
        438.65,
        438.65,
        438.65,
        438.65,
        438.65,
        438.65,
        438.65,
        438.65,
        438.65,
        438.65,
        438.65,
        438.65,
        438.65,
        438.65,
        438.65,
        438.65,
        438.65,
        438.65,
        438.65,
        438.65,
        438.65,
        438.65,
        438.65,
        438.65,
        438.65,
        438.65,
        438.65,
        438.65,
        438.65
      ]
    }
  },
  "per_generation": [
    {
      "gen": 0.0,
      "best": 437.15,
      "mean": 422.7295454545454,