{
  "algo": "generic",
  "hparams": {
    "generations": 100,
    "popsize": 22,
    "fix_last_gene": true,
    "seed": 808,
    "verbosity": 1,
    "log_every": 1,
    "evals_cap": 10000,
    "cxpb": 0.7019552758272286,
    "mutpb": 0.2532525248033301,
    "mutation_rate": 0.10903903462742537
  },
  "metrics": {
    "best_final": 438.65,
    "auc_best": 43854.42500000009,
    "auc_best_norm": 438.5442500000009,
    "runtime_sec": 62.98172688484192,
    "evals_total": 1760,
    "budget_triggered": false,
    "stop_reason": "None"
  },
  "diagnostics": {
    "best": {
      "start": 437.6,
      "end": 438.65,
      "delta_abs": 1.0499999999999545,
      "delta_rel": 0.002399451553930426,
      "max_val": 438.65,
      "argmax": 37,
      "auc_raw": 43854.42500000009,
      "auc_norm": 438.5442500000009
    },
    "mean": {
      "start": 427.10681818181814,
      "end": 438.4863636363636,
      "delta_abs": 11.37954545454545,
      "delta_rel": 0.026643324269530182,
      "max_val": 438.59545454545446,
      "argmax": 93,
      "auc_raw": 43767.26477272727,
      "auc_norm": 437.6726477272727
    },
    "median": {
      "start": 433.625,
      "end": 438.65,
      "delta_abs": 5.024999999999977,
      "delta_rel": 0.011588353992504992,
      "max_val": 438.65,
      "argmax": 40,
      "auc_raw": 43847.037500000086,
      "auc_norm": 438.47037500000084
    }
  },
  "genomes": {
    "best_genome": [
      1,
      1,
      0,
      0,
      0,
      0,
      0,
      1,
      0,
      0,
      0,
      0,
      0,
      1,
      0,
      0,
      0,
      0,
      0,
      0,
      0,
      0,
      0,
      0,
      0,
      0,
      0,
      0,
      0,
      0,
      0,
      0,
      1
    ],
    "all_best_genomes": null
  },
  "raw": {
    "curves": {
      "best": [
        437.6,
        437.9,
        437.9,
        438.2,
        438.2,
        438.2,
        438.35,
        438.35,
        438.35,
        438.35,
        438.35,
        438.35,
        438.35,
        438.35,
        438.35,
        438.35,
        438.35,
        438.35,
        438.35,
        438.35,
        438.35,
        438.35,
        438.35,
        438.5,
        438.5,
        438.5,
        438.5,
        438.5,
        438.5,
        438.5,
        438.5,
        438.5,
        438.5,
        438.5,
        438.5,
        438.5,
        438.5,
        438.65,
        438.65,
        438.65,
        438.65,
        438.65,
        438.65,
        438.65,
        438.65,
        438.65,
        438.65,
        438.65,
        438.65,
        438.65,
        438.65,
        438.65,
        438.65,
        438.65,
        438.65,
        438.65,
        438.65,
        438.65,
        438.65,
        438.65,
        438.65,
        438.65,
        438.65,
        438.65,
        438.65,
        438.65,
        438.65,
        438.65,
        438.65,
        438.65,
        438.65,
        438.65,
        438.65,
        438.65,
        438.65,
        438.65,
        438.65,
        438.65,
        438.65,
        438.65,
        438.65,
        438.65,
        438.65,
        438.65,
        438.65,
        438.65,
        438.65,
        438.65,
        438.65,
        438.65,
        438.65,
        438.65,
        438.65,
        438.65,
        438.65,
        438.65,
        438.65,
        438.65,
        438.65,
        438.65,
        438.65
      ],
      "mean": [
        427.10681818181814,
        433.74772727272733,
        437.04772727272734,
        436.44090909090914,
        434.4977272727272,
        436.77500000000003,
        437.86590909090916,
        436.94545454545465,
        437.04090909090905,
        436.97954545454553,
        435.91590909090917,
        437.9068181818182,
        436.98636363636365,
        438.26818181818186,
        437.16363636363644,
        438.30909090909097,
        438.03636363636366,
        438.28863636363644,
        437.1704545454546,
        437.034090909091,
        438.2818181818183,
        437.1159090909092,
        438.27500000000015,
        438.24090909090916,
        436.07954545454555,
        437.04772727272734,
        438.3363636363637,
        438.26818181818186,
        438.30909090909086,
        438.2613636363636,
        437.34090909090907,
        438.18636363636364,
        438.3295454545454,
        437.3545454545454,
        438.4113636363636,
        438.3431818181818,
        438.3568181818182,
        437.31363636363636,
        437.3068181818182,
        438.5068181818182,
        437.51136363636357,
        438.5886363636362,
        438.54772727272723,
        438.4795454545454,
        438.56818181818176,
        436.3045454545454,
        438.31590909090903,
        438.49318181818177,
        437.43636363636364,
        436.16818181818184,
        438.39090909090896,
        438.58181818181805,
        438.52045454545447,
        437.38863636363624,
        438.465909090909,
        437.34772727272724,
        438.41136363636355,
        438.49318181818177,
        438.4318181818181,
        438.37727272727267,
        437.3954545454544,
        438.39772727272725,
        438.43863636363636,
        437.25227272727267,
        437.11590909090904,
        438.4863636363636,
        438.37727272727267,
        438.5954545454544,
        437.4840909090908,
        436.3727272727272,
        437.19090909090903,
        437.23863636363626,
        438.36363636363626,
        437.4022727272726,
        437.39545454545447,
        438.47954545454536,
        438.390909090909,
        438.5613636363636,
        438.5340909090908,
        438.41136363636355,
        437.42954545454535,
        437.38863636363635,
        437.44318181818176,
        438.50681818181806,
        437.45,
        437.340909090909,
        438.4590909090908,
        438.36363636363626,
        437.4363636363636,
        438.49318181818177,
        436.3590909090908,
        438.5886363636362,
        436.0931818181817,
        438.59545454545446,
        438.43863636363636,
        438.51363636363624,
        437.3545454545454,
        436.4477272727272,
        438.59545454545446,
        438.3772727272726,
        438.4863636363636
      ],
      "median": [
        433.625,
        435.725,
        437.3,
        437.6,
        437.9,
        437.9,
        438.2,
        438.2,
        438.2,
        438.275,
        438.35,
        438.35,
        438.35,
        438.35,
        438.35,
        438.35,
        438.35,
        438.35,
        438.35,
        438.35,
        438.35,
        438.35,
        438.35,
        438.35,
        438.35,
        438.35,
        438.5,
        438.5,
        438.5,
        438.5,
        438.5,
        438.5,
        438.5,
        438.5,
        438.5,
        438.5,
        438.5,
        438.5,
        438.5,
        438.5,
        438.65,
        438.65,
        438.65,
        438.65,
        438.65,
        438.65,
        438.65,
        438.65,
        438.65,
        438.65,
        438.65,
        438.65,
        438.65,
        438.65,
        438.65,
        438.65,
        438.65,
        438.65,
        438.65,
        438.65,
        438.65,
        438.65,
        438.65,
        438.65,
        438.65,
        438.65,
        438.65,
        438.65,
        438.65,
        438.65,
        438.65,
        438.65,
        438.65,
        438.65,
        438.65,
        438.65,
        438.65,
        438.65,
        438.65,
        438.65,
        438.65,
        438.65,
        438.65,
        438.65,
        438.65,
        438.65,
        438.65,
        438.65,
        438.65,
        438.65,
        438.65,
        438.65,
        438.65,
        438.65,
        438.65,
        438.65,
        438.65,
        438.65,
        438.65,
        438.65,
        438.65
      ]
    }
  },
  "per_generation": [
    {
      "gen": 0.0,
      "best": 437.6,
      "mean": 427.10681818181814,
      "median": 433.625
    },
    {
      "gen": 1.0,