{
  "algo": "generic",
  "hparams": {
    "generations": 100,
    "popsize": 22,
    "fix_last_gene": true,
    "seed": 303,
    "verbosity": 1,
    "log_every": 1,
    "evals_cap": 10000,
    "cxpb": 0.46257268106993354,
    "mutpb": 0.39392793490105493,
    "mutation_rate": 0.04053444149009703
  },
  "metrics": {
    "best_final": 438.65,
    "auc_best": 43849.700000000084,
    "auc_best_norm": 438.49700000000087,
    "runtime_sec": 53.59930205345154,
    "evals_total": 1465,
    "budget_triggered": false,
    "stop_reason": "None"
  },
  "diagnostics": {
    "best": {
      "start": 436.55,
      "end": 438.65,
      "delta_abs": 2.099999999999966,
      "delta_rel": 0.004810445538884356,
      "max_val": 438.65,
      "argmax": 19,
      "auc_raw": 43849.700000000084,
      "auc_norm": 438.49700000000087
    },
    "mean": {
      "start": 426.45227272727266,
      "end": 438.56818181818176,
      "delta_abs": 12.1159090909091,
      "delta_rel": 0.028410938024611112,
      "max_val": 438.63636363636357,
      "argmax": 76,
      "auc_raw": 43787.255681818184,
      "auc_norm": 437.87255681818186
    },
    "median": {
      "start": 433.85,
      "end": 438.65,
      "delta_abs": 4.7999999999999545,
      "delta_rel": 0.01106373170450606,
      "max_val": 438.65,
      "argmax": 22,
      "auc_raw": 43839.575000000084,
      "auc_norm": 438.3957500000008
    }
  },
  "genomes": {
    "best_genome": [
      1,
      1,
      0,
      0,
      0,
      1,
      1,
      0,
      0,
      1,
      1,
      0,
      0,
      0,
      0,
      0,
      0,
      0,
      0,
      0,
      0,
      0,
      0,
      0,
      0,
      0,
      0,
      0,
      0,
      0,
      0,
      0,
      1
    ],
    "all_best_genomes": null
  },
  "raw": {
    "curves": {
      "best": [
        436.55,
        436.55,
        437.15,
        437.45,
        437.6,
        437.6,
        437.6,
        437.6,
        437.9,
        437.9,
        437.9,
        438.2,
        438.2,
        438.2,
        438.2,
        438.35,
        438.35,
        438.35,
        438.35,
        438.65,
        438.65,
        438.65,
        438.65,
        438.65,
        438.65,
        438.65,
        438.65,
        438.65,
        438.65,
        438.65,
        438.65,
        438.65,
        438.65,
        438.65,
        438.65,
        438.65,
        438.65,
        438.65,
        438.65,
        438.65,
        438.65,
        438.65,
        438.65,
        438.65,
        438.65,
        438.65,
        438.65,
        438.65,
        438.65,
        438.65,
        438.65,
        438.65,
        438.65,
        438.65,
        438.65,
        438.65,
        438.65,
        438.65,
        438.65,
        438.65,
        438.65,
        438.65,
        438.65,
        438.65,
        438.65,
        438.65,
        438.65,
        438.65,
        438.65,
        438.65,
        438.65,
        438.65,
        438.65,
        438.65,
        438.65,
        438.65,
        438.65,
        438.65,
        438.65,
        438.65,
        438.65,
        438.65,
        438.65,
        438.65,
        438.65,
        438.65,
        438.65,
        438.65,
        438.65,
        438.65,
        438.65,
        438.65,
        438.65,
        438.65,
        438.65,
        438.65,
        438.65,
        438.65,
        438.65,
        438.65,
        438.65
      ],
      "mean": [
        426.45227272727266,
        430.96590909090907,
        436.05909090909086,
        436.515909090909,
        436.67272727272734,
        435.88181818181823,
        435.98409090909087,
        436.29090909090905,
        437.4977272727274,
        437.66818181818184,
        436.6863636363636,
        437.8113636363636,
        437.83181818181816,
        437.94772727272726,
        438.0909090909092,
        437.08863636363645,
        438.18636363636364,
        437.0681818181819,
        437.12954545454556,
        438.28863636363644,
        438.26136363636374,
        438.17272727272734,
        438.390909090909,
        438.5613636363636,
        438.4727272727272,
        436.33863636363634,
        438.3840909090908,
        438.6227272727272,
        438.5613636363636,
        438.60909090909087,
        438.51363636363635,
        438.5204545454544,
        438.51363636363635,
        438.50681818181806,
        438.5204545454544,
        437.38181818181806,
        438.4727272727272,
        438.60227272727263,
        438.52727272727265,
        437.47045454545446,
        438.5749999999999,
        438.52045454545447,
        438.575,
        438.49999999999994,
        438.5613636363636,
        438.5749999999999,
        438.5340909090908,
        438.5272727272726,
        437.4363636363636,
        438.5613636363636,
        437.42954545454535,
        438.4590909090908,
        438.4727272727272,
        437.4977272727272,
        438.4727272727272,
        436.3727272727272,
        438.540909090909,
        436.48863636363626,
        437.47727272727263,
        438.47954545454536,
        438.5204545454544,
        438.49999999999994,
        438.58863636363634,
        437.44318181818176,
        437.49090909090904,
        437.47727272727263,
        438.52045454545447,
        437.5727272727272,
        437.58636363636356,
        436.39999999999986,
        438.42499999999995,
        438.43863636363625,
        438.4727272727272,
        438.5340909090908,
        438.37045454545455,
        438.58181818181805,
        438.63636363636357,
        437.37499999999994,
        437.55227272727274,
        438.49999999999994,
        438.49318181818177,
        438.5613636363636,
        438.5477272727272,
        437.3204545454544,
        438.47954545454536,
        438.58181818181805,
        437.49090909090904,
        438.5545454545454,
        438.5749999999999,
        438.41136363636355,
        438.63636363636357,
        438.540909090909,
        438.5749999999999,
        438.5886363636362,
        437.51818181818174,
        437.5795454545454,
        438.63636363636357,
        438.35681818181814,
        438.5477272727272,
        438.63636363636357,
        438.56818181818176
      ],
      "median": [
        433.85,
        435.05,
        436.17499999999995,
        436.55,
        436.55,
        436.85,
        437.15,
        437.29999999999995,
        437.6,
        437.6,
        437.9,
        437.9,
        437.9,
        437.9,
        438.2,
        438.2,
        438.2,
        438.2,
        438.35,
        438.35,
        438.35,
        438.35,
        438.65,
        438.65,
        438.65,
        438.65,
        438.65,
        438.65,
        438.65,
        438.65,
        438.65,
        438.65,
        438.65,
        438.65,
        438.65,
        438.65,
        438.65,
        438.65,
        438.65,
        438.65,
        438.65,
        438.65,
        438.65,
        438.65,
        438.65,
        438.65,
        438.65,
        438.65,
        438.65,
        438.65,
        438.65,
        438.65,
        438.65,
        438.65,
        438.65,
        438.65,
        438.65,
        438.65,
        438.65,
        438.65,
        438.65,
        438.65,
        438.65,
        438.65,
        438.65,
        438.65,
        438.65,
        438.65,
        438.65,
        438.65,
        438.65,
        438.65,
        438.65,
        438.65,
        438.65,
        438.65,
        438.65,
        438.65,
        438.65,
        438.65,
        438.65,
        438.65,
        438.65,
        438.65,
        438.65,
        438.65,
        438.65,
        438.65,
        438.65,
        438.65,
        438.65,
        438.65,
        438.65,
        438.65,
        438.65,
        438.65,
        438.65,
        438.65,
        438.65,
        438.65,
        438.65
      ]
    }
  },
  "per_generation": [
    {
      "gen": 0.0,
      "best": 436.55,
      "mean": 426.45227272727266,