{
  "algo": "generic",
  "hparams": {
    "generations": 100,
    "popsize": 22,
    "fix_last_gene": true,
    "seed": 101,
    "verbosity": 1,
    "log_every": 1,
    "evals_cap": 10000,
    "cxpb": 0.3542460200139371,
    "mutpb": 0.02189414012833207,
    "mutation_rate": 0.1905924251456776
  },
  "metrics": {
    "best_final": 438.2,
    "auc_best": 43811.29999999996,
    "auc_best_norm": 438.1129999999996,
    "runtime_sec": 30.321131229400635,
    "evals_total": 777,
    "budget_triggered": false,
    "stop_reason": "None"
  },
  "diagnostics": {
    "best": {
      "start": 436.7,
      "end": 438.2,
      "delta_abs": 1.5,
      "delta_rel": 0.003434852301351042,
      "max_val": 438.2,
      "argmax": 25,
      "auc_raw": 43811.29999999996,
      "auc_norm": 438.1129999999996
    },
    "mean": {
      "start": 420.5,
      "end": 438.20000000000005,
      "delta_abs": 17.700000000000045,
      "delta_rel": 0.04209274673008334,
      "max_val": 438.20000000000005,
      "argmax": 29,
      "auc_raw": 43783.09318181817,
      "auc_norm": 437.8309318181817
    },
    "median": {
      "start": 413.15,
      "end": 438.2,
      "delta_abs": 25.05000000000001,
      "delta_rel": 0.06063173181653156,
      "max_val": 438.2,
      "argmax": 28,
      "auc_raw": 43794.19999999995,
      "auc_norm": 437.94199999999955
    }
  },
  "genomes": {
    "best_genome": [
      0,
      1,
      0,
      0,
      0,
      1,
      0,
      1,
      1,
      0,
      1,
      0,
      0,
      1,
      0,
      0,
      1,
      1,
      0,
      0,
      0,
      0,
      0,
      0,
      0,
      0,
      0,
      0,
      0,
      0,
      0,
      0,
      1
    ],
    "all_best_genomes": null
  },
  "raw": {
    "curves": {
      "best": [
        436.7,
        437.15,
        437.9,
        437.9,
        437.9,
        437.9,
        437.9,
        437.9,
        437.9,
        437.9,
        437.9,
        437.9,
        437.9,
        437.9,
        437.9,
        437.9,
        437.9,
        437.9,
        437.9,
        437.9,
        437.9,
        437.9,
        437.9,
        437.9,
        437.9,
        438.2,
        438.2,
        438.2,
        438.2,
        438.2,
        438.2,
        438.2,
        438.2,
        438.2,
        438.2,
        438.2,
        438.2,
        438.2,
        438.2,
        438.2,
        438.2,
        438.2,
        438.2,
        438.2,
        438.2,
        438.2,
        438.2,
        438.2,
        438.2,
        438.2,
        438.2,
        438.2,
        438.2,
        438.2,
        438.2,
        438.2,
        438.2,
        438.2,
        438.2,
        438.2,
        438.2,
        438.2,
        438.2,
        438.2,
        438.2,
        438.2,
        438.2,
        438.2,
        438.2,
        438.2,
        438.2,
        438.2,
        438.2,
        438.2,
        438.2,
        438.2,
        438.2,
        438.2,
        438.2,
        438.2,
        438.2,
        438.2,
        438.2,
        438.2,
        438.2,
        438.2,
        438.2,
        438.2,
        438.2,
        438.2,
        438.2,
        438.2,
        438.2,
        438.2,
        438.2,
        438.2,
        438.2,
        438.2,
        438.2,
        438.2,
        438.2
      ],
      "mean": [
        420.5,
        434.6,
        436.50909090909096,
        436.8977272727272,
        437.4499999999999,
        437.865909090909,
        437.75681818181806,
        437.89999999999986,
        437.89999999999986,
        437.89999999999986,
        437.89999999999986,
        437.89999999999986,
        437.89999999999986,
        437.8795454545454,
        436.8022727272726,
        437.89999999999986,
        436.815909090909,
        437.89999999999986,
        436.8022727272726,
        437.8113636363636,
        437.89999999999986,
        437.865909090909,
        437.87272727272716,
        436.77499999999986,
        437.89999999999986,
        437.9136363636363,
        437.94090909090903,
        438.02272727272725,
        438.14545454545464,
        438.20000000000005,
        438.20000000000005,
        438.20000000000005,
        438.20000000000005,
        438.20000000000005,
        438.13181818181823,
        438.12500000000006,
        438.20000000000005,
        438.20000000000005,
        438.20000000000005,
        438.20000000000005,
        437.12954545454556,
        438.0704545454546,
        437.0886363636364,
        438.20000000000005,
        438.20000000000005,
        438.20000000000005,
        436.95909090909095,
        438.16590909090917,
        437.0477272727274,
        437.00681818181823,
        438.11136363636365,
        438.20000000000005,
        438.20000000000005,
        438.20000000000005,
        438.1727272727274,
        438.159090909091,
        438.20000000000005,
        438.0909090909092,
        438.20000000000005,
        438.20000000000005,
        438.20000000000005,
        438.20000000000005,
        438.1931818181819,
        438.20000000000005,
        438.20000000000005,
        438.20000000000005,
        438.20000000000005,
        438.11818181818194,
        438.20000000000005,
        438.20000000000005,
        438.20000000000005,
        438.20000000000005,
        438.20000000000005,
        438.13181818181823,
        438.20000000000005,
        438.20000000000005,
        438.20000000000005,
        438.12500000000006,
        438.20000000000005,
        438.159090909091,
        438.1931818181818,
        438.20000000000005,
        438.20000000000005,
        438.0636363636364,
        438.20000000000005,
        438.20000000000005,
        438.20000000000005,
        438.13181818181823,
        438.20000000000005,
        437.08863636363645,
        438.14545454545464,
        438.20000000000005,
        437.0681818181819,
        438.20000000000005,
        438.1386363636365,
        438.20000000000005,
        438.20000000000005,
        438.20000000000005,
        438.20000000000005,
        438.20000000000005,
        438.20000000000005
      ],
      "median": [
        413.15,
        435.65,
        436.475,
        437.15,
        437.15,
        437.9,
        437.9,
        437.9,
        437.9,
        437.9,
        437.9,
        437.9,
        437.9,
        437.9,
        437.9,
        437.9,
        437.9,
        437.9,
        437.9,
        437.9,
        437.9,
        437.9,
        437.9,
        437.9,
        437.9,
        437.9,
        437.9,
        437.9,
        438.2,
        438.2,
        438.2,
        438.2,
        438.2,
        438.2,
        438.2,
        438.2,
        438.2,
        438.2,
        438.2,
        438.2,
        438.2,
        438.2,
        438.2,
        438.2,
        438.2,
        438.2,
        438.2,
        438.2,
        438.2,
        438.2,
        438.2,
        438.2,
        438.2,
        438.2,
        438.2,
        438.2,
        438.2,
        438.2,
        438.2,
        438.2,
        438.2,
        438.2,
        438.2,
        438.2,
        438.2,
        438.2,
        438.2,
        438.2,
        438.2,
        438.2,
        438.2,
        438.2,
        438.2,
        438.2,
        438.2,
        438.2,
        438.2,
        438.2,
        438.2,
        438.2,
        438.2,
        438.2,
        438.2,
        438.2,
        438.2,
        438.2,
        438.2,
        438.2,
        438.2,
        438.2,
        438.2,
        438.2,
        438.2,
        438.2,
        438.2,
        438.2,
        438.2,
        438.2,
        438.2,
        438.2,
        438.2
      ]
    }
  },
  "per_generation": [
    {
      "gen": 0.0,
      "best": 436.7,
      "mean": 420.5,
      "median": 413.15
    },
    {
      "gen": 1.0,
      "best": 437.15,
      "mean": 434.6,
      "median": 435.65
    },
    {
      "gen": 2.0,
      "best": 437.9,
      "mean": 436.50909090909096,
      "median": 436.475
    },
    {
      "gen": 3.0,