{
  "algo": "generic",
  "hparams": {
    "generations": 100,
    "popsize": 22,
    "fix_last_gene": true,
    "seed": 202,
    "verbosity": 1,
    "log_every": 1,
    "evals_cap": 10000,
    "cxpb": 0.065043247928077,
    "mutpb": 0.08066144202407069,
    "mutation_rate": 0.1787666290234639
  },
  "metrics": {
    "best_final": 438.65,
    "auc_best": 43801.174999999996,
    "auc_best_norm": 438.01174999999995,
    "runtime_sec": 15.390867233276367,
    "evals_total": 309,
    "budget_triggered": false,
    "stop_reason": "None"
  },
  "diagnostics": {
    "best": {
      "start": 436.7,
      "end": 438.65,
      "delta_abs": 1.9499999999999886,
      "delta_rel": 0.004465307991756329,
      "max_val": 438.65,
      "argmax": 95,
      "auc_raw": 43801.174999999996,
      "auc_norm": 438.01174999999995
    },
    "mean": {
      "start": 422.29999999999995,
      "end": 438.50681818181806,
      "delta_abs": 16.206818181818107,
      "delta_rel": 0.03837749983854632,
      "max_val": 438.59545454545446,
      "argmax": 99,
      "auc_raw": 43739.96477272728,
      "auc_norm": 437.39964772727285
    },
    "median": {
      "start": 413.0,
      "end": 438.65,
      "delta_abs": 25.649999999999977,
      "delta_rel": 0.062106537530266286,
      "max_val": 438.65,
      "argmax": 98,
      "auc_raw": 43782.049999999996,
      "auc_norm": 437.8205
    }
  },
  "genomes": {
    "best_genome": [
      0,
      0,
      1,
      0,
      0,
      1,
      1,
      0,
      0,
      0,
      1,
      1,
      1,
      1,
      0,
      0,
      0,
      0,
      0,
      0,
      0,
      0,
      0,
      0,
      0,
      0,
      0,
      0,
      0,
      0,
      0,
      0,
      1
    ],
    "all_best_genomes": null
  },
  "raw": {
    "curves": {
      "best": [
        436.7,
        436.85,
        436.85,
        436.85,
        436.85,
        437.6,
        437.6,
        437.6,
        437.6,
        437.6,
        437.6,
        437.6,
        437.6,
        437.9,
        438.05,
        438.05,
        438.05,
        438.05,
        438.05,
        438.05,
        438.05,
        438.05,
        438.05,
        438.05,
        438.05,
        438.05,
        438.05,
        438.05,
        438.05,
        438.05,
        438.05,
        438.05,
        438.05,
        438.05,
        438.05,
        438.05,
        438.05,
        438.05,
        438.05,
        438.05,
        438.05,
        438.05,
        438.05,
        438.05,
        438.05,
        438.05,
        438.05,
        438.05,
        438.05,
        438.05,
        438.05,
        438.05,
        438.05,
        438.05,
        438.05,
        438.05,
        438.05,
        438.05,
        438.05,
        438.05,
        438.05,
        438.05,
        438.05,
        438.05,
        438.05,
        438.05,
        438.05,
        438.05,
        438.05,
        438.05,
        438.05,
        438.05,
        438.05,
        438.05,
        438.05,
        438.05,
        438.05,
        438.05,
        438.05,
        438.05,
        438.05,
        438.05,
        438.05,
        438.05,
        438.05,
        438.05,
        438.05,
        438.05,
        438.35,
        438.35,
        438.35,
        438.35,
        438.35,
        438.35,
        438.35,
        438.65,
        438.65,
        438.65,
        438.65,
        438.65,
        438.65
      ],
      "mean": [
        422.29999999999995,
        430.8772727272728,
        435.82727272727277,
        435.60227272727275,
        436.8363636363637,
        436.80227272727285,
        436.98636363636376,
        437.36136363636376,
        437.5659090909092,
        437.5659090909092,
        437.5454545454546,
        437.52500000000015,
        437.51136363636374,
        437.61363636363643,
        434.28636363636366,
        437.73636363636365,
        437.9136363636364,
        438.03636363636355,
        437.96136363636356,
        436.70681818181805,
        436.9454545454544,
        436.86363636363626,
        435.77272727272725,
        435.79999999999995,
        437.8795454545454,
        436.85681818181814,
        436.83636363636356,
        438.04999999999995,
        438.04999999999995,
        437.9272727272726,
        437.9681818181817,
        437.97499999999985,
        438.04999999999995,
        438.0431818181818,
        438.04999999999995,
        437.9272727272726,
        436.9522727272726,
        438.0227272727272,
        437.9136363636363,
        436.91818181818167,
        438.04999999999995,
        437.8863636363636,
        436.9522727272726,
        437.9545454545454,
        436.92499999999995,
        437.98863636363626,
        436.95227272727266,
        436.90454545454537,
        436.95909090909083,
        437.97499999999985,
        438.02954545454537,
        438.04999999999995,
        436.9863636363635,
        438.03636363636355,
        438.04999999999995,
        438.02954545454537,
        437.9136363636363,
        438.0090909090908,
        437.9340909090908,
        435.79999999999995,
        437.85227272727263,
        438.04999999999995,
        436.76136363636357,
        438.04999999999995,
        437.94090909090903,
        436.79545454545445,
        438.0090909090908,
        437.8590909090908,
        437.98181818181814,
        437.87272727272716,
        438.04999999999995,
        438.0022727272726,
        437.9613636363636,
        437.9681818181817,
        438.03636363636355,
        435.840909090909,
        437.9545454545454,
        436.91818181818167,
        435.840909090909,
        438.04999999999995,
        438.04999999999995,
        437.98863636363626,
        437.98181818181814,
        437.8386363636362,
        438.04999999999995,
        438.04999999999995,
        438.04999999999995,
        437.8045454545454,
        436.94545454545454,
        438.06363636363636,
        437.12954545454556,
        438.17272727272734,
        438.35000000000014,
        438.35000000000014,
        437.3000000000001,
        437.2318181818182,
        438.3909090909092,
        438.41818181818184,
        438.55454545454546,
        438.59545454545446,
        438.50681818181806
      ],
      "median": [
        413.0,
        434.675,
        436.1,
        436.85,
        436.85,
        436.85,
        436.85,
        437.6,
        437.6,
        437.6,
        437.6,
        437.6,
        437.6,
        437.6,
        437.6,
        437.6,
        437.9,
        438.05,
        438.05,
        438.05,
        438.05,
        438.05,
        438.05,
        438.05,
        438.05,
        438.05,
        438.05,
        438.05,
        438.05,
        438.05,
        438.05,
        438.05,
        438.05,
        438.05,
        438.05,
        438.05,
        438.05,
        438.05,
        438.05,
        438.05,
        438.05,
        438.05,
        438.05,
        438.05,
        438.05,
        438.05,
        438.05,
        438.05,
        438.05,
        438.05,
        438.05,
        438.05,
        438.05,
        438.05,
        438.05,
        438.05,
        438.05,
        438.05,
        438.05,
        438.05,
        438.05,
        438.05,
        438.05,
        438.05,
        438.05,
        438.05,
        438.05,
        438.05,
        438.05,
        438.05,
        438.05,
        438.05,
        438.05,
        438.05,
        438.05,
        438.05,
        438.05,
        438.05,
        438.05,
        438.05,
        438.05,
        438.05,
        438.05,
        438.05,
        438.05,
        438.05,
        438.05,
        438.05,
        438.05,
        438.05,
        438.35,
        438.35,
        438.35,
        438.35,
        438.35,
        438.35,
        438.35,
        438.35,
        438.65,
        438.65,
        438.65
      ]
    }
  },
  "per_generation": [
    {
      "gen": 0.0,
      "best": 436.7,
      "mean": 422.29999999999995,