{
  "algo": "generic",
  "hparams": {
    "generations": 100,
    "popsize": 22,
    "fix_last_gene": true,
    "seed": 101,
    "verbosity": 1,
    "log_every": 1,
    "evals_cap": 10000,
    "cxpb": 0.9266832664828462,
    "mutpb": 0.07770576567326072,
    "mutation_rate": 0.0886036086592236
  },
  "metrics": {
    "best_final": 438.65,
    "auc_best": 43851.12500000009,
    "auc_best_norm": 438.51125000000087,
    "runtime_sec": 75.0278685092926,
    "evals_total": 2077,
    "budget_triggered": false,
    "stop_reason": "None"
  },
  "diagnostics": {
    "best": {
      "start": 436.7,
      "end": 438.65,
      "delta_abs": 1.9499999999999886,
      "delta_rel": 0.004465307991756329,
      "max_val": 438.65,
      "argmax": 25,
      "auc_raw": 43851.12500000009,
      "auc_norm": 438.51125000000087
    },
    "mean": {
      "start": 420.5,
      "end": 438.60227272727263,
      "delta_abs": 18.102272727272634,
      "delta_rel": 0.043049400064857635,
      "max_val": 438.64999999999986,
      "argmax": 31,
      "auc_raw": 43811.630681818184,
      "auc_norm": 438.11630681818184
    },
    "median": {
      "start": 413.15,
      "end": 438.65,
      "delta_abs": 25.5,
      "delta_rel": 0.06172092460365485,
      "max_val": 438.65,
      "argmax": 29,
      "auc_raw": 43830.87500000009,
      "auc_norm": 438.3087500000009
    }
  },
  "genomes": {
    "best_genome": [
      0,
      0,
      1,
      0,
      1,
      1,
      0,
      0,
      1,
      1,
      0,
      1,
      1,
      0,
      0,
      0,
      0,
      0,
      0,
      0,
      0,
      0,
      0,
      0,
      0,
      0,
      0,
      0,
      0,
      0,
      0,
      0,
      1
    ],
    "all_best_genomes": null
  },
  "raw": {
    "curves": {
      "best": [
        436.7,
        437.9,
        437.9,
        437.9,
        437.9,
        437.9,
        437.9,
        437.9,
        437.9,
        437.9,
        437.9,
        438.2,
        438.2,
        438.2,
        438.2,
        438.2,
        438.2,
        438.2,
        438.2,
        438.2,
        438.2,
        438.2,
        438.5,
        438.5,
        438.5,
        438.65,
        438.65,
        438.65,
        438.65,
        438.65,
        438.65,
        438.65,
        438.65,
        438.65,
        438.65,
        438.65,
        438.65,
        438.65,
        438.65,
        438.65,
        438.65,
        438.65,
        438.65,
        438.65,
        438.65,
        438.65,
        438.65,
        438.65,
        438.65,
        438.65,
        438.65,
        438.65,
        438.65,
        438.65,
        438.65,
        438.65,
        438.65,
        438.65,
        438.65,
        438.65,
        438.65,
        438.65,
        438.65,
        438.65,
        438.65,
        438.65,
        438.65,
        438.65,
        438.65,
        438.65,
        438.65,
        438.65,
        438.65,
        438.65,
        438.65,
        438.65,
        438.65,
        438.65,
        438.65,
        438.65,
        438.65,
        438.65,
        438.65,
        438.65,
        438.65,
        438.65,
        438.65,
        438.65,
        438.65,
        438.65,
        438.65,
        438.65,
        438.65,
        438.65,
        438.65,
        438.65,
        438.65,
        438.65,
        438.65,
        438.65,
        438.65
      ],
      "mean": [
        420.5,
        433.58409090909095,
        436.20909090909095,
        436.8840909090908,
        437.225,
        436.43409090909086,
        437.8113636363636,
        437.865909090909,
        437.8590909090908,
        437.865909090909,
        437.865909090909,
        436.87045454545455,
        437.9545454545454,
        438.0295454545454,
        438.1386363636364,
        438.1522727272728,
        438.20000000000005,
        438.1795454545456,
        438.1454545454546,
        438.09772727272735,
        438.20000000000005,
        438.18636363636375,
        438.20000000000005,
        437.2454545454546,
        438.4318181818182,
        438.5068181818182,
        436.35227272727275,
        438.49318181818177,
        437.4704545454546,
        437.51818181818174,
        437.58636363636356,
        438.64999999999986,
        438.64999999999986,
        438.6295454545454,
        437.5386363636363,
        438.63636363636357,
        437.58636363636356,
        438.5613636363636,
        438.64999999999986,
        437.525,
        438.64318181818174,
        438.60227272727263,
        438.64999999999986,
        438.60227272727263,
        438.58863636363634,
        438.5477272727272,
        438.58863636363634,
        437.565909090909,
        438.63636363636357,
        438.60227272727263,
        438.64999999999986,
        438.58181818181805,
        438.64999999999986,
        437.525,
        438.5340909090908,
        438.58181818181805,
        438.60227272727263,
        438.615909090909,
        438.64318181818174,
        438.50681818181806,
        438.63636363636357,
        438.56818181818176,
        437.5727272727272,
        438.5477272727272,
        438.64999999999986,
        437.5522727272726,
        438.63636363636357,
        438.5613636363636,
        438.64999999999986,
        438.41818181818167,
        438.60227272727263,
        438.5477272727272,
        438.58181818181805,
        438.64999999999986,
        438.63636363636357,
        438.64999999999986,
        438.62272727272716,
        438.64999999999986,
        438.56818181818176,
        437.47045454545446,
        438.60227272727263,
        438.64999999999986,
        438.64999999999986,
        438.64999999999986,
        438.60227272727263,
        438.60227272727263,
        438.575,
        438.6295454545454,
        438.6295454545454,
        438.58863636363634,
        438.64999999999986,
        438.62272727272716,
        438.64999999999986,
        438.63636363636357,
        437.55909090909086,
        438.615909090909,
        438.64999999999986,
        438.615909090909,
        438.56818181818176,
        438.64999999999986,
        438.60227272727263
      ],
      "median": [
        413.15,
        435.575,
        436.175,
        436.7,
        437.15,
        437.29999999999995,
        437.9,
        437.9,
        437.9,
        437.9,
        437.9,
        437.9,
        437.9,
        438.04999999999995,
        438.2,
        438.2,
        438.2,
        438.2,
        438.2,
        438.2,
        438.2,
        438.2,
        438.2,
        438.2,
        438.5,
        438.5,
        438.5,
        438.5,
        438.575,
        438.65,
        438.65,
        438.65,
        438.65,
        438.65,
        438.65,
        438.65,
        438.65,
        438.65,
        438.65,
        438.65,
        438.65,
        438.65,
        438.65,
        438.65,
        438.65,
        438.65,
        438.65,
        438.65,
        438.65,
        438.65,
        438.65,
        438.65,
        438.65,
        438.65,
        438.65,
        438.65,
        438.65,
        438.65,
        438.65,
        438.65,
        438.65,
        438.65,
        438.65,
        438.65,
        438.65,
        438.65,
        438.65,
        438.65,
        438.65,
        438.65,
        438.65,
        438.65,
        438.65,
        438.65,
        438.65,
        438.65,
        438.65,
        438.65,
        438.65,
        438.65,
        438.65,
        438.65,
        438.65,
        438.65,
        438.65,
        438.65,
        438.65,
        438.65,
        438.65,
        438.65,
        438.65,
        438.65,
        438.65,
        438.65,
        438.65,
        438.65,
        438.65,
        438.65,
        438.65,
        438.65,
        438.65
      ]
    }
  },
  "per_generation": [
    {
      "gen": 0.0,
      "best": 436.7,
      "mean": 420.5,
      "median": 413.15
    },
    {
      "gen": 1.0,
      "best": 437.9,
      "mean": 433.58409090909095,