{
  "algo": "generic",
  "hparams": {
    "generations": 100,
    "popsize": 22,
    "fix_last_gene": true,
    "seed": 909,
    "verbosity": 1,
    "log_every": 1,
    "evals_cap": 10000,
    "cxpb": 0.6623697634336255,
    "mutpb": 0.1057786620801828,
    "mutation_rate": 0.1492099916527778
  },
  "metrics": {
    "best_final": 438.5,
    "auc_best": 43832.15,
    "auc_best_norm": 438.3215,
    "runtime_sec": 61.15767002105713,
    "evals_total": 1609,
    "budget_triggered": false,
    "stop_reason": "None"
  },
  "diagnostics": {
    "best": {
      "start": 436.7,
      "end": 438.5,
      "delta_abs": 1.8000000000000114,
      "delta_rel": 0.004121822761621276,
      "max_val": 438.5,
      "argmax": 17,
      "auc_raw": 43832.15,
      "auc_norm": 438.3215
    },
    "mean": {
      "start": 422.63409090909084,
      "end": 438.5,
      "delta_abs": 15.865909090909156,
      "delta_rel": 0.03754053312827037,
      "max_val": 438.5,
      "argmax": 39,
      "auc_raw": 43768.10340909092,
      "auc_norm": 437.68103409090924
    },
    "median": {
      "start": 413.75,
      "end": 438.5,
      "delta_abs": 24.75,
      "delta_rel": 0.05981873111782477,
      "max_val": 438.5,
      "argmax": 21,
      "auc_raw": 43812.35,
      "auc_norm": 438.1235
    }
  },
  "genomes": {
    "best_genome": [
      0,
      0,
      0,
      0,
      1,
      0,
      1,
      1,
      1,
      0,
      1,
      1,
      0,
      0,
      1,
      1,
      0,
      0,
      0,
      0,
      0,
      0,
      0,
      0,
      0,
      0,
      0,
      0,
      0,
      0,
      0,
      0,
      1
    ],
    "all_best_genomes": null
  },
  "raw": {
    "curves": {
      "best": [
        436.7,
        436.7,
        436.7,
        436.85,
        436.85,
        436.85,
        436.85,
        437.15,
        437.3,
        437.6,
        437.6,
        438.05,
        438.05,
        438.05,
        438.05,
        438.2,
        438.2,
        438.5,
        438.5,
        438.5,
        438.5,
        438.5,
        438.5,
        438.5,
        438.5,
        438.5,
        438.5,
        438.5,
        438.5,
        438.5,
        438.5,
        438.5,
        438.5,
        438.5,
        438.5,
        438.5,
        438.5,
        438.5,
        438.5,
        438.5,
        438.5,
        438.5,
        438.5,
        438.5,
        438.5,
        438.5,
        438.5,
        438.5,
        438.5,
        438.5,
        438.5,
        438.5,
        438.5,
        438.5,
        438.5,
        438.5,
        438.5,
        438.5,
        438.5,
        438.5,
        438.5,
        438.5,
        438.5,
        438.5,
        438.5,
        438.5,
        438.5,
        438.5,
        438.5,
        438.5,
        438.5,
        438.5,
        438.5,
        438.5,
        438.5,
        438.5,
        438.5,
        438.5,
        438.5,
        438.5,
        438.5,
        438.5,
        438.5,
        438.5,
        438.5,
        438.5,
        438.5,
        438.5,
        438.5,
        438.5,
        438.5,
        438.5,
        438.5,
        438.5,
        438.5,
        438.5,
        438.5,
        438.5,
        438.5,
        438.5,
        438.5
      ],
      "mean": [
        422.63409090909084,
        431.20454545454544,
        435.65000000000003,
        435.2204545454546,
        436.359090909091,
        436.75454545454545,
        436.76818181818186,
        436.8227272727274,
        434.784090909091,
        437.0136363636364,
        437.19772727272726,
        436.26363636363635,
        436.2159090909092,
        437.6,
        437.73636363636365,
        436.82272727272726,
        437.0545454545454,
        438.0159090909092,
        438.11818181818194,
        438.15227272727276,
        438.13863636363635,
        438.4045454545454,
        438.4795454545454,
        438.4045454545454,
        438.39772727272725,
        437.45,
        438.30909090909086,
        438.44545454545454,
        438.30909090909086,
        437.42954545454546,
        438.30227272727274,
        438.45227272727277,
        438.4113636363636,
        438.39772727272725,
        438.4795454545454,
        438.234090909091,
        438.43863636363636,
        438.38409090909096,
        438.425,
        438.5,
        437.25227272727267,
        438.2681818181818,
        438.32954545454544,
        437.35454545454553,
        438.2,
        438.5,
        437.27272727272725,
        436.21590909090907,
        437.3818181818182,
        438.37045454545455,
        438.37045454545455,
        437.1363636363636,
        438.425,
        437.42954545454546,
        438.24090909090904,
        438.4795454545454,
        438.24772727272733,
        438.4045454545454,
        436.2704545454546,
        437.34090909090907,
        438.5,
        438.45227272727277,
        438.4318181818182,
        437.40227272727276,
        438.39090909090913,
        437.32045454545454,
        438.425,
        438.46590909090907,
        438.3772727272728,
        437.3886363636364,
        438.44545454545454,
        438.37727272727267,
        438.25454545454545,
        436.25,
        437.36136363636365,
        438.48636363636365,
        438.48636363636365,
        437.42954545454546,
        438.22727272727275,
        438.48636363636365,
        438.4931818181818,
        438.275,
        438.3363636363637,
        438.425,
        438.5,
        438.37727272727267,
        438.4318181818182,
        437.34772727272724,
        437.25227272727267,
        436.31136363636364,
        437.41590909090905,
        438.37727272727267,
        438.47272727272724,
        438.2,
        438.31590909090914,
        438.3431818181818,
        437.375,
        438.5,
        438.4318181818182,
        438.3568181818182,
        438.5
      ],
      "median": [
        413.75,
        435.2,
        435.875,
        436.4,
        436.55,
        436.7,
        436.85,
        436.85,
        436.85,
        436.925,
        437.225,
        437.45000000000005,
        437.6,
        437.6,
        437.6,
        438.05,
        438.05,
        438.2,
        438.2,
        438.2,
        438.35,
        438.5,
        438.5,
        438.5,
        438.5,
        438.5,
        438.5,
        438.5,
        438.5,
        438.5,
        438.5,
        438.5,
        438.5,
        438.5,
        438.5,
        438.5,
        438.5,
        438.5,
        438.5,
        438.5,
        438.5,
        438.5,
        438.5,
        438.5,
        438.5,
        438.5,
        438.5,
        438.5,
        438.5,
        438.5,
        438.5,
        438.5,
        438.5,
        438.5,
        438.5,
        438.5,
        438.5,
        438.5,
        438.5,
        438.5,
        438.5,
        438.5,
        438.5,
        438.5,
        438.5,
        438.5,
        438.5,
        438.5,
        438.5,
        438.5,
        438.5,
        438.5,
        438.5,
        438.5,
        438.5,
        438.5,
        438.5,
        438.5,
        438.5,
        438.5,
        438.5,
        438.5,
        438.5,
        438.5,
        438.5,
        438.5,
        438.5,
        438.5,
        438.5,
        438.5,
        438.5,
        438.5,
        438.5,
        438.5,
        438.5,
        438.5,
        438.5,
        438.5,
        438.5,
        438.5,
        438.5
      ]
    }
  },
  "per_generation": [
    {
      "gen": 0.0,
      "best": 436.7,
      "mean": 422.63409090909084,
      "median": 413.75
    },
    {
      "gen": 1.0,
      "best": 436.7,
      "mean": 431.20454545454544,
      "median": 435.2
    },
    {
      "gen": 2.0,
      "best": 436.7,
      "mean": 435.65000000000003,
      "median": 435.875
    },
    {
      "gen": 3.0,
      "best": 436.85,
      "mean": 435.2204545454546,
      "median": 436.4
    },
    {
      "gen": 4.0,
      "best": 436.85,
      "mean": 436.359090909091,