{
  "algo": "generic",
  "hparams": {
    "generations": 100,
    "popsize": 22,
    "fix_last_gene": true,
    "seed": 101,
    "verbosity": 1,
    "log_every": 1,
    "evals_cap": 10000,
    "cxpb": 0.37016642100441893,
    "mutpb": 0.45556911769658115,
    "mutation_rate": 0.09476018876581101
  },
  "metrics": {
    "best_final": 438.65,
    "auc_best": 43858.77500000008,
    "auc_best_norm": 438.5877500000008,
    "runtime_sec": 62.83192706108093,
    "evals_total": 1462,
    "budget_triggered": false,
    "stop_reason": "None"
  },
  "diagnostics": {
    "best": {
      "start": 436.7,
      "end": 438.65,
      "delta_abs": 1.9499999999999886,
      "delta_rel": 0.004465307991756329,
      "max_val": 438.65,
      "argmax": 20,
      "auc_raw": 43858.77500000008,
      "auc_norm": 438.5877500000008
    },
    "mean": {
      "start": 420.5,
      "end": 438.1590909090908,
      "delta_abs": 17.65909090909082,
      "delta_rel": 0.041995459950275434,
      "max_val": 438.52727272727265,
      "argmax": 32,
      "auc_raw": 43722.731818181805,
      "auc_norm": 437.227318181818
    },
    "median": {
      "start": 413.15,
      "end": 438.65,
      "delta_abs": 25.5,
      "delta_rel": 0.06172092460365485,
      "max_val": 438.65,
      "argmax": 23,
      "auc_raw": 43834.85000000005,
      "auc_norm": 438.3485000000005
    }
  },
  "genomes": {
    "best_genome": [
      1,
      1,
      1,
      1,
      0,
      1,
      1,
      0,
      0,
      1,
      0,
      1,
      1,
      0,
      1,
      0,
      0,
      0,
      0,
      0,
      0,
      0,
      0,
      0,
      0,
      0,
      0,
      0,
      0,
      0,
      0,
      0,
      1
    ],
    "all_best_genomes": null
  },
  "raw": {
    "curves": {
      "best": [
        436.7,
        437.75,
        437.75,
        438.2,
        438.2,
        438.2,
        438.5,
        438.5,
        438.5,
        438.5,
        438.5,
        438.5,
        438.5,
        438.5,
        438.5,
        438.5,
        438.5,
        438.5,
        438.5,
        438.5,
        438.65,
        438.65,
        438.65,
        438.65,
        438.65,
        438.65,
        438.65,
        438.65,
        438.65,
        438.65,
        438.65,
        438.65,
        438.65,
        438.65,
        438.65,
        438.65,
        438.65,
        438.65,
        438.65,
        438.65,
        438.65,
        438.65,
        438.65,
        438.65,
        438.65,
        438.65,
        438.65,
        438.65,
        438.65,
        438.65,
        438.65,
        438.65,
        438.65,
        438.65,
        438.65,
        438.65,
        438.65,
        438.65,
        438.65,
        438.65,
        438.65,
        438.65,
        438.65,
        438.65,
        438.65,
        438.65,
        438.65,
        438.65,
        438.65,
        438.65,
        438.65,
        438.65,
        438.65,
        438.65,
        438.65,
        438.65,
        438.65,
        438.65,
        438.65,
        438.65,
        438.65,
        438.65,
        438.65,
        438.65,
        438.65,
        438.65,
        438.65,
        438.65,
        438.65,
        438.65,
        438.65,
        438.65,
        438.65,
        438.65,
        438.65,
        438.65,
        438.65,
        438.65,
        438.65,
        438.65,
        438.65
      ],
      "mean": [
        420.5,
        434.40227272727276,
        435.11136363636365,
        436.64545454545447,
        437.26590909090913,
        436.4681818181818,
        434.61363636363643,
        437.87954545454545,
        438.09090909090907,
        438.12500000000006,
        437.21818181818185,
        437.05454545454546,
        437.0,
        437.2318181818182,
        437.08863636363634,
        436.22954545454553,
        436.20909090909095,
        438.2886363636364,
        438.3431818181818,
        435.9772727272728,
        437.12272727272733,
        438.3772727272728,
        438.08409090909095,
        437.265909090909,
        437.4022727272726,
        436.27727272727265,
        435.06363636363636,
        436.39318181818174,
        438.4863636363636,
        438.4727272727272,
        438.3977272727272,
        438.24090909090916,
        438.52727272727265,
        437.31363636363625,
        437.29999999999995,
        434.18409090909086,
        437.34772727272724,
        438.17272727272723,
        437.23863636363626,
        437.29999999999995,
        435.00227272727267,
        438.27499999999986,
        438.3227272727272,
        436.31818181818176,
        437.265909090909,
        437.38863636363624,
        437.42272727272723,
        437.38181818181806,
        438.2886363636364,
        437.3613636363636,
        437.38181818181823,
        437.32045454545454,
        438.25454545454545,
        437.2931818181818,
        437.24545454545444,
        436.140909090909,
        437.1363636363636,
        437.2795454545454,
        437.0340909090908,
        438.2613636363636,
        436.11363636363626,
        438.1386363636364,
        437.1363636363636,
        438.28181818181815,
        437.38181818181806,
        436.35227272727263,
        437.14999999999986,
        438.2545454545454,
        437.45681818181805,
        438.24090909090904,
        437.23181818181814,
        437.5045454545454,
        437.4977272727272,
        437.525,
        438.49999999999994,
        438.28181818181815,
        438.13181818181823,
        437.17727272727274,
        435.97045454545446,
        438.22727272727275,
        437.4022727272726,
        438.38409090909084,
        438.275,
        435.9431818181818,
        438.13181818181806,
        437.35454545454536,
        436.2363636363636,
        437.38863636363635,
        438.3840909090908,
        438.24090909090904,
        437.99545454545444,
        438.35681818181814,
        438.2545454545454,
        438.31590909090903,
        437.17045454545456,
        438.41818181818167,
        436.3727272727272,
        436.29772727272723,
        436.0795454545454,
        437.25909090909084,
        438.1590909090908
      ],
      "median": [
        413.15,
        435.20000000000005,
        436.325,
        436.7,
        437.45,
        437.45,
        438.125,
        438.2,
        438.2,
        438.35,
        438.5,
        438.5,
        438.5,
        438.5,
        438.5,
        438.5,
        438.5,
        438.5,
        438.5,
        438.5,
        438.275,
        438.5,
        438.575,
        438.65,
        438.65,
        438.65,
        438.65,
        438.65,
        438.65,
        438.65,
        438.65,
        438.65,
        438.65,
        438.65,
        438.575,
        438.65,
        438.65,
        438.425,
        438.425,
        438.65,
        438.5,
        438.65,
        438.65,
        438.65,
        438.65,
        438.65,
        438.65,
        438.65,
        438.65,
        438.65,
        438.65,
        438.65,
        438.65,
        438.65,
        438.65,
        438.65,
        438.5,
        438.65,
        438.425,
        438.5,
        438.65,
        438.65,
        438.35,
        438.65,
        438.65,
        438.65,
        438.65,
        438.65,
        438.65,
        438.575,
        438.5,
        438.65,
        438.65,
        438.65,
        438.65,
        438.65,
        438.5,
        438.65,
        438.275,
        438.65,
        438.65,
        438.65,
        438.65,
        438.35,
        438.575,
        438.65,
        438.65,
        438.65,
        438.65,
        438.5,
        438.35,
        438.65,
        438.575,
        438.65,
        438.65,
        438.65,
        438.65,
        438.65,
        438.5,
        438.5,
        438.65
      ]
    }
  },
  "per_generation": [
    {
      "gen": 0.0,
      "best": 436.7,
      "mean": 420.5,
      "median": 413.15
    },
    {
      "gen": 1.0,
      "best": 437.75,
      "mean": 434.40227272727276,