{
  "algo": "generic",
  "hparams": {
    "generations": 100,
    "popsize": 22,
    "fix_last_gene": true,
    "seed": 1001,
    "verbosity": 1,
    "log_every": 1,
    "evals_cap": 10000,
    "cxpb": 0.35251479944004505,
    "mutpb": 0.4419858539733451,
    "mutation_rate": 0.07317299288145972
  },
  "metrics": {
    "best_final": 438.65,
    "auc_best": 43859.825000000084,
    "auc_best_norm": 438.59825000000086,
    "runtime_sec": 49.3317768573761,
    "evals_total": 1443,
    "budget_triggered": false,
    "stop_reason": "None"
  },
  "diagnostics": {
    "best": {
      "start": 437.9,
      "end": 438.65,
      "delta_abs": 0.75,
      "delta_rel": 0.001712719799040877,
      "max_val": 438.65,
      "argmax": 15,
      "auc_raw": 43859.825000000084,
      "auc_norm": 438.59825000000086
    },
    "mean": {
      "start": 427.6999999999999,
      "end": 438.45909090909083,
      "delta_abs": 10.759090909090958,
      "delta_rel": 0.025155695368461448,
      "max_val": 438.59545454545446,
      "argmax": 54,
      "auc_raw": 43744.263636363634,
      "auc_norm": 437.4426363636363
    },
    "median": {
      "start": 434.75,
      "end": 438.65,
      "delta_abs": 3.8999999999999773,
      "delta_rel": 0.008970672800459982,
      "max_val": 438.65,
      "argmax": 19,
      "auc_raw": 43850.07500000008,
      "auc_norm": 438.5007500000008
    }
  },
  "genomes": {
    "best_genome": [
      0,
      1,
      0,
      1,
      1,
      1,
      1,
      0,
      0,
      1,
      1,
      0,
      0,
      1,
      0,
      0,
      0,
      0,
      0,
      0,
      0,
      0,
      0,
      0,
      0,
      0,
      0,
      0,
      0,
      0,
      0,
      0,
      1
    ],
    "all_best_genomes": null
  },
  "raw": {
    "curves": {
      "best": [
        437.9,
        437.9,
        438.05,
        438.05,
        438.05,
        438.2,
        438.2,
        438.35,
        438.5,
        438.5,
        438.5,
        438.5,
        438.5,
        438.5,
        438.5,
        438.65,
        438.65,
        438.65,
        438.65,
        438.65,
        438.65,
        438.65,
        438.65,
        438.65,
        438.65,
        438.65,
        438.65,
        438.65,
        438.65,
        438.65,
        438.65,
        438.65,
        438.65,
        438.65,
        438.65,
        438.65,
        438.65,
        438.65,
        438.65,
        438.65,
        438.65,
        438.65,
        438.65,
        438.65,
        438.65,
        438.65,
        438.65,
        438.65,
        438.65,
        438.65,
        438.65,
        438.65,
        438.65,
        438.65,
        438.65,
        438.65,
        438.65,
        438.65,
        438.65,
        438.65,
        438.65,
        438.65,
        438.65,
        438.65,
        438.65,
        438.65,
        438.65,
        438.65,
        438.65,
        438.65,
        438.65,
        438.65,
        438.65,
        438.65,
        438.65,
        438.65,
        438.65,
        438.65,
        438.65,
        438.65,
        438.65,
        438.65,
        438.65,
        438.65,
        438.65,
        438.65,
        438.65,
        438.65,
        438.65,
        438.65,
        438.65,
        438.65,
        438.65,
        438.65,
        438.65,
        438.65,
        438.65,
        438.65,
        438.65,
        438.65,
        438.65
      ],
      "mean": [
        427.6999999999999,
        434.54545454545456,
        436.61136363636365,
        437.2386363636364,
        436.8227272727272,
        437.90681818181815,
        436.80227272727274,
        437.0068181818182,
        437.98181818181826,
        435.92954545454546,
        437.0818181818182,
        437.13636363636374,
        436.15454545454554,
        437.36136363636365,
        438.11136363636365,
        438.30227272727274,
        438.2204545454546,
        438.20681818181816,
        437.1977272727272,
        438.52727272727265,
        438.58863636363634,
        438.22727272727263,
        438.37045454545455,
        437.29318181818167,
        438.30909090909086,
        434.075,
        436.22272727272724,
        438.1795454545454,
        438.52045454545447,
        437.33409090909095,
        437.2931818181818,
        438.45227272727266,
        438.45909090909083,
        438.49318181818177,
        438.54772727272723,
        438.3431818181818,
        437.38863636363624,
        437.36818181818177,
        435.35681818181814,
        438.2886363636364,
        437.3613636363635,
        438.47272727272724,
        438.56818181818176,
        436.17499999999984,
        436.1068181818182,
        437.37499999999994,
        438.4522727272726,
        436.48863636363626,
        438.4181818181818,
        437.48409090909087,
        438.51363636363635,
        437.4363636363636,
        436.14090909090896,
        437.42272727272723,
        438.59545454545446,
        436.33863636363634,
        438.4045454545454,
        438.2613636363636,
        435.17272727272734,
        438.425,
        437.4090909090908,
        436.24318181818177,
        438.2886363636363,
        437.37499999999994,
        437.31363636363625,
        438.2477272727272,
        436.26363636363624,
        438.2613636363636,
        438.34999999999997,
        437.33409090909095,
        436.290909090909,
        438.47954545454536,
        438.50681818181806,
        438.390909090909,
        438.52045454545447,
        438.45227272727266,
        436.35227272727263,
        438.2340909090908,
        435.2204545454546,
        438.40454545454537,
        438.41136363636355,
        438.540909090909,
        436.215909090909,
        436.19545454545454,
        437.40227272727265,
        437.2590909090908,
        436.05227272727274,
        438.37045454545455,
        438.22727272727263,
        437.45681818181805,
        438.38409090909084,
        437.34772727272724,
        437.1090909090908,
        437.21136363636356,
        436.24318181818177,
        438.50681818181806,
        437.2863636363636,
        438.26818181818174,
        436.3045454545454,
        438.58181818181816,
        438.45909090909083
      ],
      "median": [
        434.75,
        435.5,
        436.7,
        437.45,
        437.9,
        437.9,
        437.9,
        438.05,
        438.2,
        438.2,
        438.35,
        438.35,
        438.425,
        438.5,
        438.5,
        438.5,
        438.5,
        438.5,
        438.5,
        438.65,
        438.65,
        438.65,
        438.65,
        438.65,
        438.65,
        438.65,
        438.65,
        438.575,
        438.65,
        438.65,
        438.65,
        438.65,
        438.65,
        438.65,
        438.65,
        438.65,
        438.65,
        438.65,
        438.65,
        438.65,
        438.65,
        438.65,
        438.65,
        438.65,
        438.5,
        438.65,
        438.65,
        438.65,
        438.65,
        438.65,
        438.65,
        438.65,
        438.65,
        438.65,
        438.65,
        438.65,
        438.65,
        438.35,
        438.35,
        438.65,
        438.65,
        438.65,
        438.65,
        438.65,
        438.65,
        438.65,
        438.65,
        438.65,
        438.65,
        438.65,
        438.65,
        438.65,
        438.65,
        438.65,
        438.65,
        438.65,
        438.65,
        438.65,
        438.65,
        438.65,
        438.65,
        438.65,
        438.65,
        438.575,
        438.65,
        438.425,
        438.65,
        438.65,
        438.65,
        438.65,
        438.65,
        438.65,
        438.65,
        438.65,
        438.575,
        438.65,
        438.65,
        438.65,
        438.65,
        438.65,
        438.65
      ]
    }
  },
  "per_generation": [
    {
      "gen": 0.0,
      "best": 437.9,
      "mean": 427.6999999999999,
      "median": 434.75
    },
    {
      "gen": 1.0,