{
  "algo": "generic",
  "hparams": {
    "generations": 100,
    "popsize": 22,
    "fix_last_gene": true,
    "seed": 606,
    "verbosity": 1,
    "log_every": 1,
    "evals_cap": 10000,
    "cxpb": 0.09263080265223729,
    "mutpb": 0.47618812200282834,
    "mutation_rate": 0.0871025461867389
  },
  "metrics": {
    "best_final": 438.65,
    "auc_best": 43850.600000000086,
    "auc_best_norm": 438.5060000000009,
    "runtime_sec": 43.884268283843994,
    "evals_total": 1185,
    "budget_triggered": false,
    "stop_reason": "None"
  },
  "diagnostics": {
    "best": {
      "start": 436.55,
      "end": 438.65,
      "delta_abs": 2.099999999999966,
      "delta_rel": 0.004810445538884356,
      "max_val": 438.65,
      "argmax": 15,
      "auc_raw": 43850.600000000086,
      "auc_norm": 438.5060000000009
    },
    "mean": {
      "start": 423.7181818181818,
      "end": 438.3772727272728,
      "delta_abs": 14.659090909090992,
      "delta_rel": 0.03459632259863994,
      "max_val": 438.5,
      "argmax": 19,
      "auc_raw": 43713.00227272728,
      "auc_norm": 437.13002272727283
    },
    "median": {
      "start": 423.95,
      "end": 438.5,
      "delta_abs": 14.550000000000011,
      "delta_rel": 0.034320084915674044,
      "max_val": 438.65,
      "argmax": 18,
      "auc_raw": 43829.07500000004,
      "auc_norm": 438.2907500000004
    }
  },
  "genomes": {
    "best_genome": [
      0,
      0,
      0,
      0,
      1,
      1,
      0,
      1,
      1,
      0,
      0,
      1,
      1,
      1,
      0,
      0,
      0,
      0,
      0,
      0,
      0,
      0,
      0,
      0,
      0,
      0,
      0,
      0,
      0,
      0,
      0,
      0,
      1
    ],
    "all_best_genomes": null
  },
  "raw": {
    "curves": {
      "best": [
        436.55,
        436.55,
        436.85,
        437.0,
        437.15,
        437.6,
        437.6,
        437.9,
        437.9,
        437.9,
        437.9,
        438.35,
        438.35,
        438.35,
        438.35,
        438.65,
        438.65,
        438.65,
        438.65,
        438.65,
        438.65,
        438.65,
        438.65,
        438.65,
        438.65,
        438.65,
        438.65,
        438.65,
        438.65,
        438.65,
        438.65,
        438.65,
        438.65,
        438.65,
        438.65,
        438.65,
        438.65,
        438.65,
        438.65,
        438.65,
        438.65,
        438.65,
        438.65,
        438.65,
        438.65,
        438.65,
        438.65,
        438.65,
        438.65,
        438.65,
        438.65,
        438.65,
        438.65,
        438.65,
        438.65,
        438.65,
        438.65,
        438.65,
        438.65,
        438.65,
        438.65,
        438.65,
        438.65,
        438.65,
        438.65,
        438.65,
        438.65,
        438.65,
        438.65,
        438.65,
        438.65,
        438.65,
        438.65,
        438.65,
        438.65,
        438.65,
        438.65,
        438.65,
        438.65,
        438.65,
        438.65,
        438.65,
        438.65,
        438.65,
        438.65,
        438.65,
        438.65,
        438.65,
        438.65,
        438.65,
        438.65,
        438.65,
        438.65,
        438.65,
        438.65,
        438.65,
        438.65,
        438.65,
        438.65,
        438.65,
        438.65
      ],
      "mean": [
        423.7181818181818,
        432.2681818181818,
        432.8681818181818,
        435.22727272727263,
        435.72499999999997,
        436.66590909090917,
        436.7886363636364,
        437.1636363636364,
        435.2272727272728,
        437.1977272727274,
        437.4568181818182,
        436.44772727272726,
        435.4386363636364,
        435.47272727272724,
        436.81590909090903,
        436.925,
        438.0295454545454,
        438.31590909090914,
        436.26363636363635,
        438.5,
        435.356818181818,
        438.3363636363636,
        438.240909090909,
        438.30909090909086,
        438.34999999999985,
        438.36363636363626,
        436.26363636363635,
        437.415909090909,
        438.240909090909,
        437.03409090909093,
        437.075,
        436.05909090909086,
        437.0545454545454,
        437.1977272727272,
        435.00909090909096,
        437.27272727272725,
        438.1863636363636,
        438.3977272727272,
        437.190909090909,
        437.0,
        436.97954545454553,
        435.1727272727272,
        438.40454545454537,
        437.5045454545454,
        435.1931818181818,
        437.38863636363624,
        436.26363636363624,
        436.4136363636363,
        438.30227272727274,
        437.38863636363635,
        435.19318181818176,
        437.2318181818182,
        438.22727272727263,
        438.24090909090904,
        437.38863636363635,
        438.22727272727275,
        437.24545454545455,
        438.45227272727266,
        438.38409090909084,
        436.1272727272728,
        438.4727272727272,
        438.45227272727266,
        436.1477272727272,
        438.1931818181818,
        437.3613636363635,
        437.3272727272726,
        437.2795454545454,
        437.415909090909,
        437.32727272727277,
        438.47954545454536,
        436.12727272727267,
        438.2886363636364,
        438.3295454545454,
        438.24090909090904,
        437.34772727272724,
        437.1772727272726,
        437.490909090909,
        436.26363636363635,
        438.3772727272728,
        438.40454545454537,
        437.2795454545454,
        438.13181818181806,
        438.2477272727272,
        438.4590909090908,
        438.2545454545454,
        438.41136363636355,
        438.3431818181818,
        437.45681818181816,
        438.47272727272724,
        438.24772727272716,
        437.3068181818182,
        438.09772727272724,
        433.8295454545454,
        437.340909090909,
        437.27272727272725,
        437.21136363636356,
        438.425,
        436.23636363636365,
        436.20227272727266,
        437.340909090909,
        438.3772727272728
      ],
      "median": [
        423.95,
        435.20000000000005,
        436.25,
        436.4,
        436.85,
        436.85,
        437.0,
        437.15,
        437.45,
        437.375,
        437.45,
        437.45,
        437.525,
        437.75,
        437.9,
        438.05,
        438.35,
        438.35,
        438.65,
        438.65,
        438.65,
        438.65,
        438.65,
        438.65,
        438.65,
        438.65,
        438.65,
        438.65,
        438.5,
        438.20000000000005,
        438.35,
        438.35,
        438.5,
        438.35,
        438.35,
        438.65,
        438.5,
        438.65,
        438.65,
        438.35,
        438.35,
        438.575,
        438.65,
        438.65,
        438.65,
        438.65,
        438.65,
        438.65,
        438.65,
        438.65,
        438.65,
        438.65,
        438.65,
        438.65,
        438.65,
        438.65,
        438.65,
        438.65,
        438.65,
        438.65,
        438.65,
        438.65,
        438.425,
        438.425,
        438.65,
        438.65,
        438.35,
        438.65,
        438.65,
        438.65,
        438.425,
        438.65,
        438.65,
        438.65,
        438.65,
        438.65,
        438.65,
        438.65,
        438.65,
        438.65,
        438.65,
        438.65,
        438.5,
        438.65,
        438.65,
        438.65,
        438.65,
        438.65,
        438.65,
        438.65,
        438.575,
        438.35,
        438.425,
        438.65,
        438.65,
        438.35,
        438.65,
        438.65,
        438.65,
        438.65,
        438.5
      ]
    }
  },
  "per_generation": [
    {
      "gen": 0.0,
      "best": 436.55,
      "mean": 423.7181818181818,
      "median": 423.95
    },
    {
      "gen": 1.0,
      "best": 436.55,