{
  "algo": "generic",
  "hparams": {
    "generations": 100,
    "popsize": 22,
    "fix_last_gene": true,
    "seed": 303,
    "verbosity": 1,
    "log_every": 1,
    "evals_cap": 10000,
    "cxpb": 0.18123701535156744,
    "mutpb": 0.04030197270671292,
    "mutation_rate": 0.02851188378921149
  },
  "metrics": {
    "best_final": 438.65,
    "auc_best": 43784.89999999997,
    "auc_best_norm": 437.8489999999997,
    "runtime_sec": 17.042641401290894,
    "evals_total": 480,
    "budget_triggered": false,
    "stop_reason": "None"
  },
  "diagnostics": {
    "best": {
      "start": 436.55,
      "end": 438.65,
      "delta_abs": 2.099999999999966,
      "delta_rel": 0.004810445538884356,
      "max_val": 438.65,
      "argmax": 100,
      "auc_raw": 43784.89999999997,
      "auc_norm": 437.8489999999997
    },
    "mean": {
      "start": 426.45227272727266,
      "end": 438.36363636363643,
      "delta_abs": 11.911363636363774,
      "delta_rel": 0.02793129360101078,
      "max_val": 438.36363636363643,
      "argmax": 100,
      "auc_raw": 43766.58977272725,
      "auc_norm": 437.6658977272725
    },
    "median": {
      "start": 433.85,
      "end": 438.35,
      "delta_abs": 4.5,
      "delta_rel": 0.01037224847297453,
      "max_val": 438.35,
      "argmax": 73,
      "auc_raw": 43776.04999999998,
      "auc_norm": 437.7604999999998
    }
  },
  "genomes": {
    "best_genome": [
      0,
      0,
      0,
      0,
      1,
      0,
      0,
      1,
      0,
      1,
      1,
      0,
      1,
      1,
      1,
      0,
      0,
      0,
      0,
      0,
      0,
      0,
      0,
      0,
      0,
      0,
      0,
      0,
      0,
      0,
      0,
      0,
      1
    ],
    "all_best_genomes": null
  },
  "raw": {
    "curves": {
      "best": [
        436.55,
        436.55,
        436.55,
        437.0,
        437.3,
        437.3,
        437.3,
        437.3,
        437.3,
        437.3,
        437.3,
        437.3,
        437.3,
        437.3,
        437.3,
        437.3,
        437.3,
        437.3,
        437.3,
        437.3,
        437.3,
        437.3,
        437.3,
        437.3,
        437.3,
        437.3,
        437.3,
        437.3,
        437.3,
        437.3,
        437.3,
        437.9,
        437.9,
        437.9,
        437.9,
        437.9,
        437.9,
        437.9,
        437.9,
        437.9,
        437.9,
        437.9,
        437.9,
        437.9,
        437.9,
        437.9,
        437.9,
        437.9,
        437.9,
        437.9,
        437.9,
        437.9,
        437.9,
        437.9,
        437.9,
        437.9,
        437.9,
        437.9,
        437.9,
        437.9,
        438.05,
        438.05,
        438.05,
        438.05,
        438.05,
        438.05,
        438.05,
        438.05,
        438.05,
        438.05,
        438.35,
        438.35,
        438.35,
        438.35,
        438.35,
        438.35,
        438.35,
        438.35,
        438.35,
        438.35,
        438.35,
        438.35,
        438.35,
        438.35,
        438.35,
        438.35,
        438.35,
        438.35,
        438.35,
        438.35,
        438.35,
        438.35,
        438.35,
        438.35,
        438.35,
        438.35,
        438.35,
        438.35,
        438.35,
        438.35,
        438.65
      ],
      "mean": [
        426.45227272727266,
        429.97045454545446,
        435.69772727272726,
        436.35227272727263,
        436.65227272727276,
        436.775,
        436.98636363636365,
        437.1977272727272,
        437.2727272727272,
        437.2045454545454,
        437.29999999999995,
        437.2727272727272,
        437.29999999999995,
        437.29999999999995,
        437.29999999999995,
        437.29999999999995,
        437.29999999999995,
        437.29999999999995,
        437.23181818181814,
        437.29999999999995,
        437.29999999999995,
        437.29999999999995,
        437.29999999999995,
        437.29999999999995,
        437.28636363636355,
        437.27954545454537,
        437.29999999999995,
        437.28636363636355,
        437.29999999999995,
        437.29999999999995,
        437.29999999999995,
        437.3272727272726,
        437.4363636363636,
        437.51818181818174,
        437.65454545454537,
        437.81818181818176,
        437.865909090909,
        437.89999999999986,
        437.89999999999986,
        437.89999999999986,
        437.8795454545454,
        437.89999999999986,
        437.89999999999986,
        437.89999999999986,
        437.89999999999986,
        437.865909090909,
        437.88636363636357,
        437.89999999999986,
        437.88636363636357,
        437.89999999999986,
        437.8795454545454,
        437.89999999999986,
        437.89999999999986,
        437.87272727272716,
        437.89999999999986,
        437.8386363636362,
        437.8795454545454,
        437.89999999999986,
        437.89999999999986,
        437.89999999999986,
        437.90681818181804,
        437.940909090909,
        438.0022727272726,
        437.98181818181814,
        438.04999999999995,
        438.04999999999995,
        438.04999999999995,
        438.04999999999995,
        438.04999999999995,
        438.04999999999995,
        438.03636363636355,
        438.11818181818177,
        438.2,
        438.2818181818182,
        438.35000000000014,
        438.35000000000014,
        438.35000000000014,
        438.35000000000014,
        438.35000000000014,
        438.35000000000014,
        438.3159090909092,
        438.3363636363637,
        438.35000000000014,
        438.35000000000014,
        438.35000000000014,
        438.34318181818196,
        438.35000000000014,
        438.35000000000014,
        438.35000000000014,
        438.35000000000014,
        438.35000000000014,
        438.35000000000014,
        438.35000000000014,
        438.35000000000014,
        438.35000000000014,
        438.35000000000014,
        438.35000000000014,
        438.34318181818196,
        438.35000000000014,
        438.35000000000014,
        438.36363636363643
      ],
      "median": [
        433.85,
        434.75,
        435.95,
        436.55,
        436.55,
        436.7,
        437.0,
        437.3,
        437.3,
        437.3,
        437.3,
        437.3,
        437.3,
        437.3,
        437.3,
        437.3,
        437.3,
        437.3,
        437.3,
        437.3,
        437.3,
        437.3,
        437.3,
        437.3,
        437.3,
        437.3,
        437.3,
        437.3,
        437.3,
        437.3,
        437.3,
        437.3,
        437.3,
        437.3,
        437.9,
        437.9,
        437.9,
        437.9,
        437.9,
        437.9,
        437.9,
        437.9,
        437.9,
        437.9,
        437.9,
        437.9,
        437.9,
        437.9,
        437.9,
        437.9,
        437.9,
        437.9,
        437.9,
        437.9,
        437.9,
        437.9,
        437.9,
        437.9,
        437.9,
        437.9,
        437.9,
        437.9,
        438.05,
        438.05,
        438.05,
        438.05,
        438.05,
        438.05,
        438.05,
        438.05,
        438.05,
        438.05,
        438.20000000000005,
        438.35,
        438.35,
        438.35,
        438.35,
        438.35,
        438.35,
        438.35,
        438.35,
        438.35,
        438.35,
        438.35,
        438.35,
        438.35,
        438.35,
        438.35,
        438.35,
        438.35,
        438.35,
        438.35,
        438.35,
        438.35,
        438.35,
        438.35,
        438.35,
        438.35,
        438.35,
        438.35,
        438.35
      ]
    }
  },
  "per_generation": [
    {
      "gen": 0.0,
      "best": 436.55,
      "mean": 426.45227272727266,
      "median": 433.85
    },
    {
      "gen": 1.0,
      "best": 436.55,
      "mean": 429.97045454545446,