{
  "algo": "generic",
  "hparams": {
    "generations": 100,
    "popsize": 22,
    "fix_last_gene": true,
    "seed": 202,
    "verbosity": 1,
    "log_every": 1,
    "evals_cap": 10000,
    "cxpb": 0.3542460200139371,
    "mutpb": 0.02189414012833207,
    "mutation_rate": 0.1905924251456776
  },
  "metrics": {
    "best_final": 438.65,
    "auc_best": 43824.87500000005,
    "auc_best_norm": 438.2487500000005,
    "runtime_sec": 33.916940212249756,
    "evals_total": 841,
    "budget_triggered": false,
    "stop_reason": "None"
  },
  "diagnostics": {
    "best": {
      "start": 436.7,
      "end": 438.65,
      "delta_abs": 1.9499999999999886,
      "delta_rel": 0.004465307991756329,
      "max_val": 438.65,
      "argmax": 76,
      "auc_raw": 43824.87500000005,
      "auc_norm": 438.2487500000005
    },
    "mean": {
      "start": 422.29999999999995,
      "end": 438.64999999999986,
      "delta_abs": 16.34999999999991,
      "delta_rel": 0.03871655221406562,
      "max_val": 438.64999999999986,
      "argmax": 81,
      "auc_raw": 43787.2181818182,
      "auc_norm": 437.872181818182
    },
    "median": {
      "start": 413.0,
      "end": 438.65,
      "delta_abs": 25.649999999999977,
      "delta_rel": 0.062106537530266286,
      "max_val": 438.65,
      "argmax": 79,
      "auc_raw": 43805.15000000005,
      "auc_norm": 438.05150000000054
    }
  },
  "genomes": {
    "best_genome": [
      0,
      0,
      0,
      0,
      1,
      1,
      1,
      1,
      0,
      0,
      1,
      0,
      1,
      0,
      0,
      0,
      0,
      0,
      0,
      0,
      0,
      0,
      0,
      0,
      0,
      0,
      0,
      0,
      0,
      0,
      0,
      0,
      1
    ],
    "all_best_genomes": null
  },
  "raw": {
    "curves": {
      "best": [
        436.7,
        436.7,
        436.85,
        436.85,
        436.85,
        436.85,
        437.6,
        437.6,
        437.6,
        437.6,
        437.6,
        437.6,
        437.6,
        437.6,
        437.6,
        437.6,
        437.6,
        438.2,
        438.2,
        438.2,
        438.2,
        438.2,
        438.2,
        438.2,
        438.2,
        438.2,
        438.2,
        438.2,
        438.2,
        438.2,
        438.2,
        438.2,
        438.2,
        438.2,
        438.2,
        438.2,
        438.2,
        438.2,
        438.2,
        438.2,
        438.2,
        438.2,
        438.2,
        438.2,
        438.2,
        438.2,
        438.2,
        438.2,
        438.2,
        438.5,
        438.5,
        438.5,
        438.5,
        438.5,
        438.5,
        438.5,
        438.5,
        438.5,
        438.5,
        438.5,
        438.5,
        438.5,
        438.5,
        438.5,
        438.5,
        438.5,
        438.5,
        438.5,
        438.5,
        438.5,
        438.5,
        438.5,
        438.5,
        438.5,
        438.5,
        438.5,
        438.65,
        438.65,
        438.65,
        438.65,
        438.65,
        438.65,
        438.65,
        438.65,
        438.65,
        438.65,
        438.65,
        438.65,
        438.65,
        438.65,
        438.65,
        438.65,
        438.65,
        438.65,
        438.65,
        438.65,
        438.65,
        438.65,
        438.65,
        438.65,
        438.65
      ],
      "mean": [
        422.29999999999995,
        432.99772727272733,
        435.76590909090913,
        436.48863636363643,
        435.6772727272728,
        436.8159090909092,
        436.85000000000014,
        436.91818181818195,
        437.08863636363645,
        436.284090909091,
        436.509090909091,
        437.60000000000014,
        437.60000000000014,
        437.55909090909097,
        437.57954545454555,
        437.60000000000014,
        437.60000000000014,
        437.62727272727284,
        437.68181818181824,
        437.90000000000003,
        438.1727272727274,
        438.20000000000005,
        438.20000000000005,
        437.0477272727274,
        437.15000000000003,
        438.20000000000005,
        438.20000000000005,
        438.0704545454546,
        438.20000000000005,
        437.1022727272728,
        438.11136363636365,
        438.20000000000005,
        438.1386363636365,
        438.20000000000005,
        438.20000000000005,
        438.20000000000005,
        438.159090909091,
        438.20000000000005,
        438.20000000000005,
        438.20000000000005,
        438.15909090909093,
        438.1045454545456,
        437.04090909090917,
        437.09545454545463,
        438.20000000000005,
        438.20000000000005,
        437.00000000000006,
        438.20000000000005,
        438.20000000000005,
        438.2136363636364,
        438.24090909090916,
        437.26590909090925,
        438.48636363636365,
        438.5,
        437.26590909090913,
        438.37727272727267,
        438.39090909090913,
        438.43863636363636,
        438.5,
        438.39772727272725,
        438.5,
        438.4795454545454,
        438.5,
        438.4318181818182,
        438.5,
        438.5,
        437.42272727272723,
        438.4318181818182,
        438.5,
        438.5,
        438.5,
        438.5,
        438.45909090909095,
        438.5,
        437.42954545454546,
        438.5,
        438.43863636363636,
        438.51363636363635,
        437.47727272727263,
        438.60227272727263,
        437.49772727272716,
        438.64999999999986,
        438.64999999999986,
        438.6090909090908,
        438.64999999999986,
        438.64999999999986,
        438.5340909090908,
        438.64999999999986,
        438.6090909090908,
        438.64999999999986,
        438.64999999999986,
        438.64999999999986,
        438.64999999999986,
        438.58181818181805,
        438.64999999999986,
        438.64999999999986,
        438.64999999999986,
        438.64999999999986,
        438.64999999999986,
        436.35227272727263,
        438.64999999999986
      ],
      "median": [
        413.0,
        434.825,
        436.025,
        436.7,
        436.775,
        436.85,
        436.85,
        436.85,
        436.85,
        437.6,
        437.6,
        437.6,
        437.6,
        437.6,
        437.6,
        437.6,
        437.6,
        437.6,
        437.6,
        437.9,
        438.2,
        438.2,
        438.2,
        438.2,
        438.2,
        438.2,
        438.2,
        438.2,
        438.2,
        438.2,
        438.2,
        438.2,
        438.2,
        438.2,
        438.2,
        438.2,
        438.2,
        438.2,
        438.2,
        438.2,
        438.2,
        438.2,
        438.2,
        438.2,
        438.2,
        438.2,
        438.2,
        438.2,
        438.2,
        438.2,
        438.2,
        438.35,
        438.5,
        438.5,
        438.5,
        438.5,
        438.5,
        438.5,
        438.5,
        438.5,
        438.5,
        438.5,
        438.5,
        438.5,
        438.5,
        438.5,
        438.5,
        438.5,
        438.5,
        438.5,
        438.5,
        438.5,
        438.5,
        438.5,
        438.5,
        438.5,
        438.5,
        438.5,
        438.5,
        438.65,
        438.65,
        438.65,
        438.65,
        438.65,
        438.65,
        438.65,
        438.65,
        438.65,
        438.65,
        438.65,
        438.65,
        438.65,
        438.65,
        438.65,
        438.65,
        438.65,
        438.65,
        438.65,
        438.65,
        438.65,
        438.65
      ]
    }
  },
  "per_generation": [
    {
      "gen": 0.0,
      "best": 436.7,
      "mean": 422.29999999999995,
      "median": 413.0
    },
    {
      "gen": 1.0,
      "best": 436.7,
      "mean": 432.99772727272733,
      "median": 434.825
    },
    {
      "gen": 2.0,
      "best": 436.85,
      "mean": 435.76590909090913,
      "median": 436.025
    },
    {
      "gen": 3.0,