{
  "algo": "generic",
  "hparams": {
    "generations": 100,
    "popsize": 22,
    "fix_last_gene": true,
    "seed": 505,
    "verbosity": 1,
    "log_every": 1,
    "evals_cap": 10000,
    "cxpb": 0.050943304121973676,
    "mutpb": 0.061490421571293925,
    "mutation_rate": 0.15458740551129602
  },
  "metrics": {
    "best_final": 438.35,
    "auc_best": 43789.92499999991,
    "auc_best_norm": 437.8992499999991,
    "runtime_sec": 10.374287843704224,
    "evals_total": 268,
    "budget_triggered": false,
    "stop_reason": "None"
  },
  "diagnostics": {
    "best": {
      "start": 436.7,
      "end": 438.35,
      "delta_abs": 1.650000000000034,
      "delta_rel": 0.0037783375314862245,
      "max_val": 438.35,
      "argmax": 39,
      "auc_raw": 43789.92499999991,
      "auc_norm": 437.8992499999991
    },
    "mean": {
      "start": 422.3886363636364,
      "end": 438.2818181818183,
      "delta_abs": 15.893181818181915,
      "delta_rel": 0.03762691618554671,
      "max_val": 438.35000000000014,
      "argmax": 45,
      "auc_raw": 43736.221590909074,
      "auc_norm": 437.36221590909076
    },
    "median": {
      "start": 413.975,
      "end": 438.35,
      "delta_abs": 24.375,
      "delta_rel": 0.05888036717193067,
      "max_val": 438.35,
      "argmax": 43,
      "auc_raw": 43771.73749999991,
      "auc_norm": 437.7173749999991
    }
  },
  "genomes": {
    "best_genome": [
      0,
      0,
      0,
      1,
      0,
      0,
      1,
      1,
      1,
      0,
      1,
      1,
      0,
      1,
      0,
      0,
      0,
      0,
      0,
      0,
      0,
      0,
      0,
      0,
      0,
      0,
      0,
      0,
      1,
      0,
      0,
      0,
      1
    ],
    "all_best_genomes": null
  },
  "raw": {
    "curves": {
      "best": [
        436.7,
        436.7,
        436.7,
        436.7,
        436.7,
        436.7,
        436.7,
        436.85,
        436.85,
        436.85,
        436.85,
        436.85,
        436.85,
        436.85,
        436.85,
        436.85,
        436.85,
        436.85,
        437.3,
        437.3,
        437.3,
        437.3,
        437.3,
        437.3,
        437.3,
        437.3,
        437.3,
        437.3,
        437.3,
        437.3,
        437.3,
        437.6,
        437.6,
        437.6,
        437.6,
        438.05,
        438.05,
        438.05,
        438.05,
        438.35,
        438.35,
        438.35,
        438.35,
        438.35,
        438.35,
        438.35,
        438.35,
        438.35,
        438.35,
        438.35,
        438.35,
        438.35,
        438.35,
        438.35,
        438.35,
        438.35,
        438.35,
        438.35,
        438.35,
        438.35,
        438.35,
        438.35,
        438.35,
        438.35,
        438.35,
        438.35,
        438.35,
        438.35,
        438.35,
        438.35,
        438.35,
        438.35,
        438.35,
        438.35,
        438.35,
        438.35,
        438.35,
        438.35,
        438.35,
        438.35,
        438.35,
        438.35,
        438.35,
        438.35,
        438.35,
        438.35,
        438.35,
        438.35,
        438.35,
        438.35,
        438.35,
        438.35,
        438.35,
        438.35,
        438.35,
        438.35,
        438.35,
        438.35,
        438.35,
        438.35,
        438.35
      ],
      "mean": [
        422.3886363636364,
        430.4681818181818,
        434.9477272727274,
        436.53636363636366,
        436.70000000000005,
        436.70000000000005,
        434.5659090909092,
        435.5681818181819,
        436.72045454545463,
        436.74090909090916,
        436.734090909091,
        435.6704545454546,
        436.76136363636374,
        436.5704545454546,
        436.76818181818186,
        435.75227272727284,
        436.78863636363644,
        435.73181818181826,
        436.8022727272728,
        436.81590909090914,
        437.11590909090916,
        436.215909090909,
        436.2295454545454,
        437.29999999999995,
        437.29318181818167,
        437.265909090909,
        437.2386363636364,
        437.29999999999995,
        436.215909090909,
        437.2590909090908,
        437.29999999999995,
        436.06590909090903,
        437.2522727272726,
        437.38863636363635,
        437.5863636363637,
        436.51590909090913,
        437.68181818181824,
        437.82500000000005,
        436.84999999999997,
        437.01363636363635,
        437.97499999999985,
        437.98863636363626,
        438.1318181818182,
        438.268181818182,
        438.20000000000005,
        438.35000000000014,
        437.2659090909092,
        438.35000000000014,
        438.35000000000014,
        437.1704545454546,
        437.27954545454554,
        438.35000000000014,
        438.234090909091,
        438.28863636363644,
        437.15000000000015,
        437.1909090909092,
        438.2409090909092,
        438.35000000000014,
        438.25454545454556,
        438.28863636363644,
        438.25454545454556,
        437.1772727272728,
        436.02500000000015,
        438.3159090909092,
        438.28863636363644,
        438.35000000000014,
        437.27954545454554,
        438.35000000000014,
        438.21363636363645,
        438.27500000000015,
        438.22045454545463,
        437.1772727272728,
        437.2113636363637,
        438.35000000000014,
        438.2409090909092,
        437.08863636363645,
        437.2113636363637,
        438.234090909091,
        438.3159090909092,
        438.35000000000014,
        438.35000000000014,
        438.35000000000014,
        438.35000000000014,
        438.22045454545463,
        437.23863636363643,
        438.2409090909092,
        438.159090909091,
        438.2477272727274,
        438.2818181818183,
        438.2818181818183,
        438.35000000000014,
        438.35000000000014,
        438.3159090909092,
        438.34318181818196,
        438.27500000000003,
        438.35000000000014,
        438.35000000000014,
        438.35000000000014,
        438.35000000000014,
        438.26818181818186,
        438.2818181818183
      ],
      "median": [
        413.975,
        435.5,
        435.8,
        436.7,
        436.7,
        436.7,
        436.7,
        436.7,
        436.7,
        436.7,
        436.7,
        436.85,
        436.85,
        436.85,
        436.85,
        436.85,
        436.85,
        436.85,
        436.85,
        436.85,
        437.3,
        437.3,
        437.3,
        437.3,
        437.3,
        437.3,
        437.3,
        437.3,
        437.3,
        437.3,
        437.3,
        437.3,
        437.3,
        437.3,
        437.6,
        437.6,
        437.6,
        437.82500000000005,
        438.05,
        438.05,
        438.05,
        438.05,
        438.05,
        438.35,
        438.35,
        438.35,
        438.35,
        438.35,
        438.35,
        438.35,
        438.35,
        438.35,
        438.35,
        438.35,
        438.35,
        438.35,
        438.35,
        438.35,
        438.35,
        438.35,
        438.35,
        438.35,
        438.35,
        438.35,
        438.35,
        438.35,
        438.35,
        438.35,
        438.35,
        438.35,
        438.35,
        438.35,
        438.35,
        438.35,
        438.35,
        438.35,
        438.35,
        438.35,
        438.35,
        438.35,
        438.35,
        438.35,
        438.35,
        438.35,
        438.35,
        438.35,
        438.35,
        438.35,
        438.35,
        438.35,
        438.35,
        438.35,
        438.35,
        438.35,
        438.35,
        438.35,
        438.35,
        438.35,
        438.35,
        438.35,
        438.35
      ]
    }
  },
  "per_generation": [
    {
      "gen": 0.0,
      "best": 436.7,
      "mean": 422.3886363636364,
      "median": 413.975
    },
    {
      "gen": 1.0,