{
  "algo": "generic",
  "hparams": {
    "generations": 100,
    "popsize": 22,
    "fix_last_gene": true,
    "seed": 404,
    "verbosity": 1,
    "log_every": 1,
    "evals_cap": 10000,
    "cxpb": 0.03901193444748749,
    "mutpb": 0.24958270275132294,
    "mutation_rate": 0.17984007504118743
  },
  "metrics": {
    "best_final": 438.65,
    "auc_best": 43828.02500000009,
    "auc_best_norm": 438.2802500000009,
    "runtime_sec": 23.81948161125183,
    "evals_total": 622,
    "budget_triggered": false,
    "stop_reason": "None"
  },
  "diagnostics": {
    "best": {
      "start": 437.0,
      "end": 438.65,
      "delta_abs": 1.6499999999999773,
      "delta_rel": 0.0037757437070937696,
      "max_val": 438.65,
      "argmax": 44,
      "auc_raw": 43828.02500000009,
      "auc_norm": 438.2802500000009
    },
    "mean": {
      "start": 423.72499999999997,
      "end": 437.14999999999986,
      "delta_abs": 13.424999999999898,
      "delta_rel": 0.03168328514956611,
      "max_val": 438.5545454545454,
      "argmax": 65,
      "auc_raw": 43695.4284090909,
      "auc_norm": 436.95428409090897
    },
    "median": {
      "start": 424.1,
      "end": 438.65,
      "delta_abs": 14.549999999999955,
      "delta_rel": 0.034307946239094445,
      "max_val": 438.65,
      "argmax": 46,
      "auc_raw": 43815.27500000008,
      "auc_norm": 438.1527500000008
    }
  },
  "genomes": {
    "best_genome": [
      1,
      1,
      1,
      1,
      0,
      0,
      1,
      0,
      1,
      0,
      0,
      0,
      0,
      1,
      1,
      0,
      0,
      0,
      0,
      0,
      0,
      0,
      0,
      0,
      0,
      0,
      0,
      0,
      0,
      0,
      0,
      0,
      1
    ],
    "all_best_genomes": null
  },
  "raw": {
    "curves": {
      "best": [
        437.0,
        437.0,
        437.0,
        437.0,
        437.0,
        437.0,
        437.0,
        437.15,
        437.15,
        437.3,
        437.3,
        437.3,
        437.3,
        437.9,
        437.9,
        437.9,
        437.9,
        437.9,
        437.9,
        437.9,
        437.9,
        437.9,
        437.9,
        437.9,
        437.9,
        437.9,
        438.2,
        438.2,
        438.2,
        438.2,
        438.2,
        438.2,
        438.2,
        438.2,
        438.2,
        438.2,
        438.2,
        438.2,
        438.2,
        438.2,
        438.2,
        438.2,
        438.2,
        438.2,
        438.65,
        438.65,
        438.65,
        438.65,
        438.65,
        438.65,
        438.65,
        438.65,
        438.65,
        438.65,
        438.65,
        438.65,
        438.65,
        438.65,
        438.65,
        438.65,
        438.65,
        438.65,
        438.65,
        438.65,
        438.65,
        438.65,
        438.65,
        438.65,
        438.65,
        438.65,
        438.65,
        438.65,
        438.65,
        438.65,
        438.65,
        438.65,
        438.65,
        438.65,
        438.65,
        438.65,
        438.65,
        438.65,
        438.65,
        438.65,
        438.65,
        438.65,
        438.65,
        438.65,
        438.65,
        438.65,
        438.65,
        438.65,
        438.65,
        438.65,
        438.65,
        438.65,
        438.65,
        438.65,
        438.65,
        438.65,
        438.65
      ],
      "mean": [
        423.72499999999997,
        434.54545454545456,
        436.43409090909086,
        435.8068181818182,
        436.81590909090914,
        435.8954545454546,
        435.67727272727274,
        434.52500000000003,
        435.67045454545456,
        434.7977272727272,
        435.7386363636364,
        432.7863636363636,
        436.1477272727272,
        436.965909090909,
        437.1636363636363,
        435.16590909090905,
        436.38636363636357,
        436.49545454545455,
        437.63409090909084,
        436.46136363636356,
        435.42499999999995,
        433.5431818181818,
        437.6545454545454,
        437.65454545454537,
        437.8113636363636,
        437.790909090909,
        437.75681818181806,
        435.44545454545454,
        435.5954545454546,
        436.80227272727274,
        436.91818181818195,
        435.86818181818194,
        438.0500000000001,
        437.00000000000006,
        437.95454545454555,
        437.02045454545464,
        433.57727272727277,
        437.92045454545456,
        438.0636363636364,
        438.1386363636365,
        438.0636363636364,
        437.9886363636364,
        436.8022727272728,
        437.675,
        436.9659090909092,
        438.0704545454546,
        437.29318181818184,
        433.92499999999995,
        437.14999999999986,
        438.4318181818181,
        438.22727272727263,
        438.3090909090908,
        435.0022727272726,
        438.4863636363635,
        437.5045454545453,
        438.4454545454544,
        436.42045454545445,
        438.5204545454544,
        437.4295454545454,
        437.49772727272716,
        436.39318181818174,
        436.96590909090907,
        438.31590909090903,
        438.22045454545446,
        438.5204545454544,
        438.5545454545454,
        438.356818181818,
        436.26363636363624,
        436.2227272727272,
        437.11590909090904,
        437.265909090909,
        437.3477272727272,
        438.40454545454537,
        438.26818181818174,
        438.4454545454544,
        437.23181818181814,
        438.2545454545453,
        438.315909090909,
        435.10454545454536,
        437.340909090909,
        437.1227272727272,
        438.41818181818167,
        437.25909090909084,
        435.8613636363635,
        438.31590909090903,
        437.27954545454537,
        438.17954545454535,
        438.4727272727272,
        437.190909090909,
        436.20227272727266,
        437.3068181818181,
        436.11363636363626,
        437.32045454545454,
        438.3295454545454,
        438.3090909090908,
        438.3295454545454,
        438.2886363636363,
        435.015909090909,
        437.22499999999997,
        438.22727272727263,
        437.14999999999986
      ],
      "median": [
        424.1,
        435.5,
        436.70000000000005,
        437.0,
        437.0,
        437.0,
        437.0,
        437.0,
        437.0,
        437.0,
        437.15,
        437.15,
        437.3,
        437.3,
        437.3,
        437.3,
        437.9,
        437.9,
        437.9,
        437.9,
        437.9,
        437.9,
        437.9,
        437.9,
        437.9,
        437.9,
        437.9,
        437.9,
        437.9,
        438.2,
        438.2,
        438.2,
        438.2,
        438.2,
        438.2,
        438.2,
        438.2,
        438.2,
        438.2,
        438.2,
        438.2,
        438.2,
        438.2,
        438.2,
        438.2,
        438.2,
        438.65,
        438.65,
        438.65,
        438.65,
        438.65,
        438.65,
        438.65,
        438.65,
        438.65,
        438.65,
        438.65,
        438.65,
        438.65,
        438.65,
        438.65,
        438.65,
        438.65,
        438.65,
        438.65,
        438.65,
        438.65,
        438.65,
        438.65,
        438.65,
        438.65,
        438.65,
        438.65,
        438.65,
        438.65,
        438.65,
        438.65,
        438.65,
        438.65,
        438.65,
        438.65,
        438.65,
        438.65,
        438.65,
        438.65,
        438.65,
        438.65,
        438.65,
        438.65,
        438.65,
        438.65,
        438.65,
        438.65,
        438.65,
        438.65,
        438.65,
        438.65,
        438.65,
        438.65,
        438.65,
        438.65
      ]
    }
  },
  "per_generation": [
    {
      "gen": 0.0,
      "best": 437.0,
      "mean": 423.72499999999997,
      "median": 424.1
    },
    {
      "gen": 1.0,
      "best": 437.0,
      "mean": 434.54545454545456,