{
  "algo": "generic",
  "hparams": {
    "generations": 100,
    "popsize": 22,
    "fix_last_gene": true,
    "seed": 101,
    "verbosity": 1,
    "log_every": 1,
    "evals_cap": 10000,
    "cxpb": 0.8748983221702037,
    "mutpb": 0.46320992038893366,
    "mutation_rate": 0.16549383189304193
  },
  "metrics": {
    "best_final": 438.65,
    "auc_best": 43859.22500000008,
    "auc_best_norm": 438.5922500000008,
    "runtime_sec": 91.02595043182373,
    "evals_total": 2097,
    "budget_triggered": false,
    "stop_reason": "None"
  },
  "diagnostics": {
    "best": {
      "start": 436.7,
      "end": 438.65,
      "delta_abs": 1.9499999999999886,
      "delta_rel": 0.004465307991756329,
      "max_val": 438.65,
      "argmax": 13,
      "auc_raw": 43859.22500000008,
      "auc_norm": 438.5922500000008
    },
    "mean": {
      "start": 420.5,
      "end": 434.715909090909,
      "delta_abs": 14.215909090909008,
      "delta_rel": 0.033807155983136765,
      "max_val": 438.37045454545444,
      "argmax": 46,
      "auc_raw": 43632.91931818182,
      "auc_norm": 436.3291931818182
    },
    "median": {
      "start": 413.15,
      "end": 438.125,
      "delta_abs": 24.975000000000023,
      "delta_rel": 0.06045019968534437,
      "max_val": 438.65,
      "argmax": 19,
      "auc_raw": 43815.68750000003,
      "auc_norm": 438.1568750000003
    }
  },
  "genomes": {
    "best_genome": [
      1,
      1,
      0,
      0,
      1,
      0,
      0,
      0,
      1,
      1,
      1,
      1,
      1,
      0,
      1,
      0,
      0,
      0,
      0,
      0,
      0,
      0,
      0,
      0,
      0,
      0,
      0,
      0,
      0,
      0,
      0,
      0,
      1
    ],
    "all_best_genomes": null
  },
  "raw": {
    "curves": {
      "best": [
        436.7,
        437.9,
        437.9,
        438.05,
        438.05,
        438.2,
        438.35,
        438.35,
        438.35,
        438.35,
        438.5,
        438.5,
        438.5,
        438.65,
        438.65,
        438.65,
        438.65,
        438.65,
        438.65,
        438.65,
        438.65,
        438.65,
        438.65,
        438.65,
        438.65,
        438.65,
        438.65,
        438.65,
        438.65,
        438.65,
        438.65,
        438.65,
        438.65,
        438.65,
        438.65,
        438.65,
        438.65,
        438.65,
        438.65,
        438.65,
        438.65,
        438.65,
        438.65,
        438.65,
        438.65,
        438.65,
        438.65,
        438.65,
        438.65,
        438.65,
        438.65,
        438.65,
        438.65,
        438.65,
        438.65,
        438.65,
        438.65,
        438.65,
        438.65,
        438.65,
        438.65,
        438.65,
        438.65,
        438.65,
        438.65,
        438.65,
        438.65,
        438.65,
        438.65,
        438.65,
        438.65,
        438.65,
        438.65,
        438.65,
        438.65,
        438.65,
        438.65,
        438.65,
        438.65,
        438.65,
        438.65,
        438.65,
        438.65,
        438.65,
        438.65,
        438.65,
        438.65,
        438.65,
        438.65,
        438.65,
        438.65,
        438.65,
        438.65,
        438.65,
        438.65,
        438.65,
        438.65,
        438.65,
        438.65,
        438.65,
        438.65
      ],
      "mean": [
        420.5,
        433.42045454545456,
        433.99318181818177,
        435.62954545454545,
        434.94090909090903,
        437.36136363636365,
        436.50909090909096,
        435.65000000000003,
        433.7954545454546,
        437.6886363636364,
        437.72272727272735,
        437.62045454545444,
        437.6272727272726,
        435.6022727272728,
        433.3727272727272,
        436.63181818181823,
        435.78636363636366,
        436.7681818181818,
        438.26136363636357,
        437.15681818181815,
        434.94090909090903,
        435.1181818181818,
        437.29318181818167,
        434.7977272727272,
        436.57727272727266,
        435.87499999999994,
        436.01136363636357,
        437.1227272727272,
        437.04090909090905,
        436.9931818181818,
        434.32727272727266,
        438.0022727272726,
        438.3636363636364,
        436.97954545454536,
        438.04999999999995,
        436.01818181818174,
        437.95454545454544,
        434.8045454545454,
        435.7795454545454,
        436.9863636363636,
        434.64772727272737,
        436.76136363636357,
        438.22045454545446,
        437.15681818181815,
        436.9931818181818,
        437.3545454545454,
        438.37045454545444,
        433.740909090909,
        436.1,
        437.06136363636364,
        436.17499999999995,
        436.10681818181814,
        434.74318181818165,
        437.13636363636357,
        435.99772727272716,
        437.85909090909087,
        435.65000000000003,
        434.8863636363636,
        437.1090909090908,
        435.69090909090903,
        430.4340909090908,
        431.42272727272734,
        437.04772727272734,
        436.72727272727275,
        436.925,
        438.2886363636364,
        438.37045454545444,
        438.275,
        438.0568181818181,
        434.75681818181823,
        436.71363636363634,
        435.8613636363636,
        437.1636363636363,
        437.1636363636362,
        438.090909090909,
        434.63409090909096,
        437.3136363636364,
        436.14090909090913,
        434.62727272727267,
        438.08409090909083,
        437.0477272727272,
        437.10227272727275,
        436.9795454545454,
        437.06818181818176,
        434.49090909090904,
        436.95909090909083,
        436.01818181818186,
        436.02499999999986,
        437.1636363636363,
        437.0681818181818,
        436.16818181818184,
        435.72499999999997,
        437.1363636363636,
        438.04318181818184,
        436.25681818181806,
        438.08409090909095,
        437.21136363636356,
        438.06363636363625,
        437.1431818181818,
        437.1227272727272,
        434.715909090909
      ],
      "median": [
        413.15,
        435.125,
        436.025,
        436.625,
        437.45000000000005,
        437.6,
        437.9,
        438.2,
        438.2,
        438.2,
        438.35,
        438.05,
        438.2,
        438.35,
        437.825,
        438.125,
        438.35,
        438.125,
        438.5,
        438.65,
        438.65,
        438.65,
        438.65,
        438.5,
        437.675,
        438.5,
        438.42499999999995,
        438.65,
        438.04999999999995,
        437.9,
        437.525,
        438.65,
        438.65,
        438.35,
        438.575,
        438.42499999999995,
        438.275,
        438.425,
        438.2,
        438.5,
        438.275,
        437.9,
        438.65,
        438.65,
        438.35,
        438.65,
        438.65,
        437.75,
        438.5,
        438.65,
        438.65,
        438.65,
        438.04999999999995,
        438.65,
        438.65,
        438.20000000000005,
        437.6,
        438.5,
        438.65,
        438.2,
        437.975,
        437.67499999999995,
        438.35,
        437.675,
        438.65,
        438.65,
        438.65,
        438.65,
        438.65,
        438.275,
        437.75,
        438.35,
        438.65,
        438.65,
        438.575,
        437.67499999999995,
        438.5,
        438.575,
        437.75,
        438.65,
        438.65,
        438.575,
        438.5,
        438.5,
        438.04999999999995,
        438.425,
        438.35,
        438.65,
        438.65,
        438.5,
        438.65,
        438.20000000000005,
        438.65,
        438.65,
        438.65,
        438.65,
        438.65,
        438.65,
        438.65,
        438.575,
        438.125
      ]
    }
  },
  "per_generation": [
    {
      "gen": 0.0,