{
  "algo": "generic",
  "hparams": {
    "generations": 100,
    "popsize": 22,
    "fix_last_gene": true,
    "seed": 1102,
    "verbosity": 1,
    "log_every": 1,
    "evals_cap": 10000,
    "cxpb": 0.18721590725596188,
    "mutpb": 0.3044361653285918,
    "mutation_rate": 0.09763447424124129
  },
  "metrics": {
    "best_final": 438.65,
    "auc_best": 43855.55000000008,
    "auc_best_norm": 438.55550000000085,
    "runtime_sec": 56.38288450241089,
    "evals_total": 998,
    "budget_triggered": false,
    "stop_reason": "None"
  },
  "diagnostics": {
    "best": {
      "start": 437.15,
      "end": 438.65,
      "delta_abs": 1.5,
      "delta_rel": 0.0034313164817568343,
      "max_val": 438.65,
      "argmax": 18,
      "auc_raw": 43855.55000000008,
      "auc_norm": 438.55550000000085
    },
    "mean": {
      "start": 422.7295454545454,
      "end": 438.50681818181806,
      "delta_abs": 15.777272727272646,
      "delta_rel": 0.03732237998720418,
      "max_val": 438.6090909090908,
      "argmax": 69,
      "auc_raw": 43761.95681818182,
      "auc_norm": 437.6195681818182
    },
    "median": {
      "start": 413.67499999999995,
      "end": 438.65,
      "delta_abs": 24.975000000000023,
      "delta_rel": 0.060373481597872786,
      "max_val": 438.65,
      "argmax": 21,
      "auc_raw": 43838.11250000008,
      "auc_norm": 438.38112500000085
    }
  },
  "genomes": {
    "best_genome": [
      1,
      0,
      1,
      1,
      0,
      1,
      0,
      1,
      0,
      0,
      1,
      1,
      1,
      0,
      0,
      0,
      0,
      0,
      0,
      0,
      0,
      0,
      0,
      0,
      0,
      0,
      0,
      0,
      0,
      0,
      0,
      0,
      1
    ],
    "all_best_genomes": null
  },
  "raw": {
    "curves": {
      "best": [
        437.15,
        437.15,
        437.9,
        437.9,
        437.9,
        438.2,
        438.2,
        438.2,
        438.2,
        438.2,
        438.2,
        438.2,
        438.2,
        438.2,
        438.2,
        438.5,
        438.5,
        438.5,
        438.65,
        438.65,
        438.65,
        438.65,
        438.65,
        438.65,
        438.65,
        438.65,
        438.65,
        438.65,
        438.65,
        438.65,
        438.65,
        438.65,
        438.65,
        438.65,
        438.65,
        438.65,
        438.65,
        438.65,
        438.65,
        438.65,
        438.65,
        438.65,
        438.65,
        438.65,
        438.65,
        438.65,
        438.65,
        438.65,
        438.65,
        438.65,
        438.65,
        438.65,
        438.65,
        438.65,
        438.65,
        438.65,
        438.65,
        438.65,
        438.65,
        438.65,
        438.65,
        438.65,
        438.65,
        438.65,
        438.65,
        438.65,
        438.65,
        438.65,
        438.65,
        438.65,
        438.65,
        438.65,
        438.65,
        438.65,
        438.65,
        438.65,
        438.65,
        438.65,
        438.65,
        438.65,
        438.65,
        438.65,
        438.65,
        438.65,
        438.65,
        438.65,
        438.65,
        438.65,
        438.65,
        438.65,
        438.65,
        438.65,
        438.65,
        438.65,
        438.65,
        438.65,
        438.65,
        438.65,
        438.65,
        438.65,
        438.65
      ],
      "mean": [
        422.7295454545454,
        429.6431818181818,
        436.34545454545446,
        437.1772727272726,
        437.4090909090908,
        436.6795454545454,
        436.60454545454553,
        437.8795454545454,
        437.9409090909092,
        437.77727272727276,
        436.89772727272725,
        438.0295454545456,
        437.075,
        435.82045454545465,
        437.98863636363643,
        436.99318181818194,
        438.0772727272728,
        437.1227272727272,
        436.12045454545455,
        436.24999999999994,
        438.37727272727267,
        438.2886363636363,
        437.2318181818182,
        438.4113636363636,
        438.35681818181814,
        437.0954545454546,
        438.49999999999994,
        438.21363636363634,
        437.3204545454544,
        436.1136363636364,
        438.5068181818182,
        438.4727272727272,
        437.32045454545454,
        438.4045454545454,
        437.36818181818177,
        436.29772727272723,
        438.5340909090908,
        437.1977272727272,
        438.35681818181814,
        438.51363636363624,
        438.31590909090903,
        438.54090909090905,
        438.56818181818176,
        437.23863636363626,
        438.49999999999994,
        438.4454545454544,
        438.58863636363634,
        438.40454545454537,
        437.36818181818177,
        438.5886363636362,
        438.4863636363636,
        438.5749999999999,
        438.49999999999994,
        438.3431818181818,
        438.390909090909,
        438.50681818181806,
        437.4977272727272,
        437.2727272727272,
        438.34999999999985,
        436.3113636363636,
        438.52727272727265,
        436.25681818181806,
        437.34772727272724,
        438.40454545454537,
        437.47727272727263,
        436.26363636363635,
        438.540909090909,
        438.37727272727267,
        436.065909090909,
        438.6090909090908,
        438.2,
        438.4318181818181,
        437.340909090909,
        438.38409090909084,
        437.46363636363634,
        438.49318181818177,
        438.37045454545455,
        437.4227272727272,
        438.50681818181806,
        438.49999999999994,
        438.44545454545454,
        437.39545454545447,
        438.52727272727265,
        438.38409090909084,
        438.37727272727267,
        438.49999999999994,
        438.540909090909,
        436.49545454545444,
        437.4840909090908,
        437.3681818181818,
        437.42954545454535,
        436.3249999999999,
        438.5749999999999,
        438.3431818181818,
        437.4840909090908,
        436.33863636363634,
        438.58863636363634,
        437.45681818181805,
        438.34999999999997,
        438.43863636363625,
        438.50681818181806
      ],
      "median": [
        413.67499999999995,
        435.95,
        437.0,
        437.15,
        437.525,
        437.9,
        437.9,
        437.9,
        438.05,
        438.2,
        438.2,
        438.2,
        438.2,
        438.2,
        438.2,
        438.2,
        438.2,
        438.2,
        438.425,
        438.5,
        438.5,
        438.65,
        438.65,
        438.65,
        438.65,
        438.65,
        438.65,
        438.65,
        438.65,
        438.65,
        438.65,
        438.65,
        438.65,
        438.65,
        438.65,
        438.65,
        438.65,
        438.65,
        438.65,
        438.65,
        438.65,
        438.65,
        438.65,
        438.65,
        438.65,
        438.65,
        438.65,
        438.65,
        438.65,
        438.65,
        438.65,
        438.65,
        438.65,
        438.65,
        438.65,
        438.65,
        438.65,
        438.65,
        438.65,
        438.65,
        438.65,
        438.65,
        438.65,
        438.65,
        438.65,
        438.65,
        438.65,
        438.65,
        438.65,
        438.65,
        438.65,
        438.65,
        438.65,
        438.65,
        438.65,
        438.65,
        438.65,
        438.65,
        438.65,
        438.65,
        438.65,
        438.65,
        438.65,
        438.65,
        438.65,
        438.65,
        438.65,
        438.65,
        438.65,
        438.65,
        438.65,
        438.65,
        438.65,
        438.65,
        438.65,
        438.65,
        438.65,
        438.65,
        438.65,
        438.65,
        438.65
      ]
    }
  },
  "per_generation": [
    {
      "gen": 0.0,
      "best": 437.15,
      "mean": 422.7295454545454,