{
  "algo": "generic",
  "hparams": {
    "generations": 100,
    "popsize": 22,
    "fix_last_gene": true,
    "seed": 808,
    "verbosity": 1,
    "log_every": 1,
    "evals_cap": 10000,
    "cxpb": 0.16138697197823584,
    "mutpb": 0.46032168931701456,
    "mutation_rate": 0.056058662270023055
  },
  "metrics": {
    "best_final": 438.65,
    "auc_best": 43860.12500000008,
    "auc_best_norm": 438.6012500000008,
    "runtime_sec": 45.6810781955719,
    "evals_total": 1260,
    "budget_triggered": false,
    "stop_reason": "None"
  },
  "diagnostics": {
    "best": {
      "start": 437.6,
      "end": 438.65,
      "delta_abs": 1.0499999999999545,
      "delta_rel": 0.002399451553930426,
      "max_val": 438.65,
      "argmax": 13,
      "auc_raw": 43860.12500000008,
      "auc_norm": 438.6012500000008
    },
    "mean": {
      "start": 427.10681818181814,
      "end": 438.5477272727272,
      "delta_abs": 11.440909090909031,
      "delta_rel": 0.026786997078652744,
      "max_val": 438.59545454545446,
      "argmax": 72,
      "auc_raw": 43768.19545454546,
      "auc_norm": 437.6819545454546
    },
    "median": {
      "start": 433.625,
      "end": 438.65,
      "delta_abs": 5.024999999999977,
      "delta_rel": 0.011588353992504992,
      "max_val": 438.65,
      "argmax": 16,
      "auc_raw": 43852.88750000007,
      "auc_norm": 438.5288750000007
    }
  },
  "genomes": {
    "best_genome": [
      1,
      1,
      0,
      0,
      1,
      0,
      0,
      0,
      1,
      0,
      0,
      1,
      0,
      1,
      1,
      0,
      0,
      0,
      0,
      0,
      0,
      0,
      0,
      0,
      0,
      0,
      0,
      0,
      0,
      0,
      0,
      0,
      1
    ],
    "all_best_genomes": null
  },
  "raw": {
    "curves": {
      "best": [
        437.6,
        437.75,
        437.9,
        437.9,
        438.35,
        438.35,
        438.35,
        438.35,
        438.5,
        438.5,
        438.5,
        438.5,
        438.5,
        438.65,
        438.65,
        438.65,
        438.65,
        438.65,
        438.65,
        438.65,
        438.65,
        438.65,
        438.65,
        438.65,
        438.65,
        438.65,
        438.65,
        438.65,
        438.65,
        438.65,
        438.65,
        438.65,
        438.65,
        438.65,
        438.65,
        438.65,
        438.65,
        438.65,
        438.65,
        438.65,
        438.65,
        438.65,
        438.65,
        438.65,
        438.65,
        438.65,
        438.65,
        438.65,
        438.65,
        438.65,
        438.65,
        438.65,
        438.65,
        438.65,
        438.65,
        438.65,
        438.65,
        438.65,
        438.65,
        438.65,
        438.65,
        438.65,
        438.65,
        438.65,
        438.65,
        438.65,
        438.65,
        438.65,
        438.65,
        438.65,
        438.65,
        438.65,
        438.65,
        438.65,
        438.65,
        438.65,
        438.65,
        438.65,
        438.65,
        438.65,
        438.65,
        438.65,
        438.65,
        438.65,
        438.65,
        438.65,
        438.65,
        438.65,
        438.65,
        438.65,
        438.65,
        438.65,
        438.65,
        438.65,
        438.65,
        438.65,
        438.65,
        438.65,
        438.65,
        438.65,
        438.65
      ],
      "mean": [
        427.10681818181814,
        434.87954545454545,
        437.3954545454546,
        437.55227272727274,
        434.57954545454544,
        436.77500000000003,
        438.06363636363636,
        435.00909090909096,
        437.14318181818186,
        437.1568181818183,
        438.3568181818182,
        438.32954545454544,
        438.35681818181814,
        437.17045454545456,
        437.29318181818184,
        438.38409090909084,
        436.3931818181818,
        436.36590909090904,
        438.2613636363636,
        438.37045454545455,
        438.49999999999994,
        436.24318181818177,
        438.4181818181818,
        437.34772727272724,
        438.38409090909084,
        438.56818181818176,
        438.4113636363636,
        438.52727272727265,
        438.55454545454535,
        437.5386363636363,
        438.49318181818177,
        438.43863636363636,
        438.54772727272723,
        437.51818181818174,
        438.45909090909083,
        436.3863636363636,
        437.3204545454546,
        438.51363636363624,
        438.390909090909,
        438.3363636363636,
        438.52727272727265,
        438.58181818181805,
        436.22954545454536,
        437.2931818181818,
        437.2590909090908,
        438.52045454545447,
        437.38181818181806,
        438.5068181818182,
        438.5204545454544,
        436.3249999999999,
        437.29318181818184,
        436.26363636363635,
        438.390909090909,
        437.5045454545454,
        438.40454545454537,
        438.47272727272724,
        437.42954545454535,
        437.53181818181804,
        436.29090909090905,
        437.40227272727265,
        437.47045454545446,
        438.4318181818181,
        438.31590909090903,
        438.465909090909,
        436.1954545454544,
        437.31363636363625,
        438.32954545454555,
        438.5886363636362,
        437.57272727272715,
        438.4863636363636,
        438.5272727272726,
        437.38181818181806,
        438.59545454545446,
        438.51363636363635,
        437.37499999999994,
        438.2886363636363,
        435.33636363636356,
        437.40227272727265,
        438.5204545454544,
        437.4363636363636,
        438.56818181818176,
        438.21363636363634,
        438.3431818181818,
        438.47272727272724,
        437.44318181818176,
        438.43863636363636,
        438.4522727272726,
        438.3772727272726,
        438.52727272727265,
        435.3431818181818,
        437.45681818181816,
        436.26363636363635,
        437.53181818181815,
        438.3840909090908,
        437.52499999999986,
        438.56818181818176,
        438.4590909090908,
        438.5749999999999,
        438.52727272727265,
        438.4863636363635,
        438.5477272727272
      ],
      "median": [
        433.625,
        435.875,
        437.6,
        437.6,
        437.75,
        437.9,
        437.9,
        438.275,
        438.35,
        438.35,
        438.35,
        438.5,
        438.5,
        438.5,
        438.5,
        438.5,
        438.65,
        438.65,
        438.65,
        438.65,
        438.65,
        438.65,
        438.65,
        438.575,
        438.65,
        438.65,
        438.65,
        438.65,
        438.65,
        438.65,
        438.65,
        438.65,
        438.65,
        438.65,
        438.65,
        438.65,
        438.65,
        438.65,
        438.65,
        438.65,
        438.65,
        438.65,
        438.65,
        438.65,
        438.575,
        438.65,
        438.65,
        438.65,
        438.65,
        438.65,
        438.575,
        438.575,
        438.65,
        438.65,
        438.65,
        438.65,
        438.65,
        438.65,
        438.65,
        438.65,
        438.65,
        438.65,
        438.65,
        438.65,
        438.65,
        438.65,
        438.65,
        438.65,
        438.65,
        438.65,
        438.65,
        438.65,
        438.65,
        438.65,
        438.65,
        438.65,
        438.65,
        438.65,
        438.65,
        438.65,
        438.65,
        438.65,
        438.65,
        438.65,
        438.65,
        438.65,
        438.65,
        438.65,
        438.65,
        438.65,
        438.65,
        438.65,
        438.65,
        438.65,
        438.65,
        438.65,
        438.65,
        438.65,
        438.65,
        438.65,
        438.65
      ]
    }
  },
  "per_generation": [
    {
      "gen": 0.0,
      "best": 437.6,
      "mean": 427.10681818181814,