{
  "algo": "generic",
  "hparams": {
    "generations": 100,
    "popsize": 22,
    "fix_last_gene": true,
    "seed": 404,
    "verbosity": 1,
    "log_every": 1,
    "evals_cap": 10000,
    "cxpb": 0.5132854769829837,
    "mutpb": 0.26117668109389064,
    "mutation_rate": 0.1431393737827989
  },
  "metrics": {
    "best_final": 438.65,
    "auc_best": 43856.22500000008,
    "auc_best_norm": 438.5622500000008,
    "runtime_sec": 56.843318462371826,
    "evals_total": 1402,
    "budget_triggered": false,
    "stop_reason": "None"
  },
  "diagnostics": {
    "best": {
      "start": 437.0,
      "end": 438.65,
      "delta_abs": 1.6499999999999773,
      "delta_rel": 0.0037757437070937696,
      "max_val": 438.65,
      "argmax": 11,
      "auc_raw": 43856.22500000008,
      "auc_norm": 438.5622500000008
    },
    "mean": {
      "start": 423.72499999999997,
      "end": 436.1272727272726,
      "delta_abs": 12.402272727272646,
      "delta_rel": 0.029269627063007012,
      "max_val": 438.64999999999986,
      "argmax": 85,
      "auc_raw": 43724.84886363636,
      "auc_norm": 437.2484886363636
    },
    "median": {
      "start": 424.1,
      "end": 438.65,
      "delta_abs": 14.549999999999955,
      "delta_rel": 0.034307946239094445,
      "max_val": 438.65,
      "argmax": 14,
      "auc_raw": 43840.925000000076,
      "auc_norm": 438.4092500000008
    }
  },
  "genomes": {
    "best_genome": [
      1,
      1,
      1,
      1,
      0,
      0,
      0,
      1,
      1,
      1,
      0,
      1,
      1,
      0,
      0,
      0,
      0,
      0,
      0,
      0,
      0,
      0,
      0,
      0,
      0,
      0,
      0,
      0,
      0,
      0,
      0,
      0,
      1
    ],
    "all_best_genomes": null
  },
  "raw": {
    "curves": {
      "best": [
        437.0,
        437.0,
        437.0,
        437.75,
        437.75,
        437.75,
        437.75,
        438.35,
        438.35,
        438.35,
        438.5,
        438.65,
        438.65,
        438.65,
        438.65,
        438.65,
        438.65,
        438.65,
        438.65,
        438.65,
        438.65,
        438.65,
        438.65,
        438.65,
        438.65,
        438.65,
        438.65,
        438.65,
        438.65,
        438.65,
        438.65,
        438.65,
        438.65,
        438.65,
        438.65,
        438.65,
        438.65,
        438.65,
        438.65,
        438.65,
        438.65,
        438.65,
        438.65,
        438.65,
        438.65,
        438.65,
        438.65,
        438.65,
        438.65,
        438.65,
        438.65,
        438.65,
        438.65,
        438.65,
        438.65,
        438.65,
        438.65,
        438.65,
        438.65,
        438.65,
        438.65,
        438.65,
        438.65,
        438.65,
        438.65,
        438.65,
        438.65,
        438.65,
        438.65,
        438.65,
        438.65,
        438.65,
        438.65,
        438.65,
        438.65,
        438.65,
        438.65,
        438.65,
        438.65,
        438.65,
        438.65,
        438.65,
        438.65,
        438.65,
        438.65,
        438.65,
        438.65,
        438.65,
        438.65,
        438.65,
        438.65,
        438.65,
        438.65,
        438.65,
        438.65,
        438.65,
        438.65,
        438.65,
        438.65,
        438.65,
        438.65
      ],
      "mean": [
        423.72499999999997,
        433.63863636363635,
        432.1181818181818,
        436.59090909090907,
        435.82727272727266,
        436.0386363636363,
        437.17045454545456,
        436.31136363636364,
        437.5386363636364,
        434.55227272727274,
        437.9954545454546,
        435.9636363636364,
        438.2613636363636,
        438.425,
        437.27954545454537,
        437.4295454545454,
        437.39545454545447,
        438.3295454545454,
        436.18863636363625,
        434.8727272727272,
        438.41136363636355,
        438.45227272727266,
        438.42499999999995,
        437.44318181818176,
        437.47727272727263,
        438.49999999999994,
        437.28636363636355,
        437.44318181818176,
        438.45227272727266,
        437.2590909090908,
        438.45909090909083,
        437.45681818181805,
        437.44318181818176,
        438.44545454545454,
        436.025,
        438.4727272727272,
        437.4295454545454,
        438.3431818181817,
        438.165909090909,
        437.44318181818176,
        438.33636363636356,
        438.51363636363635,
        436.2704545454544,
        437.2795454545454,
        438.2886363636363,
        438.27499999999986,
        436.33181818181816,
        436.1340909090908,
        438.3772727272726,
        436.01818181818174,
        438.4727272727272,
        437.36136363636365,
        436.07954545454544,
        437.10227272727275,
        437.3613636363636,
        438.3431818181817,
        438.56818181818176,
        436.26363636363635,
        438.45909090909095,
        438.315909090909,
        435.34999999999985,
        438.4318181818181,
        437.36818181818177,
        437.23181818181814,
        436.3249999999999,
        438.3431818181817,
        437.24545454545444,
        438.43863636363625,
        436.0590909090908,
        437.1772727272726,
        438.3977272727272,
        436.33863636363634,
        438.5954545454544,
        437.54545454545445,
        436.33181818181805,
        438.3090909090908,
        438.43863636363625,
        435.1795454545454,
        436.20227272727266,
        436.1477272727272,
        435.9704545454546,
        438.28181818181804,
        438.3977272727272,
        438.37045454545444,
        437.4227272727272,
        438.64999999999986,
        438.42499999999995,
        436.20227272727266,
        438.2477272727272,
        435.04318181818184,
        438.431818181818,
        437.2931818181818,
        437.47045454545446,
        438.39772727272725,
        436.95909090909083,
        437.39545454545447,
        438.51363636363624,
        437.38863636363635,
        438.35681818181814,
        437.33409090909083,
        436.1272727272726
      ],
      "median": [
        424.1,
        435.125,
        436.25,
        437.0,
        437.0,
        437.0,
        437.15,
        437.75,
        437.75,
        437.75,
        438.35,
        438.35,
        438.35,
        438.5,
        438.65,
        438.65,
        438.65,
        438.65,
        438.65,
        438.275,
        438.65,
        438.65,
        438.65,
        438.65,
        438.65,
        438.65,
        438.65,
        438.65,
        438.65,
        438.65,
        438.65,
        438.65,
        438.65,
        438.65,
        438.65,
        438.65,
        438.65,
        438.65,
        438.65,
        438.65,
        438.65,
        438.65,
        438.65,
        438.65,
        438.65,
        438.65,
        438.65,
        438.65,
        438.65,
        438.65,
        438.65,
        438.65,
        438.65,
        438.65,
        438.65,
        438.65,
        438.65,
        438.65,
        438.65,
        438.65,
        438.65,
        438.65,
        438.65,
        438.65,
        438.65,
        438.65,
        438.65,
        438.65,
        438.65,
        438.65,
        438.65,
        438.65,
        438.65,
        438.65,
        438.65,
        438.65,
        438.65,
        438.65,
        438.65,
        438.65,
        438.35,
        438.65,
        438.65,
        438.65,
        438.65,
        438.65,
        438.65,
        438.65,
        438.65,
        438.65,
        438.65,
        438.65,
        438.65,
        438.65,
        438.65,
        438.65,
        438.65,
        438.65,
        438.65,
        438.65,
        438.65
      ]
    }
  },
  "per_generation": [
    {
      "gen": 0.0,
      "best": 437.0,
      "mean": 423.72499999999997,