{
  "algo": "generic",
  "hparams": {
    "generations": 100,
    "popsize": 22,
    "fix_last_gene": true,
    "seed": 404,
    "verbosity": 1,
    "log_every": 1,
    "evals_cap": 10000,
    "cxpb": 0.3801679541583563,
    "mutpb": 0.3391302309153191,
    "mutation_rate": 0.06538913992072647
  },
  "metrics": {
    "best_final": 438.65,
    "auc_best": 43860.12500000008,
    "auc_best_norm": 438.6012500000008,
    "runtime_sec": 49.30551028251648,
    "evals_total": 1313,
    "budget_triggered": false,
    "stop_reason": "None"
  },
  "diagnostics": {
    "best": {
      "start": 437.0,
      "end": 438.65,
      "delta_abs": 1.6499999999999773,
      "delta_rel": 0.0037757437070937696,
      "max_val": 438.65,
      "argmax": 8,
      "auc_raw": 43860.12500000008,
      "auc_norm": 438.6012500000008
    },
    "mean": {
      "start": 423.72499999999997,
      "end": 437.44318181818176,
      "delta_abs": 13.71818181818179,
      "delta_rel": 0.032375200467713236,
      "max_val": 438.63636363636357,
      "argmax": 46,
      "auc_raw": 43786.07272727269,
      "auc_norm": 437.8607272727269
    },
    "median": {
      "start": 424.1,
      "end": 438.65,
      "delta_abs": 14.549999999999955,
      "delta_rel": 0.034307946239094445,
      "max_val": 438.65,
      "argmax": 11,
      "auc_raw": 43847.07500000008,
      "auc_norm": 438.47075000000075
    }
  },
  "genomes": {
    "best_genome": [
      0,
      1,
      1,
      1,
      1,
      1,
      1,
      1,
      1,
      1,
      0,
      0,
      0,
      0,
      1,
      0,
      0,
      0,
      0,
      0,
      0,
      0,
      0,
      0,
      0,
      0,
      0,
      0,
      0,
      0,
      0,
      0,
      1
    ],
    "all_best_genomes": null
  },
  "raw": {
    "curves": {
      "best": [
        437.0,
        437.0,
        438.05,
        438.05,
        438.35,
        438.35,
        438.35,
        438.35,
        438.65,
        438.65,
        438.65,
        438.65,
        438.65,
        438.65,
        438.65,
        438.65,
        438.65,
        438.65,
        438.65,
        438.65,
        438.65,
        438.65,
        438.65,
        438.65,
        438.65,
        438.65,
        438.65,
        438.65,
        438.65,
        438.65,
        438.65,
        438.65,
        438.65,
        438.65,
        438.65,
        438.65,
        438.65,
        438.65,
        438.65,
        438.65,
        438.65,
        438.65,
        438.65,
        438.65,
        438.65,
        438.65,
        438.65,
        438.65,
        438.65,
        438.65,
        438.65,
        438.65,
        438.65,
        438.65,
        438.65,
        438.65,
        438.65,
        438.65,
        438.65,
        438.65,
        438.65,
        438.65,
        438.65,
        438.65,
        438.65,
        438.65,
        438.65,
        438.65,
        438.65,
        438.65,
        438.65,
        438.65,
        438.65,
        438.65,
        438.65,
        438.65,
        438.65,
        438.65,
        438.65,
        438.65,
        438.65,
        438.65,
        438.65,
        438.65,
        438.65,
        438.65,
        438.65,
        438.65,
        438.65,
        438.65,
        438.65,
        438.65,
        438.65,
        438.65,
        438.65,
        438.65,
        438.65,
        438.65,
        438.65,
        438.65,
        438.65
      ],
      "mean": [
        423.72499999999997,
        433.58409090909095,
        436.7,
        437.0681818181818,
        437.28636363636366,
        437.6681818181818,
        436.83636363636356,
        437.0681818181818,
        437.12954545454556,
        438.2613636363636,
        438.29545454545456,
        438.50681818181806,
        437.41590909090905,
        437.4295454545454,
        437.25227272727267,
        438.49999999999994,
        436.50227272727267,
        438.60227272727263,
        438.47954545454536,
        437.4363636363636,
        437.340909090909,
        436.42045454545445,
        437.3272727272726,
        438.59545454545446,
        437.36818181818177,
        438.5749999999999,
        437.54545454545445,
        438.52727272727265,
        438.4113636363636,
        438.5340909090908,
        438.54772727272723,
        437.4704545454544,
        438.52727272727265,
        438.45227272727266,
        437.39545454545447,
        437.44318181818176,
        438.5545454545454,
        436.44772727272715,
        437.40227272727265,
        437.340909090909,
        438.4727272727272,
        435.2681818181818,
        438.52727272727265,
        436.40681818181815,
        438.45227272727277,
        438.5340909090908,
        438.63636363636357,
        437.37499999999994,
        438.58181818181805,
        437.4840909090908,
        438.54772727272723,
        438.62272727272716,
        437.38863636363635,
        437.4227272727272,
        437.46363636363634,
        437.4363636363636,
        438.49318181818177,
        438.5886363636362,
        438.4863636363636,
        438.52045454545447,
        437.4227272727272,
        437.52499999999986,
        438.5477272727272,
        438.40454545454537,
        438.49318181818177,
        437.47727272727263,
        438.5749999999999,
        438.52727272727265,
        438.49999999999994,
        438.5613636363636,
        438.49318181818177,
        438.6227272727272,
        437.3068181818181,
        438.50681818181806,
        438.35681818181814,
        437.4636363636362,
        438.51363636363635,
        437.51818181818174,
        438.5545454545454,
        438.4727272727272,
        438.47272727272724,
        438.4727272727272,
        438.4181818181818,
        437.41590909090905,
        438.5749999999999,
        438.49999999999994,
        438.62272727272716,
        438.59545454545446,
        437.47045454545446,
        438.45227272727266,
        438.4863636363636,
        438.49318181818177,
        437.11590909090904,
        438.4795454545454,
        438.5749999999999,
        438.51363636363635,
        438.5749999999999,
        438.540909090909,
        438.4386363636364,
        438.4727272727272,
        437.44318181818176
      ],
      "median": [
        424.1,
        435.5,
        437.0,
        437.0,
        437.225,
        437.825,
        438.05,
        438.20000000000005,
        438.35,
        438.35,
        438.35,
        438.65,
        438.65,
        438.65,
        438.65,
        438.65,
        438.65,
        438.65,
        438.65,
        438.65,
        438.65,
        438.65,
        438.65,
        438.65,
        438.65,
        438.65,
        438.65,
        438.65,
        438.65,
        438.65,
        438.65,
        438.65,
        438.65,
        438.65,
        438.65,
        438.65,
        438.65,
        438.65,
        438.65,
        438.65,
        438.65,
        438.65,
        438.65,
        438.65,
        438.65,
        438.65,
        438.65,
        438.65,
        438.65,
        438.65,
        438.65,
        438.65,
        438.65,
        438.65,
        438.65,
        438.65,
        438.65,
        438.65,
        438.65,
        438.65,
        438.65,
        438.65,
        438.65,
        438.65,
        438.65,
        438.65,
        438.65,
        438.65,
        438.65,
        438.65,
        438.65,
        438.65,
        438.65,
        438.65,
        438.65,
        438.65,
        438.65,
        438.65,
        438.65,
        438.65,
        438.65,
        438.65,
        438.65,
        438.65,
        438.65,
        438.65,
        438.65,
        438.65,
        438.65,
        438.65,
        438.65,
        438.65,
        438.65,
        438.65,
        438.65,
        438.65,
        438.65,
        438.65,
        438.65,
        438.65,
        438.65
      ]
    }
  },
  "per_generation": [
    {
      "gen": 0.0,
      "best": 437.0,
      "mean": 423.72499999999997,