{
  "algo": "generic",
  "hparams": {
    "generations": 100,
    "popsize": 22,
    "fix_last_gene": true,
    "seed": 505,
    "verbosity": 1,
    "log_every": 1,
    "evals_cap": 10000,
    "cxpb": 0.8052487732162671,
    "mutpb": 0.15931635474890687,
    "mutation_rate": 0.17514101883536598
  },
  "metrics": {
    "best_final": 438.65,
    "auc_best": 43857.425000000076,
    "auc_best_norm": 438.57425000000075,
    "runtime_sec": 75.92854833602905,
    "evals_total": 1823,
    "budget_triggered": false,
    "stop_reason": "None"
  },
  "diagnostics": {
    "best": {
      "start": 436.7,
      "end": 438.65,
      "delta_abs": 1.9499999999999886,
      "delta_rel": 0.004465307991756329,
      "max_val": 438.65,
      "argmax": 8,
      "auc_raw": 43857.425000000076,
      "auc_norm": 438.57425000000075
    },
    "mean": {
      "start": 422.3886363636364,
      "end": 438.4318181818181,
      "delta_abs": 16.043181818181665,
      "delta_rel": 0.037982039375628496,
      "max_val": 438.64999999999986,
      "argmax": 14,
      "auc_raw": 43764.61931818183,
      "auc_norm": 437.6461931818183
    },
    "median": {
      "start": 413.975,
      "end": 438.65,
      "delta_abs": 24.674999999999955,
      "delta_rel": 0.05960504861404663,
      "max_val": 438.65,
      "argmax": 11,
      "auc_raw": 43839.61250000008,
      "auc_norm": 438.39612500000084
    }
  },
  "genomes": {
    "best_genome": [
      0,
      0,
      0,
      0,
      0,
      1,
      1,
      0,
      0,
      0,
      1,
      0,
      0,
      0,
      1,
      0,
      0,
      0,
      0,
      0,
      0,
      0,
      0,
      0,
      0,
      0,
      0,
      0,
      0,
      0,
      0,
      0,
      1
    ],
    "all_best_genomes": null
  },
  "raw": {
    "curves": {
      "best": [
        436.7,
        436.7,
        436.85,
        437.6,
        437.9,
        437.9,
        438.5,
        438.5,
        438.65,
        438.65,
        438.65,
        438.65,
        438.65,
        438.65,
        438.65,
        438.65,
        438.65,
        438.65,
        438.65,
        438.65,
        438.65,
        438.65,
        438.65,
        438.65,
        438.65,
        438.65,
        438.65,
        438.65,
        438.65,
        438.65,
        438.65,
        438.65,
        438.65,
        438.65,
        438.65,
        438.65,
        438.65,
        438.65,
        438.65,
        438.65,
        438.65,
        438.65,
        438.65,
        438.65,
        438.65,
        438.65,
        438.65,
        438.65,
        438.65,
        438.65,
        438.65,
        438.65,
        438.65,
        438.65,
        438.65,
        438.65,
        438.65,
        438.65,
        438.65,
        438.65,
        438.65,
        438.65,
        438.65,
        438.65,
        438.65,
        438.65,
        438.65,
        438.65,
        438.65,
        438.65,
        438.65,
        438.65,
        438.65,
        438.65,
        438.65,
        438.65,
        438.65,
        438.65,
        438.65,
        438.65,
        438.65,
        438.65,
        438.65,
        438.65,
        438.65,
        438.65,
        438.65,
        438.65,
        438.65,
        438.65,
        438.65,
        438.65,
        438.65,
        438.65,
        438.65,
        438.65,
        438.65,
        438.65,
        438.65,
        438.65,
        438.65
      ],
      "mean": [
        422.3886363636364,
        431.50454545454545,
        435.8,
        435.32954545454555,
        435.5272727272728,
        437.2795454545454,
        437.70909090909095,
        436.7818181818182,
        436.98636363636365,
        438.125,
        438.3977272727272,
        438.56818181818176,
        436.3045454545454,
        437.3613636363635,
        438.64999999999986,
        438.41136363636355,
        438.4318181818181,
        438.62272727272716,
        436.17499999999995,
        437.45681818181805,
        437.58636363636356,
        438.2545454545454,
        438.55454545454535,
        437.1090909090908,
        438.5545454545454,
        437.44318181818176,
        438.36363636363626,
        438.63636363636357,
        438.49999999999994,
        438.50681818181806,
        436.0318181818182,
        438.4113636363636,
        435.2545454545454,
        438.56818181818176,
        437.40227272727265,
        436.5227272727272,
        437.48409090909087,
        437.37499999999994,
        437.58636363636356,
        437.37499999999994,
        437.24545454545444,
        435.1181818181818,
        438.40454545454537,
        438.50681818181806,
        438.49318181818177,
        438.58181818181805,
        437.340909090909,
        437.4363636363636,
        437.47727272727263,
        438.37045454545444,
        437.29999999999984,
        437.37499999999994,
        437.5522727272726,
        437.3954545454544,
        438.4318181818181,
        438.49318181818177,
        438.42499999999995,
        438.47954545454536,
        437.45681818181816,
        438.58181818181805,
        438.63636363636357,
        438.45909090909083,
        438.5749999999999,
        438.63636363636357,
        437.38863636363624,
        438.4454545454544,
        438.4522727272726,
        437.19090909090914,
        438.3977272727272,
        436.10681818181814,
        437.0477272727272,
        438.49318181818177,
        438.5477272727272,
        438.4318181818181,
        438.43863636363625,
        438.5340909090908,
        438.22727272727275,
        438.4045454545454,
        438.42499999999995,
        438.56818181818176,
        438.64999999999986,
        438.40454545454537,
        436.2704545454544,
        438.49318181818165,
        438.36363636363626,
        434.10227272727263,
        438.51363636363635,
        438.49318181818177,
        438.5886363636362,
        436.22272727272724,
        438.41818181818167,
        438.29545454545445,
        438.4727272727272,
        438.55454545454535,
        437.3068181818181,
        437.42954545454535,
        438.49318181818177,
        438.60227272727263,
        438.47954545454536,
        437.23863636363626,
        438.4318181818181
      ],
      "median": [
        413.975,
        435.65,
        435.8,
        436.475,
        436.85,
        437.6,
        437.9,
        437.9,
        438.2,
        438.5,
        438.575,
        438.65,
        438.65,
        438.65,
        438.65,
        438.65,
        438.65,
        438.65,
        438.65,
        438.65,
        438.65,
        438.65,
        438.65,
        438.65,
        438.65,
        438.65,
        438.65,
        438.65,
        438.65,
        438.65,
        438.65,
        438.65,
        438.65,
        438.65,
        438.65,
        438.65,
        438.65,
        438.65,
        438.65,
        438.65,
        438.65,
        438.65,
        438.65,
        438.65,
        438.65,
        438.65,
        438.65,
        438.65,
        438.65,
        438.65,
        438.65,
        438.65,
        438.65,
        438.65,
        438.65,
        438.65,
        438.65,
        438.65,
        438.65,
        438.65,
        438.65,
        438.65,
        438.65,
        438.65,
        438.65,
        438.65,
        438.65,
        438.65,
        438.65,
        438.65,
        438.65,
        438.65,
        438.65,
        438.65,
        438.65,
        438.65,
        438.65,
        438.65,
        438.65,
        438.65,
        438.65,
        438.65,
        438.65,
        438.65,
        438.65,
        438.65,
        438.65,
        438.65,
        438.65,
        438.65,
        438.65,
        438.65,
        438.65,
        438.65,
        438.65,
        438.65,
        438.65,
        438.65,
        438.65,
        438.65,
        438.65
      ]
    }
  },
  "per_generation": [
    {
      "gen": 0.0,
      "best": 436.7,
      "mean": 422.3886363636364,