{
  "algo": "generic",
  "hparams": {
    "generations": 100,
    "popsize": 22,
    "fix_last_gene": true,
    "seed": 101,
    "verbosity": 1,
    "log_every": 1,
    "evals_cap": 10000,
    "cxpb": 0.040499398292082364,
    "mutpb": 0.31261724423145637,
    "mutation_rate": 0.011167898613137632
  },
  "metrics": {
    "best_final": 438.65,
    "auc_best": 43819.32500000009,
    "auc_best_norm": 438.19325000000094,
    "runtime_sec": 26.489705324172974,
    "evals_total": 747,
    "budget_triggered": false,
    "stop_reason": "None"
  },
  "diagnostics": {
    "best": {
      "start": 436.7,
      "end": 438.65,
      "delta_abs": 1.9499999999999886,
      "delta_rel": 0.004465307991756329,
      "max_val": 438.65,
      "argmax": 37,
      "auc_raw": 43819.32500000009,
      "auc_norm": 438.19325000000094
    },
    "mean": {
      "start": 420.5,
      "end": 438.6295454545454,
      "delta_abs": 18.129545454545394,
      "delta_rel": 0.04311425791806277,
      "max_val": 438.64999999999986,
      "argmax": 42,
      "auc_raw": 43795.98977272728,
      "auc_norm": 437.9598977272728
    },
    "median": {
      "start": 413.15,
      "end": 438.65,
      "delta_abs": 25.5,
      "delta_rel": 0.06172092460365485,
      "max_val": 438.65,
      "argmax": 39,
      "auc_raw": 43802.00000000009,
      "auc_norm": 438.0200000000009
    }
  },
  "genomes": {
    "best_genome": [
      0,
      0,
      1,
      0,
      1,
      0,
      1,
      0,
      0,
      1,
      1,
      1,
      1,
      0,
      0,
      0,
      0,
      0,
      0,
      0,
      0,
      0,
      0,
      0,
      0,
      0,
      0,
      0,
      0,
      0,
      0,
      0,
      1
    ],
    "all_best_genomes": null
  },
  "raw": {
    "curves": {
      "best": [
        436.7,
        436.7,
        436.7,
        436.7,
        436.7,
        436.7,
        436.7,
        436.7,
        436.7,
        436.7,
        436.7,
        436.7,
        436.7,
        436.7,
        436.7,
        436.7,
        437.45,
        437.45,
        437.45,
        437.45,
        437.45,
        437.6,
        437.6,
        437.6,
        437.6,
        437.6,
        438.05,
        438.05,
        438.05,
        438.35,
        438.35,
        438.35,
        438.35,
        438.35,
        438.35,
        438.35,
        438.35,
        438.65,
        438.65,
        438.65,
        438.65,
        438.65,
        438.65,
        438.65,
        438.65,
        438.65,
        438.65,
        438.65,
        438.65,
        438.65,
        438.65,
        438.65,
        438.65,
        438.65,
        438.65,
        438.65,
        438.65,
        438.65,
        438.65,
        438.65,
        438.65,
        438.65,
        438.65,
        438.65,
        438.65,
        438.65,
        438.65,
        438.65,
        438.65,
        438.65,
        438.65,
        438.65,
        438.65,
        438.65,
        438.65,
        438.65,
        438.65,
        438.65,
        438.65,
        438.65,
        438.65,
        438.65,
        438.65,
        438.65,
        438.65,
        438.65,
        438.65,
        438.65,
        438.65,
        438.65,
        438.65,
        438.65,
        438.65,
        438.65,
        438.65,
        438.65,
        438.65,
        438.65,
        438.65,
        438.65,
        438.65
      ],
      "mean": [
        420.5,
        434.6204545454546,
        436.3522727272728,
        436.625,
        435.63636363636374,
        436.70000000000005,
        436.6795454545456,
        435.65000000000003,
        436.70000000000005,
        436.70000000000005,
        436.68636363636375,
        435.65000000000015,
        436.68636363636364,
        436.66590909090917,
        436.66590909090917,
        436.70000000000005,
        436.6727272727274,
        436.85681818181826,
        437.12954545454545,
        437.43636363636375,
        437.43636363636375,
        437.45681818181833,
        437.4772727272728,
        437.52500000000003,
        437.5522727272728,
        437.60000000000014,
        437.6204545454546,
        437.66136363636366,
        437.80454545454546,
        438.0227272727272,
        438.10454545454536,
        438.15909090909093,
        438.26136363636374,
        438.3363636363637,
        438.3363636363637,
        438.28863636363644,
        438.35000000000014,
        438.36363636363643,
        438.41818181818184,
        438.52727272727276,
        438.6090909090908,
        438.58181818181805,
        438.64999999999986,
        438.60227272727263,
        438.64999999999986,
        438.64999999999986,
        438.63636363636357,
        438.56818181818176,
        438.63636363636357,
        438.64999999999986,
        438.6090909090908,
        438.615909090909,
        438.64999999999986,
        438.64999999999986,
        438.64999999999986,
        438.58181818181805,
        438.615909090909,
        438.5749999999999,
        438.64999999999986,
        438.63636363636357,
        438.64999999999986,
        438.64999999999986,
        438.60227272727263,
        438.63636363636357,
        438.615909090909,
        438.64999999999986,
        438.6295454545454,
        437.5727272727272,
        438.6090909090908,
        438.6295454545454,
        438.63636363636357,
        438.6090909090908,
        438.64999999999986,
        438.615909090909,
        438.64999999999986,
        438.64999999999986,
        437.59999999999985,
        438.64318181818174,
        437.59999999999985,
        438.5954545454544,
        438.5749999999999,
        438.64999999999986,
        438.64318181818174,
        438.62272727272716,
        438.63636363636357,
        438.64999999999986,
        438.63636363636357,
        438.64999999999986,
        438.64999999999986,
        438.59545454545446,
        438.49318181818165,
        438.615909090909,
        438.64999999999986,
        438.615909090909,
        438.63636363636357,
        438.5749999999999,
        438.64999999999986,
        438.64318181818174,
        438.59545454545446,
        438.5613636363636,
        438.6295454545454
      ],
      "median": [
        413.15,
        435.95,
        436.4,
        436.7,
        436.7,
        436.7,
        436.7,
        436.7,
        436.7,
        436.7,
        436.7,
        436.7,
        436.7,
        436.7,
        436.7,
        436.7,
        436.7,
        436.7,
        437.45,
        437.45,
        437.45,
        437.45,
        437.45,
        437.6,
        437.6,
        437.6,
        437.6,
        437.6,
        437.75,
        438.05,
        438.05,
        438.05,
        438.35,
        438.35,
        438.35,
        438.35,
        438.35,
        438.35,
        438.35,
        438.65,
        438.65,
        438.65,
        438.65,
        438.65,
        438.65,
        438.65,
        438.65,
        438.65,
        438.65,
        438.65,
        438.65,
        438.65,
        438.65,
        438.65,
        438.65,
        438.65,
        438.65,
        438.65,
        438.65,
        438.65,
        438.65,
        438.65,
        438.65,
        438.65,
        438.65,
        438.65,
        438.65,
        438.65,
        438.65,
        438.65,
        438.65,
        438.65,
        438.65,
        438.65,
        438.65,
        438.65,
        438.65,
        438.65,
        438.65,
        438.65,
        438.65,
        438.65,
        438.65,
        438.65,
        438.65,
        438.65,
        438.65,
        438.65,
        438.65,
        438.65,
        438.65,
        438.65,
        438.65,
        438.65,
        438.65,
        438.65,
        438.65,
        438.65,
        438.65,
        438.65,
        438.65
      ]
    }
  },
  "per_generation": [
    {
      "gen": 0.0,
      "best": 436.7,
      "mean": 420.5,
      "median": 413.15
    },
    {
      "gen": 1.0,
      "best": 436.7,