{
  "algo": "generic",
  "hparams": {
    "generations": 100,
    "popsize": 22,
    "fix_last_gene": true,
    "seed": 202,
    "verbosity": 1,
    "log_every": 1,
    "evals_cap": 10000,
    "cxpb": 0.8052487732162671,
    "mutpb": 0.15931635474890687,
    "mutation_rate": 0.17514101883536598
  },
  "metrics": {
    "best_final": 438.65,
    "auc_best": 43856.22500000008,
    "auc_best_norm": 438.5622500000008,
    "runtime_sec": 80.10021495819092,
    "evals_total": 1849,
    "budget_triggered": false,
    "stop_reason": "None"
  },
  "diagnostics": {
    "best": {
      "start": 436.7,
      "end": 438.65,
      "delta_abs": 1.9499999999999886,
      "delta_rel": 0.004465307991756329,
      "max_val": 438.65,
      "argmax": 9,
      "auc_raw": 43856.22500000008,
      "auc_norm": 438.5622500000008
    },
    "mean": {
      "start": 422.29999999999995,
      "end": 438.5204545454544,
      "delta_abs": 16.22045454545446,
      "delta_rel": 0.0384097905409767,
      "max_val": 438.63636363636357,
      "argmax": 55,
      "auc_raw": 43767.03295454545,
      "auc_norm": 437.67032954545454
    },
    "median": {
      "start": 413.0,
      "end": 438.65,
      "delta_abs": 25.649999999999977,
      "delta_rel": 0.062106537530266286,
      "max_val": 438.65,
      "argmax": 12,
      "auc_raw": 43837.40000000008,
      "auc_norm": 438.3740000000008
    }
  },
  "genomes": {
    "best_genome": [
      0,
      1,
      0,
      1,
      1,
      1,
      1,
      1,
      1,
      1,
      0,
      0,
      1,
      0,
      1,
      0,
      0,
      0,
      0,
      0,
      0,
      0,
      0,
      0,
      0,
      0,
      0,
      0,
      0,
      0,
      0,
      0,
      1
    ],
    "all_best_genomes": null
  },
  "raw": {
    "curves": {
      "best": [
        436.7,
        437.45,
        437.45,
        437.45,
        437.45,
        437.75,
        437.75,
        438.05,
        438.05,
        438.65,
        438.65,
        438.65,
        438.65,
        438.65,
        438.65,
        438.65,
        438.65,
        438.65,
        438.65,
        438.65,
        438.65,
        438.65,
        438.65,
        438.65,
        438.65,
        438.65,
        438.65,
        438.65,
        438.65,
        438.65,
        438.65,
        438.65,
        438.65,
        438.65,
        438.65,
        438.65,
        438.65,
        438.65,
        438.65,
        438.65,
        438.65,
        438.65,
        438.65,
        438.65,
        438.65,
        438.65,
        438.65,
        438.65,
        438.65,
        438.65,
        438.65,
        438.65,
        438.65,
        438.65,
        438.65,
        438.65,
        438.65,
        438.65,
        438.65,
        438.65,
        438.65,
        438.65,
        438.65,
        438.65,
        438.65,
        438.65,
        438.65,
        438.65,
        438.65,
        438.65,
        438.65,
        438.65,
        438.65,
        438.65,
        438.65,
        438.65,
        438.65,
        438.65,
        438.65,
        438.65,
        438.65,
        438.65,
        438.65,
        438.65,
        438.65,
        438.65,
        438.65,
        438.65,
        438.65,
        438.65,
        438.65,
        438.65,
        438.65,
        438.65,
        438.65,
        438.65,
        438.65,
        438.65,
        438.65,
        438.65,
        438.65
      ],
      "mean": [
        422.29999999999995,
        433.04545454545456,
        436.16818181818184,
        436.63863636363635,
        437.2318181818182,
        436.025,
        437.53863636363644,
        437.57954545454544,
        437.69545454545454,
        437.72954545454553,
        438.16590909090905,
        437.28636363636366,
        438.6227272727272,
        438.390909090909,
        438.51363636363624,
        437.1977272727272,
        438.4727272727272,
        437.3613636363635,
        438.33636363636356,
        437.1977272727272,
        437.3204545454544,
        438.28181818181815,
        437.37499999999994,
        438.58181818181805,
        436.24318181818177,
        438.465909090909,
        438.6295454545454,
        438.4727272727272,
        438.3295454545454,
        438.2886363636362,
        437.4295454545454,
        438.60227272727263,
        438.5613636363636,
        438.56818181818176,
        437.40227272727265,
        436.2022727272726,
        438.4727272727272,
        438.38409090909084,
        438.52727272727265,
        438.58181818181805,
        437.490909090909,
        438.4522727272726,
        438.5340909090908,
        438.50681818181806,
        438.5477272727272,
        434.14999999999986,
        438.2886363636363,
        438.1999999999999,
        438.4318181818181,
        437.51136363636357,
        438.26136363636357,
        438.5340909090908,
        438.26818181818174,
        438.540909090909,
        437.35454545454536,
        438.63636363636357,
        438.45909090909083,
        435.17272727272723,
        437.4363636363636,
        437.44318181818176,
        438.55454545454535,
        438.3227272727272,
        438.34999999999997,
        438.540909090909,
        437.4295454545454,
        437.5795454545454,
        438.59545454545446,
        437.38863636363624,
        437.4090909090908,
        438.3431818181817,
        438.35681818181814,
        437.33409090909083,
        437.37499999999994,
        438.26136363636357,
        437.4227272727272,
        438.5204545454544,
        437.5045454545454,
        436.33181818181816,
        438.60227272727263,
        438.4863636363635,
        437.31363636363625,
        438.37045454545455,
        437.5386363636363,
        437.4636363636362,
        438.34999999999985,
        438.5886363636362,
        437.2931818181818,
        437.29318181818167,
        438.6295454545454,
        438.52727272727265,
        436.24999999999994,
        438.45909090909083,
        435.315909090909,
        437.415909090909,
        438.38409090909084,
        438.465909090909,
        436.05227272727274,
        437.490909090909,
        438.41136363636355,
        436.1613636363636,
        438.5204545454544
      ],
      "median": [
        413.0,
        434.9,
        436.7,
        436.85,
        437.225,
        437.45,
        437.45,
        437.75,
        437.75,
        437.9,
        438.05,
        438.35,
        438.65,
        438.65,
        438.65,
        438.65,
        438.65,
        438.65,
        438.65,
        438.65,
        438.65,
        438.65,
        438.65,
        438.65,
        438.65,
        438.65,
        438.65,
        438.65,
        438.65,
        438.65,
        438.65,
        438.65,
        438.65,
        438.65,
        438.65,
        438.65,
        438.65,
        438.65,
        438.65,
        438.65,
        438.65,
        438.65,
        438.65,
        438.65,
        438.65,
        438.65,
        438.65,
        438.65,
        438.65,
        438.65,
        438.65,
        438.65,
        438.65,
        438.65,
        438.65,
        438.65,
        438.65,
        438.65,
        438.65,
        438.65,
        438.65,
        438.65,
        438.65,
        438.65,
        438.65,
        438.65,
        438.65,
        438.65,
        438.65,
        438.65,
        438.65,
        438.65,
        438.65,
        438.65,
        438.65,
        438.65,
        438.65,
        438.65,
        438.65,
        438.65,
        438.65,
        438.65,
        438.65,
        438.65,
        438.65,
        438.65,
        438.65,
        438.65,
        438.65,
        438.65,
        438.65,
        438.65,
        438.65,
        438.65,
        438.65,
        438.65,
        438.65,
        438.65,
        438.65,
        438.65,
        438.65
      ]
    }
  },
  "per_generation": [
    {
      "gen": 0.0,
      "best": 436.7,
      "mean": 422.29999999999995,