{
  "algo": "generic",
  "hparams": {
    "generations": 100,
    "popsize": 22,
    "fix_last_gene": true,
    "seed": 202,
    "verbosity": 1,
    "log_every": 1,
    "evals_cap": 10000,
    "cxpb": 0.4707630398180561,
    "mutpb": 0.13284859153636236,
    "mutation_rate": 0.11707344925688432
  },
  "metrics": {
    "best_final": 438.65,
    "auc_best": 43837.1750000001,
    "auc_best_norm": 438.371750000001,
    "runtime_sec": 57.153093099594116,
    "evals_total": 1236,
    "budget_triggered": false,
    "stop_reason": "None"
  },
  "diagnostics": {
    "best": {
      "start": 436.7,
      "end": 438.65,
      "delta_abs": 1.9499999999999886,
      "delta_rel": 0.004465307991756329,
      "max_val": 438.65,
      "argmax": 41,
      "auc_raw": 43837.1750000001,
      "auc_norm": 438.371750000001
    },
    "mean": {
      "start": 422.29999999999995,
      "end": 438.56818181818176,
      "delta_abs": 16.2681818181818,
      "delta_rel": 0.038522807999483315,
      "max_val": 438.64999999999986,
      "argmax": 69,
      "auc_raw": 43761.95000000002,
      "auc_norm": 437.6195000000002
    },
    "median": {
      "start": 413.0,
      "end": 438.65,
      "delta_abs": 25.649999999999977,
      "delta_rel": 0.062106537530266286,
      "max_val": 438.65,
      "argmax": 44,
      "auc_raw": 43816.70000000009,
      "auc_norm": 438.16700000000094
    }
  },
  "genomes": {
    "best_genome": [
      0,
      0,
      1,
      1,
      0,
      1,
      1,
      0,
      1,
      1,
      1,
      1,
      1,
      1,
      0,
      0,
      0,
      0,
      0,
      0,
      0,
      0,
      0,
      0,
      0,
      0,
      0,
      0,
      0,
      0,
      0,
      0,
      1
    ],
    "all_best_genomes": null
  },
  "raw": {
    "curves": {
      "best": [
        436.7,
        436.7,
        436.7,
        436.7,
        437.45,
        437.45,
        437.45,
        437.6,
        437.6,
        437.6,
        437.75,
        437.75,
        437.75,
        437.9,
        438.05,
        438.2,
        438.2,
        438.2,
        438.2,
        438.2,
        438.2,
        438.2,
        438.2,
        438.2,
        438.2,
        438.2,
        438.2,
        438.2,
        438.2,
        438.2,
        438.2,
        438.2,
        438.2,
        438.2,
        438.2,
        438.2,
        438.5,
        438.5,
        438.5,
        438.5,
        438.5,
        438.65,
        438.65,
        438.65,
        438.65,
        438.65,
        438.65,
        438.65,
        438.65,
        438.65,
        438.65,
        438.65,
        438.65,
        438.65,
        438.65,
        438.65,
        438.65,
        438.65,
        438.65,
        438.65,
        438.65,
        438.65,
        438.65,
        438.65,
        438.65,
        438.65,
        438.65,
        438.65,
        438.65,
        438.65,
        438.65,
        438.65,
        438.65,
        438.65,
        438.65,
        438.65,
        438.65,
        438.65,
        438.65,
        438.65,
        438.65,
        438.65,
        438.65,
        438.65,
        438.65,
        438.65,
        438.65,
        438.65,
        438.65,
        438.65,
        438.65,
        438.65,
        438.65,
        438.65,
        438.65,
        438.65,
        438.65,
        438.65,
        438.65,
        438.65,
        438.65
      ],
      "mean": [
        422.29999999999995,
        430.94545454545454,
        435.7386363636364,
        436.35909090909087,
        435.609090909091,
        436.82954545454555,
        437.12954545454556,
        436.27045454545464,
        437.42272727272734,
        437.43636363636364,
        437.559090909091,
        437.61363636363643,
        437.61363636363643,
        436.35227272727275,
        437.6818181818181,
        437.675,
        436.7886363636363,
        434.81818181818176,
        438.07045454545454,
        436.8568181818182,
        438.14545454545464,
        438.03636363636366,
        436.8772727272728,
        438.0909090909092,
        438.009090909091,
        438.1522727272728,
        437.1227272727274,
        436.0522727272728,
        438.1045454545456,
        438.18636363636375,
        438.12500000000006,
        438.1795454545456,
        438.0636363636364,
        438.1386363636365,
        438.20000000000005,
        438.0909090909092,
        438.1454545454546,
        438.1931818181819,
        437.2113636363637,
        437.1772727272728,
        437.42954545454546,
        437.45,
        437.25909090909084,
        438.34999999999997,
        438.42499999999995,
        437.4363636363636,
        438.37045454545444,
        438.58863636363634,
        438.63636363636357,
        438.615909090909,
        438.615909090909,
        437.38181818181806,
        438.56818181818176,
        437.5795454545454,
        438.3431818181818,
        438.4863636363636,
        438.6295454545454,
        438.33636363636356,
        438.45227272727266,
        437.5522727272726,
        437.5386363636363,
        438.6090909090908,
        437.5522727272726,
        436.440909090909,
        437.48409090909087,
        437.490909090909,
        438.5613636363636,
        438.61590909090904,
        436.4545454545454,
        438.64999999999986,
        438.64999999999986,
        437.46363636363634,
        438.58181818181816,
        436.440909090909,
        437.29999999999995,
        438.51363636363624,
        437.4227272727272,
        437.5795454545454,
        436.4681818181817,
        438.615909090909,
        438.3977272727272,
        438.4113636363636,
        438.64999999999986,
        438.615909090909,
        437.42272727272723,
        438.5613636363636,
        438.6295454545454,
        438.64999999999986,
        437.45681818181805,
        438.60227272727263,
        438.4863636363635,
        437.44318181818176,
        436.39999999999986,
        438.5204545454544,
        438.5204545454544,
        437.490909090909,
        438.6295454545454,
        438.5204545454544,
        437.5386363636362,
        438.55454545454535,
        438.56818181818176
      ],
      "median": [
        413.0,
        434.825,
        435.8,
        436.4,
        436.7,
        436.7,
        437.075,
        437.45,
        437.45,
        437.45,
        437.6,
        437.6,
        437.6,
        437.675,
        437.75,
        437.75,
        438.05,
        438.05,
        438.05,
        438.125,
        438.2,
        438.2,
        438.2,
        438.2,
        438.2,
        438.2,
        438.2,
        438.2,
        438.2,
        438.2,
        438.2,
        438.2,
        438.2,
        438.2,
        438.2,
        438.2,
        438.2,
        438.2,
        438.35,
        438.425,
        438.5,
        438.5,
        438.5,
        438.5,
        438.65,
        438.65,
        438.65,
        438.65,
        438.65,
        438.65,
        438.65,
        438.65,
        438.65,
        438.65,
        438.65,
        438.65,
        438.65,
        438.65,
        438.65,
        438.65,
        438.65,
        438.65,
        438.65,
        438.65,
        438.65,
        438.65,
        438.65,
        438.65,
        438.65,
        438.65,
        438.65,
        438.65,
        438.65,
        438.65,
        438.65,
        438.65,
        438.65,
        438.65,
        438.65,
        438.65,
        438.65,
        438.65,
        438.65,
        438.65,
        438.65,
        438.65,
        438.65,
        438.65,
        438.65,
        438.65,
        438.65,
        438.65,
        438.65,
        438.65,
        438.65,
        438.65,
        438.65,
        438.65,
        438.65,
        438.65,
        438.65
      ]
    }
  },
  "per_generation": [
    {
      "gen": 0.0,
      "best": 436.7,
      "mean": 422.29999999999995,
      "median": 413.0
    },
    {
      "gen": 1.0,
      "best": 436.7,
      "mean": 430.94545454545454,