{
  "algo": "generic",
  "hparams": {
    "generations": 100,
    "popsize": 22,
    "fix_last_gene": true,
    "seed": 707,
    "verbosity": 1,
    "log_every": 1,
    "evals_cap": 10000,
    "cxpb": 0.6309611245068396,
    "mutpb": 0.43537342206095286,
    "mutation_rate": 0.11321721870065175
  },
  "metrics": {
    "best_final": 438.65,
    "auc_best": 43853.600000000086,
    "auc_best_norm": 438.53600000000085,
    "runtime_sec": 68.20272421836853,
    "evals_total": 1820,
    "budget_triggered": false,
    "stop_reason": "None"
  },
  "diagnostics": {
    "best": {
      "start": 436.55,
      "end": 438.65,
      "delta_abs": 2.099999999999966,
      "delta_rel": 0.004810445538884356,
      "max_val": 438.65,
      "argmax": 19,
      "auc_raw": 43853.600000000086,
      "auc_norm": 438.53600000000085
    },
    "mean": {
      "start": 427.7886363636363,
      "end": 438.27499999999986,
      "delta_abs": 10.486363636363592,
      "delta_rel": 0.024512955102084087,
      "max_val": 438.52727272727265,
      "argmax": 74,
      "auc_raw": 43683.643181818166,
      "auc_norm": 436.83643181818167
    },
    "median": {
      "start": 434.29999999999995,
      "end": 438.65,
      "delta_abs": 4.350000000000023,
      "delta_rel": 0.010016117890858907,
      "max_val": 438.65,
      "argmax": 24,
      "auc_raw": 43832.375000000015,
      "auc_norm": 438.32375000000013
    }
  },
  "genomes": {
    "best_genome": [
      1,
      0,
      1,
      1,
      0,
      1,
      0,
      1,
      0,
      1,
      0,
      1,
      1,
      1,
      0,
      0,
      0,
      0,
      0,
      0,
      0,
      0,
      0,
      0,
      0,
      0,
      0,
      0,
      0,
      0,
      0,
      0,
      1
    ],
    "all_best_genomes": null
  },
  "raw": {
    "curves": {
      "best": [
        436.55,
        436.7,
        437.0,
        437.3,
        437.45,
        437.9,
        438.2,
        438.2,
        438.2,
        438.2,
        438.2,
        438.5,
        438.5,
        438.5,
        438.5,
        438.5,
        438.5,
        438.5,
        438.5,
        438.65,
        438.65,
        438.65,
        438.65,
        438.65,
        438.65,
        438.65,
        438.65,
        438.65,
        438.65,
        438.65,
        438.65,
        438.65,
        438.65,
        438.65,
        438.65,
        438.65,
        438.65,
        438.65,
        438.65,
        438.65,
        438.65,
        438.65,
        438.65,
        438.65,
        438.65,
        438.65,
        438.65,
        438.65,
        438.65,
        438.65,
        438.65,
        438.65,
        438.65,
        438.65,
        438.65,
        438.65,
        438.65,
        438.65,
        438.65,
        438.65,
        438.65,
        438.65,
        438.65,
        438.65,
        438.65,
        438.65,
        438.65,
        438.65,
        438.65,
        438.65,
        438.65,
        438.65,
        438.65,
        438.65,
        438.65,
        438.65,
        438.65,
        438.65,
        438.65,
        438.65,
        438.65,
        438.65,
        438.65,
        438.65,
        438.65,
        438.65,
        438.65,
        438.65,
        438.65,
        438.65,
        438.65,
        438.65,
        438.65,
        438.65,
        438.65,
        438.65,
        438.65,
        438.65,
        438.65,
        438.65,
        438.65
      ],
      "mean": [
        427.7886363636363,
        434.3068181818182,
        433.60454545454553,
        435.17272727272734,
        433.6795454545454,
        436.93863636363625,
        437.12272727272733,
        434.04772727272723,
        436.44090909090914,
        435.39772727272725,
        435.5681818181818,
        435.8681818181818,
        436.8704545454546,
        436.85,
        436.94545454545454,
        438.17954545454546,
        436.95227272727277,
        437.0681818181818,
        438.04318181818184,
        437.1568181818182,
        434.8181818181818,
        436.93863636363625,
        437.18409090909086,
        438.22727272727263,
        438.14545454545447,
        437.2931818181818,
        436.18863636363625,
        434.90681818181804,
        436.2636363636364,
        437.28636363636366,
        434.9,
        437.10909090909087,
        437.1431818181818,
        436.175,
        436.1818181818181,
        436.325,
        437.25909090909084,
        437.9477272727272,
        435.97045454545463,
        437.1636363636363,
        437.37499999999994,
        438.17272727272723,
        437.00681818181806,
        434.86590909090904,
        438.01590909090913,
        438.275,
        437.11590909090904,
        438.2886363636363,
        438.35681818181814,
        438.21363636363634,
        437.14318181818174,
        438.1590909090908,
        437.0477272727272,
        436.0727272727272,
        438.41136363636355,
        437.29999999999995,
        437.18409090909086,
        438.2886363636364,
        438.3022727272726,
        437.31363636363625,
        436.04545454545445,
        433.99999999999994,
        436.81590909090914,
        436.2363636363636,
        437.99545454545455,
        438.16590909090905,
        436.0863636363636,
        437.38181818181806,
        438.3636363636364,
        438.2886363636363,
        437.231818181818,
        435.9363636363636,
        438.34999999999997,
        437.19090909090914,
        438.52727272727265,
        435.1113636363636,
        436.89090909090913,
        437.4704545454544,
        437.37499999999994,
        436.38636363636357,
        435.275,
        437.21136363636356,
        435.89545454545447,
        436.14772727272725,
        438.22727272727263,
        438.38409090909084,
        435.15227272727265,
        436.0386363636363,
        437.09545454545446,
        437.2318181818182,
        437.33409090909083,
        437.340909090909,
        435.07045454545454,
        438.37727272727267,
        437.2931818181818,
        437.38863636363624,
        438.43863636363625,
        436.965909090909,
        437.10227272727263,
        438.240909090909,
        438.27499999999986
      ],
      "median": [
        434.29999999999995,
        435.125,
        435.725,
        436.25,
        436.925,
        437.15,
        437.3,
        437.45,
        437.675,
        437.75,
        437.675,
        438.2,
        438.2,
        438.2,
        438.35,
        438.2,
        438.2,
        438.35,
        438.35,
        438.5,
        438.275,
        438.5,
        438.5,
        438.575,
        438.65,
        438.65,
        438.65,
        438.425,
        438.5,
        438.5,
        438.65,
        438.65,
        438.35,
        438.65,
        438.65,
        438.65,
        438.65,
        438.20000000000005,
        438.5,
        438.65,
        438.65,
        438.65,
        438.20000000000005,
        438.125,
        438.275,
        438.35,
        438.65,
        438.35,
        438.65,
        438.65,
        438.65,
        438.2,
        438.42499999999995,
        438.5,
        438.65,
        438.65,
        438.575,
        438.5,
        438.65,
        438.65,
        438.65,
        438.35,
        437.975,
        438.425,
        438.65,
        438.575,
        438.425,
        438.65,
        438.65,
        438.575,
        438.65,
        438.425,
        438.5,
        438.575,
        438.65,
        438.65,
        438.125,
        438.65,
        438.65,
        438.65,
        438.65,
        438.65,
        438.20000000000005,
        438.65,
        438.65,
        438.65,
        438.65,
        438.575,
        438.5,
        438.575,
        438.575,
        438.65,
        438.35,
        438.65,
        438.65,
        438.65,
        438.65,
        437.975,
        438.5,
        438.65,
        438.65
      ]
    }
  },
  "per_generation": [
    {
      "gen": 0.0,
      "best": 436.55,
      "mean": 427.7886363636363,