{
  "algo": "generic",
  "hparams": {
    "generations": 100,
    "popsize": 22,
    "fix_last_gene": true,
    "seed": 1001,
    "verbosity": 1,
    "log_every": 1,
    "evals_cap": 10000,
    "cxpb": 0.27122818950104255,
    "mutpb": 0.1388751769290077,
    "mutation_rate": 0.16172866727550833
  },
  "metrics": {
    "best_final": 438.65,
    "auc_best": 43853.825000000084,
    "auc_best_norm": 438.53825000000086,
    "runtime_sec": 35.916855812072754,
    "evals_total": 851,
    "budget_triggered": false,
    "stop_reason": "None"
  },
  "diagnostics": {
    "best": {
      "start": 437.9,
      "end": 438.65,
      "delta_abs": 0.75,
      "delta_rel": 0.001712719799040877,
      "max_val": 438.65,
      "argmax": 30,
      "auc_raw": 43853.825000000084,
      "auc_norm": 438.53825000000086
    },
    "mean": {
      "start": 427.6999999999999,
      "end": 438.5886363636362,
      "delta_abs": 10.888636363636351,
      "delta_rel": 0.025458583969222244,
      "max_val": 438.64999999999986,
      "argmax": 38,
      "auc_raw": 43785.74204545453,
      "auc_norm": 437.85742045454526
    },
    "median": {
      "start": 434.75,
      "end": 438.65,
      "delta_abs": 3.8999999999999773,
      "delta_rel": 0.008970672800459982,
      "max_val": 438.65,
      "argmax": 32,
      "auc_raw": 43847.450000000084,
      "auc_norm": 438.47450000000083
    }
  },
  "genomes": {
    "best_genome": [
      0,
      0,
      1,
      0,
      1,
      0,
      1,
      0,
      1,
      1,
      0,
      1,
      1,
      1,
      0,
      0,
      0,
      0,
      0,
      0,
      0,
      0,
      0,
      0,
      0,
      0,
      0,
      0,
      0,
      0,
      0,
      0,
      1
    ],
    "all_best_genomes": null
  },
  "raw": {
    "curves": {
      "best": [
        437.9,
        437.9,
        437.9,
        437.9,
        437.9,
        438.2,
        438.2,
        438.2,
        438.2,
        438.2,
        438.2,
        438.2,
        438.2,
        438.2,
        438.2,
        438.2,
        438.2,
        438.2,
        438.35,
        438.5,
        438.5,
        438.5,
        438.5,
        438.5,
        438.5,
        438.5,
        438.5,
        438.5,
        438.5,
        438.5,
        438.65,
        438.65,
        438.65,
        438.65,
        438.65,
        438.65,
        438.65,
        438.65,
        438.65,
        438.65,
        438.65,
        438.65,
        438.65,
        438.65,
        438.65,
        438.65,
        438.65,
        438.65,
        438.65,
        438.65,
        438.65,
        438.65,
        438.65,
        438.65,
        438.65,
        438.65,
        438.65,
        438.65,
        438.65,
        438.65,
        438.65,
        438.65,
        438.65,
        438.65,
        438.65,
        438.65,
        438.65,
        438.65,
        438.65,
        438.65,
        438.65,
        438.65,
        438.65,
        438.65,
        438.65,
        438.65,
        438.65,
        438.65,
        438.65,
        438.65,
        438.65,
        438.65,
        438.65,
        438.65,
        438.65,
        438.65,
        438.65,
        438.65,
        438.65,
        438.65,
        438.65,
        438.65,
        438.65,
        438.65,
        438.65,
        438.65,
        438.65,
        438.65,
        438.65,
        438.65,
        438.65
      ],
      "mean": [
        427.6999999999999,
        434.86590909090904,
        436.99999999999994,
        436.54318181818167,
        437.83181818181805,
        437.70227272727266,
        437.85227272727263,
        436.9318181818182,
        437.08863636363645,
        436.9250000000001,
        438.11136363636376,
        438.0636363636364,
        436.9659090909092,
        434.72272727272735,
        437.975,
        437.98863636363643,
        436.9795454545456,
        438.04318181818184,
        435.80681818181824,
        437.143181818182,
        438.3022727272728,
        438.24772727272733,
        438.43863636363636,
        438.5,
        438.46590909090907,
        438.1454545454546,
        438.43863636363636,
        437.32045454545454,
        438.2818181818182,
        438.2681818181818,
        437.3545454545454,
        438.5681818181818,
        438.42499999999995,
        436.4272727272726,
        438.55454545454535,
        438.5272727272726,
        437.24545454545455,
        438.52727272727265,
        438.64999999999986,
        438.465909090909,
        438.43863636363636,
        438.38409090909084,
        438.35681818181814,
        438.47954545454536,
        437.37499999999994,
        438.45227272727266,
        438.1863636363636,
        438.41818181818167,
        438.51363636363624,
        437.22499999999985,
        438.43863636363625,
        438.64999999999986,
        437.4295454545454,
        438.4727272727272,
        437.54545454545445,
        438.5886363636362,
        438.5613636363636,
        438.36363636363626,
        437.40909090909076,
        437.3545454545454,
        438.5204545454544,
        438.49999999999994,
        438.59545454545446,
        438.5749999999999,
        437.40909090909093,
        438.5477272727272,
        438.3977272727272,
        438.41818181818167,
        436.4545454545454,
        436.215909090909,
        437.3818181818182,
        437.490909090909,
        438.6090909090908,
        438.60227272727263,
        438.5477272727272,
        438.390909090909,
        438.47954545454536,
        438.4727272727272,
        438.4318181818181,
        436.0931818181817,
        438.55454545454535,
        438.5886363636362,
        438.5204545454544,
        437.5522727272726,
        438.58181818181805,
        438.3431818181817,
        438.52045454545447,
        435.3772727272726,
        438.58181818181805,
        438.3977272727272,
        438.540909090909,
        438.38409090909084,
        438.540909090909,
        438.47272727272724,
        438.60227272727263,
        437.1840909090908,
        436.24999999999994,
        438.28181818181815,
        438.35681818181814,
        438.49318181818165,
        438.5886363636362
      ],
      "median": [
        434.75,
        435.575,
        437.075,
        437.9,
        437.9,
        437.9,
        437.9,
        438.2,
        438.2,
        438.2,
        438.2,
        438.2,
        438.2,
        438.2,
        438.2,
        438.2,
        438.2,
        438.2,
        438.2,
        438.2,
        438.35,
        438.35,
        438.5,
        438.5,
        438.5,
        438.5,
        438.5,
        438.5,
        438.5,
        438.5,
        438.5,
        438.5,
        438.65,
        438.65,
        438.65,
        438.65,
        438.65,
        438.65,
        438.65,
        438.65,
        438.65,
        438.65,
        438.65,
        438.65,
        438.65,
        438.65,
        438.65,
        438.65,
        438.65,
        438.65,
        438.65,
        438.65,
        438.65,
        438.65,
        438.65,
        438.65,
        438.65,
        438.65,
        438.65,
        438.65,
        438.65,
        438.65,
        438.65,
        438.65,
        438.65,
        438.65,
        438.65,
        438.65,
        438.65,
        438.65,
        438.65,
        438.65,
        438.65,
        438.65,
        438.65,
        438.65,
        438.65,
        438.65,
        438.65,
        438.65,
        438.65,
        438.65,
        438.65,
        438.65,
        438.65,
        438.65,
        438.65,
        438.65,
        438.65,
        438.65,
        438.65,
        438.65,
        438.65,
        438.65,
        438.65,
        438.65,
        438.65,
        438.65,
        438.65,
        438.65,
        438.65
      ]
    }
  },
  "per_generation": [
    {
      "gen": 0.0,
      "best": 437.9,
      "mean": 427.6999999999999,
      "median": 434.75
    },
    {
      "gen": 1.0,
      "best": 437.9,