{
  "algo": "generic",
  "hparams": {
    "generations": 100,
    "popsize": 22,
    "fix_last_gene": true,
    "seed": 909,
    "verbosity": 1,
    "log_every": 1,
    "evals_cap": 10000,
    "cxpb": 0.8863229181099802,
    "mutpb": 0.038071263315271386,
    "mutation_rate": 0.18697685430450334
  },
  "metrics": {
    "best_final": 438.5,
    "auc_best": 43818.649999999994,
    "auc_best_norm": 438.18649999999997,
    "runtime_sec": 75.01403331756592,
    "evals_total": 1986,
    "budget_triggered": false,
    "stop_reason": "None"
  },
  "diagnostics": {
    "best": {
      "start": 436.7,
      "end": 438.5,
      "delta_abs": 1.8000000000000114,
      "delta_rel": 0.004121822761621276,
      "max_val": 438.5,
      "argmax": 92,
      "auc_raw": 43818.649999999994,
      "auc_norm": 438.18649999999997
    },
    "mean": {
      "start": 422.63409090909084,
      "end": 438.47272727272724,
      "delta_abs": 15.838636363636397,
      "delta_rel": 0.037476002774805284,
      "max_val": 438.5,
      "argmax": 97,
      "auc_raw": 43781.535227272725,
      "auc_norm": 437.81535227272724
    },
    "median": {
      "start": 413.75,
      "end": 438.5,
      "delta_abs": 24.75,
      "delta_rel": 0.05981873111782477,
      "max_val": 438.5,
      "argmax": 94,
      "auc_raw": 43799.89999999999,
      "auc_norm": 437.99899999999985
    }
  },
  "genomes": {
    "best_genome": [
      0,
      1,
      1,
      1,
      1,
      1,
      1,
      0,
      0,
      0,
      0,
      1,
      0,
      1,
      0,
      0,
      1,
      0,
      0,
      0,
      0,
      0,
      0,
      0,
      0,
      0,
      0,
      0,
      0,
      0,
      0,
      0,
      1
    ],
    "all_best_genomes": null
  },
  "raw": {
    "curves": {
      "best": [
        436.7,
        437.3,
        438.05,
        438.05,
        438.05,
        438.05,
        438.05,
        438.05,
        438.05,
        438.05,
        438.05,
        438.05,
        438.05,
        438.05,
        438.05,
        438.05,
        438.05,
        438.2,
        438.2,
        438.2,
        438.2,
        438.2,
        438.2,
        438.2,
        438.2,
        438.2,
        438.2,
        438.2,
        438.2,
        438.2,
        438.2,
        438.2,
        438.2,
        438.2,
        438.2,
        438.2,
        438.2,
        438.2,
        438.2,
        438.2,
        438.2,
        438.2,
        438.2,
        438.2,
        438.2,
        438.2,
        438.2,
        438.2,
        438.2,
        438.2,
        438.2,
        438.2,
        438.2,
        438.2,
        438.2,
        438.2,
        438.2,
        438.2,
        438.2,
        438.2,
        438.2,
        438.2,
        438.2,
        438.2,
        438.2,
        438.2,
        438.2,
        438.2,
        438.2,
        438.2,
        438.2,
        438.2,
        438.2,
        438.2,
        438.2,
        438.2,
        438.2,
        438.2,
        438.2,
        438.2,
        438.2,
        438.2,
        438.2,
        438.2,
        438.2,
        438.2,
        438.2,
        438.2,
        438.2,
        438.2,
        438.2,
        438.2,
        438.5,
        438.5,
        438.5,
        438.5,
        438.5,
        438.5,
        438.5,
        438.5,
        438.5
      ],
      "mean": [
        422.63409090909084,
        431.2522727272728,
        435.79318181818184,
        436.8431818181818,
        437.3681818181818,
        437.6545454545454,
        437.89999999999986,
        437.940909090909,
        438.04999999999995,
        438.04999999999995,
        438.04999999999995,
        438.04999999999995,
        437.9272727272726,
        438.04318181818167,
        438.04999999999995,
        438.04999999999995,
        438.04999999999995,
        437.85227272727275,
        438.06363636363625,
        438.09772727272724,
        438.15227272727265,
        436.94545454545465,
        438.20000000000005,
        438.20000000000005,
        438.20000000000005,
        438.07045454545465,
        438.20000000000005,
        438.16590909090917,
        438.20000000000005,
        438.13181818181823,
        437.0477272727274,
        438.20000000000005,
        438.0500000000001,
        438.0909090909092,
        438.02272727272725,
        438.20000000000005,
        438.1386363636365,
        438.20000000000005,
        438.20000000000005,
        438.11136363636365,
        438.20000000000005,
        438.20000000000005,
        438.20000000000005,
        437.11590909090916,
        437.89318181818186,
        438.0704545454546,
        438.13181818181823,
        438.1386363636364,
        438.20000000000005,
        438.1795454545456,
        438.13181818181823,
        438.20000000000005,
        438.20000000000005,
        438.16590909090917,
        438.20000000000005,
        438.20000000000005,
        438.15909090909093,
        438.20000000000005,
        438.20000000000005,
        437.90000000000015,
        438.20000000000005,
        435.7659090909092,
        437.02045454545464,
        438.20000000000005,
        438.1727272727274,
        438.1454545454546,
        438.20000000000005,
        437.1022727272728,
        438.20000000000005,
        437.08863636363645,
        437.1227272727274,
        438.20000000000005,
        438.11818181818194,
        438.20000000000005,
        438.18636363636375,
        438.0022727272728,
        438.0500000000001,
        438.0500000000001,
        438.20000000000005,
        438.20000000000005,
        438.20000000000005,
        438.20000000000005,
        438.14545454545464,
        438.16590909090917,
        438.20000000000005,
        438.159090909091,
        438.20000000000005,
        438.20000000000005,
        436.0659090909092,
        438.16590909090917,
        438.20000000000005,
        435.84090909090907,
        438.2136363636364,
        438.22045454545463,
        438.3022727272728,
        438.425,
        438.47272727272724,
        438.5,
        438.5,
        438.4795454545454,
        438.47272727272724
      ],
      "median": [
        413.75,
        435.35,
        436.025,
        436.7,
        437.15,
        438.05,
        438.05,
        438.05,
        438.05,
        438.05,
        438.05,
        438.05,
        438.05,
        438.05,
        438.05,
        438.05,
        438.05,
        438.05,
        438.05,
        438.05,
        438.2,
        438.2,
        438.2,
        438.2,
        438.2,
        438.2,
        438.2,
        438.2,
        438.2,
        438.2,
        438.2,
        438.2,
        438.2,
        438.2,
        438.2,
        438.2,
        438.2,
        438.2,
        438.2,
        438.2,
        438.2,
        438.2,
        438.2,
        438.2,
        438.2,
        438.2,
        438.2,
        438.2,
        438.2,
        438.2,
        438.2,
        438.2,
        438.2,
        438.2,
        438.2,
        438.2,
        438.2,
        438.2,
        438.2,
        438.2,
        438.2,
        438.2,
        438.2,
        438.2,
        438.2,
        438.2,
        438.2,
        438.2,
        438.2,
        438.2,
        438.2,
        438.2,
        438.2,
        438.2,
        438.2,
        438.2,
        438.2,
        438.2,
        438.2,
        438.2,
        438.2,
        438.2,
        438.2,
        438.2,
        438.2,
        438.2,
        438.2,
        438.2,
        438.2,
        438.2,
        438.2,
        438.2,
        438.2,
        438.2,
        438.5,
        438.5,
        438.5,
        438.5,
        438.5,
        438.5,
        438.5
      ]
    }
  },
  "per_generation": [
    {
      "gen": 0.0,
      "best": 436.7,
      "mean": 422.63409090909084,
      "median": 413.75
    },
    {
      "gen": 1.0,
      "best": 437.3,
      "mean": 431.2522727272728,
      "median": 435.35
    },
    {
      "gen": 2.0,
      "best": 438.05,
      "mean": 435.79318181818184,