{
  "algo": "generic",
  "hparams": {
    "generations": 100,
    "popsize": 22,
    "fix_last_gene": true,
    "seed": 1102,
    "verbosity": 1,
    "log_every": 1,
    "evals_cap": 10000,
    "cxpb": 0.8266878708773356,
    "mutpb": 0.4192995101334372,
    "mutation_rate": 0.10540044763817079
  },
  "metrics": {
    "best_final": 438.65,
    "auc_best": 43855.55000000008,
    "auc_best_norm": 438.55550000000085,
    "runtime_sec": 62.70927143096924,
    "evals_total": 2003,
    "budget_triggered": false,
    "stop_reason": "None"
  },
  "diagnostics": {
    "best": {
      "start": 437.15,
      "end": 438.65,
      "delta_abs": 1.5,
      "delta_rel": 0.0034313164817568343,
      "max_val": 438.65,
      "argmax": 13,
      "auc_raw": 43855.55000000008,
      "auc_norm": 438.55550000000085
    },
    "mean": {
      "start": 422.7295454545454,
      "end": 437.22499999999985,
      "delta_abs": 14.495454545454436,
      "delta_rel": 0.03429013822506305,
      "max_val": 438.5613636363636,
      "argmax": 86,
      "auc_raw": 43705.02499999999,
      "auc_norm": 437.0502499999999
    },
    "median": {
      "start": 413.67499999999995,
      "end": 438.65,
      "delta_abs": 24.975000000000023,
      "delta_rel": 0.060373481597872786,
      "max_val": 438.65,
      "argmax": 19,
      "auc_raw": 43830.23750000005,
      "auc_norm": 438.30237500000044
    }
  },
  "genomes": {
    "best_genome": [
      1,
      1,
      1,
      0,
      1,
      1,
      1,
      0,
      0,
      0,
      1,
      1,
      0,
      0,
      1,
      0,
      0,
      0,
      0,
      0,
      0,
      0,
      0,
      0,
      0,
      0,
      0,
      0,
      0,
      0,
      0,
      0,
      1
    ],
    "all_best_genomes": null
  },
  "raw": {
    "curves": {
      "best": [
        437.15,
        437.15,
        437.15,
        437.9,
        437.9,
        437.9,
        437.9,
        438.2,
        438.2,
        438.2,
        438.2,
        438.2,
        438.2,
        438.65,
        438.65,
        438.65,
        438.65,
        438.65,
        438.65,
        438.65,
        438.65,
        438.65,
        438.65,
        438.65,
        438.65,
        438.65,
        438.65,
        438.65,
        438.65,
        438.65,
        438.65,
        438.65,
        438.65,
        438.65,
        438.65,
        438.65,
        438.65,
        438.65,
        438.65,
        438.65,
        438.65,
        438.65,
        438.65,
        438.65,
        438.65,
        438.65,
        438.65,
        438.65,
        438.65,
        438.65,
        438.65,
        438.65,
        438.65,
        438.65,
        438.65,
        438.65,
        438.65,
        438.65,
        438.65,
        438.65,
        438.65,
        438.65,
        438.65,
        438.65,
        438.65,
        438.65,
        438.65,
        438.65,
        438.65,
        438.65,
        438.65,
        438.65,
        438.65,
        438.65,
        438.65,
        438.65,
        438.65,
        438.65,
        438.65,
        438.65,
        438.65,
        438.65,
        438.65,
        438.65,
        438.65,
        438.65,
        438.65,
        438.65,
        438.65,
        438.65,
        438.65,
        438.65,
        438.65,
        438.65,
        438.65,
        438.65,
        438.65,
        438.65,
        438.65,
        438.65,
        438.65
      ],
      "mean": [
        422.7295454545454,
        428.4636363636364,
        436.2568181818182,
        435.7522727272728,
        435.0295454545454,
        437.38863636363624,
        437.4704545454546,
        436.58409090909083,
        436.6045454545454,
        437.7363636363636,
        437.9136363636363,
        434.80454545454546,
        437.87954545454556,
        438.08409090909095,
        436.06590909090914,
        438.09772727272735,
        438.0227272727274,
        436.96590909090907,
        438.31590909090914,
        437.22499999999997,
        438.240909090909,
        436.2022727272726,
        438.2545454545454,
        436.140909090909,
        437.415909090909,
        437.2863636363636,
        436.12045454545444,
        436.20227272727266,
        438.45227272727266,
        432.9977272727272,
        437.10909090909087,
        438.32954545454544,
        435.7318181818182,
        437.32727272727266,
        437.25909090909084,
        437.1636363636363,
        436.0863636363636,
        438.33636363636356,
        437.33409090909083,
        437.49090909090904,
        438.390909090909,
        437.15681818181815,
        437.25227272727267,
        437.42272727272723,
        437.4499999999999,
        437.3613636363636,
        437.1227272727272,
        438.4590909090908,
        435.15227272727276,
        437.42272727272723,
        437.44318181818176,
        437.51818181818174,
        435.08409090909083,
        436.2431818181818,
        438.4931818181818,
        438.09772727272724,
        436.1681818181818,
        437.2181818181818,
        436.47499999999997,
        438.465909090909,
        438.04999999999995,
        438.3431818181818,
        438.28181818181815,
        438.4931818181818,
        438.3772727272726,
        438.33636363636356,
        436.99999999999994,
        435.915909090909,
        437.0886363636364,
        438.15227272727265,
        437.2181818181818,
        438.2340909090908,
        437.12272727272716,
        437.25909090909084,
        436.19545454545454,
        438.4863636363636,
        437.42954545454546,
        437.2181818181818,
        437.1636363636363,
        437.32727272727266,
        437.4090909090908,
        438.51363636363624,
        436.8431818181817,
        436.9113636363636,
        435.9977272727272,
        436.85,
        438.5613636363636,
        437.265909090909,
        437.3818181818182,
        436.140909090909,
        436.40681818181804,
        437.37499999999994,
        437.340909090909,
        437.38181818181806,
        437.1431818181818,
        436.2840909090908,
        438.2545454545454,
        436.0522727272726,
        438.45227272727266,
        438.2477272727272,
        437.22499999999985
      ],
      "median": [
        413.67499999999995,
        434.82500000000005,
        436.475,
        436.85,
        437.15,
        437.15,
        437.9,
        437.9,
        437.9,
        437.9,
        437.9,
        438.125,
        438.2,
        438.2,
        438.2,
        438.2,
        438.2,
        438.2,
        438.5,
        438.65,
        438.65,
        438.65,
        438.65,
        438.65,
        438.65,
        438.65,
        438.65,
        438.575,
        438.65,
        438.275,
        438.35,
        438.35,
        438.275,
        438.65,
        438.65,
        438.575,
        438.425,
        438.65,
        438.65,
        438.65,
        438.65,
        438.65,
        438.65,
        438.65,
        438.65,
        438.65,
        438.65,
        438.65,
        438.5,
        438.65,
        438.65,
        438.65,
        438.65,
        438.65,
        438.65,
        438.5,
        438.65,
        438.65,
        438.65,
        438.65,
        438.5,
        438.65,
        438.65,
        438.65,
        438.65,
        438.65,
        438.65,
        438.5,
        438.35,
        438.65,
        438.65,
        438.65,
        438.5,
        438.65,
        438.65,
        438.65,
        438.65,
        438.5,
        438.65,
        438.65,
        438.65,
        438.65,
        438.65,
        438.275,
        438.5,
        438.125,
        438.65,
        438.65,
        438.65,
        438.65,
        438.65,
        438.65,
        438.65,
        438.65,
        438.65,
        438.5,
        438.5,
        438.575,
        438.65,
        438.65,
        438.65
      ]
    }
  },
  "per_generation": [
    {
      "gen": 0.0,
      "best": 437.15,
      "mean": 422.7295454545454,