{
  "algo": "generic",
  "hparams": {
    "generations": 100,
    "popsize": 22,
    "fix_last_gene": true,
    "seed": 101,
    "verbosity": 1,
    "log_every": 1,
    "evals_cap": 10000,
    "cxpb": 0.4707630398180561,
    "mutpb": 0.13284859153636236,
    "mutation_rate": 0.11707344925688432
  },
  "metrics": {
    "best_final": 438.65,
    "auc_best": 43856.67500000008,
    "auc_best_norm": 438.5667500000008,
    "runtime_sec": 58.89814829826355,
    "evals_total": 1205,
    "budget_triggered": false,
    "stop_reason": "None"
  },
  "diagnostics": {
    "best": {
      "start": 436.7,
      "end": 438.65,
      "delta_abs": 1.9499999999999886,
      "delta_rel": 0.004465307991756329,
      "max_val": 438.65,
      "argmax": 13,
      "auc_raw": 43856.67500000008,
      "auc_norm": 438.5667500000008
    },
    "mean": {
      "start": 420.5,
      "end": 438.56818181818176,
      "delta_abs": 18.068181818181756,
      "delta_rel": 0.04296832774835138,
      "max_val": 438.64999999999986,
      "argmax": 23,
      "auc_raw": 43799.59318181815,
      "auc_norm": 437.9959318181815
    },
    "median": {
      "start": 413.15,
      "end": 438.65,
      "delta_abs": 25.5,
      "delta_rel": 0.06172092460365485,
      "max_val": 438.65,
      "argmax": 15,
      "auc_raw": 43838.00000000008,
      "auc_norm": 438.3800000000008
    }
  },
  "genomes": {
    "best_genome": [
      0,
      0,
      1,
      0,
      1,
      0,
      1,
      1,
      1,
      1,
      1,
      0,
      0,
      0,
      1,
      0,
      0,
      0,
      0,
      0,
      0,
      0,
      0,
      0,
      0,
      0,
      0,
      0,
      0,
      0,
      0,
      0,
      1
    ],
    "all_best_genomes": null
  },
  "raw": {
    "curves": {
      "best": [
        436.7,
        437.15,
        437.15,
        437.9,
        437.9,
        438.2,
        438.2,
        438.2,
        438.2,
        438.2,
        438.35,
        438.5,
        438.5,
        438.65,
        438.65,
        438.65,
        438.65,
        438.65,
        438.65,
        438.65,
        438.65,
        438.65,
        438.65,
        438.65,
        438.65,
        438.65,
        438.65,
        438.65,
        438.65,
        438.65,
        438.65,
        438.65,
        438.65,
        438.65,
        438.65,
        438.65,
        438.65,
        438.65,
        438.65,
        438.65,
        438.65,
        438.65,
        438.65,
        438.65,
        438.65,
        438.65,
        438.65,
        438.65,
        438.65,
        438.65,
        438.65,
        438.65,
        438.65,
        438.65,
        438.65,
        438.65,
        438.65,
        438.65,
        438.65,
        438.65,
        438.65,
        438.65,
        438.65,
        438.65,
        438.65,
        438.65,
        438.65,
        438.65,
        438.65,
        438.65,
        438.65,
        438.65,
        438.65,
        438.65,
        438.65,
        438.65,
        438.65,
        438.65,
        438.65,
        438.65,
        438.65,
        438.65,
        438.65,
        438.65,
        438.65,
        438.65,
        438.65,
        438.65,
        438.65,
        438.65,
        438.65,
        438.65,
        438.65,
        438.65,
        438.65,
        438.65,
        438.65,
        438.65,
        438.65,
        438.65,
        438.65
      ],
      "mean": [
        420.5,
        434.47727272727275,
        436.00454545454556,
        436.73409090909087,
        436.12727272727267,
        436.42045454545456,
        437.47727272727275,
        437.88636363636374,
        438.009090909091,
        438.20000000000005,
        437.02045454545464,
        438.2068181818182,
        438.3159090909093,
        438.34318181818185,
        437.34772727272724,
        437.3068181818181,
        438.5545454545454,
        438.49999999999994,
        438.4863636363635,
        438.64318181818174,
        438.540909090909,
        438.58181818181805,
        438.52045454545447,
        438.64999999999986,
        437.4363636363636,
        438.5204545454544,
        437.5386363636363,
        438.36363636363626,
        437.4499999999999,
        437.2931818181818,
        438.58181818181805,
        436.24318181818177,
        438.5749999999999,
        437.36818181818177,
        438.49318181818165,
        438.63636363636357,
        438.63636363636357,
        438.58181818181805,
        437.4499999999999,
        437.51818181818174,
        438.45909090909083,
        438.575,
        438.58863636363634,
        438.540909090909,
        437.51818181818174,
        438.58181818181805,
        438.64999999999986,
        438.59545454545446,
        437.54545454545445,
        438.615909090909,
        438.52045454545447,
        438.4727272727272,
        438.6227272727272,
        438.47954545454536,
        438.58181818181805,
        437.45681818181816,
        437.5386363636363,
        438.45909090909083,
        437.51818181818174,
        437.4499999999999,
        437.39545454545447,
        437.4840909090908,
        437.4295454545454,
        437.4840909090908,
        438.55454545454535,
        438.52727272727265,
        438.5204545454544,
        438.5749999999999,
        438.52727272727265,
        438.4863636363636,
        437.565909090909,
        438.64999999999986,
        438.6227272727272,
        437.51136363636357,
        438.5272727272726,
        438.60227272727263,
        438.5886363636362,
        438.5613636363636,
        438.6090909090908,
        438.49318181818177,
        438.62272727272716,
        438.58181818181805,
        438.3977272727272,
        437.47727272727263,
        438.4318181818181,
        438.540909090909,
        438.64999999999986,
        438.37045454545444,
        437.44318181818176,
        438.64999999999986,
        438.5886363636362,
        437.38863636363624,
        438.5749999999999,
        438.37727272727267,
        438.4727272727272,
        438.56818181818176,
        438.5886363636362,
        438.60227272727263,
        438.5545454545454,
        438.64999999999986,
        438.56818181818176
      ],
      "median": [
        413.15,
        435.425,
        435.95,
        437.075,
        437.15,
        437.45,
        437.45,
        438.2,
        438.2,
        438.2,
        438.2,
        438.2,
        438.35,
        438.5,
        438.5,
        438.65,
        438.65,
        438.65,
        438.65,
        438.65,
        438.65,
        438.65,
        438.65,
        438.65,
        438.65,
        438.65,
        438.65,
        438.65,
        438.65,
        438.65,
        438.65,
        438.65,
        438.65,
        438.65,
        438.65,
        438.65,
        438.65,
        438.65,
        438.65,
        438.65,
        438.65,
        438.65,
        438.65,
        438.65,
        438.65,
        438.65,
        438.65,
        438.65,
        438.65,
        438.65,
        438.65,
        438.65,
        438.65,
        438.65,
        438.65,
        438.65,
        438.65,
        438.65,
        438.65,
        438.65,
        438.65,
        438.65,
        438.65,
        438.65,
        438.65,
        438.65,
        438.65,
        438.65,
        438.65,
        438.65,
        438.65,
        438.65,
        438.65,
        438.65,
        438.65,
        438.65,
        438.65,
        438.65,
        438.65,
        438.65,
        438.65,
        438.65,
        438.65,
        438.65,
        438.65,
        438.65,
        438.65,
        438.65,
        438.65,
        438.65,
        438.65,
        438.65,
        438.65,
        438.65,
        438.65,
        438.65,
        438.65,
        438.65,
        438.65,
        438.65,
        438.65
      ]
    }
  },
  "per_generation": [
    {
      "gen": 0.0,
      "best": 436.7,
      "mean": 420.5,
      "median": 413.15
    },
    {
      "gen": 1.0,
      "best": 437.15,