{
  "algo": "generic",
  "hparams": {
    "generations": 100,
    "popsize": 22,
    "fix_last_gene": true,
    "seed": 303,
    "verbosity": 1,
    "log_every": 1,
    "evals_cap": 10000,
    "cxpb": 0.040499398292082364,
    "mutpb": 0.31261724423145637,
    "mutation_rate": 0.011167898613137632
  },
  "metrics": {
    "best_final": 438.65,
    "auc_best": 43826.60000000006,
    "auc_best_norm": 438.2660000000006,
    "runtime_sec": 29.029875993728638,
    "evals_total": 780,
    "budget_triggered": false,
    "stop_reason": "None"
  },
  "diagnostics": {
    "best": {
      "start": 436.55,
      "end": 438.65,
      "delta_abs": 2.099999999999966,
      "delta_rel": 0.004810445538884356,
      "max_val": 438.65,
      "argmax": 51,
      "auc_raw": 43826.60000000006,
      "auc_norm": 438.2660000000006
    },
    "mean": {
      "start": 426.45227272727266,
      "end": 438.63636363636357,
      "delta_abs": 12.184090909090912,
      "delta_rel": 0.028570819499144647,
      "max_val": 438.64999999999986,
      "argmax": 57,
      "auc_raw": 43801.423863636366,
      "auc_norm": 438.01423863636364
    },
    "median": {
      "start": 433.85,
      "end": 438.65,
      "delta_abs": 4.7999999999999545,
      "delta_rel": 0.01106373170450606,
      "max_val": 438.65,
      "argmax": 54,
      "auc_raw": 43817.67500000005,
      "auc_norm": 438.1767500000005
    }
  },
  "genomes": {
    "best_genome": [
      0,
      1,
      0,
      1,
      0,
      1,
      0,
      1,
      0,
      1,
      0,
      1,
      1,
      1,
      1,
      0,
      0,
      0,
      0,
      0,
      0,
      0,
      0,
      0,
      0,
      0,
      0,
      0,
      0,
      0,
      0,
      0,
      1
    ],
    "all_best_genomes": null
  },
  "raw": {
    "curves": {
      "best": [
        436.55,
        436.55,
        436.55,
        436.55,
        436.85,
        436.85,
        436.85,
        437.3,
        437.3,
        437.3,
        437.3,
        437.6,
        437.6,
        437.6,
        437.6,
        437.6,
        437.75,
        437.75,
        437.75,
        437.75,
        437.75,
        437.75,
        438.05,
        438.05,
        438.05,
        438.35,
        438.35,
        438.35,
        438.35,
        438.35,
        438.35,
        438.35,
        438.35,
        438.35,
        438.35,
        438.35,
        438.35,
        438.35,
        438.35,
        438.35,
        438.35,
        438.35,
        438.35,
        438.35,
        438.35,
        438.35,
        438.35,
        438.35,
        438.35,
        438.35,
        438.35,
        438.65,
        438.65,
        438.65,
        438.65,
        438.65,
        438.65,
        438.65,
        438.65,
        438.65,
        438.65,
        438.65,
        438.65,
        438.65,
        438.65,
        438.65,
        438.65,
        438.65,
        438.65,
        438.65,
        438.65,
        438.65,
        438.65,
        438.65,
        438.65,
        438.65,
        438.65,
        438.65,
        438.65,
        438.65,
        438.65,
        438.65,
        438.65,
        438.65,
        438.65,
        438.65,
        438.65,
        438.65,
        438.65,
        438.65,
        438.65,
        438.65,
        438.65,
        438.65,
        438.65,
        438.65,
        438.65,
        438.65,
        438.65,
        438.65,
        438.65
      ],
      "mean": [
        426.45227272727266,
        430.9795454545454,
        436.09999999999997,
        435.4181818181818,
        436.48863636363626,
        436.61818181818177,
        436.6454545454546,
        436.7954545454546,
        436.9113636363638,
        437.00000000000006,
        437.15681818181815,
        437.31363636363625,
        436.3045454545454,
        437.49090909090904,
        437.5318181818183,
        437.60000000000014,
        437.60681818181826,
        437.57954545454555,
        437.6613636363636,
        437.7431818181818,
        437.73636363636365,
        437.71590909090907,
        437.75,
        437.825,
        437.825,
        437.90681818181815,
        438.0772727272726,
        438.1863636363636,
        438.2818181818183,
        438.34318181818196,
        438.35000000000014,
        438.3363636363637,
        438.28863636363644,
        438.3159090909092,
        438.35000000000014,
        438.3227272727274,
        438.3159090909092,
        438.35000000000014,
        438.26818181818186,
        438.34318181818196,
        438.3159090909092,
        438.35000000000014,
        438.35000000000014,
        438.35000000000014,
        438.25454545454556,
        438.3022727272728,
        438.3159090909092,
        437.28636363636366,
        438.35000000000014,
        438.35000000000014,
        438.35000000000014,
        438.2818181818183,
        438.26136363636374,
        438.47272727272724,
        438.52727272727265,
        438.64318181818174,
        438.615909090909,
        438.64999999999986,
        438.56818181818176,
        438.64999999999986,
        438.64999999999986,
        438.615909090909,
        438.63636363636357,
        438.64999999999986,
        438.6295454545454,
        436.51590909090896,
        438.64999999999986,
        438.64999999999986,
        438.63636363636357,
        438.62272727272716,
        438.63636363636357,
        438.64999999999986,
        438.64318181818174,
        438.5613636363636,
        438.64999999999986,
        438.64999999999986,
        438.6295454545454,
        438.615909090909,
        438.64999999999986,
        438.615909090909,
        438.615909090909,
        438.5954545454544,
        437.5522727272726,
        438.615909090909,
        438.64318181818174,
        438.5477272727272,
        438.64999999999986,
        438.6090909090908,
        438.615909090909,
        438.64999999999986,
        438.59545454545446,
        438.64999999999986,
        438.615909090909,
        438.5613636363636,
        438.63636363636357,
        438.5886363636362,
        438.615909090909,
        438.61590909090904,
        438.615909090909,
        438.64999999999986,
        438.63636363636357
      ],
      "median": [
        433.85,
        434.9,
        436.55,
        436.55,
        436.55,
        436.55,
        436.55,
        436.85,
        436.85,
        436.85,
        437.3,
        437.3,
        437.3,
        437.6,
        437.6,
        437.6,
        437.6,
        437.6,
        437.675,
        437.75,
        437.75,
        437.75,
        437.75,
        437.75,
        437.75,
        438.05,
        438.05,
        438.05,
        438.35,
        438.35,
        438.35,
        438.35,
        438.35,
        438.35,
        438.35,
        438.35,
        438.35,
        438.35,
        438.35,
        438.35,
        438.35,
        438.35,
        438.35,
        438.35,
        438.35,
        438.35,
        438.35,
        438.35,
        438.35,
        438.35,
        438.35,
        438.35,
        438.35,
        438.35,
        438.65,
        438.65,
        438.65,
        438.65,
        438.65,
        438.65,
        438.65,
        438.65,
        438.65,
        438.65,
        438.65,
        438.65,
        438.65,
        438.65,
        438.65,
        438.65,
        438.65,
        438.65,
        438.65,
        438.65,
        438.65,
        438.65,
        438.65,
        438.65,
        438.65,
        438.65,
        438.65,
        438.65,
        438.65,
        438.65,
        438.65,
        438.65,
        438.65,
        438.65,
        438.65,
        438.65,
        438.65,
        438.65,
        438.65,
        438.65,
        438.65,
        438.65,
        438.65,
        438.65,
        438.65,
        438.65,
        438.65
      ]
    }
  },
  "per_generation": [
    {
      "gen": 0.0,
      "best": 436.55,
      "mean": 426.45227272727266,
      "median": 433.85
    },
    {
      "gen": 1.0,