{
  "algo": "generic",
  "hparams": {
    "generations": 100,
    "popsize": 22,
    "fix_last_gene": true,
    "seed": 808,
    "verbosity": 1,
    "log_every": 1,
    "evals_cap": 10000,
    "cxpb": 0.46257268106993354,
    "mutpb": 0.39392793490105493,
    "mutation_rate": 0.04053444149009703
  },
  "metrics": {
    "best_final": 438.65,
    "auc_best": 43856.37500000009,
    "auc_best_norm": 438.5637500000009,
    "runtime_sec": 56.36724829673767,
    "evals_total": 1546,
    "budget_triggered": false,
    "stop_reason": "None"
  },
  "diagnostics": {
    "best": {
      "start": 437.6,
      "end": 438.65,
      "delta_abs": 1.0499999999999545,
      "delta_rel": 0.002399451553930426,
      "max_val": 438.65,
      "argmax": 19,
      "auc_raw": 43856.37500000009,
      "auc_norm": 438.5637500000009
    },
    "mean": {
      "start": 427.10681818181814,
      "end": 438.5613636363636,
      "delta_abs": 11.454545454545439,
      "delta_rel": 0.026818924369569,
      "max_val": 438.63636363636357,
      "argmax": 39,
      "auc_raw": 43790.68181818181,
      "auc_norm": 437.9068181818181
    },
    "median": {
      "start": 433.625,
      "end": 438.65,
      "delta_abs": 5.024999999999977,
      "delta_rel": 0.011588353992504992,
      "max_val": 438.65,
      "argmax": 22,
      "auc_raw": 43849.43750000008,
      "auc_norm": 438.4943750000008
    }
  },
  "genomes": {
    "best_genome": [
      1,
      0,
      0,
      1,
      0,
      0,
      1,
      0,
      0,
      0,
      0,
      0,
      0,
      1,
      0,
      0,
      0,
      0,
      0,
      0,
      0,
      0,
      0,
      0,
      0,
      0,
      0,
      0,
      0,
      0,
      0,
      0,
      1
    ],
    "all_best_genomes": null
  },
  "raw": {
    "curves": {
      "best": [
        437.6,
        437.75,
        437.9,
        437.9,
        438.05,
        438.2,
        438.2,
        438.2,
        438.2,
        438.2,
        438.2,
        438.35,
        438.35,
        438.35,
        438.35,
        438.35,
        438.35,
        438.35,
        438.35,
        438.65,
        438.65,
        438.65,
        438.65,
        438.65,
        438.65,
        438.65,
        438.65,
        438.65,
        438.65,
        438.65,
        438.65,
        438.65,
        438.65,
        438.65,
        438.65,
        438.65,
        438.65,
        438.65,
        438.65,
        438.65,
        438.65,
        438.65,
        438.65,
        438.65,
        438.65,
        438.65,
        438.65,
        438.65,
        438.65,
        438.65,
        438.65,
        438.65,
        438.65,
        438.65,
        438.65,
        438.65,
        438.65,
        438.65,
        438.65,
        438.65,
        438.65,
        438.65,
        438.65,
        438.65,
        438.65,
        438.65,
        438.65,
        438.65,
        438.65,
        438.65,
        438.65,
        438.65,
        438.65,
        438.65,
        438.65,
        438.65,
        438.65,
        438.65,
        438.65,
        438.65,
        438.65,
        438.65,
        438.65,
        438.65,
        438.65,
        438.65,
        438.65,
        438.65,
        438.65,
        438.65,
        438.65,
        438.65,
        438.65,
        438.65,
        438.65,
        438.65,
        438.65,
        438.65,
        438.65,
        438.65,
        438.65
      ],
      "mean": [
        427.10681818181814,
        434.8181818181818,
        437.0818181818182,
        436.4954545454546,
        436.5568181818182,
        436.7477272727272,
        436.80909090909097,
        437.06136363636364,
        438.00909090909096,
        437.80454545454546,
        438.05681818181824,
        437.0136363636365,
        437.0136363636364,
        438.03636363636366,
        438.1931818181819,
        438.2068181818182,
        437.21818181818185,
        437.1227272727274,
        438.2068181818182,
        437.13636363636374,
        438.2681818181818,
        437.32045454545454,
        438.45227272727266,
        437.4090909090908,
        437.45681818181805,
        438.62272727272716,
        438.60227272727263,
        437.40227272727265,
        437.4840909090908,
        438.54772727272723,
        438.5340909090908,
        438.38409090909084,
        438.49318181818165,
        438.45227272727266,
        438.5340909090908,
        438.52045454545447,
        436.365909090909,
        438.465909090909,
        438.5477272727272,
        438.63636363636357,
        437.4431818181818,
        438.51363636363635,
        438.49318181818177,
        438.54090909090905,
        438.5545454545454,
        438.41136363636355,
        437.56590909090903,
        438.50681818181806,
        438.60227272727263,
        437.4363636363636,
        438.4181818181818,
        438.4727272727272,
        438.60909090909087,
        437.47727272727263,
        437.55909090909086,
        436.4136363636363,
        437.54545454545445,
        438.5886363636362,
        438.540909090909,
        437.5045454545454,
        437.32727272727266,
        438.4795454545454,
        438.60909090909087,
        438.60227272727263,
        438.5613636363636,
        438.49999999999994,
        438.4863636363636,
        437.29999999999995,
        438.5,
        438.63636363636357,
        437.40227272727265,
        438.5477272727272,
        438.52045454545447,
        438.47954545454536,
        438.60227272727263,
        438.61590909090904,
        438.3840909090908,
        436.365909090909,
        438.58181818181805,
        438.540909090909,
        438.5954545454544,
        437.40227272727265,
        438.575,
        438.59545454545446,
        437.5522727272726,
        437.47727272727275,
        438.56818181818176,
        438.6090909090908,
        437.49090909090904,
        438.5340909090908,
        436.4477272727272,
        438.55454545454535,
        438.5545454545454,
        437.4499999999999,
        438.465909090909,
        438.5613636363636,
        438.5749999999999,
        437.54545454545445,
        438.60227272727263,
        437.3613636363635,
        438.5613636363636
      ],
      "median": [
        433.625,
        435.95,
        437.6,
        437.6,
        437.6,
        437.9,
        437.9,
        438.2,
        438.2,
        438.2,
        438.2,
        438.2,
        438.2,
        438.2,
        438.2,
        438.35,
        438.35,
        438.35,
        438.35,
        438.35,
        438.35,
        438.5,
        438.65,
        438.65,
        438.65,
        438.65,
        438.65,
        438.65,
        438.65,
        438.65,
        438.65,
        438.65,
        438.65,
        438.65,
        438.65,
        438.65,
        438.65,
        438.65,
        438.65,
        438.65,
        438.65,
        438.65,
        438.65,
        438.65,
        438.65,
        438.65,
        438.65,
        438.65,
        438.65,
        438.65,
        438.5,
        438.65,
        438.65,
        438.65,
        438.65,
        438.65,
        438.65,
        438.65,
        438.65,
        438.65,
        438.65,
        438.65,
        438.65,
        438.65,
        438.65,
        438.65,
        438.65,
        438.65,
        438.65,
        438.65,
        438.65,
        438.65,
        438.65,
        438.65,
        438.65,
        438.65,
        438.65,
        438.65,
        438.65,
        438.65,
        438.65,
        438.65,
        438.65,
        438.65,
        438.65,
        438.65,
        438.65,
        438.65,
        438.65,
        438.65,
        438.65,
        438.65,
        438.65,
        438.65,
        438.65,
        438.65,
        438.65,
        438.65,
        438.65,
        438.65,
        438.65
      ]
    }
  },
  "per_generation": [
    {
      "gen": 0.0,
      "best": 437.6,
      "mean": 427.10681818181814,
      "median": 433.625
    },
    {
      "gen": 1.0,