{
  "algo": "generic",
  "hparams": {
    "generations": 100,
    "popsize": 22,
    "fix_last_gene": true,
    "seed": 404,
    "verbosity": 1,
    "log_every": 1,
    "evals_cap": 10000,
    "cxpb": 0.6674402774240402,
    "mutpb": 0.489514437403882,
    "mutation_rate": 0.16697441830950413
  },
  "metrics": {
    "best_final": 438.65,
    "auc_best": 43859.675000000076,
    "auc_best_norm": 438.5967500000008,
    "runtime_sec": 68.57068347930908,
    "evals_total": 1834,
    "budget_triggered": false,
    "stop_reason": "None"
  },
  "diagnostics": {
    "best": {
      "start": 437.0,
      "end": 438.65,
      "delta_abs": 1.6499999999999773,
      "delta_rel": 0.0037757437070937696,
      "max_val": 438.65,
      "argmax": 8,
      "auc_raw": 43859.675000000076,
      "auc_norm": 438.5967500000008
    },
    "mean": {
      "start": 423.72499999999997,
      "end": 436.84999999999997,
      "delta_abs": 13.125,
      "delta_rel": 0.030975278777509,
      "max_val": 438.39772727272725,
      "argmax": 46,
      "auc_raw": 43611.97386363637,
      "auc_norm": 436.1197386363637
    },
    "median": {
      "start": 424.1,
      "end": 438.20000000000005,
      "delta_abs": 14.100000000000023,
      "delta_rel": 0.033246875736854566,
      "max_val": 438.65,
      "argmax": 16,
      "auc_raw": 43812.425,
      "auc_norm": 438.12425
    }
  },
  "genomes": {
    "best_genome": [
      1,
      1,
      1,
      1,
      0,
      1,
      0,
      0,
      1,
      1,
      1,
      0,
      0,
      0,
      0,
      0,
      0,
      0,
      0,
      0,
      0,
      0,
      0,
      0,
      0,
      0,
      0,
      0,
      0,
      0,
      0,
      0,
      1
    ],
    "all_best_genomes": null
  },
  "raw": {
    "curves": {
      "best": [
        437.0,
        437.0,
        437.75,
        438.05,
        438.05,
        438.2,
        438.5,
        438.5,
        438.65,
        438.65,
        438.65,
        438.65,
        438.65,
        438.65,
        438.65,
        438.65,
        438.65,
        438.65,
        438.65,
        438.65,
        438.65,
        438.65,
        438.65,
        438.65,
        438.65,
        438.65,
        438.65,
        438.65,
        438.65,
        438.65,
        438.65,
        438.65,
        438.65,
        438.65,
        438.65,
        438.65,
        438.65,
        438.65,
        438.65,
        438.65,
        438.65,
        438.65,
        438.65,
        438.65,
        438.65,
        438.65,
        438.65,
        438.65,
        438.65,
        438.65,
        438.65,
        438.65,
        438.65,
        438.65,
        438.65,
        438.65,
        438.65,
        438.65,
        438.65,
        438.65,
        438.65,
        438.65,
        438.65,
        438.65,
        438.65,
        438.65,
        438.65,
        438.65,
        438.65,
        438.65,
        438.65,
        438.65,
        438.65,
        438.65,
        438.65,
        438.65,
        438.65,
        438.65,
        438.65,
        438.65,
        438.65,
        438.65,
        438.65,
        438.65,
        438.65,
        438.65,
        438.65,
        438.65,
        438.65,
        438.65,
        438.65,
        438.65,
        438.65,
        438.65,
        438.65,
        438.65,
        438.65,
        438.65,
        438.65,
        438.65,
        438.65
      ],
      "mean": [
        423.72499999999997,
        432.534090909091,
        435.390909090909,
        433.74090909090904,
        432.62272727272733,
        436.0045454545454,
        435.2886363636364,
        434.48409090909087,
        436.6318181818182,
        435.46590909090907,
        437.8454545454546,
        434.59999999999997,
        436.58409090909095,
        436.67954545454535,
        434.56590909090914,
        434.70909090909083,
        436.9181818181818,
        437.15,
        435.69090909090903,
        436.72727272727263,
        436.7545454545454,
        437.040909090909,
        438.0295454545454,
        434.7704545454546,
        433.659090909091,
        434.9477272727272,
        432.53409090909093,
        435.8068181818182,
        437.47727272727263,
        435.15909090909093,
        435.95,
        435.8613636363635,
        437.9068181818182,
        434.78409090909093,
        436.79545454545456,
        437.2045454545454,
        437.23863636363626,
        435.89545454545447,
        437.93409090909086,
        434.6818181818182,
        436.05909090909086,
        438.0568181818182,
        438.1931818181818,
        434.6545454545454,
        435.575,
        436.1068181818182,
        438.39772727272725,
        436.09999999999985,
        438.15227272727265,
        436.9181818181818,
        436.70681818181816,
        437.7840909090908,
        437.21136363636356,
        435.92272727272723,
        438.0295454545454,
        436.89090909090913,
        435.77954545454537,
        436.88409090909084,
        438.13863636363624,
        435.915909090909,
        435.77272727272725,
        436.86363636363626,
        436.88409090909084,
        435.5545454545454,
        437.9272727272726,
        436.89090909090913,
        436.8568181818182,
        437.00681818181806,
        435.74545454545455,
        430.13409090909084,
        434.66818181818184,
        437.35454545454536,
        435.9363636363636,
        436.9863636363636,
        437.15681818181815,
        432.81363636363625,
        434.94090909090914,
        434.6613636363636,
        435.89545454545447,
        434.7363636363635,
        436.1,
        437.96818181818185,
        435.75227272727267,
        437.81136363636364,
        434.4977272727272,
        437.02727272727276,
        436.93863636363636,
        436.9863636363636,
        435.73181818181814,
        435.8068181818182,
        437.76363636363635,
        434.70909090909083,
        437.06818181818176,
        438.29545454545445,
        438.06363636363625,
        437.20454545454544,
        437.25909090909084,
        436.03181818181815,
        436.025,
        438.31590909090903,
        436.84999999999997
      ],
      "median": [
        424.1,
        435.04999999999995,
        436.475,
        436.7,
        436.7,
        437.3,
        437.45,
        437.9,
        437.75,
        437.6,
        438.2,
        437.975,
        437.825,
        437.975,
        437.825,
        438.125,
        438.65,
        438.65,
        438.05,
        437.975,
        438.125,
        438.425,
        438.5,
        437.825,
        438.05,
        438.5,
        437.75,
        438.35,
        438.65,
        438.65,
        438.42499999999995,
        437.9,
        438.125,
        438.35,
        438.5,
        438.65,
        438.65,
        438.425,
        438.65,
        437.9,
        438.65,
        438.65,
        438.575,
        437.825,
        437.82500000000005,
        438.35,
        438.65,
        438.65,
        438.65,
        438.275,
        438.20000000000005,
        438.425,
        438.65,
        438.35,
        438.275,
        438.5,
        438.5,
        438.275,
        438.65,
        438.575,
        438.42499999999995,
        438.04999999999995,
        438.2,
        437.75,
        438.2,
        438.125,
        438.05,
        438.35,
        438.575,
        436.4,
        438.35,
        438.65,
        438.35,
        438.65,
        438.65,
        438.65,
        438.65,
        438.275,
        438.2,
        437.975,
        438.575,
        438.425,
        438.35,
        437.975,
        437.825,
        438.575,
        438.5,
        438.5,
        438.2,
        438.04999999999995,
        438.2,
        437.75,
        438.575,
        438.65,
        438.5,
        438.65,
        438.65,
        438.65,
        438.425,
        438.65,
        438.20000000000005
      ]
    }
  },
  "per_generation": [
    {
      "gen": 0.0,
      "best": 437.0,