{
  "algo": "generic",
  "hparams": {
    "generations": 100,
    "popsize": 22,
    "fix_last_gene": true,
    "seed": 707,
    "verbosity": 1,
    "log_every": 1,
    "evals_cap": 10000,
    "cxpb": 0.4350011993008198,
    "mutpb": 0.04765128361785675,
    "mutation_rate": 0.019064123179699563
  },
  "metrics": {
    "best_final": 438.65,
    "auc_best": 43793.29999999997,
    "auc_best_norm": 437.93299999999965,
    "runtime_sec": 36.564961194992065,
    "evals_total": 1033,
    "budget_triggered": false,
    "stop_reason": "None"
  },
  "diagnostics": {
    "best": {
      "start": 436.55,
      "end": 438.65,
      "delta_abs": 2.099999999999966,
      "delta_rel": 0.004810445538884356,
      "max_val": 438.65,
      "argmax": 82,
      "auc_raw": 43793.29999999997,
      "auc_norm": 437.93299999999965
    },
    "mean": {
      "start": 427.7886363636363,
      "end": 438.64999999999986,
      "delta_abs": 10.861363636363592,
      "delta_rel": 0.02538955622732117,
      "max_val": 438.64999999999986,
      "argmax": 87,
      "auc_raw": 43780.22613636361,
      "auc_norm": 437.80226136363615
    },
    "median": {
      "start": 434.29999999999995,
      "end": 438.65,
      "delta_abs": 4.350000000000023,
      "delta_rel": 0.010016117890858907,
      "max_val": 438.65,
      "argmax": 84,
      "auc_raw": 43785.19999999996,
      "auc_norm": 437.85199999999963
    }
  },
  "genomes": {
    "best_genome": [
      1,
      1,
      0,
      1,
      1,
      1,
      0,
      0,
      1,
      0,
      1,
      1,
      0,
      0,
      0,
      0,
      0,
      0,
      0,
      0,
      0,
      0,
      0,
      0,
      0,
      0,
      0,
      0,
      0,
      0,
      0,
      0,
      1
    ],
    "all_best_genomes": null
  },
  "raw": {
    "curves": {
      "best": [
        436.55,
        436.55,
        437.15,
        437.15,
        437.15,
        437.3,
        437.3,
        437.3,
        437.3,
        437.3,
        437.3,
        437.3,
        437.3,
        437.3,
        437.3,
        437.3,
        437.3,
        437.3,
        437.3,
        437.3,
        437.3,
        437.3,
        437.3,
        437.3,
        437.3,
        437.3,
        437.3,
        437.3,
        437.3,
        437.3,
        437.3,
        437.3,
        437.3,
        437.3,
        437.3,
        437.3,
        437.3,
        437.3,
        437.3,
        437.3,
        438.05,
        438.05,
        438.05,
        438.05,
        438.05,
        438.05,
        438.05,
        438.05,
        438.05,
        438.05,
        438.05,
        438.05,
        438.05,
        438.05,
        438.35,
        438.35,
        438.35,
        438.35,
        438.35,
        438.35,
        438.35,
        438.35,
        438.35,
        438.35,
        438.35,
        438.35,
        438.35,
        438.35,
        438.35,
        438.35,
        438.35,
        438.35,
        438.35,
        438.35,
        438.35,
        438.35,
        438.35,
        438.35,
        438.35,
        438.35,
        438.35,
        438.35,
        438.65,
        438.65,
        438.65,
        438.65,
        438.65,
        438.65,
        438.65,
        438.65,
        438.65,
        438.65,
        438.65,
        438.65,
        438.65,
        438.65,
        438.65,
        438.65,
        438.65,
        438.65,
        438.65
      ],
      "mean": [
        427.7886363636363,
        435.2886363636364,
        436.13409090909084,
        436.5363636363636,
        436.9181818181818,
        437.10227272727263,
        437.1840909090908,
        437.2386363636364,
        437.28636363636355,
        437.2863636363636,
        437.29999999999995,
        437.29999999999995,
        437.29999999999995,
        437.29999999999995,
        437.29999999999995,
        437.29999999999995,
        437.29999999999995,
        437.29999999999995,
        437.27954545454537,
        437.29999999999995,
        437.29999999999995,
        437.29999999999995,
        437.29999999999995,
        437.29999999999995,
        437.29999999999995,
        437.29999999999995,
        437.29999999999995,
        437.29999999999995,
        437.29999999999995,
        437.29999999999995,
        437.29999999999995,
        437.23181818181814,
        436.24999999999994,
        437.29999999999995,
        437.29318181818167,
        437.29999999999995,
        437.29999999999995,
        437.29318181818167,
        437.29999999999995,
        437.29999999999995,
        437.33409090909083,
        437.40227272727265,
        437.640909090909,
        437.8795454545454,
        438.04999999999995,
        438.02954545454537,
        438.04999999999995,
        438.04999999999995,
        438.04999999999995,
        438.015909090909,
        438.04999999999995,
        438.04999999999995,
        438.04999999999995,
        438.04999999999995,
        438.06363636363625,
        438.090909090909,
        438.15227272727265,
        438.309090909091,
        438.2954545454546,
        438.35000000000014,
        438.35000000000014,
        438.35000000000014,
        438.34318181818196,
        438.25454545454556,
        438.35000000000014,
        438.3363636363637,
        438.35000000000014,
        438.35000000000014,
        438.35000000000014,
        438.35000000000014,
        438.35000000000014,
        438.35000000000014,
        438.35000000000014,
        438.2818181818183,
        438.3363636363637,
        438.3159090909092,
        438.35000000000014,
        438.3363636363637,
        438.35000000000014,
        438.3363636363637,
        438.3159090909092,
        438.35000000000014,
        438.35681818181826,
        438.41818181818184,
        438.52727272727276,
        438.6295454545453,
        438.64318181818174,
        438.64999999999986,
        438.64999999999986,
        438.64999999999986,
        438.615909090909,
        438.64999999999986,
        438.64999999999986,
        438.64999999999986,
        438.615909090909,
        438.63636363636357,
        438.6090909090908,
        438.62272727272716,
        438.64999999999986,
        438.58863636363634,
        438.64999999999986
      ],
      "median": [
        434.29999999999995,
        435.2,
        436.325,
        436.4,
        437.15,
        437.15,
        437.15,
        437.3,
        437.3,
        437.3,
        437.3,
        437.3,
        437.3,
        437.3,
        437.3,
        437.3,
        437.3,
        437.3,
        437.3,
        437.3,
        437.3,
        437.3,
        437.3,
        437.3,
        437.3,
        437.3,
        437.3,
        437.3,
        437.3,
        437.3,
        437.3,
        437.3,
        437.3,
        437.3,
        437.3,
        437.3,
        437.3,
        437.3,
        437.3,
        437.3,
        437.3,
        437.3,
        437.3,
        438.05,
        438.05,
        438.05,
        438.05,
        438.05,
        438.05,
        438.05,
        438.05,
        438.05,
        438.05,
        438.05,
        438.05,
        438.05,
        438.05,
        438.35,
        438.35,
        438.35,
        438.35,
        438.35,
        438.35,
        438.35,
        438.35,
        438.35,
        438.35,
        438.35,
        438.35,
        438.35,
        438.35,
        438.35,
        438.35,
        438.35,
        438.35,
        438.35,
        438.35,
        438.35,
        438.35,
        438.35,
        438.35,
        438.35,
        438.35,
        438.35,
        438.65,
        438.65,
        438.65,
        438.65,
        438.65,
        438.65,
        438.65,
        438.65,
        438.65,
        438.65,
        438.65,
        438.65,
        438.65,
        438.65,
        438.65,
        438.65,
        438.65
      ]
    }
  },
  "per_generation": [
    {
      "gen": 0.0,
      "best": 436.55,
      "mean": 427.7886363636363,