{
  "algo": "generic",
  "hparams": {
    "generations": 100,
    "popsize": 22,
    "fix_last_gene": true,
    "seed": 505,
    "verbosity": 1,
    "log_every": 1,
    "evals_cap": 10000,
    "cxpb": 0.20965122610055964,
    "mutpb": 0.05861598178414248,
    "mutation_rate": 0.04412105425943274
  },
  "metrics": {
    "best_final": 438.65,
    "auc_best": 43818.57500000005,
    "auc_best_norm": 438.1857500000005,
    "runtime_sec": 22.523616790771484,
    "evals_total": 580,
    "budget_triggered": false,
    "stop_reason": "None"
  },
  "diagnostics": {
    "best": {
      "start": 436.7,
      "end": 438.65,
      "delta_abs": 1.9499999999999886,
      "delta_rel": 0.004465307991756329,
      "max_val": 438.65,
      "argmax": 69,
      "auc_raw": 43818.57500000005,
      "auc_norm": 438.1857500000005
    },
    "mean": {
      "start": 422.3886363636364,
      "end": 438.6295454545454,
      "delta_abs": 16.240909090908985,
      "delta_rel": 0.03845015630800993,
      "max_val": 438.64999999999986,
      "argmax": 74,
      "auc_raw": 43792.45454545457,
      "auc_norm": 437.92454545454575
    },
    "median": {
      "start": 413.975,
      "end": 438.65,
      "delta_abs": 24.674999999999955,
      "delta_rel": 0.05960504861404663,
      "max_val": 438.65,
      "argmax": 72,
      "auc_raw": 43798.962500000045,
      "auc_norm": 437.98962500000044
    }
  },
  "genomes": {
    "best_genome": [
      1,
      0,
      1,
      0,
      1,
      1,
      1,
      0,
      1,
      1,
      1,
      1,
      1,
      1,
      1,
      0,
      0,
      0,
      0,
      0,
      0,
      0,
      0,
      0,
      0,
      0,
      0,
      0,
      0,
      0,
      0,
      0,
      1
    ],
    "all_best_genomes": null
  },
  "raw": {
    "curves": {
      "best": [
        436.7,
        436.7,
        436.85,
        436.85,
        436.85,
        436.85,
        437.15,
        437.15,
        437.15,
        437.45,
        437.45,
        437.45,
        437.45,
        437.45,
        437.45,
        437.45,
        437.45,
        437.45,
        437.45,
        437.45,
        437.45,
        437.45,
        437.45,
        437.45,
        437.45,
        437.75,
        437.75,
        437.75,
        437.75,
        437.75,
        437.75,
        437.75,
        437.75,
        438.5,
        438.5,
        438.5,
        438.5,
        438.5,
        438.5,
        438.5,
        438.5,
        438.5,
        438.5,
        438.5,
        438.5,
        438.5,
        438.5,
        438.5,
        438.5,
        438.5,
        438.5,
        438.5,
        438.5,
        438.5,
        438.5,
        438.5,
        438.5,
        438.5,
        438.5,
        438.5,
        438.5,
        438.5,
        438.5,
        438.5,
        438.5,
        438.5,
        438.5,
        438.5,
        438.5,
        438.65,
        438.65,
        438.65,
        438.65,
        438.65,
        438.65,
        438.65,
        438.65,
        438.65,
        438.65,
        438.65,
        438.65,
        438.65,
        438.65,
        438.65,
        438.65,
        438.65,
        438.65,
        438.65,
        438.65,
        438.65,
        438.65,
        438.65,
        438.65,
        438.65,
        438.65,
        438.65,
        438.65,
        438.65,
        438.65,
        438.65,
        438.65
      ],
      "mean": [
        422.3886363636364,
        431.5181818181818,
        434.94772727272726,
        436.44772727272726,
        436.72045454545474,
        436.76818181818186,
        436.80909090909097,
        436.90454545454554,
        437.01363636363635,
        437.10227272727263,
        437.15681818181804,
        437.1840909090908,
        437.1295454545454,
        437.23181818181814,
        436.4204545454546,
        437.43636363636375,
        437.45000000000005,
        437.45000000000005,
        437.41590909090917,
        437.45000000000005,
        437.45000000000005,
        437.45000000000005,
        437.45000000000005,
        437.45000000000005,
        437.45000000000005,
        437.46363636363645,
        437.49090909090916,
        437.4431818181819,
        437.66818181818184,
        437.70227272727277,
        437.71590909090907,
        437.66818181818184,
        437.75,
        436.7,
        437.86590909090904,
        437.9613636363636,
        438.29545454545456,
        438.5,
        437.38863636363635,
        438.43863636363636,
        438.5,
        438.5,
        438.46590909090907,
        438.45909090909095,
        438.45909090909095,
        438.48636363636365,
        438.5,
        438.46590909090907,
        438.5,
        438.5,
        438.48636363636365,
        438.5,
        438.5,
        438.4045454545454,
        437.42272727272734,
        438.40454545454554,
        438.5,
        438.5,
        438.4795454545454,
        438.43863636363636,
        438.5,
        438.5,
        438.46590909090907,
        438.5,
        438.4113636363636,
        438.5,
        438.5,
        438.5,
        438.48636363636365,
        438.5068181818182,
        438.52045454545447,
        438.54772727272723,
        438.60227272727263,
        438.6090909090908,
        438.64999999999986,
        438.64999999999986,
        438.5886363636362,
        438.60227272727263,
        438.64999999999986,
        438.64999999999986,
        438.64999999999986,
        438.64999999999986,
        438.58181818181805,
        438.64999999999986,
        438.60227272727263,
        438.615909090909,
        438.64999999999986,
        438.64999999999986,
        438.64999999999986,
        438.6090909090908,
        438.64999999999986,
        438.64999999999986,
        438.61590909090904,
        438.63636363636357,
        438.64999999999986,
        438.63636363636357,
        438.64999999999986,
        438.63636363636357,
        438.5886363636362,
        438.64999999999986,
        438.6295454545454
      ],
      "median": [
        413.975,
        435.65,
        435.8,
        436.7,
        436.7,
        436.7,
        436.85,
        436.85,
        437.15,
        437.15,
        437.15,
        437.15,
        437.15,
        437.15,
        437.45,
        437.45,
        437.45,
        437.45,
        437.45,
        437.45,
        437.45,
        437.45,
        437.45,
        437.45,
        437.45,
        437.45,
        437.45,
        437.45,
        437.75,
        437.75,
        437.75,
        437.75,
        437.75,
        437.75,
        437.75,
        437.75,
        438.5,
        438.5,
        438.5,
        438.5,
        438.5,
        438.5,
        438.5,
        438.5,
        438.5,
        438.5,
        438.5,
        438.5,
        438.5,
        438.5,
        438.5,
        438.5,
        438.5,
        438.5,
        438.5,
        438.5,
        438.5,
        438.5,
        438.5,
        438.5,
        438.5,
        438.5,
        438.5,
        438.5,
        438.5,
        438.5,
        438.5,
        438.5,
        438.5,
        438.5,
        438.5,
        438.5,
        438.65,
        438.65,
        438.65,
        438.65,
        438.65,
        438.65,
        438.65,
        438.65,
        438.65,
        438.65,
        438.65,
        438.65,
        438.65,
        438.65,
        438.65,
        438.65,
        438.65,
        438.65,
        438.65,
        438.65,
        438.65,
        438.65,
        438.65,
        438.65,
        438.65,
        438.65,
        438.65,
        438.65,
        438.65
      ]
    }
  },
  "per_generation": [
    {
      "gen": 0.0,
      "best": 436.7,
      "mean": 422.3886363636364,
      "median": 413.975
    },
    {
      "gen": 1.0,
      "best": 436.7,
      "mean": 431.5181818181818,
      "median": 435.65
    },
    {
      "gen": 2.0,
      "best": 436.85,
      "mean": 434.94772727272726,
      "median": 435.8
    },
    {
      "gen": 3.0,
      "best": 436.85,