{
  "algo": "generic",
  "hparams": {
    "generations": 100,
    "popsize": 22,
    "fix_last_gene": true,
    "seed": 202,
    "verbosity": 1,
    "log_every": 1,
    "evals_cap": 10000,
    "cxpb": 0.26015577734793965,
    "mutpb": 0.288146937273226,
    "mutation_rate": 0.08585123338494605
  },
  "metrics": {
    "best_final": 438.65,
    "auc_best": 43841.37500000009,
    "auc_best_norm": 438.41375000000085,
    "runtime_sec": 43.3850953578949,
    "evals_total": 1057,
    "budget_triggered": false,
    "stop_reason": "None"
  },
  "diagnostics": {
    "best": {
      "start": 436.7,
      "end": 438.65,
      "delta_abs": 1.9499999999999886,
      "delta_rel": 0.004465307991756329,
      "max_val": 438.65,
      "argmax": 34,
      "auc_raw": 43841.37500000009,
      "auc_norm": 438.41375000000085
    },
    "mean": {
      "start": 422.29999999999995,
      "end": 437.32045454545454,
      "delta_abs": 15.020454545454584,
      "delta_rel": 0.035568208727100606,
      "max_val": 438.64318181818174,
      "argmax": 60,
      "auc_raw": 43763.01022727271,
      "auc_norm": 437.6301022727271
    },
    "median": {
      "start": 413.0,
      "end": 438.65,
      "delta_abs": 25.649999999999977,
      "delta_rel": 0.062106537530266286,
      "max_val": 438.65,
      "argmax": 38,
      "auc_raw": 43820.600000000086,
      "auc_norm": 438.20600000000087
    }
  },
  "genomes": {
    "best_genome": [
      1,
      0,
      0,
      0,
      1,
      1,
      1,
      0,
      0,
      1,
      1,
      0,
      1,
      1,
      0,
      0,
      0,
      0,
      0,
      0,
      0,
      0,
      0,
      0,
      0,
      0,
      0,
      0,
      0,
      0,
      0,
      0,
      1
    ],
    "all_best_genomes": null
  },
  "raw": {
    "curves": {
      "best": [
        436.7,
        436.7,
        436.7,
        436.7,
        436.7,
        436.7,
        437.0,
        437.45,
        437.45,
        437.75,
        437.75,
        437.75,
        438.05,
        438.05,
        438.05,
        438.05,
        438.05,
        438.35,
        438.35,
        438.35,
        438.35,
        438.5,
        438.5,
        438.5,
        438.5,
        438.5,
        438.5,
        438.5,
        438.5,
        438.5,
        438.5,
        438.5,
        438.5,
        438.5,
        438.65,
        438.65,
        438.65,
        438.65,
        438.65,
        438.65,
        438.65,
        438.65,
        438.65,
        438.65,
        438.65,
        438.65,
        438.65,
        438.65,
        438.65,
        438.65,
        438.65,
        438.65,
        438.65,
        438.65,
        438.65,
        438.65,
        438.65,
        438.65,
        438.65,
        438.65,
        438.65,
        438.65,
        438.65,
        438.65,
        438.65,
        438.65,
        438.65,
        438.65,
        438.65,
        438.65,
        438.65,
        438.65,
        438.65,
        438.65,
        438.65,
        438.65,
        438.65,
        438.65,
        438.65,
        438.65,
        438.65,
        438.65,
        438.65,
        438.65,
        438.65,
        438.65,
        438.65,
        438.65,
        438.65,
        438.65,
        438.65,
        438.65,
        438.65,
        438.65,
        438.65,
        438.65,
        438.65,
        438.65,
        438.65,
        438.65,
        438.65
      ],
      "mean": [
        422.29999999999995,
        433.04545454545445,
        435.609090909091,
        436.3863636363636,
        435.47272727272724,
        435.59545454545463,
        435.49318181818194,
        436.5909090909092,
        436.85,
        435.0568181818182,
        437.41590909090905,
        436.4545454545454,
        436.5636363636364,
        436.65227272727276,
        437.64772727272725,
        437.70909090909095,
        437.865909090909,
        436.81590909090903,
        438.015909090909,
        436.89772727272725,
        438.1659090909092,
        437.15000000000003,
        438.384090909091,
        438.35000000000014,
        438.2613636363636,
        438.29545454545456,
        437.24545454545455,
        438.29545454545456,
        438.3363636363636,
        438.22727272727275,
        437.29318181818184,
        438.37045454545455,
        437.15,
        438.275,
        438.41818181818184,
        435.17272727272734,
        438.45909090909083,
        437.25227272727267,
        438.53409090909093,
        435.1999999999999,
        437.42272727272723,
        437.42954545454535,
        438.2886363636362,
        437.3613636363636,
        437.40227272727265,
        438.51363636363635,
        437.39545454545447,
        435.15227272727265,
        438.5204545454544,
        438.49999999999994,
        438.465909090909,
        438.5204545454544,
        438.575,
        436.365909090909,
        437.5045454545454,
        438.4454545454544,
        437.41590909090905,
        437.51818181818174,
        437.2931818181818,
        438.58181818181805,
        438.64318181818174,
        437.3545454545454,
        438.5204545454544,
        438.49999999999994,
        438.58181818181805,
        438.35681818181814,
        438.5545454545454,
        438.41818181818167,
        438.61590909090904,
        438.52045454545447,
        438.51363636363624,
        438.50681818181806,
        437.55227272727274,
        438.6295454545453,
        437.340909090909,
        437.47727272727275,
        438.4863636363635,
        438.4454545454544,
        438.5749999999999,
        437.265909090909,
        437.52499999999986,
        438.60227272727263,
        438.540909090909,
        438.6090909090908,
        438.52727272727265,
        438.60227272727263,
        438.54772727272723,
        438.59545454545446,
        438.43863636363636,
        438.39090909090896,
        438.45909090909083,
        438.59545454545446,
        438.49318181818165,
        437.4090909090908,
        438.4318181818181,
        438.09090909090907,
        437.3068181818181,
        438.44545454545454,
        438.5340909090908,
        438.54772727272723,
        437.32045454545454
      ],
      "median": [
        413.0,
        434.825,
        435.275,
        436.4,
        436.7,
        436.7,
        436.7,
        436.7,
        437.0,
        437.29999999999995,
        437.45,
        437.45,
        437.675,
        437.75,
        437.9,
        438.05,
        438.05,
        438.05,
        438.05,
        438.05,
        438.35,
        438.35,
        438.35,
        438.35,
        438.5,
        438.5,
        438.5,
        438.5,
        438.5,
        438.5,
        438.5,
        438.5,
        438.5,
        438.5,
        438.5,
        438.5,
        438.5,
        438.5,
        438.65,
        438.65,
        438.65,
        438.65,
        438.65,
        438.65,
        438.65,
        438.65,
        438.65,
        438.65,
        438.65,
        438.65,
        438.65,
        438.65,
        438.65,
        438.65,
        438.65,
        438.65,
        438.65,
        438.65,
        438.65,
        438.65,
        438.65,
        438.65,
        438.65,
        438.65,
        438.65,
        438.65,
        438.65,
        438.65,
        438.65,
        438.65,
        438.65,
        438.65,
        438.65,
        438.65,
        438.65,
        438.65,
        438.65,
        438.65,
        438.65,
        438.65,
        438.65,
        438.65,
        438.65,
        438.65,
        438.65,
        438.65,
        438.65,
        438.65,
        438.65,
        438.65,
        438.65,
        438.65,
        438.65,
        438.65,
        438.65,
        438.65,
        438.65,
        438.65,
        438.65,
        438.65,
        438.65
      ]
    }
  },
  "per_generation": [
    {
      "gen": 0.0,
      "best": 436.7,
      "mean": 422.29999999999995,
      "median": 413.0
    },
    {
      "gen": 1.0,
      "best": 436.7,