{
  "algo": "generic",
  "hparams": {
    "generations": 100,
    "popsize": 22,
    "fix_last_gene": true,
    "seed": 707,
    "verbosity": 1,
    "log_every": 1,
    "evals_cap": 10000,
    "cxpb": 0.9132923200950948,
    "mutpb": 0.38897241305869656,
    "mutation_rate": 0.06973907613144324
  },
  "metrics": {
    "best_final": 438.65,
    "auc_best": 43846.55000000008,
    "auc_best_norm": 438.4655000000008,
    "runtime_sec": 79.65008521080017,
    "evals_total": 2107,
    "budget_triggered": false,
    "stop_reason": "None"
  },
  "diagnostics": {
    "best": {
      "start": 436.55,
      "end": 438.65,
      "delta_abs": 2.099999999999966,
      "delta_rel": 0.004810445538884356,
      "max_val": 438.65,
      "argmax": 19,
      "auc_raw": 43846.55000000008,
      "auc_norm": 438.4655000000008
    },
    "mean": {
      "start": 427.7886363636363,
      "end": 437.45681818181805,
      "delta_abs": 9.668181818181779,
      "delta_rel": 0.022600370828839558,
      "max_val": 438.5886363636362,
      "argmax": 31,
      "auc_raw": 43750.82272727271,
      "auc_norm": 437.5082272727271
    },
    "median": {
      "start": 434.29999999999995,
      "end": 438.65,
      "delta_abs": 4.350000000000023,
      "delta_rel": 0.010016117890858907,
      "max_val": 438.65,
      "argmax": 23,
      "auc_raw": 43837.100000000086,
      "auc_norm": 438.37100000000083
    }
  },
  "genomes": {
    "best_genome": [
      1,
      0,
      1,
      0,
      1,
      0,
      1,
      1,
      1,
      1,
      1,
      1,
      0,
      0,
      0,
      0,
      0,
      0,
      0,
      0,
      0,
      0,
      0,
      0,
      0,
      0,
      0,
      0,
      0,
      0,
      0,
      0,
      1
    ],
    "all_best_genomes": null
  },
  "raw": {
    "curves": {
      "best": [
        436.55,
        436.7,
        436.7,
        436.85,
        436.85,
        436.85,
        437.15,
        437.15,
        437.9,
        437.9,
        437.9,
        438.2,
        438.2,
        438.2,
        438.35,
        438.35,
        438.35,
        438.35,
        438.35,
        438.65,
        438.65,
        438.65,
        438.65,
        438.65,
        438.65,
        438.65,
        438.65,
        438.65,
        438.65,
        438.65,
        438.65,
        438.65,
        438.65,
        438.65,
        438.65,
        438.65,
        438.65,
        438.65,
        438.65,
        438.65,
        438.65,
        438.65,
        438.65,
        438.65,
        438.65,
        438.65,
        438.65,
        438.65,
        438.65,
        438.65,
        438.65,
        438.65,
        438.65,
        438.65,
        438.65,
        438.65,
        438.65,
        438.65,
        438.65,
        438.65,
        438.65,
        438.65,
        438.65,
        438.65,
        438.65,
        438.65,
        438.65,
        438.65,
        438.65,
        438.65,
        438.65,
        438.65,
        438.65,
        438.65,
        438.65,
        438.65,
        438.65,
        438.65,
        438.65,
        438.65,
        438.65,
        438.65,
        438.65,
        438.65,
        438.65,
        438.65,
        438.65,
        438.65,
        438.65,
        438.65,
        438.65,
        438.65,
        438.65,
        438.65,
        438.65,
        438.65,
        438.65,
        438.65,
        438.65,
        438.65,
        438.65
      ],
      "mean": [
        427.7886363636363,
        434.32727272727266,
        436.1068181818182,
        436.4477272727274,
        434.54545454545456,
        436.6931818181819,
        435.71818181818196,
        435.68409090909097,
        436.9113636363638,
        436.95909090909095,
        437.3681818181818,
        437.7840909090908,
        436.71363636363634,
        437.859090909091,
        436.8772727272728,
        438.0022727272728,
        438.0704545454546,
        438.13181818181823,
        438.09772727272735,
        438.2136363636364,
        437.225,
        437.1636363636364,
        438.39772727272725,
        438.4727272727272,
        438.4454545454544,
        438.4181818181818,
        438.3840909090908,
        438.45227272727266,
        438.5340909090908,
        438.4318181818181,
        437.2113636363636,
        438.5886363636362,
        437.33409090909083,
        436.30454545454535,
        437.3068181818181,
        437.4090909090908,
        437.54545454545445,
        437.5795454545454,
        437.46363636363634,
        438.465909090909,
        437.4840909090908,
        437.5386363636363,
        437.4840909090908,
        437.4295454545454,
        437.4499999999999,
        436.37272727272716,
        437.29318181818167,
        438.3772727272726,
        438.42499999999995,
        438.5545454545454,
        438.52045454545447,
        438.49318181818165,
        437.2863636363636,
        437.38863636363635,
        438.45909090909083,
        437.47045454545446,
        437.27954545454537,
        438.5613636363636,
        436.3249999999999,
        438.58181818181805,
        438.50681818181806,
        438.55454545454535,
        438.40454545454537,
        438.4318181818181,
        436.3386363636362,
        437.42272727272723,
        437.4840909090908,
        437.3340909090908,
        438.55454545454535,
        436.44090909090903,
        436.3113636363636,
        438.49318181818177,
        436.42045454545445,
        437.4840909090908,
        437.49090909090904,
        437.2113636363636,
        438.2477272727272,
        437.4977272727272,
        438.5,
        438.4863636363636,
        438.4454545454544,
        437.3613636363635,
        438.4318181818181,
        438.3431818181818,
        435.35681818181814,
        438.54772727272723,
        435.4181818181818,
        437.42954545454535,
        436.22272727272724,
        437.375,
        436.35227272727275,
        438.4454545454544,
        438.4727272727272,
        438.36363636363626,
        438.54772727272723,
        438.50681818181806,
        438.4522727272726,
        437.3613636363636,
        437.3068181818181,
        437.4227272727272,
        437.45681818181805
      ],
      "median": [
        434.29999999999995,
        435.425,
        436.175,
        436.55,
        436.7,
        436.7,
        436.85,
        436.85,
        436.85,
        436.85,
        437.45,
        437.9,
        437.9,
        437.9,
        438.04999999999995,
        438.2,
        438.2,
        438.2,
        438.275,
        438.35,
        438.35,
        438.35,
        438.5,
        438.65,
        438.65,
        438.65,
        438.65,
        438.65,
        438.65,
        438.65,
        438.65,
        438.65,
        438.65,
        438.65,
        438.65,
        438.65,
        438.65,
        438.65,
        438.65,
        438.65,
        438.65,
        438.65,
        438.65,
        438.65,
        438.65,
        438.65,
        438.65,
        438.65,
        438.65,
        438.65,
        438.65,
        438.65,
        438.65,
        438.65,
        438.65,
        438.65,
        438.65,
        438.65,
        438.65,
        438.65,
        438.65,
        438.65,
        438.65,
        438.65,
        438.65,
        438.65,
        438.65,
        438.65,
        438.65,
        438.65,
        438.65,
        438.65,
        438.65,
        438.65,
        438.65,
        438.65,
        438.65,
        438.65,
        438.65,
        438.65,
        438.65,
        438.65,
        438.65,
        438.65,
        438.65,
        438.65,
        438.65,
        438.65,
        438.65,
        438.65,
        438.65,
        438.65,
        438.65,
        438.65,
        438.65,
        438.65,
        438.65,
        438.65,
        438.65,
        438.65,
        438.65
      ]
    }
  },
  "per_generation": [
    {
      "gen": 0.0,
      "best": 436.55,
      "mean": 427.7886363636363,