{
  "algo": "generic",
  "hparams": {
    "generations": 100,
    "popsize": 22,
    "fix_last_gene": true,
    "seed": 303,
    "verbosity": 1,
    "log_every": 1,
    "evals_cap": 10000,
    "cxpb": 0.6891172103772414,
    "mutpb": 0.06545245974915703,
    "mutation_rate": 0.13181838494709516
  },
  "metrics": {
    "best_final": 438.65,
    "auc_best": 43851.20000000009,
    "auc_best_norm": 438.5120000000009,
    "runtime_sec": 61.46732187271118,
    "evals_total": 1607,
    "budget_triggered": false,
    "stop_reason": "None"
  },
  "diagnostics": {
    "best": {
      "start": 436.55,
      "end": 438.65,
      "delta_abs": 2.099999999999966,
      "delta_rel": 0.004810445538884356,
      "max_val": 438.65,
      "argmax": 29,
      "auc_raw": 43851.20000000009,
      "auc_norm": 438.5120000000009
    },
    "mean": {
      "start": 426.45227272727266,
      "end": 437.42954545454535,
      "delta_abs": 10.977272727272691,
      "delta_rel": 0.02574091739990079,
      "max_val": 438.64999999999986,
      "argmax": 40,
      "auc_raw": 43807.918181818175,
      "auc_norm": 438.0791818181817
    },
    "median": {
      "start": 433.85,
      "end": 438.65,
      "delta_abs": 4.7999999999999545,
      "delta_rel": 0.01106373170450606,
      "max_val": 438.65,
      "argmax": 32,
      "auc_raw": 43842.4250000001,
      "auc_norm": 438.424250000001
    }
  },
  "genomes": {
    "best_genome": [
      0,
      0,
      0,
      1,
      0,
      1,
      0,
      1,
      0,
      0,
      1,
      1,
      0,
      1,
      1,
      0,
      0,
      0,
      0,
      0,
      0,
      0,
      0,
      0,
      0,
      0,
      0,
      0,
      0,
      0,
      0,
      0,
      1
    ],
    "all_best_genomes": null
  },
  "raw": {
    "curves": {
      "best": [
        436.55,
        436.55,
        437.3,
        437.75,
        438.05,
        438.05,
        438.05,
        438.35,
        438.35,
        438.35,
        438.35,
        438.35,
        438.35,
        438.35,
        438.35,
        438.35,
        438.35,
        438.35,
        438.35,
        438.35,
        438.35,
        438.35,
        438.35,
        438.35,
        438.35,
        438.35,
        438.35,
        438.35,
        438.35,
        438.65,
        438.65,
        438.65,
        438.65,
        438.65,
        438.65,
        438.65,
        438.65,
        438.65,
        438.65,
        438.65,
        438.65,
        438.65,
        438.65,
        438.65,
        438.65,
        438.65,
        438.65,
        438.65,
        438.65,
        438.65,
        438.65,
        438.65,
        438.65,
        438.65,
        438.65,
        438.65,
        438.65,
        438.65,
        438.65,
        438.65,
        438.65,
        438.65,
        438.65,
        438.65,
        438.65,
        438.65,
        438.65,
        438.65,
        438.65,
        438.65,
        438.65,
        438.65,
        438.65,
        438.65,
        438.65,
        438.65,
        438.65,
        438.65,
        438.65,
        438.65,
        438.65,
        438.65,
        438.65,
        438.65,
        438.65,
        438.65,
        438.65,
        438.65,
        438.65,
        438.65,
        438.65,
        438.65,
        438.65,
        438.65,
        438.65,
        438.65,
        438.65,
        438.65,
        438.65,
        438.65,
        438.65
      ],
      "mean": [
        426.45227272727266,
        431.0545454545454,
        435.8204545454546,
        436.5022727272728,
        437.05454545454546,
        437.3681818181818,
        437.77045454545447,
        437.89318181818174,
        438.0704545454544,
        437.9818181818182,
        438.18636363636364,
        438.35000000000014,
        438.234090909091,
        438.20681818181833,
        438.309090909091,
        438.3022727272728,
        438.35000000000014,
        438.3363636363637,
        438.234090909091,
        438.2954545454546,
        438.35000000000014,
        438.35000000000014,
        438.35000000000014,
        438.21363636363645,
        438.1522727272728,
        437.17727272727285,
        438.3159090909092,
        438.28863636363644,
        438.35000000000014,
        438.36363636363643,
        438.40454545454554,
        436.13409090909084,
        438.5204545454544,
        437.49772727272716,
        438.4863636363636,
        438.63636363636357,
        437.59999999999985,
        438.60227272727263,
        437.43636363636347,
        438.5477272727272,
        438.64999999999986,
        438.64999999999986,
        438.64999999999986,
        438.64999999999986,
        438.58181818181805,
        438.62272727272716,
        438.62272727272716,
        438.52727272727265,
        438.5886363636362,
        438.64999999999986,
        436.290909090909,
        438.64999999999986,
        438.64999999999986,
        438.56818181818176,
        438.64999999999986,
        438.6227272727272,
        438.47954545454536,
        438.64999999999986,
        438.615909090909,
        438.49999999999994,
        438.49318181818177,
        438.64999999999986,
        438.64318181818174,
        438.6090909090908,
        438.64999999999986,
        438.64999999999986,
        438.47954545454536,
        438.5340909090908,
        438.5886363636362,
        438.58181818181805,
        438.59545454545446,
        438.540909090909,
        438.63636363636357,
        438.5886363636362,
        437.4977272727272,
        438.465909090909,
        438.5477272727272,
        437.44318181818176,
        438.5886363636362,
        437.36818181818177,
        437.49772727272716,
        438.56136363636347,
        438.6090909090908,
        438.56818181818176,
        438.64999999999986,
        437.5522727272726,
        438.5749999999999,
        438.59545454545446,
        438.45909090909083,
        438.64999999999986,
        437.51136363636357,
        437.51136363636357,
        438.64999999999986,
        438.615909090909,
        437.2795454545454,
        438.55454545454535,
        438.60227272727263,
        438.58863636363634,
        437.4499999999999,
        437.37499999999994,
        437.42954545454535
      ],
      "median": [
        433.85,
        435.275,
        436.175,
        436.55,
        437.0,
        437.3,
        437.75,
        438.05,
        438.05,
        438.05,
        438.35,
        438.35,
        438.35,
        438.35,
        438.35,
        438.35,
        438.35,
        438.35,
        438.35,
        438.35,
        438.35,
        438.35,
        438.35,
        438.35,
        438.35,
        438.35,
        438.35,
        438.35,
        438.35,
        438.35,
        438.35,
        438.425,
        438.65,
        438.65,
        438.65,
        438.65,
        438.65,
        438.65,
        438.65,
        438.65,
        438.65,
        438.65,
        438.65,
        438.65,
        438.65,
        438.65,
        438.65,
        438.65,
        438.65,
        438.65,
        438.65,
        438.65,
        438.65,
        438.65,
        438.65,
        438.65,
        438.65,
        438.65,
        438.65,
        438.65,
        438.65,
        438.65,
        438.65,
        438.65,
        438.65,
        438.65,
        438.65,
        438.65,
        438.65,
        438.65,
        438.65,
        438.65,
        438.65,
        438.65,
        438.65,
        438.65,
        438.65,
        438.65,
        438.65,
        438.65,
        438.65,
        438.65,
        438.65,
        438.65,
        438.65,
        438.65,
        438.65,
        438.65,
        438.65,
        438.65,
        438.65,
        438.65,
        438.65,
        438.65,
        438.65,
        438.65,
        438.65,
        438.65,
        438.65,
        438.65,
        438.65
      ]
    }
  },
  "per_generation": [
    {
      "gen": 0.0,
      "best": 436.55,
      "mean": 426.45227272727266,