{
  "algo": "generic",
  "hparams": {
    "generations": 100,
    "popsize": 22,
    "fix_last_gene": true,
    "seed": 101,
    "verbosity": 1,
    "log_every": 1,
    "evals_cap": 10000,
    "cxpb": 0.5577591237610802,
    "mutpb": 0.2225215159692826,
    "mutation_rate": 0.13686475979997428
  },
  "metrics": {
    "best_final": 438.65,
    "auc_best": 43836.27500000003,
    "auc_best_norm": 438.3627500000003,
    "runtime_sec": 65.82431697845459,
    "evals_total": 1522,
    "budget_triggered": false,
    "stop_reason": "None"
  },
  "diagnostics": {
    "best": {
      "start": 436.7,
      "end": 438.65,
      "delta_abs": 1.9499999999999886,
      "delta_rel": 0.004465307991756329,
      "max_val": 438.65,
      "argmax": 59,
      "auc_raw": 43836.27500000003,
      "auc_norm": 438.3627500000003
    },
    "mean": {
      "start": 420.5,
      "end": 438.31590909090903,
      "delta_abs": 17.81590909090903,
      "delta_rel": 0.04236839260620459,
      "max_val": 438.64999999999986,
      "argmax": 92,
      "auc_raw": 43736.22840909091,
      "auc_norm": 437.3622840909091
    },
    "median": {
      "start": 413.15,
      "end": 438.65,
      "delta_abs": 25.5,
      "delta_rel": 0.06172092460365485,
      "max_val": 438.65,
      "argmax": 61,
      "auc_raw": 43817.90000000003,
      "auc_norm": 438.1790000000003
    }
  },
  "genomes": {
    "best_genome": [
      0,
      0,
      0,
      0,
      1,
      0,
      0,
      1,
      0,
      0,
      1,
      0,
      0,
      0,
      0,
      0,
      0,
      0,
      0,
      0,
      0,
      0,
      0,
      0,
      0,
      0,
      0,
      0,
      0,
      0,
      0,
      0,
      1
    ],
    "all_best_genomes": null
  },
  "raw": {
    "curves": {
      "best": [
        436.7,
        437.0,
        437.0,
        437.3,
        437.6,
        437.6,
        437.6,
        437.6,
        437.6,
        437.9,
        437.9,
        437.9,
        437.9,
        438.05,
        438.05,
        438.2,
        438.2,
        438.2,
        438.35,
        438.35,
        438.35,
        438.35,
        438.35,
        438.35,
        438.35,
        438.35,
        438.35,
        438.35,
        438.35,
        438.35,
        438.35,
        438.35,
        438.35,
        438.35,
        438.35,
        438.35,
        438.35,
        438.35,
        438.35,
        438.35,
        438.35,
        438.35,
        438.35,
        438.35,
        438.35,
        438.35,
        438.35,
        438.35,
        438.35,
        438.35,
        438.35,
        438.35,
        438.35,
        438.35,
        438.35,
        438.35,
        438.35,
        438.35,
        438.35,
        438.65,
        438.65,
        438.65,
        438.65,
        438.65,
        438.65,
        438.65,
        438.65,
        438.65,
        438.65,
        438.65,
        438.65,
        438.65,
        438.65,
        438.65,
        438.65,
        438.65,
        438.65,
        438.65,
        438.65,
        438.65,
        438.65,
        438.65,
        438.65,
        438.65,
        438.65,
        438.65,
        438.65,
        438.65,
        438.65,
        438.65,
        438.65,
        438.65,
        438.65,
        438.65,
        438.65,
        438.65,
        438.65,
        438.65,
        438.65,
        438.65,
        438.65
      ],
      "mean": [
        420.5,
        432.48636363636365,
        436.1204545454546,
        434.1840909090908,
        436.98636363636365,
        437.29999999999995,
        436.1613636363636,
        437.34772727272724,
        437.38181818181823,
        437.42954545454546,
        435.4454545454546,
        437.6068181818182,
        434.54545454545445,
        437.83181818181816,
        437.9272727272726,
        437.74318181818177,
        437.8386363636364,
        438.10454545454553,
        438.05681818181824,
        438.02954545454554,
        437.0886363636364,
        435.97727272727275,
        435.95000000000005,
        436.9795454545456,
        436.06590909090914,
        436.0659090909092,
        437.96818181818185,
        438.21363636363645,
        438.1795454545456,
        437.1568181818183,
        438.234090909091,
        436.00454545454545,
        437.034090909091,
        438.06363636363653,
        437.975,
        438.2272727272728,
        438.28863636363644,
        438.28863636363644,
        436.12727272727284,
        438.12500000000006,
        437.109090909091,
        437.0545454545456,
        435.7795454545454,
        438.02954545454554,
        437.1022727272728,
        437.9204545454546,
        436.9795454545456,
        437.184090909091,
        438.20681818181833,
        438.1727272727274,
        438.1931818181819,
        438.0636363636364,
        438.23409090909104,
        438.17272727272734,
        436.97272727272735,
        438.12500000000006,
        438.24772727272733,
        437.2113636363637,
        436.959090909091,
        438.25454545454545,
        433.99318181818177,
        437.415909090909,
        436.3249999999999,
        438.35681818181814,
        437.4840909090908,
        437.38181818181806,
        438.3227272727272,
        435.07045454545454,
        438.58863636363634,
        438.4795454545454,
        438.4863636363635,
        438.5477272727272,
        438.4454545454544,
        437.24545454545444,
        437.4363636363636,
        438.5204545454544,
        438.4522727272726,
        438.4863636363635,
        437.4499999999999,
        438.63636363636357,
        438.55454545454535,
        438.26818181818174,
        438.38409090909084,
        438.50681818181806,
        437.38863636363635,
        438.33636363636356,
        437.3545454545454,
        438.50681818181806,
        438.5545454545454,
        438.56818181818176,
        437.21136363636356,
        438.5613636363636,
        438.64999999999986,
        437.37499999999994,
        435.2477272727272,
        437.27954545454537,
        437.4295454545454,
        437.2727272727272,
        437.27954545454537,
        438.45227272727266,
        438.31590909090903
      ],
      "median": [
        413.15,
        435.725,
        436.25,
        436.7,
        437.0,
        437.3,
        437.3,
        437.6,
        437.6,
        437.6,
        437.6,
        437.6,
        437.9,
        437.9,
        437.9,
        437.9,
        438.05,
        438.2,
        438.2,
        438.2,
        438.2,
        438.275,
        438.35,
        438.35,
        438.35,
        438.35,
        438.35,
        438.35,
        438.35,
        438.35,
        438.35,
        438.35,
        438.35,
        438.35,
        438.35,
        438.35,
        438.35,
        438.35,
        438.35,
        438.35,
        438.35,
        438.35,
        438.35,
        438.35,
        438.35,
        438.35,
        438.35,
        438.35,
        438.35,
        438.35,
        438.35,
        438.35,
        438.35,
        438.35,
        438.35,
        438.35,
        438.35,
        438.35,
        438.35,
        438.35,
        438.35,
        438.65,
        438.65,
        438.65,
        438.65,
        438.65,
        438.65,
        438.65,
        438.65,
        438.65,
        438.65,
        438.65,
        438.65,
        438.65,
        438.65,
        438.65,
        438.65,
        438.65,
        438.65,
        438.65,
        438.65,
        438.65,
        438.65,
        438.65,
        438.65,
        438.65,
        438.65,
        438.65,
        438.65,
        438.65,
        438.65,
        438.65,
        438.65,
        438.65,
        438.65,
        438.65,
        438.65,
        438.65,
        438.65,
        438.65,
        438.65
      ]
    }
  },
  "per_generation": [
    {
      "gen": 0.0,
      "best": 436.7,
      "mean": 420.5,
      "median": 413.15
    },
    {
      "gen": 1.0,
      "best": 437.0,
      "mean": 432.48636363636365,