{
  "algo": "generic",
  "hparams": {
    "generations": 100,
    "popsize": 22,
    "fix_last_gene": true,
    "seed": 101,
    "verbosity": 1,
    "log_every": 1,
    "evals_cap": 10000,
    "cxpb": 0.20158580608945845,
    "mutpb": 0.09080172366241333,
    "mutation_rate": 0.137940725327255
  },
  "metrics": {
    "best_final": 438.65,
    "auc_best": 43846.325000000055,
    "auc_best_norm": 438.4632500000005,
    "runtime_sec": 24.514148712158203,
    "evals_total": 670,
    "budget_triggered": false,
    "stop_reason": "None"
  },
  "diagnostics": {
    "best": {
      "start": 436.7,
      "end": 438.65,
      "delta_abs": 1.9499999999999886,
      "delta_rel": 0.004465307991756329,
      "max_val": 438.65,
      "argmax": 58,
      "auc_raw": 43846.325000000055,
      "auc_norm": 438.4632500000005
    },
    "mean": {
      "start": 420.5,
      "end": 437.4636363636362,
      "delta_abs": 16.963636363636226,
      "delta_rel": 0.04034158469354632,
      "max_val": 438.64999999999986,
      "argmax": 66,
      "auc_raw": 43784.320454545465,
      "auc_norm": 437.8432045454546
    },
    "median": {
      "start": 413.15,
      "end": 438.65,
      "delta_abs": 25.5,
      "delta_rel": 0.06172092460365485,
      "max_val": 438.65,
      "argmax": 61,
      "auc_raw": 43827.800000000054,
      "auc_norm": 438.27800000000053
    }
  },
  "genomes": {
    "best_genome": [
      1,
      1,
      1,
      1,
      0,
      0,
      1,
      0,
      1,
      0,
      0,
      0,
      1,
      0,
      1,
      0,
      0,
      0,
      0,
      0,
      0,
      0,
      0,
      0,
      0,
      0,
      0,
      0,
      0,
      0,
      0,
      0,
      1
    ],
    "all_best_genomes": null
  },
  "raw": {
    "curves": {
      "best": [
        436.7,
        437.15,
        437.15,
        437.45,
        437.45,
        437.45,
        437.9,
        437.9,
        438.2,
        438.2,
        438.2,
        438.2,
        438.2,
        438.2,
        438.2,
        438.5,
        438.5,
        438.5,
        438.5,
        438.5,
        438.5,
        438.5,
        438.5,
        438.5,
        438.5,
        438.5,
        438.5,
        438.5,
        438.5,
        438.5,
        438.5,
        438.5,
        438.5,
        438.5,
        438.5,
        438.5,
        438.5,
        438.5,
        438.5,
        438.5,
        438.5,
        438.5,
        438.5,
        438.5,
        438.5,
        438.5,
        438.5,
        438.5,
        438.5,
        438.5,
        438.5,
        438.5,
        438.5,
        438.5,
        438.5,
        438.5,
        438.5,
        438.5,
        438.65,
        438.65,
        438.65,
        438.65,
        438.65,
        438.65,
        438.65,
        438.65,
        438.65,
        438.65,
        438.65,
        438.65,
        438.65,
        438.65,
        438.65,
        438.65,
        438.65,
        438.65,
        438.65,
        438.65,
        438.65,
        438.65,
        438.65,
        438.65,
        438.65,
        438.65,
        438.65,
        438.65,
        438.65,
        438.65,
        438.65,
        438.65,
        438.65,
        438.65,
        438.65,
        438.65,
        438.65,
        438.65,
        438.65,
        438.65,
        438.65,
        438.65,
        438.65
      ],
      "mean": [
        420.5,
        433.55681818181824,
        436.475,
        435.73863636363643,
        437.10227272727263,
        437.0613636363636,
        437.3204545454546,
        436.35227272727275,
        436.4272727272728,
        436.65227272727265,
        438.02272727272725,
        437.0886363636364,
        437.109090909091,
        438.0909090909092,
        438.05681818181824,
        438.08409090909095,
        436.0659090909092,
        437.17045454545456,
        436.1,
        438.47272727272724,
        438.5,
        437.36136363636365,
        437.2181818181818,
        438.30227272727274,
        438.46590909090907,
        438.3227272727272,
        438.2886363636364,
        438.39090909090913,
        438.34318181818185,
        437.3,
        436.3318181818182,
        437.33409090909095,
        438.39772727272725,
        437.43636363636364,
        438.5,
        437.43636363636364,
        438.45227272727277,
        438.46590909090907,
        437.3068181818182,
        438.5,
        438.5,
        438.3568181818182,
        438.4318181818182,
        438.3227272727272,
        438.425,
        438.3636363636364,
        438.5,
        437.27272727272725,
        438.4318181818182,
        438.45909090909095,
        438.37045454545455,
        437.32727272727277,
        438.5,
        438.39090909090913,
        437.3613636363636,
        437.34090909090907,
        438.4318181818182,
        437.34090909090907,
        438.46590909090907,
        438.39772727272725,
        438.5068181818182,
        438.58181818181805,
        436.4272727272726,
        438.62272727272716,
        438.50681818181806,
        438.49318181818177,
        438.64999999999986,
        438.4863636363636,
        438.540909090909,
        438.5749999999999,
        438.64999999999986,
        438.62272727272716,
        437.2931818181818,
        438.55454545454535,
        438.465909090909,
        438.64999999999986,
        438.5613636363636,
        438.55454545454535,
        438.49318181818165,
        438.5886363636362,
        438.64999999999986,
        438.64999999999986,
        437.31363636363625,
        437.45681818181805,
        438.60227272727263,
        438.62272727272716,
        438.60227272727263,
        438.64999999999986,
        438.5886363636362,
        438.58181818181805,
        437.5045454545454,
        438.6295454545454,
        437.5795454545454,
        438.6090909090908,
        438.49318181818177,
        437.40227272727265,
        438.4863636363635,
        438.35681818181814,
        438.60227272727263,
        437.5386363636362,
        437.4636363636362
      ],
      "median": [
        413.15,
        435.575,
        436.7,
        436.85,
        437.15,
        437.15,
        437.45,
        437.45,
        437.45,
        437.825,
        438.04999999999995,
        438.2,
        438.2,
        438.2,
        438.2,
        438.2,
        438.2,
        438.2,
        438.5,
        438.5,
        438.5,
        438.5,
        438.5,
        438.5,
        438.5,
        438.5,
        438.5,
        438.5,
        438.5,
        438.5,
        438.5,
        438.5,
        438.5,
        438.5,
        438.5,
        438.5,
        438.5,
        438.5,
        438.5,
        438.5,
        438.5,
        438.5,
        438.5,
        438.5,
        438.5,
        438.5,
        438.5,
        438.5,
        438.5,
        438.5,
        438.5,
        438.5,
        438.5,
        438.5,
        438.5,
        438.5,
        438.5,
        438.5,
        438.5,
        438.5,
        438.5,
        438.65,
        438.65,
        438.65,
        438.65,
        438.65,
        438.65,
        438.65,
        438.65,
        438.65,
        438.65,
        438.65,
        438.65,
        438.65,
        438.65,
        438.65,
        438.65,
        438.65,
        438.65,
        438.65,
        438.65,
        438.65,
        438.65,
        438.65,
        438.65,
        438.65,
        438.65,
        438.65,
        438.65,
        438.65,
        438.65,
        438.65,
        438.65,
        438.65,
        438.65,
        438.65,
        438.65,
        438.65,
        438.65,
        438.65,
        438.65
      ]
    }
  },
  "per_generation": [
    {
      "gen": 0.0,
      "best": 436.7,
      "mean": 420.5,
      "median": 413.15
    },
    {
      "gen": 1.0,
      "best": 437.15,
      "mean": 433.55681818181824,
      "median": 435.575
    },
    {
      "gen": 2.0,
      "best": 437.15,
      "mean": 436.475,
      "median": 436.7
    },
    {
      "gen": 3.0,