{
  "algo": "generic",
  "hparams": {
    "generations": 100,
    "popsize": 22,
    "fix_last_gene": true,
    "seed": 303,
    "verbosity": 1,
    "log_every": 1,
    "evals_cap": 10000,
    "cxpb": 0.35251479944004505,
    "mutpb": 0.4419858539733451,
    "mutation_rate": 0.07317299288145972
  },
  "metrics": {
    "best_final": 438.65,
    "auc_best": 43856.60000000008,
    "auc_best_norm": 438.56600000000077,
    "runtime_sec": 57.02699375152588,
    "evals_total": 1425,
    "budget_triggered": false,
    "stop_reason": "None"
  },
  "diagnostics": {
    "best": {
      "start": 436.55,
      "end": 438.65,
      "delta_abs": 2.099999999999966,
      "delta_rel": 0.004810445538884356,
      "max_val": 438.65,
      "argmax": 16,
      "auc_raw": 43856.60000000008,
      "auc_norm": 438.56600000000077
    },
    "mean": {
      "start": 426.45227272727266,
      "end": 437.45681818181816,
      "delta_abs": 11.004545454545507,
      "delta_rel": 0.02580486998971442,
      "max_val": 438.60227272727263,
      "argmax": 84,
      "auc_raw": 43744.27045454547,
      "auc_norm": 437.4427045454547
    },
    "median": {
      "start": 433.85,
      "end": 438.65,
      "delta_abs": 4.7999999999999545,
      "delta_rel": 0.01106373170450606,
      "max_val": 438.65,
      "argmax": 19,
      "auc_raw": 43844.75000000007,
      "auc_norm": 438.44750000000073
    }
  },
  "genomes": {
    "best_genome": [
      0,
      1,
      0,
      1,
      1,
      1,
      1,
      1,
      0,
      0,
      1,
      1,
      0,
      0,
      0,
      0,
      0,
      0,
      0,
      0,
      0,
      0,
      0,
      0,
      0,
      0,
      0,
      0,
      0,
      0,
      0,
      0,
      1
    ],
    "all_best_genomes": null
  },
  "raw": {
    "curves": {
      "best": [
        436.55,
        436.55,
        438.05,
        438.05,
        438.05,
        438.05,
        438.05,
        438.2,
        438.2,
        438.35,
        438.35,
        438.5,
        438.5,
        438.5,
        438.5,
        438.5,
        438.65,
        438.65,
        438.65,
        438.65,
        438.65,
        438.65,
        438.65,
        438.65,
        438.65,
        438.65,
        438.65,
        438.65,
        438.65,
        438.65,
        438.65,
        438.65,
        438.65,
        438.65,
        438.65,
        438.65,
        438.65,
        438.65,
        438.65,
        438.65,
        438.65,
        438.65,
        438.65,
        438.65,
        438.65,
        438.65,
        438.65,
        438.65,
        438.65,
        438.65,
        438.65,
        438.65,
        438.65,
        438.65,
        438.65,
        438.65,
        438.65,
        438.65,
        438.65,
        438.65,
        438.65,
        438.65,
        438.65,
        438.65,
        438.65,
        438.65,
        438.65,
        438.65,
        438.65,
        438.65,
        438.65,
        438.65,
        438.65,
        438.65,
        438.65,
        438.65,
        438.65,
        438.65,
        438.65,
        438.65,
        438.65,
        438.65,
        438.65,
        438.65,
        438.65,
        438.65,
        438.65,
        438.65,
        438.65,
        438.65,
        438.65,
        438.65,
        438.65,
        438.65,
        438.65,
        438.65,
        438.65,
        438.65,
        438.65,
        438.65,
        438.65
      ],
      "mean": [
        426.45227272727266,
        430.97272727272735,
        434.8727272727272,
        436.61818181818177,
        437.15681818181815,
        436.5431818181818,
        436.60454545454536,
        437.85909090909087,
        436.55681818181824,
        436.8363636363636,
        436.97272727272735,
        438.11818181818177,
        438.20000000000005,
        438.2613636363636,
        437.1636363636364,
        438.2136363636364,
        436.33181818181816,
        438.35681818181814,
        438.4181818181818,
        437.22499999999985,
        436.2227272727272,
        438.47954545454536,
        438.3977272727272,
        437.51136363636357,
        436.2227272727272,
        436.0863636363636,
        438.19318181818176,
        436.42045454545445,
        438.34999999999997,
        438.43863636363625,
        436.25,
        437.36818181818177,
        438.45227272727266,
        438.3431818181817,
        437.23863636363626,
        438.20681818181816,
        438.25454545454545,
        438.3227272727272,
        437.47727272727263,
        438.45909090909083,
        437.15681818181815,
        437.15681818181815,
        438.45227272727266,
        437.25227272727267,
        437.45681818181816,
        438.315909090909,
        438.2613636363636,
        436.25681818181806,
        438.43863636363636,
        438.30227272727274,
        437.1090909090908,
        437.3477272727272,
        437.31363636363636,
        437.4840909090908,
        437.29999999999995,
        438.38409090909084,
        438.2886363636363,
        438.45909090909083,
        438.390909090909,
        436.29772727272723,
        437.45681818181805,
        437.1090909090908,
        437.47727272727275,
        438.5272727272726,
        437.2318181818182,
        437.17045454545445,
        437.2181818181817,
        438.3295454545454,
        436.20909090909083,
        438.5340909090908,
        437.190909090909,
        438.3636363636364,
        435.30909090909086,
        437.2863636363636,
        438.5681818181818,
        438.44545454545454,
        437.1772727272726,
        438.3022727272726,
        438.465909090909,
        437.5795454545454,
        438.465909090909,
        436.2568181818182,
        437.36818181818177,
        438.52045454545447,
        438.60227272727263,
        438.41818181818184,
        437.39545454545447,
        438.275,
        434.0136363636364,
        438.18636363636364,
        435.22727272727263,
        438.45909090909083,
        438.56818181818176,
        438.5340909090908,
        438.50681818181806,
        438.51363636363635,
        436.35227272727263,
        436.4136363636362,
        438.390909090909,
        438.4931818181818,
        437.45681818181816
      ],
      "median": [
        433.85,
        434.9,
        435.79999999999995,
        436.55,
        437.15,
        437.75,
        438.05,
        438.05,
        438.05,
        438.05,
        438.2,
        438.2,
        438.35,
        438.425,
        438.5,
        438.5,
        438.5,
        438.5,
        438.5,
        438.65,
        438.65,
        438.65,
        438.65,
        438.65,
        438.65,
        438.35,
        438.65,
        438.65,
        438.5,
        438.65,
        438.425,
        438.65,
        438.65,
        438.65,
        438.65,
        438.35,
        438.575,
        438.65,
        438.65,
        438.65,
        438.35,
        438.65,
        438.65,
        438.65,
        438.65,
        438.65,
        438.65,
        438.65,
        438.65,
        438.65,
        438.2,
        438.65,
        438.65,
        438.65,
        438.575,
        438.65,
        438.65,
        438.65,
        438.65,
        438.65,
        438.65,
        438.35,
        438.65,
        438.65,
        438.65,
        438.65,
        438.65,
        438.65,
        438.65,
        438.65,
        438.65,
        438.65,
        438.65,
        438.65,
        438.65,
        438.65,
        438.65,
        438.65,
        438.65,
        438.65,
        438.65,
        438.65,
        438.65,
        438.65,
        438.65,
        438.65,
        438.65,
        438.65,
        438.65,
        438.65,
        438.65,
        438.65,
        438.65,
        438.65,
        438.65,
        438.65,
        438.65,
        438.65,
        438.65,
        438.65,
        438.65
      ]
    }
  },
  "per_generation": [
    {
      "gen": 0.0,
      "best": 436.55,
      "mean": 426.45227272727266,