{
  "algo": "generic",
  "hparams": {
    "generations": 100,
    "popsize": 22,
    "fix_last_gene": true,
    "seed": 505,
    "verbosity": 1,
    "log_every": 1,
    "evals_cap": 10000,
    "cxpb": 0.683715700416676,
    "mutpb": 0.13043949726587892,
    "mutation_rate": 0.10357647105002891
  },
  "metrics": {
    "best_final": 438.65,
    "auc_best": 43835.52500000008,
    "auc_best_norm": 438.3552500000008,
    "runtime_sec": 62.08664083480835,
    "evals_total": 1630,
    "budget_triggered": false,
    "stop_reason": "None"
  },
  "diagnostics": {
    "best": {
      "start": 436.7,
      "end": 438.65,
      "delta_abs": 1.9499999999999886,
      "delta_rel": 0.004465307991756329,
      "max_val": 438.65,
      "argmax": 42,
      "auc_raw": 43835.52500000008,
      "auc_norm": 438.3552500000008
    },
    "mean": {
      "start": 422.3886363636364,
      "end": 438.50681818181806,
      "delta_abs": 16.118181818181654,
      "delta_rel": 0.03815960097066966,
      "max_val": 438.64999999999986,
      "argmax": 61,
      "auc_raw": 43773.131818181806,
      "auc_norm": 437.73131818181804
    },
    "median": {
      "start": 413.975,
      "end": 438.65,
      "delta_abs": 24.674999999999955,
      "delta_rel": 0.05960504861404663,
      "max_val": 438.65,
      "argmax": 45,
      "auc_raw": 43817.33750000008,
      "auc_norm": 438.1733750000008
    }
  },
  "genomes": {
    "best_genome": [
      0,
      1,
      0,
      1,
      0,
      0,
      0,
      1,
      1,
      1,
      1,
      1,
      1,
      0,
      0,
      0,
      0,
      0,
      0,
      0,
      0,
      0,
      0,
      0,
      0,
      0,
      0,
      0,
      0,
      0,
      0,
      0,
      1
    ],
    "all_best_genomes": null
  },
  "raw": {
    "curves": {
      "best": [
        436.7,
        436.7,
        436.85,
        437.0,
        437.3,
        437.6,
        437.6,
        437.6,
        437.6,
        437.6,
        437.6,
        437.6,
        437.6,
        437.9,
        437.9,
        437.9,
        437.9,
        437.9,
        437.9,
        437.9,
        437.9,
        437.9,
        437.9,
        437.9,
        437.9,
        438.2,
        438.2,
        438.2,
        438.2,
        438.2,
        438.2,
        438.5,
        438.5,
        438.5,
        438.5,
        438.5,
        438.5,
        438.5,
        438.5,
        438.5,
        438.5,
        438.5,
        438.65,
        438.65,
        438.65,
        438.65,
        438.65,
        438.65,
        438.65,
        438.65,
        438.65,
        438.65,
        438.65,
        438.65,
        438.65,
        438.65,
        438.65,
        438.65,
        438.65,
        438.65,
        438.65,
        438.65,
        438.65,
        438.65,
        438.65,
        438.65,
        438.65,
        438.65,
        438.65,
        438.65,
        438.65,
        438.65,
        438.65,
        438.65,
        438.65,
        438.65,
        438.65,
        438.65,
        438.65,
        438.65,
        438.65,
        438.65,
        438.65,
        438.65,
        438.65,
        438.65,
        438.65,
        438.65,
        438.65,
        438.65,
        438.65,
        438.65,
        438.65,
        438.65,
        438.65,
        438.65,
        438.65,
        438.65,
        438.65,
        438.65,
        438.65
      ],
      "mean": [
        422.3886363636364,
        431.5318181818182,
        434.85909090909087,
        436.50227272727267,
        436.77500000000003,
        435.82727272727277,
        437.19090909090903,
        436.2704545454546,
        437.45000000000005,
        437.484090909091,
        437.5454545454546,
        437.484090909091,
        437.4977272727274,
        437.6,
        437.47045454545463,
        437.6818181818182,
        437.84545454545446,
        437.8386363636362,
        435.6840909090908,
        437.85227272727263,
        437.89999999999986,
        437.72954545454536,
        437.89999999999986,
        437.7363636363635,
        437.89999999999986,
        437.9136363636363,
        437.94090909090914,
        436.775,
        437.98181818181826,
        437.0681818181819,
        438.16590909090917,
        438.1386363636364,
        438.0909090909092,
        438.17954545454546,
        437.3068181818182,
        437.36136363636365,
        436.3454545454546,
        437.27272727272725,
        438.37045454545455,
        438.44545454545454,
        437.3818181818182,
        438.39772727272725,
        438.24090909090904,
        438.4318181818181,
        438.2477272727272,
        438.56818181818176,
        437.51818181818174,
        438.3840909090908,
        438.6295454545454,
        438.60227272727263,
        438.5477272727272,
        438.51363636363624,
        438.615909090909,
        437.4499999999999,
        438.62272727272716,
        438.4931818181818,
        438.465909090909,
        437.39545454545447,
        437.58636363636356,
        437.42954545454535,
        438.58181818181805,
        438.64999999999986,
        437.4840909090908,
        438.5204545454544,
        438.56818181818176,
        438.6295454545454,
        438.59545454545446,
        438.64999999999986,
        438.58181818181805,
        438.50681818181806,
        438.6227272727272,
        438.465909090909,
        437.44318181818176,
        438.51363636363624,
        438.540909090909,
        437.51136363636357,
        438.49999999999994,
        437.5522727272726,
        438.5749999999999,
        438.56818181818176,
        438.49999999999994,
        438.64999999999986,
        437.5045454545454,
        437.44318181818176,
        435.35681818181814,
        438.5477272727272,
        438.615909090909,
        438.61590909090904,
        437.53181818181804,
        438.59545454545446,
        437.47727272727263,
        437.415909090909,
        437.44318181818176,
        437.38863636363635,
        438.4727272727272,
        438.49999999999994,
        438.64999999999986,
        438.60227272727263,
        437.40909090909093,
        438.465909090909,
        438.50681818181806
      ],
      "median": [
        413.975,
        435.8,
        436.1,
        436.625,
        436.85,
        436.85,
        437.3,
        437.45000000000005,
        437.6,
        437.6,
        437.6,
        437.6,
        437.6,
        437.6,
        437.6,
        437.6,
        437.9,
        437.9,
        437.9,
        437.9,
        437.9,
        437.9,
        437.9,
        437.9,
        437.9,
        437.9,
        437.9,
        437.9,
        438.2,
        438.2,
        438.2,
        438.2,
        438.2,
        438.2,
        438.5,
        438.5,
        438.5,
        438.5,
        438.5,
        438.5,
        438.5,
        438.5,
        438.5,
        438.5,
        438.5,
        438.65,
        438.65,
        438.65,
        438.65,
        438.65,
        438.65,
        438.65,
        438.65,
        438.65,
        438.65,
        438.65,
        438.65,
        438.65,
        438.65,
        438.65,
        438.65,
        438.65,
        438.65,
        438.65,
        438.65,
        438.65,
        438.65,
        438.65,
        438.65,
        438.65,
        438.65,
        438.65,
        438.65,
        438.65,
        438.65,
        438.65,
        438.65,
        438.65,
        438.65,
        438.65,
        438.65,
        438.65,
        438.65,
        438.65,
        438.65,
        438.65,
        438.65,
        438.65,
        438.65,
        438.65,
        438.65,
        438.65,
        438.65,
        438.65,
        438.65,
        438.65,
        438.65,
        438.65,
        438.65,
        438.65,
        438.65
      ]
    }
  },
  "per_generation": [
    {
      "gen": 0.0,
      "best": 436.7,
      "mean": 422.3886363636364,
      "median": 413.975
    },
    {
      "gen": 1.0,
      "best": 436.7,
      "mean": 431.5318181818182,