{
  "algo": "generic",
  "hparams": {
    "generations": 100,
    "popsize": 22,
    "fix_last_gene": true,
    "seed": 202,
    "verbosity": 1,
    "log_every": 1,
    "evals_cap": 10000,
    "cxpb": 0.8000517809134544,
    "mutpb": 0.14508186705132745,
    "mutation_rate": 0.06843996506367392
  },
  "metrics": {
    "best_final": 438.65,
    "auc_best": 43830.72500000004,
    "auc_best_norm": 438.3072500000004,
    "runtime_sec": 72.18154191970825,
    "evals_total": 1878,
    "budget_triggered": false,
    "stop_reason": "None"
  },
  "diagnostics": {
    "best": {
      "start": 436.7,
      "end": 438.65,
      "delta_abs": 1.9499999999999886,
      "delta_rel": 0.004465307991756329,
      "max_val": 438.65,
      "argmax": 49,
      "auc_raw": 43830.72500000004,
      "auc_norm": 438.3072500000004
    },
    "mean": {
      "start": 422.29999999999995,
      "end": 438.56818181818176,
      "delta_abs": 16.2681818181818,
      "delta_rel": 0.038522807999483315,
      "max_val": 438.64999999999986,
      "argmax": 60,
      "auc_raw": 43776.39090909089,
      "auc_norm": 437.76390909090895
    },
    "median": {
      "start": 413.0,
      "end": 438.65,
      "delta_abs": 25.649999999999977,
      "delta_rel": 0.062106537530266286,
      "max_val": 438.65,
      "argmax": 52,
      "auc_raw": 43811.375000000044,
      "auc_norm": 438.11375000000044
    }
  },
  "genomes": {
    "best_genome": [
      0,
      1,
      1,
      0,
      0,
      0,
      1,
      1,
      1,
      0,
      0,
      1,
      1,
      1,
      0,
      0,
      0,
      0,
      0,
      0,
      0,
      0,
      0,
      0,
      0,
      0,
      0,
      0,
      0,
      0,
      0,
      0,
      1
    ],
    "all_best_genomes": null
  },
  "raw": {
    "curves": {
      "best": [
        436.7,
        437.15,
        437.15,
        437.3,
        437.45,
        437.6,
        437.6,
        437.6,
        437.6,
        437.6,
        437.6,
        437.6,
        437.9,
        437.9,
        437.9,
        437.9,
        437.9,
        437.9,
        437.9,
        437.9,
        437.9,
        437.9,
        438.05,
        438.05,
        438.05,
        438.05,
        438.05,
        438.05,
        438.05,
        438.05,
        438.05,
        438.05,
        438.05,
        438.05,
        438.05,
        438.05,
        438.05,
        438.05,
        438.35,
        438.35,
        438.35,
        438.35,
        438.35,
        438.35,
        438.35,
        438.35,
        438.35,
        438.35,
        438.35,
        438.65,
        438.65,
        438.65,
        438.65,
        438.65,
        438.65,
        438.65,
        438.65,
        438.65,
        438.65,
        438.65,
        438.65,
        438.65,
        438.65,
        438.65,
        438.65,
        438.65,
        438.65,
        438.65,
        438.65,
        438.65,
        438.65,
        438.65,
        438.65,
        438.65,
        438.65,
        438.65,
        438.65,
        438.65,
        438.65,
        438.65,
        438.65,
        438.65,
        438.65,
        438.65,
        438.65,
        438.65,
        438.65,
        438.65,
        438.65,
        438.65,
        438.65,
        438.65,
        438.65,
        438.65,
        438.65,
        438.65,
        438.65,
        438.65,
        438.65,
        438.65,
        438.65
      ],
      "mean": [
        422.29999999999995,
        433.0113636363636,
        436.04545454545456,
        436.8363636363636,
        437.15,
        436.22272727272724,
        437.43636363636375,
        437.50454545454556,
        436.4272727272728,
        436.41363636363644,
        436.5500000000001,
        437.38181818181823,
        437.57954545454555,
        437.66818181818184,
        437.76363636363635,
        437.83181818181805,
        437.8590909090908,
        436.63863636363635,
        436.7477272727272,
        437.77045454545447,
        437.865909090909,
        436.815909090909,
        437.89999999999986,
        436.8022727272726,
        435.840909090909,
        437.86590909090904,
        437.92045454545445,
        436.965909090909,
        438.04999999999995,
        437.9681818181817,
        437.940909090909,
        438.015909090909,
        438.04318181818167,
        436.9113636363636,
        437.9613636363636,
        436.90454545454537,
        438.04999999999995,
        437.99545454545444,
        438.0568181818181,
        438.0227272727272,
        438.1454545454546,
        438.15227272727276,
        437.21818181818185,
        438.34318181818196,
        438.26136363636374,
        438.11136363636376,
        436.0863636363637,
        438.35000000000014,
        436.13409090909096,
        438.27500000000003,
        438.3704545454546,
        437.30681818181824,
        438.51363636363635,
        438.540909090909,
        437.51818181818174,
        438.5272727272726,
        438.52045454545447,
        438.59545454545446,
        437.5045454545454,
        438.615909090909,
        438.64999999999986,
        438.615909090909,
        437.5590909090908,
        438.64999999999986,
        438.62272727272716,
        437.5795454545454,
        438.63636363636357,
        438.615909090909,
        437.52499999999986,
        438.425,
        438.63636363636357,
        438.56818181818176,
        438.540909090909,
        438.49999999999994,
        438.5749999999999,
        437.4840909090908,
        438.60227272727263,
        438.55454545454535,
        438.64999999999986,
        437.51136363636357,
        438.63636363636357,
        438.6295454545454,
        438.5749999999999,
        437.53181818181804,
        438.5545454545454,
        438.6090909090908,
        437.5727272727272,
        438.43863636363625,
        438.47954545454536,
        438.60227272727263,
        438.64999999999986,
        437.5045454545454,
        438.615909090909,
        438.60227272727263,
        438.64999999999986,
        438.59545454545446,
        438.64318181818174,
        437.54545454545445,
        438.540909090909,
        438.64999999999986,
        438.56818181818176
      ],
      "median": [
        413.0,
        434.9,
        436.25,
        436.85,
        437.15,
        437.3,
        437.45,
        437.45,
        437.6,
        437.6,
        437.6,
        437.6,
        437.6,
        437.6,
        437.75,
        437.9,
        437.9,
        437.9,
        437.9,
        437.9,
        437.9,
        437.9,
        437.9,
        437.9,
        437.9,
        438.05,
        438.05,
        438.05,
        438.05,
        438.05,
        438.05,
        438.05,
        438.05,
        438.05,
        438.05,
        438.05,
        438.05,
        438.05,
        438.05,
        438.05,
        438.05,
        438.35,
        438.35,
        438.35,
        438.35,
        438.35,
        438.35,
        438.35,
        438.35,
        438.35,
        438.35,
        438.35,
        438.65,
        438.65,
        438.65,
        438.65,
        438.65,
        438.65,
        438.65,
        438.65,
        438.65,
        438.65,
        438.65,
        438.65,
        438.65,
        438.65,
        438.65,
        438.65,
        438.65,
        438.65,
        438.65,
        438.65,
        438.65,
        438.65,
        438.65,
        438.65,
        438.65,
        438.65,
        438.65,
        438.65,
        438.65,
        438.65,
        438.65,
        438.65,
        438.65,
        438.65,
        438.65,
        438.65,
        438.65,
        438.65,
        438.65,
        438.65,
        438.65,
        438.65,
        438.65,
        438.65,
        438.65,
        438.65,
        438.65,
        438.65,
        438.65
      ]
    }
  },
  "per_generation": [
    {
      "gen": 0.0,
      "best": 436.7,
      "mean": 422.29999999999995,
      "median": 413.0
    },
    {
      "gen": 1.0,
      "best": 437.15,