{
  "algo": "generic",
  "hparams": {
    "generations": 100,
    "popsize": 22,
    "fix_last_gene": true,
    "seed": 202,
    "verbosity": 1,
    "log_every": 1,
    "evals_cap": 10000,
    "cxpb": 0.9060866234852564,
    "mutpb": 0.4806553632045104,
    "mutation_rate": 0.04844961765735641
  },
  "metrics": {
    "best_final": 438.65,
    "auc_best": 43855.47500000008,
    "auc_best_norm": 438.5547500000008,
    "runtime_sec": 63.47772026062012,
    "evals_total": 2118,
    "budget_triggered": false,
    "stop_reason": "None"
  },
  "diagnostics": {
    "best": {
      "start": 436.7,
      "end": 438.65,
      "delta_abs": 1.9499999999999886,
      "delta_rel": 0.004465307991756329,
      "max_val": 438.65,
      "argmax": 12,
      "auc_raw": 43855.47500000008,
      "auc_norm": 438.5547500000008
    },
    "mean": {
      "start": 422.29999999999995,
      "end": 438.540909090909,
      "delta_abs": 16.240909090909042,
      "delta_rel": 0.03845822659462241,
      "max_val": 438.63636363636357,
      "argmax": 53,
      "auc_raw": 43780.2909090909,
      "auc_norm": 437.802909090909
    },
    "median": {
      "start": 413.0,
      "end": 438.65,
      "delta_abs": 25.649999999999977,
      "delta_rel": 0.062106537530266286,
      "max_val": 438.65,
      "argmax": 14,
      "auc_raw": 43834.77500000008,
      "auc_norm": 438.3477500000008
    }
  },
  "genomes": {
    "best_genome": [
      0,
      0,
      0,
      0,
      0,
      0,
      0,
      0,
      0,
      0,
      1,
      1,
      1,
      0,
      0,
      0,
      0,
      0,
      0,
      0,
      0,
      0,
      0,
      0,
      0,
      0,
      0,
      0,
      0,
      0,
      0,
      0,
      1
    ],
    "all_best_genomes": null
  },
  "raw": {
    "curves": {
      "best": [
        436.7,
        437.15,
        437.15,
        437.3,
        437.6,
        437.75,
        437.75,
        438.05,
        438.35,
        438.5,
        438.5,
        438.5,
        438.65,
        438.65,
        438.65,
        438.65,
        438.65,
        438.65,
        438.65,
        438.65,
        438.65,
        438.65,
        438.65,
        438.65,
        438.65,
        438.65,
        438.65,
        438.65,
        438.65,
        438.65,
        438.65,
        438.65,
        438.65,
        438.65,
        438.65,
        438.65,
        438.65,
        438.65,
        438.65,
        438.65,
        438.65,
        438.65,
        438.65,
        438.65,
        438.65,
        438.65,
        438.65,
        438.65,
        438.65,
        438.65,
        438.65,
        438.65,
        438.65,
        438.65,
        438.65,
        438.65,
        438.65,
        438.65,
        438.65,
        438.65,
        438.65,
        438.65,
        438.65,
        438.65,
        438.65,
        438.65,
        438.65,
        438.65,
        438.65,
        438.65,
        438.65,
        438.65,
        438.65,
        438.65,
        438.65,
        438.65,
        438.65,
        438.65,
        438.65,
        438.65,
        438.65,
        438.65,
        438.65,
        438.65,
        438.65,
        438.65,
        438.65,
        438.65,
        438.65,
        438.65,
        438.65,
        438.65,
        438.65,
        438.65,
        438.65,
        438.65,
        438.65,
        438.65,
        438.65,
        438.65,
        438.65
      ],
      "mean": [
        422.29999999999995,
        432.83409090909095,
        435.6772727272728,
        435.5545454545454,
        435.99772727272733,
        436.1136363636364,
        437.11590909090904,
        437.38181818181823,
        436.57045454545454,
        437.96818181818185,
        438.11136363636365,
        438.17272727272734,
        438.32272727272726,
        437.32727272727266,
        438.4181818181818,
        438.3977272727272,
        438.5545454545454,
        438.49999999999994,
        438.47954545454536,
        438.540909090909,
        438.5545454545454,
        436.45454545454544,
        438.5477272727272,
        438.45227272727266,
        438.30227272727274,
        437.38181818181806,
        437.5522727272726,
        438.5613636363636,
        438.60227272727263,
        438.43863636363625,
        437.4499999999999,
        438.4318181818181,
        437.45,
        438.5886363636362,
        438.4863636363636,
        438.59545454545446,
        437.5113636363636,
        438.4522727272726,
        437.40227272727265,
        438.5204545454544,
        438.46590909090907,
        437.45681818181805,
        438.4795454545454,
        437.3477272727272,
        438.5749999999999,
        437.3545454545454,
        438.5340909090908,
        437.4295454545454,
        437.44318181818176,
        437.4363636363636,
        438.4727272727272,
        438.60227272727263,
        438.60227272727263,
        438.63636363636357,
        438.47954545454536,
        437.4363636363636,
        438.32272727272715,
        436.34545454545446,
        438.3977272727272,
        437.5045454545454,
        436.39318181818174,
        438.4113636363636,
        438.41136363636366,
        437.32045454545454,
        436.29090909090905,
        437.38181818181806,
        438.3431818181817,
        438.45909090909083,
        438.540909090909,
        438.540909090909,
        438.4727272727272,
        438.54772727272723,
        438.49318181818177,
        437.4636363636362,
        437.46363636363634,
        438.38409090909084,
        437.36818181818177,
        438.42499999999995,
        437.42272727272723,
        437.3613636363636,
        438.4863636363636,
        437.56590909090903,
        438.4318181818181,
        438.37727272727267,
        437.54545454545445,
        438.4727272727272,
        438.34999999999997,
        437.38181818181806,
        437.44318181818176,
        438.51363636363624,
        438.55454545454535,
        438.52045454545447,
        438.52045454545447,
        438.2886363636363,
        438.5477272727272,
        438.47272727272724,
        437.5045454545454,
        437.565909090909,
        438.35681818181814,
        438.3772727272728,
        438.540909090909
      ],
      "median": [
        413.0,
        434.9,
        435.275,
        436.7,
        437.15,
        437.15,
        437.3,
        437.6,
        437.75,
        438.05,
        438.2,
        438.35,
        438.35,
        438.425,
        438.65,
        438.65,
        438.65,
        438.65,
        438.65,
        438.65,
        438.65,
        438.65,
        438.65,
        438.65,
        438.65,
        438.65,
        438.65,
        438.65,
        438.65,
        438.65,
        438.65,
        438.65,
        438.65,
        438.65,
        438.65,
        438.65,
        438.65,
        438.65,
        438.65,
        438.65,
        438.65,
        438.65,
        438.65,
        438.65,
        438.65,
        438.5,
        438.65,
        438.65,
        438.65,
        438.65,
        438.65,
        438.65,
        438.65,
        438.65,
        438.65,
        438.65,
        438.65,
        438.65,
        438.65,
        438.65,
        438.65,
        438.65,
        438.65,
        438.65,
        438.65,
        438.65,
        438.65,
        438.65,
        438.65,
        438.65,
        438.65,
        438.65,
        438.65,
        438.65,
        438.65,
        438.65,
        438.65,
        438.65,
        438.65,
        438.65,
        438.65,
        438.65,
        438.65,
        438.65,
        438.65,
        438.65,
        438.65,
        438.65,
        438.65,
        438.65,
        438.65,
        438.65,
        438.65,
        438.65,
        438.65,
        438.65,
        438.65,
        438.65,
        438.65,
        438.65,
        438.65
      ]
    }
  },
  "per_generation": [
    {
      "gen": 0.0,
      "best": 436.7,
      "mean": 422.29999999999995,