{
  "algo": "generic",
  "hparams": {
    "generations": 100,
    "popsize": 22,
    "fix_last_gene": true,
    "seed": 202,
    "verbosity": 1,
    "log_every": 1,
    "evals_cap": 10000,
    "cxpb": 0.8266878708773356,
    "mutpb": 0.4192995101334372,
    "mutation_rate": 0.10540044763817079
  },
  "metrics": {
    "best_final": 438.65,
    "auc_best": 43857.42500000008,
    "auc_best_norm": 438.5742500000008,
    "runtime_sec": 61.82741618156433,
    "evals_total": 2011,
    "budget_triggered": false,
    "stop_reason": "None"
  },
  "diagnostics": {
    "best": {
      "start": 436.7,
      "end": 438.65,
      "delta_abs": 1.9499999999999886,
      "delta_rel": 0.004465307991756329,
      "max_val": 438.65,
      "argmax": 13,
      "auc_raw": 43857.42500000008,
      "auc_norm": 438.5742500000008
    },
    "mean": {
      "start": 422.29999999999995,
      "end": 437.45,
      "delta_abs": 15.150000000000034,
      "delta_rel": 0.035874970400189526,
      "max_val": 438.6090909090908,
      "argmax": 58,
      "auc_raw": 43702.59772727272,
      "auc_norm": 437.0259772727272
    },
    "median": {
      "start": 413.0,
      "end": 438.65,
      "delta_abs": 25.649999999999977,
      "delta_rel": 0.062106537530266286,
      "max_val": 438.65,
      "argmax": 19,
      "auc_raw": 43829.15000000003,
      "auc_norm": 438.2915000000003
    }
  },
  "genomes": {
    "best_genome": [
      1,
      1,
      1,
      1,
      0,
      0,
      0,
      0,
      1,
      0,
      0,
      1,
      1,
      1,
      0,
      0,
      0,
      0,
      0,
      0,
      0,
      0,
      0,
      0,
      0,
      0,
      0,
      0,
      0,
      0,
      0,
      0,
      1
    ],
    "all_best_genomes": null
  },
  "raw": {
    "curves": {
      "best": [
        436.7,
        437.15,
        437.15,
        437.75,
        438.35,
        438.35,
        438.35,
        438.35,
        438.35,
        438.35,
        438.35,
        438.35,
        438.35,
        438.65,
        438.65,
        438.65,
        438.65,
        438.65,
        438.65,
        438.65,
        438.65,
        438.65,
        438.65,
        438.65,
        438.65,
        438.65,
        438.65,
        438.65,
        438.65,
        438.65,
        438.65,
        438.65,
        438.65,
        438.65,
        438.65,
        438.65,
        438.65,
        438.65,
        438.65,
        438.65,
        438.65,
        438.65,
        438.65,
        438.65,
        438.65,
        438.65,
        438.65,
        438.65,
        438.65,
        438.65,
        438.65,
        438.65,
        438.65,
        438.65,
        438.65,
        438.65,
        438.65,
        438.65,
        438.65,
        438.65,
        438.65,
        438.65,
        438.65,
        438.65,
        438.65,
        438.65,
        438.65,
        438.65,
        438.65,
        438.65,
        438.65,
        438.65,
        438.65,
        438.65,
        438.65,
        438.65,
        438.65,
        438.65,
        438.65,
        438.65,
        438.65,
        438.65,
        438.65,
        438.65,
        438.65,
        438.65,
        438.65,
        438.65,
        438.65,
        438.65,
        438.65,
        438.65,
        438.65,
        438.65,
        438.65,
        438.65,
        438.65,
        438.65,
        438.65,
        438.65,
        438.65
      ],
      "mean": [
        422.29999999999995,
        430.88409090909084,
        434.94772727272726,
        436.46818181818185,
        436.89090909090913,
        435.0568181818182,
        437.39545454545447,
        437.6818181818182,
        435.58181818181833,
        436.82954545454544,
        435.9909090909092,
        434.934090909091,
        435.00227272727284,
        438.11136363636365,
        436.9795454545454,
        438.2477272727272,
        438.1795454545454,
        435.93636363636364,
        436.11363636363626,
        438.33636363636356,
        438.36363636363626,
        438.2477272727272,
        437.86590909090904,
        437.1636363636364,
        437.22499999999997,
        437.32727272727266,
        434.96136363636356,
        436.1545454545454,
        436.26363636363635,
        436.18863636363636,
        438.3977272727272,
        438.34999999999997,
        437.31363636363625,
        437.2727272727272,
        438.275,
        438.37045454545444,
        437.32045454545454,
        437.13636363636357,
        437.06136363636347,
        437.2386363636364,
        438.2613636363636,
        437.1977272727272,
        437.2454545454546,
        438.2477272727272,
        438.08409090909083,
        437.04090909090905,
        438.3295454545454,
        438.465909090909,
        437.29999999999995,
        437.4295454545454,
        438.4795454545454,
        437.27954545454537,
        437.39545454545447,
        438.43863636363636,
        437.13636363636357,
        437.1636363636363,
        437.1227272727272,
        438.38409090909096,
        438.6090909090908,
        438.49999999999994,
        435.11818181818177,
        436.05909090909097,
        436.0795454545454,
        437.17045454545456,
        438.465909090909,
        436.20227272727277,
        438.1590909090908,
        438.24090909090904,
        438.19318181818176,
        437.1295454545454,
        437.340909090909,
        435.0295454545454,
        434.02727272727276,
        437.32045454545454,
        437.25909090909084,
        438.3022727272726,
        437.2931818181818,
        438.3977272727272,
        437.340909090909,
        436.10681818181814,
        436.1818181818181,
        436.95909090909083,
        438.50681818181806,
        437.1022727272728,
        435.0704545454544,
        435.83409090909083,
        434.8931818181818,
        437.12954545454545,
        436.9454545454544,
        437.03409090909093,
        437.265909090909,
        438.015909090909,
        436.025,
        437.1363636363636,
        437.2931818181818,
        438.31590909090903,
        438.37045454545444,
        438.46590909090907,
        437.38181818181806,
        437.38181818181806,
        437.45
      ],
      "median": [
        413.0,
        434.675,
        435.95,
        436.4,
        436.925,
        437.15,
        437.375,
        437.75,
        437.6,
        437.9,
        438.35,
        438.35,
        438.35,
        438.35,
        438.35,
        438.35,
        438.35,
        438.35,
        438.5,
        438.65,
        438.65,
        438.65,
        438.425,
        438.5,
        438.575,
        438.65,
        438.05,
        438.5,
        438.65,
        438.65,
        438.65,
        438.65,
        438.65,
        438.65,
        438.65,
        438.65,
        438.65,
        438.65,
        438.65,
        438.65,
        438.65,
        438.65,
        438.65,
        438.65,
        438.65,
        438.275,
        438.65,
        438.65,
        438.65,
        438.65,
        438.65,
        438.65,
        438.65,
        438.65,
        438.65,
        438.65,
        438.35,
        438.65,
        438.65,
        438.65,
        438.65,
        438.5,
        438.65,
        438.65,
        438.65,
        438.575,
        438.425,
        438.65,
        438.65,
        438.65,
        438.65,
        438.65,
        438.65,
        438.65,
        438.65,
        438.65,
        438.575,
        438.65,
        438.65,
        438.5,
        438.65,
        438.65,
        438.65,
        438.5,
        438.35,
        438.425,
        438.275,
        438.5,
        438.65,
        438.5,
        438.65,
        438.65,
        438.35,
        438.65,
        438.5,
        438.65,
        438.65,
        438.65,
        438.65,
        438.65,
        438.65
      ]
    }
  },
  "per_generation": [
    {
      "gen": 0.0,
      "best": 436.7,
      "mean": 422.29999999999995,
      "median": 413.0
    },
    {
      "gen": 1.0,