{
  "algo": "generic",
  "hparams": {
    "generations": 100,
    "popsize": 22,
    "fix_last_gene": true,
    "seed": 303,
    "verbosity": 1,
    "log_every": 1,
    "evals_cap": 10000,
    "cxpb": 0.16138697197823584,
    "mutpb": 0.46032168931701456,
    "mutation_rate": 0.056058662270023055
  },
  "metrics": {
    "best_final": 438.65,
    "auc_best": 43848.350000000086,
    "auc_best_norm": 438.48350000000084,
    "runtime_sec": 43.0213360786438,
    "evals_total": 1189,
    "budget_triggered": false,
    "stop_reason": "None"
  },
  "diagnostics": {
    "best": {
      "start": 436.55,
      "end": 438.65,
      "delta_abs": 2.099999999999966,
      "delta_rel": 0.004810445538884356,
      "max_val": 438.65,
      "argmax": 22,
      "auc_raw": 43848.350000000086,
      "auc_norm": 438.48350000000084
    },
    "mean": {
      "start": 426.45227272727266,
      "end": 437.53181818181804,
      "delta_abs": 11.079545454545382,
      "delta_rel": 0.025980739611701026,
      "max_val": 438.63636363636357,
      "argmax": 84,
      "auc_raw": 43766.09886363638,
      "auc_norm": 437.6609886363638
    },
    "median": {
      "start": 433.85,
      "end": 438.65,
      "delta_abs": 4.7999999999999545,
      "delta_rel": 0.01106373170450606,
      "max_val": 438.65,
      "argmax": 25,
      "auc_raw": 43838.67500000008,
      "auc_norm": 438.3867500000008
    }
  },
  "genomes": {
    "best_genome": [
      1,
      0,
      0,
      1,
      1,
      0,
      0,
      1,
      0,
      0,
      1,
      0,
      1,
      0,
      1,
      0,
      0,
      0,
      0,
      0,
      0,
      0,
      0,
      0,
      0,
      0,
      0,
      0,
      0,
      0,
      0,
      0,
      1
    ],
    "all_best_genomes": null
  },
  "raw": {
    "curves": {
      "best": [
        436.55,
        436.85,
        436.85,
        436.85,
        437.3,
        437.6,
        437.6,
        437.6,
        437.9,
        437.9,
        437.9,
        437.9,
        437.9,
        438.2,
        438.2,
        438.5,
        438.5,
        438.5,
        438.5,
        438.5,
        438.5,
        438.5,
        438.65,
        438.65,
        438.65,
        438.65,
        438.65,
        438.65,
        438.65,
        438.65,
        438.65,
        438.65,
        438.65,
        438.65,
        438.65,
        438.65,
        438.65,
        438.65,
        438.65,
        438.65,
        438.65,
        438.65,
        438.65,
        438.65,
        438.65,
        438.65,
        438.65,
        438.65,
        438.65,
        438.65,
        438.65,
        438.65,
        438.65,
        438.65,
        438.65,
        438.65,
        438.65,
        438.65,
        438.65,
        438.65,
        438.65,
        438.65,
        438.65,
        438.65,
        438.65,
        438.65,
        438.65,
        438.65,
        438.65,
        438.65,
        438.65,
        438.65,
        438.65,
        438.65,
        438.65,
        438.65,
        438.65,
        438.65,
        438.65,
        438.65,
        438.65,
        438.65,
        438.65,
        438.65,
        438.65,
        438.65,
        438.65,
        438.65,
        438.65,
        438.65,
        438.65,
        438.65,
        438.65,
        438.65,
        438.65,
        438.65,
        438.65,
        438.65,
        438.65,
        438.65,
        438.65
      ],
      "mean": [
        426.45227272727266,
        431.03409090909093,
        435.92272727272723,
        436.475,
        436.75454545454556,
        435.92954545454546,
        437.1636363636363,
        437.28636363636366,
        436.35227272727275,
        437.54545454545456,
        436.50909090909084,
        437.74318181818177,
        437.74999999999994,
        436.775,
        437.84545454545446,
        436.925,
        437.98863636363643,
        437.14318181818186,
        438.30909090909097,
        436.04545454545456,
        438.2477272727272,
        436.16818181818184,
        436.284090909091,
        437.32045454545454,
        438.4454545454546,
        438.4454545454544,
        437.37499999999994,
        437.4090909090908,
        437.32727272727266,
        438.50681818181806,
        437.44318181818176,
        438.2886363636363,
        438.42499999999995,
        438.37045454545444,
        437.2795454545454,
        438.3431818181817,
        438.3568181818182,
        436.35909090909087,
        438.575,
        438.34999999999997,
        437.49772727272716,
        438.37727272727267,
        438.6090909090908,
        438.465909090909,
        437.4295454545454,
        438.59545454545446,
        437.52499999999986,
        438.47954545454536,
        437.3818181818182,
        438.3227272727272,
        437.35454545454536,
        438.53409090909093,
        435.1999999999999,
        437.47045454545446,
        438.44545454545454,
        438.5886363636362,
        437.490909090909,
        437.5727272727272,
        438.540909090909,
        436.39318181818174,
        438.4931818181818,
        438.4863636363635,
        438.4454545454544,
        437.53181818181815,
        438.4318181818181,
        438.41818181818167,
        438.45909090909083,
        438.315909090909,
        438.4113636363636,
        438.4795454545454,
        438.3636363636364,
        438.49318181818177,
        437.45681818181805,
        438.3636363636362,
        438.4318181818182,
        438.49999999999994,
        438.47954545454536,
        437.2795454545454,
        437.31363636363636,
        438.58181818181805,
        438.4795454545454,
        437.31363636363625,
        438.49999999999994,
        438.62272727272716,
        438.63636363636357,
        438.29545454545456,
        437.23863636363626,
        437.48409090909087,
        438.4863636363636,
        438.43863636363636,
        437.23863636363626,
        438.52045454545447,
        437.54545454545445,
        437.47045454545446,
        438.49318181818165,
        437.34772727272724,
        436.49545454545444,
        438.52045454545447,
        438.58181818181805,
        438.56818181818176,
        437.53181818181804
      ],
      "median": [
        433.85,
        435.05,
        435.95,
        436.55,
        436.85,
        436.85,
        437.3,
        437.3,
        437.6,
        437.6,
        437.75,
        437.9,
        437.9,
        437.9,
        437.9,
        437.9,
        438.2,
        438.2,
        438.35,
        438.35,
        438.5,
        438.425,
        438.5,
        438.5,
        438.5,
        438.65,
        438.65,
        438.65,
        438.65,
        438.65,
        438.65,
        438.65,
        438.65,
        438.65,
        438.65,
        438.65,
        438.575,
        438.65,
        438.65,
        438.65,
        438.65,
        438.65,
        438.65,
        438.65,
        438.65,
        438.65,
        438.65,
        438.65,
        438.65,
        438.65,
        438.65,
        438.65,
        438.65,
        438.65,
        438.65,
        438.65,
        438.65,
        438.65,
        438.65,
        438.65,
        438.65,
        438.65,
        438.65,
        438.65,
        438.65,
        438.65,
        438.65,
        438.65,
        438.65,
        438.65,
        438.65,
        438.65,
        438.65,
        438.65,
        438.65,
        438.65,
        438.65,
        438.65,
        438.65,
        438.65,
        438.65,
        438.65,
        438.65,
        438.65,
        438.65,
        438.65,
        438.575,
        438.65,
        438.65,
        438.65,
        438.65,
        438.65,
        438.65,
        438.65,
        438.65,
        438.65,
        438.65,
        438.65,
        438.65,
        438.65,
        438.65
      ]
    }
  },
  "per_generation": [
    {
      "gen": 0.0,
      "best": 436.55,
      "mean": 426.45227272727266,
      "median": 433.85
    },
    {
      "gen": 1.0,