{
  "algo": "generic",
  "hparams": {
    "generations": 100,
    "popsize": 22,
    "fix_last_gene": true,
    "seed": 707,
    "verbosity": 1,
    "log_every": 1,
    "evals_cap": 10000,
    "cxpb": 0.3430247584496492,
    "mutpb": 0.030119724920087763,
    "mutation_rate": 0.1341057221638434
  },
  "metrics": {
    "best_final": 438.5,
    "auc_best": 43764.57499999997,
    "auc_best_norm": 437.6457499999997,
    "runtime_sec": 42.40990614891052,
    "evals_total": 766,
    "budget_triggered": false,
    "stop_reason": "None"
  },
  "diagnostics": {
    "best": {
      "start": 436.55,
      "end": 438.5,
      "delta_abs": 1.9499999999999886,
      "delta_rel": 0.004466842286106949,
      "max_val": 438.5,
      "argmax": 82,
      "auc_raw": 43764.57499999997,
      "auc_norm": 437.6457499999997
    },
    "mean": {
      "start": 427.7886363636363,
      "end": 438.5,
      "delta_abs": 10.711363636363728,
      "delta_rel": 0.025038915777226653,
      "max_val": 438.5,
      "argmax": 88,
      "auc_raw": 43738.35568181818,
      "auc_norm": 437.38355681818183
    },
    "median": {
      "start": 434.29999999999995,
      "end": 438.5,
      "delta_abs": 4.2000000000000455,
      "delta_rel": 0.009670734515312102,
      "max_val": 438.5,
      "argmax": 84,
      "auc_raw": 43757.29999999997,
      "auc_norm": 437.57299999999964
    }
  },
  "genomes": {
    "best_genome": [
      1,
      1,
      1,
      0,
      0,
      1,
      0,
      1,
      0,
      1,
      1,
      1,
      1,
      0,
      0,
      1,
      0,
      0,
      0,
      0,
      0,
      0,
      0,
      0,
      0,
      0,
      0,
      0,
      0,
      0,
      0,
      0,
      1
    ],
    "all_best_genomes": null
  },
  "raw": {
    "curves": {
      "best": [
        436.55,
        436.55,
        436.85,
        437.3,
        437.3,
        437.3,
        437.3,
        437.3,
        437.3,
        437.3,
        437.3,
        437.3,
        437.3,
        437.3,
        437.3,
        437.3,
        437.3,
        437.3,
        437.3,
        437.3,
        437.3,
        437.3,
        437.3,
        437.3,
        437.3,
        437.3,
        437.3,
        437.3,
        437.3,
        437.3,
        437.3,
        437.3,
        437.3,
        437.3,
        437.3,
        437.3,
        437.3,
        437.3,
        437.3,
        437.3,
        437.3,
        437.3,
        437.3,
        437.3,
        437.3,
        437.3,
        437.3,
        437.6,
        437.6,
        437.6,
        437.6,
        437.6,
        437.6,
        437.6,
        437.6,
        437.6,
        437.6,
        437.6,
        437.6,
        437.75,
        437.75,
        437.75,
        437.75,
        437.75,
        437.75,
        437.75,
        437.75,
        437.75,
        437.75,
        437.75,
        437.75,
        437.75,
        437.75,
        437.75,
        437.75,
        437.75,
        437.75,
        437.75,
        437.75,
        437.75,
        437.75,
        437.75,
        438.5,
        438.5,
        438.5,
        438.5,
        438.5,
        438.5,
        438.5,
        438.5,
        438.5,
        438.5,
        438.5,
        438.5,
        438.5,
        438.5,
        438.5,
        438.5,
        438.5,
        438.5,
        438.5
      ],
      "mean": [
        427.7886363636363,
        435.30227272727274,
        436.04545454545456,
        436.58409090909083,
        436.85000000000014,
        437.075,
        437.2590909090908,
        437.29999999999995,
        437.29999999999995,
        437.29999999999995,
        437.29999999999995,
        436.2840909090908,
        437.265909090909,
        437.29999999999995,
        437.29999999999995,
        437.29318181818167,
        437.29999999999995,
        437.29999999999995,
        437.265909090909,
        437.29999999999995,
        437.29999999999995,
        437.29999999999995,
        437.29999999999995,
        437.190909090909,
        437.29999999999995,
        437.29999999999995,
        437.2181818181817,
        436.20909090909083,
        437.29999999999995,
        437.29999999999995,
        437.29999999999995,
        437.29999999999995,
        437.23863636363626,
        437.265909090909,
        437.29999999999995,
        437.29999999999995,
        436.18863636363625,
        437.29999999999995,
        437.28636363636355,
        437.23181818181814,
        437.2522727272726,
        437.23181818181814,
        437.2931818181818,
        437.29999999999995,
        437.29999999999995,
        437.29999999999995,
        437.29999999999995,
        437.29999999999995,
        436.22954545454536,
        437.42272727272723,
        437.559090909091,
        437.60000000000014,
        437.60000000000014,
        437.60000000000014,
        437.5727272727274,
        437.60000000000014,
        437.60000000000014,
        436.584090909091,
        436.5500000000001,
        437.60681818181826,
        437.62727272727284,
        437.66136363636366,
        435.425,
        437.7431818181818,
        436.66590909090905,
        437.75,
        436.57045454545454,
        437.75,
        437.75,
        437.75,
        436.54318181818184,
        437.70227272727277,
        436.65909090909093,
        437.75,
        437.63409090909096,
        437.75,
        437.75,
        437.71590909090907,
        437.75,
        437.75,
        437.75,
        437.75,
        437.78409090909093,
        437.92045454545456,
        438.24772727272733,
        438.3363636363636,
        438.46590909090907,
        437.40909090909093,
        438.5,
        438.5,
        438.5,
        438.5,
        438.47272727272724,
        438.47272727272724,
        438.41818181818184,
        438.45227272727277,
        438.5,
        438.5,
        438.5,
        438.37727272727267,
        438.5
      ],
      "median": [
        434.29999999999995,
        435.2,
        436.325,
        436.55,
        436.85,
        437.07500000000005,
        437.3,
        437.3,
        437.3,
        437.3,
        437.3,
        437.3,
        437.3,
        437.3,
        437.3,
        437.3,
        437.3,
        437.3,
        437.3,
        437.3,
        437.3,
        437.3,
        437.3,
        437.3,
        437.3,
        437.3,
        437.3,
        437.3,
        437.3,
        437.3,
        437.3,
        437.3,
        437.3,
        437.3,
        437.3,
        437.3,
        437.3,
        437.3,
        437.3,
        437.3,
        437.3,
        437.3,
        437.3,
        437.3,
        437.3,
        437.3,
        437.3,
        437.3,
        437.3,
        437.3,
        437.6,
        437.6,
        437.6,
        437.6,
        437.6,
        437.6,
        437.6,
        437.6,
        437.6,
        437.6,
        437.6,
        437.6,
        437.75,
        437.75,
        437.75,
        437.75,
        437.75,
        437.75,
        437.75,
        437.75,
        437.75,
        437.75,
        437.75,
        437.75,
        437.75,
        437.75,
        437.75,
        437.75,
        437.75,
        437.75,
        437.75,
        437.75,
        437.75,
        437.75,
        438.5,
        438.5,
        438.5,
        438.5,
        438.5,
        438.5,
        438.5,
        438.5,
        438.5,
        438.5,
        438.5,
        438.5,
        438.5,
        438.5,
        438.5,
        438.5,
        438.5
      ]
    }
  },
  "per_generation": [
    {
      "gen": 0.0,
      "best": 436.55,
      "mean": 427.7886363636363,
      "median": 434.29999999999995
    },
    {
      "gen": 1.0,
      "best": 436.55,
      "mean": 435.30227272727274,
      "median": 435.2
    },
    {
      "gen": 2.0,
      "best": 436.85,
      "mean": 436.04545454545456,
      "median": 436.325
    },
    {
      "gen": 3.0,
      "best": 437.3,
      "mean": 436.58409090909083,