{
  "algo": "generic",
  "hparams": {
    "generations": 100,
    "popsize": 22,
    "fix_last_gene": true,
    "seed": 606,
    "verbosity": 1,
    "log_every": 1,
    "evals_cap": 10000,
    "cxpb": 0.5919146623216983,
    "mutpb": 0.11223440098559559,
    "mutation_rate": 0.11121597431031567
  },
  "metrics": {
    "best_final": 438.65,
    "auc_best": 43817.450000000004,
    "auc_best_norm": 438.1745,
    "runtime_sec": 66.94742369651794,
    "evals_total": 1405,
    "budget_triggered": false,
    "stop_reason": "None"
  },
  "diagnostics": {
    "best": {
      "start": 436.55,
      "end": 438.65,
      "delta_abs": 2.099999999999966,
      "delta_rel": 0.004810445538884356,
      "max_val": 438.65,
      "argmax": 65,
      "auc_raw": 43817.450000000004,
      "auc_norm": 438.1745
    },
    "mean": {
      "start": 423.7181818181818,
      "end": 438.43863636363636,
      "delta_abs": 14.720454545454572,
      "delta_rel": 0.034741144414169006,
      "max_val": 438.64999999999986,
      "argmax": 70,
      "auc_raw": 43770.68068181816,
      "auc_norm": 437.7068068181816
    },
    "median": {
      "start": 423.95,
      "end": 438.65,
      "delta_abs": 14.699999999999989,
      "delta_rel": 0.034673900224083,
      "max_val": 438.65,
      "argmax": 68,
      "auc_raw": 43803.799999999996,
      "auc_norm": 438.03799999999995
    }
  },
  "genomes": {
    "best_genome": [
      0,
      1,
      0,
      1,
      1,
      1,
      0,
      0,
      0,
      0,
      1,
      0,
      1,
      1,
      0,
      0,
      0,
      0,
      0,
      0,
      0,
      0,
      0,
      0,
      0,
      0,
      0,
      0,
      0,
      0,
      0,
      0,
      1
    ],
    "all_best_genomes": null
  },
  "raw": {
    "curves": {
      "best": [
        436.55,
        436.7,
        436.7,
        436.85,
        436.85,
        436.85,
        436.85,
        436.85,
        436.85,
        436.85,
        436.85,
        437.6,
        437.6,
        437.75,
        437.9,
        437.9,
        437.9,
        437.9,
        437.9,
        437.9,
        437.9,
        437.9,
        437.9,
        437.9,
        437.9,
        437.9,
        437.9,
        437.9,
        437.9,
        437.9,
        437.9,
        437.9,
        437.9,
        437.9,
        437.9,
        437.9,
        438.35,
        438.35,
        438.35,
        438.35,
        438.35,
        438.35,
        438.35,
        438.35,
        438.35,
        438.35,
        438.35,
        438.35,
        438.35,
        438.35,
        438.35,
        438.35,
        438.35,
        438.35,
        438.35,
        438.35,
        438.35,
        438.35,
        438.35,
        438.35,
        438.35,
        438.35,
        438.35,
        438.35,
        438.35,
        438.65,
        438.65,
        438.65,
        438.65,
        438.65,
        438.65,
        438.65,
        438.65,
        438.65,
        438.65,
        438.65,
        438.65,
        438.65,
        438.65,
        438.65,
        438.65,
        438.65,
        438.65,
        438.65,
        438.65,
        438.65,
        438.65,
        438.65,
        438.65,
        438.65,
        438.65,
        438.65,
        438.65,
        438.65,
        438.65,
        438.65,
        438.65,
        438.65,
        438.65,
        438.65,
        438.65
      ],
      "mean": [
        423.7181818181818,
        434.42954545454546,
        435.09772727272735,
        435.54772727272734,
        435.6704545454546,
        436.734090909091,
        435.5545454545456,
        436.8363636363637,
        436.80909090909097,
        436.75454545454556,
        436.8363636363637,
        436.85681818181826,
        436.90454545454554,
        437.034090909091,
        436.3386363636364,
        436.5568181818182,
        437.7568181818182,
        437.83181818181805,
        436.77499999999986,
        437.89999999999986,
        436.7886363636363,
        437.88636363636357,
        437.89318181818174,
        437.81818181818176,
        437.88636363636357,
        437.86590909090904,
        437.7363636363635,
        437.85909090909087,
        437.72954545454536,
        436.82272727272715,
        436.76818181818174,
        437.84545454545446,
        436.815909090909,
        437.83863636363634,
        437.8795454545454,
        437.89999999999986,
        437.88636363636357,
        436.8227272727272,
        437.8181818181818,
        438.159090909091,
        438.16590909090917,
        438.32954545454555,
        438.2409090909092,
        438.2818181818183,
        438.1931818181819,
        438.34318181818185,
        438.3363636363637,
        438.17272727272734,
        438.3227272727274,
        438.09090909090924,
        437.2659090909092,
        438.35000000000014,
        438.3363636363637,
        438.27500000000015,
        437.2795454545456,
        437.09545454545463,
        438.32954545454555,
        438.35000000000014,
        438.28863636363644,
        438.2409090909092,
        437.1909090909092,
        438.0909090909092,
        438.18636363636375,
        438.20000000000005,
        437.1909090909092,
        438.27500000000003,
        437.30681818181824,
        438.3363636363637,
        438.5545454545454,
        438.63636363636357,
        438.64999999999986,
        438.45227272727266,
        438.64999999999986,
        438.5886363636362,
        438.58181818181805,
        438.5340909090908,
        437.4499999999999,
        438.62272727272716,
        438.64999999999986,
        438.64999999999986,
        438.64999999999986,
        438.64318181818174,
        438.64999999999986,
        438.63636363636357,
        438.64999999999986,
        438.5340909090908,
        438.5749999999999,
        436.2295454545454,
        438.64999999999986,
        438.64318181818174,
        438.465909090909,
        438.6090909090908,
        438.6295454545454,
        436.48863636363626,
        438.540909090909,
        438.58181818181805,
        438.55454545454535,
        438.60909090909087,
        438.60227272727263,
        437.32727272727266,
        438.43863636363636
      ],
      "median": [
        423.95,
        435.35,
        436.4,
        436.7,
        436.7,
        436.85,
        436.85,
        436.85,
        436.85,
        436.85,
        436.85,
        436.85,
        436.85,
        436.85,
        437.3,
        437.75,
        437.9,
        437.9,
        437.9,
        437.9,
        437.9,
        437.9,
        437.9,
        437.9,
        437.9,
        437.9,
        437.9,
        437.9,
        437.9,
        437.9,
        437.9,
        437.9,
        437.9,
        437.9,
        437.9,
        437.9,
        437.9,
        437.9,
        437.9,
        438.35,
        438.35,
        438.35,
        438.35,
        438.35,
        438.35,
        438.35,
        438.35,
        438.35,
        438.35,
        438.35,
        438.35,
        438.35,
        438.35,
        438.35,
        438.35,
        438.35,
        438.35,
        438.35,
        438.35,
        438.35,
        438.35,
        438.35,
        438.35,
        438.35,
        438.35,
        438.35,
        438.35,
        438.35,
        438.65,
        438.65,
        438.65,
        438.65,
        438.65,
        438.65,
        438.65,
        438.65,
        438.65,
        438.65,
        438.65,
        438.65,
        438.65,
        438.65,
        438.65,
        438.65,
        438.65,
        438.65,
        438.65,
        438.65,
        438.65,
        438.65,
        438.65,
        438.65,
        438.65,
        438.65,
        438.65,
        438.65,
        438.65,
        438.65,
        438.65,
        438.65,
        438.65
      ]
    }
  },
  "per_generation": [
    {
      "gen": 0.0,
      "best": 436.55,
      "mean": 423.7181818181818,
      "median": 423.95
    },
    {
      "gen": 1.0,
      "best": 436.7,