{
  "algo": "generic",
  "hparams": {
    "generations": 100,
    "popsize": 22,
    "fix_last_gene": true,
    "seed": 202,
    "verbosity": 1,
    "log_every": 1,
    "evals_cap": 10000,
    "cxpb": 0.792063947706388,
    "mutpb": 0.34719874399501854,
    "mutation_rate": 0.07199516313508379
  },
  "metrics": {
    "best_final": 438.65,
    "auc_best": 43854.72500000008,
    "auc_best_norm": 438.54725000000076,
    "runtime_sec": 100.67682766914368,
    "evals_total": 1911,
    "budget_triggered": false,
    "stop_reason": "None"
  },
  "diagnostics": {
    "best": {
      "start": 436.7,
      "end": 438.65,
      "delta_abs": 1.9499999999999886,
      "delta_rel": 0.004465307991756329,
      "max_val": 438.65,
      "argmax": 12,
      "auc_raw": 43854.72500000008,
      "auc_norm": 438.54725000000076
    },
    "mean": {
      "start": 422.29999999999995,
      "end": 437.49090909090904,
      "delta_abs": 15.190909090909088,
      "delta_rel": 0.03597184250748067,
      "max_val": 438.6295454545454,
      "argmax": 22,
      "auc_raw": 43762.761363636346,
      "auc_norm": 437.62761363636344
    },
    "median": {
      "start": 413.0,
      "end": 438.65,
      "delta_abs": 25.649999999999977,
      "delta_rel": 0.062106537530266286,
      "max_val": 438.65,
      "argmax": 14,
      "auc_raw": 43833.050000000076,
      "auc_norm": 438.33050000000077
    }
  },
  "genomes": {
    "best_genome": [
      0,
      0,
      1,
      1,
      1,
      1,
      0,
      0,
      1,
      0,
      1,
      0,
      1,
      1,
      1,
      0,
      0,
      0,
      0,
      0,
      0,
      0,
      0,
      0,
      0,
      0,
      0,
      0,
      0,
      0,
      0,
      0,
      1
    ],
    "all_best_genomes": null
  },
  "raw": {
    "curves": {
      "best": [
        436.7,
        437.15,
        437.15,
        437.6,
        437.6,
        437.6,
        437.75,
        437.9,
        438.05,
        438.35,
        438.35,
        438.35,
        438.65,
        438.65,
        438.65,
        438.65,
        438.65,
        438.65,
        438.65,
        438.65,
        438.65,
        438.65,
        438.65,
        438.65,
        438.65,
        438.65,
        438.65,
        438.65,
        438.65,
        438.65,
        438.65,
        438.65,
        438.65,
        438.65,
        438.65,
        438.65,
        438.65,
        438.65,
        438.65,
        438.65,
        438.65,
        438.65,
        438.65,
        438.65,
        438.65,
        438.65,
        438.65,
        438.65,
        438.65,
        438.65,
        438.65,
        438.65,
        438.65,
        438.65,
        438.65,
        438.65,
        438.65,
        438.65,
        438.65,
        438.65,
        438.65,
        438.65,
        438.65,
        438.65,
        438.65,
        438.65,
        438.65,
        438.65,
        438.65,
        438.65,
        438.65,
        438.65,
        438.65,
        438.65,
        438.65,
        438.65,
        438.65,
        438.65,
        438.65,
        438.65,
        438.65,
        438.65,
        438.65,
        438.65,
        438.65,
        438.65,
        438.65,
        438.65,
        438.65,
        438.65,
        438.65,
        438.65,
        438.65,
        438.65,
        438.65,
        438.65,
        438.65,
        438.65,
        438.65,
        438.65,
        438.65
      ],
      "mean": [
        422.29999999999995,
        430.9113636363636,
        434.95454545454544,
        435.48636363636365,
        436.84318181818185,
        437.0954545454546,
        437.25909090909096,
        436.34545454545463,
        437.57954545454544,
        437.7227272727272,
        435.81363636363636,
        436.91136363636366,
        438.16590909090905,
        437.1363636363636,
        438.37045454545455,
        438.41818181818167,
        438.41818181818167,
        438.4727272727272,
        438.26136363636357,
        435.22727272727275,
        437.24545454545455,
        437.4363636363636,
        438.6295454545454,
        437.31363636363636,
        438.55454545454535,
        436.4272727272726,
        438.4454545454544,
        438.4727272727272,
        437.38863636363635,
        438.44545454545454,
        438.49999999999994,
        438.51363636363624,
        438.37045454545444,
        438.31590909090903,
        438.44545454545454,
        437.4840909090908,
        438.38409090909084,
        437.47045454545446,
        437.12272727272716,
        438.3295454545454,
        437.3613636363636,
        438.30909090909086,
        438.54772727272723,
        436.21590909090907,
        438.60227272727263,
        438.55454545454535,
        438.4181818181818,
        438.5340909090908,
        437.4022727272726,
        438.4318181818182,
        438.4522727272726,
        438.49999999999994,
        438.5613636363636,
        438.52045454545447,
        437.44318181818176,
        438.4727272727272,
        438.5340909090908,
        438.52727272727265,
        438.53409090909093,
        438.5068181818182,
        437.47045454545446,
        436.40681818181815,
        438.31590909090903,
        438.43863636363636,
        438.465909090909,
        438.6295454545454,
        438.51363636363635,
        438.59545454545446,
        437.2931818181818,
        436.42727272727274,
        437.40227272727265,
        437.29999999999995,
        438.30227272727274,
        438.6090909090908,
        438.40454545454537,
        437.47727272727263,
        438.3977272727272,
        437.25227272727267,
        438.49999999999994,
        438.1795454545454,
        438.465909090909,
        437.4090909090908,
        437.51136363636357,
        436.26363636363624,
        438.39090909090913,
        437.38863636363624,
        437.415909090909,
        436.34545454545446,
        438.49318181818177,
        438.3431818181818,
        437.51818181818174,
        438.575,
        438.5340909090908,
        437.54545454545445,
        437.35454545454536,
        436.3113636363636,
        438.30227272727274,
        437.42272727272723,
        435.35681818181814,
        438.4181818181818,
        437.49090909090904
      ],
      "median": [
        413.0,
        434.6,
        435.95,
        436.4,
        436.85,
        437.15,
        437.3,
        437.6,
        437.75,
        437.9,
        437.9,
        438.275,
        438.35,
        438.35,
        438.65,
        438.65,
        438.65,
        438.65,
        438.65,
        438.65,
        438.5,
        438.65,
        438.65,
        438.65,
        438.65,
        438.65,
        438.65,
        438.65,
        438.65,
        438.65,
        438.65,
        438.65,
        438.65,
        438.65,
        438.65,
        438.65,
        438.65,
        438.65,
        438.05,
        438.65,
        438.65,
        438.65,
        438.65,
        438.65,
        438.65,
        438.65,
        438.65,
        438.65,
        438.65,
        438.65,
        438.65,
        438.65,
        438.65,
        438.65,
        438.65,
        438.65,
        438.65,
        438.65,
        438.65,
        438.65,
        438.65,
        438.65,
        438.65,
        438.65,
        438.65,
        438.65,
        438.65,
        438.65,
        438.65,
        438.65,
        438.65,
        438.65,
        438.65,
        438.65,
        438.65,
        438.65,
        438.65,
        438.65,
        438.65,
        438.35,
        438.65,
        438.65,
        438.65,
        438.65,
        438.65,
        438.65,
        438.65,
        438.65,
        438.65,
        438.65,
        438.65,
        438.65,
        438.65,
        438.65,
        438.65,
        438.65,
        438.65,
        438.65,
        438.65,
        438.65,
        438.65
      ]
    }
  },
  "per_generation": [
    {
      "gen": 0.0,
      "best": 436.7,
      "mean": 422.29999999999995,