{
  "algo": "generic",
  "hparams": {
    "generations": 100,
    "popsize": 22,
    "fix_last_gene": true,
    "seed": 101,
    "verbosity": 1,
    "log_every": 1,
    "evals_cap": 10000,
    "cxpb": 0.5132854769829837,
    "mutpb": 0.26117668109389064,
    "mutation_rate": 0.1431393737827989
  },
  "metrics": {
    "best_final": 438.65,
    "auc_best": 43846.17500000008,
    "auc_best_norm": 438.46175000000085,
    "runtime_sec": 56.61473107337952,
    "evals_total": 1427,
    "budget_triggered": false,
    "stop_reason": "None"
  },
  "diagnostics": {
    "best": {
      "start": 436.7,
      "end": 438.65,
      "delta_abs": 1.9499999999999886,
      "delta_rel": 0.004465307991756329,
      "max_val": 438.65,
      "argmax": 42,
      "auc_raw": 43846.17500000008,
      "auc_norm": 438.46175000000085
    },
    "mean": {
      "start": 420.5,
      "end": 437.4499999999999,
      "delta_abs": 16.949999999999875,
      "delta_rel": 0.04030915576694381,
      "max_val": 438.64999999999986,
      "argmax": 77,
      "auc_raw": 43732.16818181817,
      "auc_norm": 437.3216818181817
    },
    "median": {
      "start": 413.15,
      "end": 438.65,
      "delta_abs": 25.5,
      "delta_rel": 0.06172092460365485,
      "max_val": 438.65,
      "argmax": 46,
      "auc_raw": 43826.00000000006,
      "auc_norm": 438.26000000000056
    }
  },
  "genomes": {
    "best_genome": [
      0,
      0,
      1,
      0,
      1,
      0,
      1,
      1,
      0,
      0,
      1,
      0,
      0,
      0,
      1,
      0,
      0,
      0,
      0,
      0,
      0,
      0,
      0,
      0,
      0,
      0,
      0,
      0,
      0,
      0,
      0,
      0,
      1
    ],
    "all_best_genomes": null
  },
  "raw": {
    "curves": {
      "best": [
        436.7,
        437.0,
        437.0,
        437.9,
        437.9,
        437.9,
        438.2,
        438.2,
        438.2,
        438.2,
        438.2,
        438.2,
        438.2,
        438.2,
        438.2,
        438.2,
        438.35,
        438.35,
        438.35,
        438.35,
        438.35,
        438.35,
        438.35,
        438.35,
        438.35,
        438.35,
        438.35,
        438.35,
        438.35,
        438.35,
        438.35,
        438.35,
        438.35,
        438.35,
        438.35,
        438.35,
        438.35,
        438.35,
        438.35,
        438.35,
        438.35,
        438.35,
        438.65,
        438.65,
        438.65,
        438.65,
        438.65,
        438.65,
        438.65,
        438.65,
        438.65,
        438.65,
        438.65,
        438.65,
        438.65,
        438.65,
        438.65,
        438.65,
        438.65,
        438.65,
        438.65,
        438.65,
        438.65,
        438.65,
        438.65,
        438.65,
        438.65,
        438.65,
        438.65,
        438.65,
        438.65,
        438.65,
        438.65,
        438.65,
        438.65,
        438.65,
        438.65,
        438.65,
        438.65,
        438.65,
        438.65,
        438.65,
        438.65,
        438.65,
        438.65,
        438.65,
        438.65,
        438.65,
        438.65,
        438.65,
        438.65,
        438.65,
        438.65,
        438.65,
        438.65,
        438.65,
        438.65,
        438.65,
        438.65,
        438.65,
        438.65
      ],
      "mean": [
        420.5,
        432.48636363636365,
        436.0863636363636,
        436.59772727272724,
        436.9318181818182,
        436.0931818181818,
        437.47727272727275,
        437.6613636363636,
        437.81136363636364,
        437.9204545454546,
        436.9386363636364,
        437.75681818181823,
        436.87727272727284,
        436.95227272727277,
        436.87727272727284,
        438.09772727272735,
        437.975,
        437.93409090909086,
        438.1386363636364,
        436.8909090909092,
        438.20000000000005,
        438.10454545454553,
        432.62954545454545,
        436.9250000000001,
        438.20000000000016,
        437.00681818181823,
        438.0704545454546,
        437.07500000000005,
        438.0159090909092,
        437.1909090909092,
        438.25454545454556,
        436.82954545454555,
        438.20000000000005,
        438.28863636363644,
        438.26136363636374,
        435.84772727272735,
        437.0136363636365,
        437.88636363636374,
        436.9386363636364,
        437.7431818181818,
        438.12500000000006,
        437.1022727272728,
        434.9204545454546,
        437.06136363636364,
        437.8386363636364,
        438.2272727272728,
        438.15227272727265,
        435.07727272727266,
        438.42499999999995,
        438.4318181818181,
        437.1977272727272,
        437.3613636363635,
        438.315909090909,
        437.53181818181804,
        437.1977272727272,
        437.23181818181814,
        437.4431818181818,
        436.27727272727265,
        436.0727272727272,
        438.50681818181806,
        438.51363636363624,
        438.33636363636356,
        437.3613636363635,
        438.5477272727272,
        438.35681818181814,
        438.45227272727266,
        437.4227272727272,
        437.32045454545454,
        437.47727272727263,
        437.42954545454535,
        438.465909090909,
        438.4318181818182,
        438.52727272727265,
        438.4863636363635,
        435.27499999999986,
        438.6090909090908,
        438.2681818181818,
        438.64999999999986,
        438.58181818181805,
        438.26136363636357,
        438.4863636363636,
        437.32045454545454,
        438.5613636363636,
        436.26363636363635,
        438.3090909090908,
        437.42272727272723,
        435.1795454545454,
        438.0295454545454,
        435.04999999999995,
        438.18636363636347,
        437.39545454545447,
        437.38863636363624,
        438.4590909090908,
        438.43863636363625,
        437.15681818181815,
        437.04772727272723,
        436.02499999999986,
        437.3,
        436.2363636363636,
        437.47727272727263,
        437.4499999999999
      ],
      "median": [
        413.15,
        435.725,
        436.1,
        436.7,
        437.0,
        437.0,
        437.525,
        437.9,
        437.9,
        438.2,
        438.2,
        438.2,
        438.2,
        438.2,
        438.2,
        438.2,
        438.2,
        438.2,
        438.2,
        438.35,
        438.35,
        438.35,
        438.35,
        438.35,
        438.35,
        438.35,
        438.35,
        438.35,
        438.35,
        438.35,
        438.35,
        438.35,
        438.35,
        438.35,
        438.35,
        438.35,
        438.35,
        438.35,
        438.35,
        438.35,
        438.35,
        438.35,
        438.35,
        438.35,
        438.35,
        438.35,
        438.65,
        438.65,
        438.65,
        438.65,
        438.65,
        438.65,
        438.65,
        438.65,
        438.65,
        438.65,
        438.65,
        438.65,
        438.65,
        438.65,
        438.65,
        438.65,
        438.65,
        438.65,
        438.65,
        438.65,
        438.65,
        438.65,
        438.65,
        438.65,
        438.65,
        438.65,
        438.65,
        438.65,
        438.65,
        438.65,
        438.65,
        438.65,
        438.65,
        438.65,
        438.65,
        438.65,
        438.65,
        438.65,
        438.65,
        438.65,
        438.65,
        438.65,
        438.65,
        438.65,
        438.65,
        438.65,
        438.65,
        438.65,
        438.65,
        438.5,
        438.5,
        438.65,
        438.65,
        438.65,
        438.65
      ]
    }
  },
  "per_generation": [
    {
      "gen": 0.0,
      "best": 436.7,
      "mean": 420.5,
      "median": 413.15
    },
    {
      "gen": 1.0,
      "best": 437.0,
      "mean": 432.48636363636365,