{
  "algo": "generic",
  "hparams": {
    "generations": 100,
    "popsize": 22,
    "fix_last_gene": true,
    "seed": 404,
    "verbosity": 1,
    "log_every": 1,
    "evals_cap": 10000,
    "cxpb": 0.38677349180088255,
    "mutpb": 0.3731336809078958,
    "mutation_rate": 0.05167183146805533
  },
  "metrics": {
    "best_final": 438.65,
    "auc_best": 43860.12500000008,
    "auc_best_norm": 438.6012500000008,
    "runtime_sec": 52.19008469581604,
    "evals_total": 1387,
    "budget_triggered": false,
    "stop_reason": "None"
  },
  "diagnostics": {
    "best": {
      "start": 437.0,
      "end": 438.65,
      "delta_abs": 1.6499999999999773,
      "delta_rel": 0.0037757437070937696,
      "max_val": 438.65,
      "argmax": 8,
      "auc_raw": 43860.12500000008,
      "auc_norm": 438.6012500000008
    },
    "mean": {
      "start": 423.72499999999997,
      "end": 435.2681818181818,
      "delta_abs": 11.543181818181836,
      "delta_rel": 0.027242154270297567,
      "max_val": 438.64318181818174,
      "argmax": 70,
      "auc_raw": 43797.97386363635,
      "auc_norm": 437.9797386363635
    },
    "median": {
      "start": 424.1,
      "end": 438.65,
      "delta_abs": 14.549999999999955,
      "delta_rel": 0.034307946239094445,
      "max_val": 438.65,
      "argmax": 13,
      "auc_raw": 43846.62500000008,
      "auc_norm": 438.4662500000008
    }
  },
  "genomes": {
    "best_genome": [
      0,
      1,
      1,
      1,
      1,
      0,
      1,
      1,
      1,
      1,
      0,
      0,
      0,
      0,
      1,
      0,
      0,
      0,
      0,
      0,
      0,
      0,
      0,
      0,
      0,
      0,
      0,
      0,
      0,
      0,
      0,
      0,
      1
    ],
    "all_best_genomes": null
  },
  "raw": {
    "curves": {
      "best": [
        437.0,
        437.0,
        438.05,
        438.05,
        438.35,
        438.35,
        438.35,
        438.35,
        438.65,
        438.65,
        438.65,
        438.65,
        438.65,
        438.65,
        438.65,
        438.65,
        438.65,
        438.65,
        438.65,
        438.65,
        438.65,
        438.65,
        438.65,
        438.65,
        438.65,
        438.65,
        438.65,
        438.65,
        438.65,
        438.65,
        438.65,
        438.65,
        438.65,
        438.65,
        438.65,
        438.65,
        438.65,
        438.65,
        438.65,
        438.65,
        438.65,
        438.65,
        438.65,
        438.65,
        438.65,
        438.65,
        438.65,
        438.65,
        438.65,
        438.65,
        438.65,
        438.65,
        438.65,
        438.65,
        438.65,
        438.65,
        438.65,
        438.65,
        438.65,
        438.65,
        438.65,
        438.65,
        438.65,
        438.65,
        438.65,
        438.65,
        438.65,
        438.65,
        438.65,
        438.65,
        438.65,
        438.65,
        438.65,
        438.65,
        438.65,
        438.65,
        438.65,
        438.65,
        438.65,
        438.65,
        438.65,
        438.65,
        438.65,
        438.65,
        438.65,
        438.65,
        438.65,
        438.65,
        438.65,
        438.65,
        438.65,
        438.65,
        438.65,
        438.65,
        438.65,
        438.65,
        438.65,
        438.65,
        438.65,
        438.65,
        438.65
      ],
      "mean": [
        423.72499999999997,
        433.59772727272724,
        436.65227272727276,
        437.1227272727272,
        437.34090909090907,
        437.6818181818181,
        436.8431818181818,
        437.0818181818182,
        438.1795454545456,
        438.27500000000003,
        437.08181818181816,
        437.36136363636365,
        437.4568181818182,
        438.3568181818182,
        437.415909090909,
        438.54090909090905,
        438.5068181818182,
        438.4863636363635,
        437.4840909090908,
        438.49318181818177,
        437.490909090909,
        437.53181818181815,
        438.49318181818177,
        437.4295454545454,
        438.52045454545447,
        438.52045454545447,
        437.4363636363636,
        438.59545454545446,
        438.5477272727272,
        438.55454545454535,
        438.5749999999999,
        437.4840909090908,
        438.4454545454544,
        438.4386363636364,
        438.50681818181806,
        438.43863636363625,
        438.4522727272726,
        438.4727272727272,
        438.5068181818182,
        438.47272727272724,
        438.56818181818176,
        438.5749999999999,
        438.59545454545446,
        437.47727272727263,
        437.4363636363636,
        438.58181818181816,
        437.3613636363635,
        438.49318181818177,
        438.35681818181814,
        437.3340909090908,
        438.5204545454544,
        438.5545454545454,
        438.52045454545447,
        438.49318181818165,
        437.490909090909,
        437.42954545454535,
        438.4181818181818,
        438.58181818181805,
        437.51818181818174,
        437.415909090909,
        438.5749999999999,
        436.33181818181816,
        437.38181818181806,
        437.37499999999994,
        438.49999999999994,
        437.46363636363634,
        438.52727272727265,
        438.44545454545454,
        438.5613636363636,
        438.47954545454536,
        438.64318181818174,
        438.5954545454544,
        438.540909090909,
        436.3931818181818,
        438.56818181818176,
        438.4863636363636,
        438.54772727272723,
        438.52045454545447,
        438.60227272727263,
        438.59545454545446,
        438.5613636363636,
        438.60227272727275,
        438.51363636363635,
        438.5068181818182,
        437.51136363636357,
        437.5590909090908,
        438.60227272727263,
        438.52045454545447,
        438.5613636363636,
        438.4863636363636,
        438.50681818181806,
        437.41590909090905,
        438.5340909090908,
        438.5613636363636,
        438.5477272727272,
        437.5045454545454,
        438.55454545454535,
        438.5886363636362,
        438.51363636363624,
        438.59545454545446,
        435.2681818181818
      ],
      "median": [
        424.1,
        435.5,
        437.0,
        437.0,
        437.3,
        437.825,
        438.05,
        438.20000000000005,
        438.35,
        438.35,
        438.275,
        438.35,
        438.575,
        438.65,
        438.65,
        438.65,
        438.65,
        438.65,
        438.65,
        438.65,
        438.65,
        438.65,
        438.65,
        438.65,
        438.65,
        438.65,
        438.65,
        438.65,
        438.65,
        438.65,
        438.65,
        438.65,
        438.65,
        438.575,
        438.65,
        438.65,
        438.65,
        438.65,
        438.65,
        438.65,
        438.65,
        438.65,
        438.65,
        438.65,
        438.65,
        438.65,
        438.65,
        438.65,
        438.65,
        438.65,
        438.65,
        438.65,
        438.65,
        438.65,
        438.65,
        438.65,
        438.65,
        438.65,
        438.65,
        438.65,
        438.65,
        438.65,
        438.65,
        438.65,
        438.65,
        438.65,
        438.65,
        438.65,
        438.65,
        438.65,
        438.65,
        438.65,
        438.65,
        438.65,
        438.65,
        438.65,
        438.65,
        438.65,
        438.65,
        438.65,
        438.65,
        438.65,
        438.65,
        438.65,
        438.65,
        438.65,
        438.65,
        438.65,
        438.65,
        438.65,
        438.65,
        438.65,
        438.65,
        438.65,
        438.65,
        438.65,
        438.65,
        438.65,
        438.65,
        438.65,
        438.65
      ]
    }
  },
  "per_generation": [
    {
      "gen": 0.0,
      "best": 437.0,
      "mean": 423.72499999999997,