{
  "algo": "generic",
  "hparams": {
    "generations": 100,
    "popsize": 22,
    "fix_last_gene": true,
    "seed": 606,
    "verbosity": 1,
    "log_every": 1,
    "evals_cap": 10000,
    "cxpb": 0.16733962998765248,
    "mutpb": 0.19783236430122136,
    "mutation_rate": 0.07907833421553793
  },
  "metrics": {
    "best_final": 438.65,
    "auc_best": 43838.15000000008,
    "auc_best_norm": 438.3815000000008,
    "runtime_sec": 33.34450435638428,
    "evals_total": 735,
    "budget_triggered": false,
    "stop_reason": "None"
  },
  "diagnostics": {
    "best": {
      "start": 436.55,
      "end": 438.65,
      "delta_abs": 2.099999999999966,
      "delta_rel": 0.004810445538884356,
      "max_val": 438.65,
      "argmax": 40,
      "auc_raw": 43838.15000000008,
      "auc_norm": 438.3815000000008
    },
    "mean": {
      "start": 423.7181818181818,
      "end": 438.5886363636362,
      "delta_abs": 14.870454545454436,
      "delta_rel": 0.03509515329657337,
      "max_val": 438.64999999999986,
      "argmax": 79,
      "auc_raw": 43784.13977272729,
      "auc_norm": 437.8413977272729
    },
    "median": {
      "start": 423.95,
      "end": 438.65,
      "delta_abs": 14.699999999999989,
      "delta_rel": 0.034673900224083,
      "max_val": 438.65,
      "argmax": 43,
      "auc_raw": 43824.50000000008,
      "auc_norm": 438.2450000000008
    }
  },
  "genomes": {
    "best_genome": [
      1,
      1,
      1,
      1,
      1,
      1,
      1,
      0,
      0,
      1,
      0,
      1,
      0,
      1,
      0,
      0,
      0,
      0,
      0,
      0,
      0,
      0,
      0,
      0,
      0,
      0,
      0,
      0,
      0,
      0,
      0,
      0,
      1
    ],
    "all_best_genomes": null
  },
  "raw": {
    "curves": {
      "best": [
        436.55,
        436.55,
        436.55,
        436.85,
        436.85,
        436.85,
        437.15,
        437.15,
        437.15,
        437.15,
        437.9,
        437.9,
        437.9,
        437.9,
        437.9,
        437.9,
        437.9,
        437.9,
        438.35,
        438.35,
        438.35,
        438.35,
        438.35,
        438.35,
        438.5,
        438.5,
        438.5,
        438.5,
        438.5,
        438.5,
        438.5,
        438.5,
        438.5,
        438.5,
        438.5,
        438.5,
        438.5,
        438.5,
        438.5,
        438.5,
        438.65,
        438.65,
        438.65,
        438.65,
        438.65,
        438.65,
        438.65,
        438.65,
        438.65,
        438.65,
        438.65,
        438.65,
        438.65,
        438.65,
        438.65,
        438.65,
        438.65,
        438.65,
        438.65,
        438.65,
        438.65,
        438.65,
        438.65,
        438.65,
        438.65,
        438.65,
        438.65,
        438.65,
        438.65,
        438.65,
        438.65,
        438.65,
        438.65,
        438.65,
        438.65,
        438.65,
        438.65,
        438.65,
        438.65,
        438.65,
        438.65,
        438.65,
        438.65,
        438.65,
        438.65,
        438.65,
        438.65,
        438.65,
        438.65,
        438.65,
        438.65,
        438.65,
        438.65,
        438.65,
        438.65,
        438.65,
        438.65,
        438.65,
        438.65,
        438.65,
        438.65
      ],
      "mean": [
        423.7181818181818,
        434.2727272727272,
        436.05909090909097,
        435.37045454545444,
        436.54999999999995,
        436.6386363636364,
        435.66363636363644,
        436.89772727272737,
        435.72499999999997,
        437.08181818181816,
        437.02045454545447,
        437.15681818181804,
        437.36818181818177,
        437.7363636363635,
        437.76363636363624,
        435.69772727272715,
        436.6999999999999,
        437.8590909090908,
        437.865909090909,
        438.00909090909084,
        438.0909090909092,
        437.18409090909097,
        438.28863636363644,
        438.26818181818186,
        438.3363636363638,
        437.32045454545465,
        438.27500000000003,
        437.3,
        438.3363636363636,
        438.39772727272725,
        438.18636363636364,
        438.37045454545455,
        438.48636363636365,
        438.46590909090907,
        438.32954545454544,
        438.4045454545454,
        438.45227272727277,
        438.46590909090907,
        438.3636363636364,
        438.3227272727272,
        438.47272727272724,
        438.4113636363636,
        437.3681818181818,
        438.44545454545454,
        438.58181818181816,
        437.47727272727263,
        438.5886363636362,
        438.5204545454544,
        438.6090909090908,
        437.43636363636347,
        438.59545454545446,
        438.5204545454544,
        437.5045454545454,
        438.52045454545447,
        438.6090909090908,
        438.6090909090908,
        438.5340909090908,
        437.5045454545454,
        438.5477272727272,
        438.49999999999994,
        437.4636363636362,
        436.4204545454544,
        438.42499999999995,
        436.4681818181818,
        438.4863636363636,
        438.4113636363636,
        437.53181818181815,
        438.58181818181805,
        438.37045454545444,
        437.51818181818174,
        438.615909090909,
        438.54772727272723,
        438.63636363636357,
        437.5386363636363,
        438.52727272727265,
        437.51136363636357,
        438.5068181818182,
        438.45909090909083,
        438.47954545454536,
        438.64999999999986,
        437.4840909090908,
        438.49318181818177,
        438.58181818181805,
        438.56818181818176,
        438.56818181818176,
        438.59545454545446,
        438.5749999999999,
        438.5545454545454,
        438.4727272727272,
        438.55454545454535,
        437.36818181818177,
        438.5545454545454,
        438.5477272727272,
        438.5749999999999,
        438.56818181818176,
        437.24545454545455,
        438.59545454545446,
        438.60227272727275,
        436.35227272727263,
        438.540909090909,
        438.5886363636362
      ],
      "median": [
        423.95,
        435.275,
        436.4,
        436.475,
        436.55,
        436.85,
        436.85,
        436.85,
        436.85,
        437.15,
        437.15,
        437.15,
        437.15,
        437.9,
        437.9,
        437.9,
        437.9,
        437.9,
        437.9,
        437.9,
        438.125,
        438.35,
        438.35,
        438.35,
        438.35,
        438.35,
        438.35,
        438.425,
        438.5,
        438.5,
        438.5,
        438.5,
        438.5,
        438.5,
        438.5,
        438.5,
        438.5,
        438.5,
        438.5,
        438.5,
        438.5,
        438.5,
        438.5,
        438.65,
        438.65,
        438.65,
        438.65,
        438.65,
        438.65,
        438.65,
        438.65,
        438.65,
        438.65,
        438.65,
        438.65,
        438.65,
        438.65,
        438.65,
        438.65,
        438.65,
        438.65,
        438.65,
        438.65,
        438.65,
        438.65,
        438.65,
        438.65,
        438.65,
        438.65,
        438.65,
        438.65,
        438.65,
        438.65,
        438.65,
        438.65,
        438.65,
        438.65,
        438.65,
        438.65,
        438.65,
        438.65,
        438.65,
        438.65,
        438.65,
        438.65,
        438.65,
        438.65,
        438.65,
        438.65,
        438.65,
        438.65,
        438.65,
        438.65,
        438.65,
        438.65,
        438.65,
        438.65,
        438.65,
        438.65,
        438.65,
        438.65
      ]
    }
  },
  "per_generation": [
    {
      "gen": 0.0,
      "best": 436.55,
      "mean": 423.7181818181818,
      "median": 423.95
    },
    {
      "gen": 1.0,