{
  "algo": "generic",
  "hparams": {
    "generations": 100,
    "popsize": 22,
    "fix_last_gene": true,
    "seed": 101,
    "verbosity": 1,
    "log_every": 1,
    "evals_cap": 10000,
    "cxpb": 0.8655938082210929,
    "mutpb": 0.1747735693521502,
    "mutation_rate": 0.19805771441670147
  },
  "metrics": {
    "best_final": 438.65,
    "auc_best": 43839.57499999998,
    "auc_best_norm": 438.39574999999985,
    "runtime_sec": 74.4229986667633,
    "evals_total": 1999,
    "budget_triggered": false,
    "stop_reason": "None"
  },
  "diagnostics": {
    "best": {
      "start": 436.7,
      "end": 438.65,
      "delta_abs": 1.9499999999999886,
      "delta_rel": 0.004465307991756329,
      "max_val": 438.65,
      "argmax": 78,
      "auc_raw": 43839.57499999998,
      "auc_norm": 438.39574999999985
    },
    "mean": {
      "start": 420.5,
      "end": 437.32045454545454,
      "delta_abs": 16.820454545454538,
      "delta_rel": 0.040001080964220066,
      "max_val": 438.6295454545454,
      "argmax": 95,
      "auc_raw": 43720.56022727273,
      "auc_norm": 437.2056022727273
    },
    "median": {
      "start": 413.15,
      "end": 438.65,
      "delta_abs": 25.5,
      "delta_rel": 0.06172092460365485,
      "max_val": 438.65,
      "argmax": 81,
      "auc_raw": 43818.799999999974,
      "auc_norm": 438.18799999999976
    }
  },
  "genomes": {
    "best_genome": [
      1,
      0,
      1,
      0,
      1,
      0,
      1,
      0,
      0,
      1,
      1,
      1,
      0,
      1,
      0,
      0,
      0,
      0,
      0,
      0,
      0,
      0,
      0,
      0,
      0,
      0,
      0,
      0,
      0,
      0,
      0,
      0,
      1
    ],
    "all_best_genomes": null
  },
  "raw": {
    "curves": {
      "best": [
        436.7,
        437.9,
        437.9,
        437.9,
        438.05,
        438.2,
        438.2,
        438.35,
        438.35,
        438.35,
        438.35,
        438.35,
        438.35,
        438.35,
        438.35,
        438.35,
        438.35,
        438.35,
        438.35,
        438.35,
        438.35,
        438.35,
        438.35,
        438.35,
        438.35,
        438.35,
        438.35,
        438.35,
        438.35,
        438.35,
        438.35,
        438.35,
        438.35,
        438.35,
        438.35,
        438.35,
        438.35,
        438.35,
        438.35,
        438.35,
        438.35,
        438.35,
        438.35,
        438.35,
        438.35,
        438.35,
        438.35,
        438.35,
        438.35,
        438.35,
        438.35,
        438.35,
        438.35,
        438.35,
        438.35,
        438.35,
        438.35,
        438.35,
        438.35,
        438.35,
        438.35,
        438.35,
        438.35,
        438.35,
        438.35,
        438.35,
        438.35,
        438.35,
        438.35,
        438.35,
        438.35,
        438.35,
        438.35,
        438.35,
        438.5,
        438.5,
        438.5,
        438.5,
        438.65,
        438.65,
        438.65,
        438.65,
        438.65,
        438.65,
        438.65,
        438.65,
        438.65,
        438.65,
        438.65,
        438.65,
        438.65,
        438.65,
        438.65,
        438.65,
        438.65,
        438.65,
        438.65,
        438.65,
        438.65,
        438.65,
        438.65
      ],
      "mean": [
        420.5,
        433.475,
        436.1954545454546,
        435.50681818181823,
        436.06590909090914,
        435.5340909090908,
        437.66818181818184,
        434.67499999999995,
        436.82272727272726,
        436.9045454545454,
        438.15909090909093,
        438.2136363636364,
        434.98863636363643,
        438.05681818181824,
        437.17727272727285,
        437.09545454545463,
        437.16363636363644,
        438.0295454545456,
        437.95454545454555,
        438.2818181818182,
        437.23863636363643,
        437.00681818181823,
        436.9386363636364,
        437.09545454545463,
        435.95000000000005,
        437.1704545454546,
        438.17954545454546,
        438.1795454545456,
        437.08181818181833,
        436.96590909090907,
        438.1522727272728,
        437.12954545454556,
        438.234090909091,
        436.8704545454547,
        438.1795454545456,
        435.93636363636375,
        437.1159090909092,
        437.1363636363638,
        438.1795454545456,
        436.9522727272728,
        438.28863636363644,
        437.08181818181833,
        438.0636363636364,
        438.234090909091,
        438.25454545454556,
        435.99772727272733,
        437.1227272727274,
        438.02272727272737,
        435.77954545454554,
        438.35000000000014,
        438.1931818181819,
        437.21818181818196,
        438.0363636363638,
        437.08863636363645,
        438.1454545454546,
        436.91818181818184,
        438.02954545454554,
        437.06136363636375,
        437.07500000000005,
        438.25454545454556,
        438.2409090909092,
        438.14545454545464,
        438.02272727272737,
        438.20000000000005,
        438.0500000000001,
        437.15000000000003,
        438.2818181818182,
        438.24090909090916,
        438.20000000000005,
        436.1409090909092,
        437.1022727272728,
        437.0477272727274,
        437.18409090909097,
        438.14545454545464,
        435.09772727272735,
        435.91590909090917,
        438.24772727272733,
        438.0295454545454,
        437.0681818181819,
        437.32045454545454,
        438.4863636363636,
        438.45909090909083,
        437.40227272727265,
        436.2772727272726,
        438.59545454545446,
        437.47045454545446,
        437.32727272727266,
        438.5204545454544,
        436.4340909090908,
        437.27954545454537,
        436.05227272727274,
        435.00909090909084,
        438.26136363636357,
        436.0386363636363,
        438.49999999999994,
        438.6295454545454,
        437.44318181818176,
        434.96136363636356,
        437.46363636363634,
        438.3295454545454,
        437.32045454545454
      ],
      "median": [
        413.15,
        435.42499999999995,
        436.25,
        436.4,
        437.0,
        437.9,
        437.9,
        438.05,
        438.2,
        438.2,
        438.35,
        438.35,
        438.35,
        438.35,
        438.35,
        438.35,
        438.35,
        438.35,
        438.35,
        438.35,
        438.35,
        438.35,
        438.35,
        438.35,
        438.35,
        438.35,
        438.35,
        438.35,
        438.35,
        438.35,
        438.35,
        438.35,
        438.35,
        438.35,
        438.35,
        438.35,
        438.35,
        438.35,
        438.35,
        438.35,
        438.35,
        438.35,
        438.35,
        438.35,
        438.35,
        438.35,
        438.35,
        438.35,
        438.35,
        438.35,
        438.35,
        438.35,
        438.35,
        438.35,
        438.35,
        438.35,
        438.35,
        438.35,
        438.35,
        438.35,
        438.35,
        438.35,
        438.35,
        438.35,
        438.35,
        438.35,
        438.35,
        438.35,
        438.35,
        438.35,
        438.35,
        438.35,
        438.35,
        438.35,
        438.35,
        438.35,
        438.35,
        438.35,
        438.425,
        438.5,
        438.5,
        438.65,
        438.65,
        438.65,
        438.65,
        438.65,
        438.65,
        438.65,
        438.65,
        438.65,
        438.65,
        438.65,
        438.65,
        438.65,
        438.65,
        438.65,
        438.65,
        438.65,
        438.65,
        438.65,
        438.65
      ]
    }
  },
  "per_generation": [
    {
      "gen": 0.0,
      "best": 436.7,
      "mean": 420.5,
      "median": 413.15
    },
    {
      "gen": 1.0,
      "best": 437.9,