{
  "algo": "generic",
  "hparams": {
    "generations": 100,
    "popsize": 22,
    "fix_last_gene": true,
    "seed": 606,
    "verbosity": 1,
    "log_every": 1,
    "evals_cap": 10000,
    "cxpb": 0.5400641734742068,
    "mutpb": 0.20573466040168958,
    "mutation_rate": 0.031037711876126993
  },
  "metrics": {
    "best_final": 438.65,
    "auc_best": 43854.50000000009,
    "auc_best_norm": 438.54500000000087,
    "runtime_sec": 50.54572296142578,
    "evals_total": 1359,
    "budget_triggered": false,
    "stop_reason": "None"
  },
  "diagnostics": {
    "best": {
      "start": 436.55,
      "end": 438.65,
      "delta_abs": 2.099999999999966,
      "delta_rel": 0.004810445538884356,
      "max_val": 438.65,
      "argmax": 29,
      "auc_raw": 43854.50000000009,
      "auc_norm": 438.54500000000087
    },
    "mean": {
      "start": 423.7181818181818,
      "end": 438.64999999999986,
      "delta_abs": 14.931818181818073,
      "delta_rel": 0.035239975112102556,
      "max_val": 438.64999999999986,
      "argmax": 46,
      "auc_raw": 43824.3022727273,
      "auc_norm": 438.243022727273
    },
    "median": {
      "start": 423.95,
      "end": 438.65,
      "delta_abs": 14.699999999999989,
      "delta_rel": 0.034673900224083,
      "max_val": 438.65,
      "argmax": 32,
      "auc_raw": 43840.17500000009,
      "auc_norm": 438.4017500000009
    }
  },
  "genomes": {
    "best_genome": [
      1,
      1,
      0,
      1,
      0,
      1,
      1,
      0,
      0,
      0,
      0,
      1,
      1,
      0,
      0,
      0,
      0,
      0,
      0,
      0,
      0,
      0,
      0,
      0,
      0,
      0,
      0,
      0,
      0,
      0,
      0,
      0,
      1
    ],
    "all_best_genomes": null
  },
  "raw": {
    "curves": {
      "best": [
        436.55,
        436.7,
        437.75,
        437.75,
        437.75,
        437.75,
        438.05,
        438.5,
        438.5,
        438.5,
        438.5,
        438.5,
        438.5,
        438.5,
        438.5,
        438.5,
        438.5,
        438.5,
        438.5,
        438.5,
        438.5,
        438.5,
        438.5,
        438.5,
        438.5,
        438.5,
        438.5,
        438.5,
        438.5,
        438.65,
        438.65,
        438.65,
        438.65,
        438.65,
        438.65,
        438.65,
        438.65,
        438.65,
        438.65,
        438.65,
        438.65,
        438.65,
        438.65,
        438.65,
        438.65,
        438.65,
        438.65,
        438.65,
        438.65,
        438.65,
        438.65,
        438.65,
        438.65,
        438.65,
        438.65,
        438.65,
        438.65,
        438.65,
        438.65,
        438.65,
        438.65,
        438.65,
        438.65,
        438.65,
        438.65,
        438.65,
        438.65,
        438.65,
        438.65,
        438.65,
        438.65,
        438.65,
        438.65,
        438.65,
        438.65,
        438.65,
        438.65,
        438.65,
        438.65,
        438.65,
        438.65,
        438.65,
        438.65,
        438.65,
        438.65,
        438.65,
        438.65,
        438.65,
        438.65,
        438.65,
        438.65,
        438.65,
        438.65,
        438.65,
        438.65,
        438.65,
        438.65,
        438.65,
        438.65,
        438.65,
        438.65
      ],
      "mean": [
        423.7181818181818,
        434.41590909090917,
        436.04545454545456,
        435.61590909090916,
        436.8909090909092,
        437.15,
        437.50454545454545,
        437.7568181818182,
        437.97499999999985,
        438.28181818181815,
        438.4795454545454,
        438.48636363636365,
        437.42954545454546,
        438.4931818181818,
        438.4795454545454,
        437.45,
        438.5,
        438.47272727272724,
        438.5,
        437.42954545454546,
        438.48636363636365,
        438.45227272727277,
        437.45,
        438.45227272727277,
        438.5,
        437.41590909090905,
        438.43863636363636,
        438.48636363636365,
        437.4431818181818,
        438.48636363636365,
        438.45227272727277,
        438.45227272727277,
        438.56818181818176,
        438.64318181818174,
        438.49999999999994,
        438.615909090909,
        438.615909090909,
        438.615909090909,
        438.6295454545454,
        438.62272727272716,
        438.5204545454544,
        438.58863636363634,
        438.63636363636357,
        438.6295454545454,
        438.64318181818174,
        438.6295454545454,
        438.64999999999986,
        438.64999999999986,
        438.60227272727263,
        437.565909090909,
        438.62272727272716,
        438.64999999999986,
        438.64999999999986,
        438.60227272727263,
        438.5886363636362,
        438.60227272727263,
        438.63636363636357,
        437.59999999999985,
        438.62272727272716,
        438.6295454545454,
        438.6090909090908,
        438.64999999999986,
        438.64999999999986,
        438.64999999999986,
        438.63636363636357,
        438.5886363636362,
        438.55454545454535,
        438.55454545454535,
        438.5477272727272,
        438.63636363636357,
        438.64318181818174,
        438.62272727272716,
        438.5749999999999,
        437.5931818181817,
        438.56818181818176,
        438.58181818181805,
        437.53181818181815,
        438.64999999999986,
        438.61590909090904,
        438.64999999999986,
        438.63636363636357,
        438.64999999999986,
        438.63636363636357,
        438.54772727272723,
        438.5749999999999,
        438.64999999999986,
        438.64999999999986,
        438.540909090909,
        438.64999999999986,
        438.64999999999986,
        438.615909090909,
        438.6295454545454,
        438.5477272727272,
        438.63636363636357,
        438.54772727272723,
        438.63636363636357,
        438.64318181818174,
        438.4863636363635,
        438.52045454545447,
        438.55454545454535,
        438.64999999999986
      ],
      "median": [
        423.95,
        435.35,
        436.1,
        436.7,
        436.775,
        437.0,
        437.75,
        437.75,
        437.9,
        438.35,
        438.5,
        438.5,
        438.5,
        438.5,
        438.5,
        438.5,
        438.5,
        438.5,
        438.5,
        438.5,
        438.5,
        438.5,
        438.5,
        438.5,
        438.5,
        438.5,
        438.5,
        438.5,
        438.5,
        438.5,
        438.5,
        438.5,
        438.65,
        438.65,
        438.65,
        438.65,
        438.65,
        438.65,
        438.65,
        438.65,
        438.65,
        438.65,
        438.65,
        438.65,
        438.65,
        438.65,
        438.65,
        438.65,
        438.65,
        438.65,
        438.65,
        438.65,
        438.65,
        438.65,
        438.65,
        438.65,
        438.65,
        438.65,
        438.65,
        438.65,
        438.65,
        438.65,
        438.65,
        438.65,
        438.65,
        438.65,
        438.65,
        438.65,
        438.65,
        438.65,
        438.65,
        438.65,
        438.65,
        438.65,
        438.65,
        438.65,
        438.65,
        438.65,
        438.65,
        438.65,
        438.65,
        438.65,
        438.65,
        438.65,
        438.65,
        438.65,
        438.65,
        438.65,
        438.65,
        438.65,
        438.65,
        438.65,
        438.65,
        438.65,
        438.65,
        438.65,
        438.65,
        438.65,
        438.65,
        438.65,
        438.65
      ]
    }
  },
  "per_generation": [
    {
      "gen": 0.0,
      "best": 436.55,
      "mean": 423.7181818181818,
      "median": 423.95
    },
    {
      "gen": 1.0,
      "best": 436.7,
      "mean": 434.41590909090917,