{
  "algo": "generic",
  "hparams": {
    "generations": 100,
    "popsize": 22,
    "fix_last_gene": true,
    "seed": 101,
    "verbosity": 1,
    "log_every": 1,
    "evals_cap": 10000,
    "cxpb": 0.3801679541583563,
    "mutpb": 0.3391302309153191,
    "mutation_rate": 0.06538913992072647
  },
  "metrics": {
    "best_final": 438.65,
    "auc_best": 43856.52500000008,
    "auc_best_norm": 438.5652500000008,
    "runtime_sec": 49.15890049934387,
    "evals_total": 1313,
    "budget_triggered": false,
    "stop_reason": "None"
  },
  "diagnostics": {
    "best": {
      "start": 436.7,
      "end": 438.65,
      "delta_abs": 1.9499999999999886,
      "delta_rel": 0.004465307991756329,
      "max_val": 438.65,
      "argmax": 11,
      "auc_raw": 43856.52500000008,
      "auc_norm": 438.5652500000008
    },
    "mean": {
      "start": 420.5,
      "end": 437.40227272727265,
      "delta_abs": 16.902272727272646,
      "delta_rel": 0.04019565452383507,
      "max_val": 438.615909090909,
      "argmax": 34,
      "auc_raw": 43774.6284090909,
      "auc_norm": 437.74628409090906
    },
    "median": {
      "start": 413.15,
      "end": 438.65,
      "delta_abs": 25.5,
      "delta_rel": 0.06172092460365485,
      "max_val": 438.65,
      "argmax": 15,
      "auc_raw": 43837.700000000084,
      "auc_norm": 438.37700000000086
    }
  },
  "genomes": {
    "best_genome": [
      1,
      0,
      0,
      0,
      0,
      1,
      0,
      1,
      1,
      0,
      0,
      0,
      1,
      1,
      1,
      0,
      0,
      0,
      0,
      0,
      0,
      0,
      0,
      0,
      0,
      0,
      0,
      0,
      0,
      0,
      0,
      0,
      1
    ],
    "all_best_genomes": null
  },
  "raw": {
    "curves": {
      "best": [
        436.7,
        437.15,
        437.15,
        437.45,
        437.45,
        438.2,
        438.2,
        438.2,
        438.2,
        438.5,
        438.5,
        438.65,
        438.65,
        438.65,
        438.65,
        438.65,
        438.65,
        438.65,
        438.65,
        438.65,
        438.65,
        438.65,
        438.65,
        438.65,
        438.65,
        438.65,
        438.65,
        438.65,
        438.65,
        438.65,
        438.65,
        438.65,
        438.65,
        438.65,
        438.65,
        438.65,
        438.65,
        438.65,
        438.65,
        438.65,
        438.65,
        438.65,
        438.65,
        438.65,
        438.65,
        438.65,
        438.65,
        438.65,
        438.65,
        438.65,
        438.65,
        438.65,
        438.65,
        438.65,
        438.65,
        438.65,
        438.65,
        438.65,
        438.65,
        438.65,
        438.65,
        438.65,
        438.65,
        438.65,
        438.65,
        438.65,
        438.65,
        438.65,
        438.65,
        438.65,
        438.65,
        438.65,
        438.65,
        438.65,
        438.65,
        438.65,
        438.65,
        438.65,
        438.65,
        438.65,
        438.65,
        438.65,
        438.65,
        438.65,
        438.65,
        438.65,
        438.65,
        438.65,
        438.65,
        438.65,
        438.65,
        438.65,
        438.65,
        438.65,
        438.65,
        438.65,
        438.65,
        438.65,
        438.65,
        438.65,
        438.65
      ],
      "mean": [
        420.5,
        434.59318181818185,
        436.14090909090913,
        436.80909090909086,
        436.9795454545454,
        437.27954545454537,
        436.57045454545454,
        437.5863636363637,
        437.86590909090904,
        438.13181818181823,
        438.0636363636364,
        436.16818181818184,
        436.15454545454554,
        437.2386363636364,
        438.45909090909083,
        438.42499999999995,
        438.5886363636362,
        437.39545454545447,
        438.5613636363636,
        436.49545454545444,
        438.5749999999999,
        438.52727272727265,
        438.52727272727265,
        437.490909090909,
        437.4977272727272,
        437.1431818181818,
        438.3090909090908,
        436.35227272727263,
        436.3249999999999,
        438.43863636363636,
        438.41136363636355,
        437.45,
        438.29545454545456,
        437.52499999999986,
        438.615909090909,
        438.5340909090908,
        438.5477272727272,
        436.2704545454544,
        438.49318181818165,
        438.46590909090895,
        438.51363636363624,
        438.51363636363635,
        437.45681818181805,
        437.4227272727272,
        437.49772727272716,
        437.36818181818165,
        438.58863636363634,
        438.47954545454536,
        438.28181818181815,
        437.4227272727272,
        438.30909090909086,
        438.47272727272724,
        438.55454545454535,
        438.52727272727265,
        438.5477272727272,
        438.52045454545447,
        437.51136363636357,
        438.5204545454544,
        438.5749999999999,
        438.5886363636362,
        438.58181818181805,
        437.5045454545453,
        437.4499999999999,
        438.4113636363636,
        438.56818181818176,
        437.32045454545454,
        437.490909090909,
        436.36590909090904,
        437.51818181818174,
        438.52045454545447,
        437.3068181818181,
        437.2386363636362,
        438.4181818181818,
        438.540909090909,
        438.42499999999995,
        438.465909090909,
        438.2340909090908,
        437.24545454545455,
        438.24090909090904,
        438.52727272727265,
        438.56818181818176,
        437.45681818181816,
        436.4681818181818,
        438.3431818181817,
        437.39545454545447,
        437.4499999999999,
        438.5272727272726,
        438.55454545454535,
        437.4704545454544,
        438.5954545454544,
        438.5477272727272,
        438.45909090909083,
        438.5545454545454,
        438.30227272727274,
        438.5613636363636,
        438.5886363636362,
        437.4977272727272,
        436.515909090909,
        438.240909090909,
        436.22954545454536,
        437.40227272727265
      ],
      "median": [
        413.15,
        435.65,
        436.1,
        437.0,
        437.15,
        437.225,
        437.45,
        437.825,
        438.05,
        438.2,
        438.2,
        438.275,
        438.5,
        438.5,
        438.5,
        438.65,
        438.65,
        438.65,
        438.65,
        438.65,
        438.65,
        438.65,
        438.65,
        438.65,
        438.65,
        438.65,
        438.65,
        438.65,
        438.65,
        438.65,
        438.65,
        438.65,
        438.65,
        438.65,
        438.65,
        438.65,
        438.65,
        438.65,
        438.65,
        438.65,
        438.65,
        438.65,
        438.65,
        438.65,
        438.65,
        438.65,
        438.65,
        438.65,
        438.65,
        438.65,
        438.65,
        438.65,
        438.65,
        438.65,
        438.65,
        438.65,
        438.65,
        438.65,
        438.65,
        438.65,
        438.65,
        438.65,
        438.65,
        438.65,
        438.65,
        438.65,
        438.65,
        438.65,
        438.65,
        438.65,
        438.65,
        438.65,
        438.65,
        438.65,
        438.65,
        438.65,
        438.65,
        438.575,
        438.65,
        438.65,
        438.65,
        438.65,
        438.65,
        438.65,
        438.65,
        438.65,
        438.65,
        438.65,
        438.65,
        438.65,
        438.65,
        438.65,
        438.65,
        438.65,
        438.65,
        438.65,
        438.65,
        438.65,
        438.65,
        438.65,
        438.65
      ]
    }
  },
  "per_generation": [
    {
      "gen": 0.0,
      "best": 436.7,
      "mean": 420.5,
      "median": 413.15
    },
    {
      "gen": 1.0,
      "best": 437.15,