{
  "algo": "generic",
  "hparams": {
    "generations": 100,
    "popsize": 22,
    "fix_last_gene": true,
    "seed": 202,
    "verbosity": 1,
    "log_every": 1,
    "evals_cap": 10000,
    "cxpb": 0.23546509598812,
    "mutpb": 0.26949370598205596,
    "mutation_rate": 0.07540339598156588
  },
  "metrics": {
    "best_final": 438.65,
    "auc_best": 43853.67500000008,
    "auc_best_norm": 438.53675000000084,
    "runtime_sec": 33.97767782211304,
    "evals_total": 1008,
    "budget_triggered": false,
    "stop_reason": "None"
  },
  "diagnostics": {
    "best": {
      "start": 436.7,
      "end": 438.65,
      "delta_abs": 1.9499999999999886,
      "delta_rel": 0.004465307991756329,
      "max_val": 438.65,
      "argmax": 26,
      "auc_raw": 43853.67500000008,
      "auc_norm": 438.53675000000084
    },
    "mean": {
      "start": 422.29999999999995,
      "end": 436.42727272727274,
      "delta_abs": 14.127272727272782,
      "delta_rel": 0.03345316771790856,
      "max_val": 438.6227272727272,
      "argmax": 98,
      "auc_raw": 43777.093181818185,
      "auc_norm": 437.77093181818185
    },
    "median": {
      "start": 413.0,
      "end": 438.65,
      "delta_abs": 25.649999999999977,
      "delta_rel": 0.062106537530266286,
      "max_val": 438.65,
      "argmax": 28,
      "auc_raw": 43833.575000000084,
      "auc_norm": 438.33575000000087
    }
  },
  "genomes": {
    "best_genome": [
      0,
      0,
      1,
      1,
      0,
      0,
      1,
      1,
      0,
      0,
      1,
      0,
      0,
      0,
      0,
      0,
      0,
      0,
      0,
      0,
      0,
      0,
      0,
      0,
      0,
      0,
      0,
      0,
      0,
      0,
      0,
      0,
      1
    ],
    "all_best_genomes": null
  },
  "raw": {
    "curves": {
      "best": [
        436.7,
        436.7,
        437.0,
        437.3,
        437.75,
        438.05,
        438.2,
        438.2,
        438.2,
        438.5,
        438.5,
        438.5,
        438.5,
        438.5,
        438.5,
        438.5,
        438.5,
        438.5,
        438.5,
        438.5,
        438.5,
        438.5,
        438.5,
        438.5,
        438.5,
        438.5,
        438.65,
        438.65,
        438.65,
        438.65,
        438.65,
        438.65,
        438.65,
        438.65,
        438.65,
        438.65,
        438.65,
        438.65,
        438.65,
        438.65,
        438.65,
        438.65,
        438.65,
        438.65,
        438.65,
        438.65,
        438.65,
        438.65,
        438.65,
        438.65,
        438.65,
        438.65,
        438.65,
        438.65,
        438.65,
        438.65,
        438.65,
        438.65,
        438.65,
        438.65,
        438.65,
        438.65,
        438.65,
        438.65,
        438.65,
        438.65,
        438.65,
        438.65,
        438.65,
        438.65,
        438.65,
        438.65,
        438.65,
        438.65,
        438.65,
        438.65,
        438.65,
        438.65,
        438.65,
        438.65,
        438.65,
        438.65,
        438.65,
        438.65,
        438.65,
        438.65,
        438.65,
        438.65,
        438.65,
        438.65,
        438.65,
        438.65,
        438.65,
        438.65,
        438.65,
        438.65,
        438.65,
        438.65,
        438.65,
        438.65,
        438.65
      ],
      "mean": [
        422.29999999999995,
        433.05909090909086,
        435.65000000000003,
        435.43181818181824,
        435.99772727272733,
        437.29999999999995,
        437.39545454545447,
        437.55227272727274,
        435.6636363636364,
        436.93863636363636,
        435.89545454545447,
        438.09772727272724,
        437.21818181818185,
        438.35,
        437.19772727272726,
        438.47272727272724,
        438.34318181818185,
        437.31363636363636,
        437.36136363636365,
        436.325,
        438.39090909090913,
        438.4113636363636,
        437.34772727272735,
        437.43636363636364,
        438.48636363636365,
        438.46590909090907,
        438.25454545454545,
        437.34772727272724,
        438.58863636363634,
        438.540909090909,
        437.33409090909083,
        438.37045454545455,
        437.4090909090908,
        438.42499999999995,
        437.55909090909086,
        436.37272727272716,
        438.58181818181805,
        438.4795454545454,
        436.35909090909087,
        438.4454545454544,
        437.490909090909,
        438.43863636363625,
        437.4431818181818,
        438.5477272727272,
        437.4704545454546,
        438.5204545454544,
        438.52045454545447,
        438.6090909090908,
        437.4227272727272,
        435.14545454545447,
        438.43863636363625,
        438.52727272727265,
        437.3681818181818,
        437.47727272727263,
        438.5886363636362,
        438.5545454545454,
        438.5613636363636,
        438.4863636363635,
        438.62272727272716,
        438.4045454545454,
        438.4795454545454,
        437.44318181818176,
        438.61590909090904,
        438.4727272727272,
        438.58181818181805,
        438.56818181818176,
        438.40454545454537,
        438.51363636363635,
        438.37045454545444,
        438.615909090909,
        436.31818181818176,
        438.4795454545454,
        437.45,
        438.540909090909,
        438.41818181818167,
        438.60227272727263,
        436.2227272727272,
        438.5545454545454,
        438.52727272727265,
        438.4181818181818,
        438.540909090909,
        438.6090909090908,
        438.5749999999999,
        438.5749999999999,
        438.52727272727265,
        438.4181818181818,
        437.45681818181805,
        438.56136363636347,
        438.41136363636355,
        438.5954545454544,
        436.27727272727265,
        438.56818181818176,
        438.615909090909,
        438.4863636363635,
        437.525,
        438.58863636363634,
        438.425,
        438.4727272727272,
        438.6227272727272,
        437.47045454545446,
        436.42727272727274
      ],
      "median": [
        413.0,
        434.825,
        435.275,
        436.7,
        437.0,
        437.15,
        437.75,
        437.75,
        438.05,
        438.2,
        438.2,
        438.2,
        438.35,
        438.5,
        438.5,
        438.5,
        438.5,
        438.5,
        438.5,
        438.5,
        438.5,
        438.5,
        438.5,
        438.5,
        438.5,
        438.5,
        438.5,
        438.5,
        438.65,
        438.65,
        438.65,
        438.65,
        438.65,
        438.65,
        438.65,
        438.65,
        438.65,
        438.65,
        438.65,
        438.65,
        438.65,
        438.65,
        438.65,
        438.65,
        438.65,
        438.65,
        438.65,
        438.65,
        438.65,
        438.65,
        438.65,
        438.65,
        438.65,
        438.65,
        438.65,
        438.65,
        438.65,
        438.65,
        438.65,
        438.65,
        438.65,
        438.65,
        438.65,
        438.65,
        438.65,
        438.65,
        438.65,
        438.65,
        438.65,
        438.65,
        438.65,
        438.65,
        438.65,
        438.65,
        438.65,
        438.65,
        438.65,
        438.65,
        438.65,
        438.65,
        438.65,
        438.65,
        438.65,
        438.65,
        438.65,
        438.65,
        438.65,
        438.65,
        438.65,
        438.65,
        438.65,
        438.65,
        438.65,
        438.65,
        438.65,
        438.65,
        438.65,
        438.65,
        438.65,
        438.65,
        438.65
      ]
    }
  },
  "per_generation": [
    {
      "gen": 0.0,
      "best": 436.7,
      "mean": 422.29999999999995,
      "median": 413.0
    },
    {
      "gen": 1.0,
      "best": 436.7,
      "mean": 433.05909090909086,