{
  "algo": "generic",
  "hparams": {
    "generations": 100,
    "popsize": 22,
    "fix_last_gene": true,
    "seed": 909,
    "verbosity": 1,
    "log_every": 1,
    "evals_cap": 10000,
    "cxpb": 0.8655938082210929,
    "mutpb": 0.1747735693521502,
    "mutation_rate": 0.19805771441670147
  },
  "metrics": {
    "best_final": 438.65,
    "auc_best": 43841.67500000001,
    "auc_best_norm": 438.4167500000001,
    "runtime_sec": 74.05803847312927,
    "evals_total": 1956,
    "budget_triggered": false,
    "stop_reason": "None"
  },
  "diagnostics": {
    "best": {
      "start": 436.7,
      "end": 438.65,
      "delta_abs": 1.9499999999999886,
      "delta_rel": 0.004465307991756329,
      "max_val": 438.65,
      "argmax": 91,
      "auc_raw": 43841.67500000001,
      "auc_norm": 438.4167500000001
    },
    "mean": {
      "start": 422.63409090909084,
      "end": 438.5204545454544,
      "delta_abs": 15.88636363636357,
      "delta_rel": 0.037588930893368816,
      "max_val": 438.5477272727272,
      "argmax": 99,
      "auc_raw": 43733.58636363637,
      "auc_norm": 437.33586363636374
    },
    "median": {
      "start": 413.75,
      "end": 438.65,
      "delta_abs": 24.899999999999977,
      "delta_rel": 0.06018126888217517,
      "max_val": 438.65,
      "argmax": 95,
      "auc_raw": 43823.00000000001,
      "auc_norm": 438.2300000000001
    }
  },
  "genomes": {
    "best_genome": [
      0,
      1,
      1,
      1,
      0,
      1,
      1,
      0,
      1,
      1,
      0,
      0,
      1,
      1,
      1,
      0,
      0,
      0,
      0,
      0,
      0,
      0,
      0,
      0,
      0,
      0,
      0,
      0,
      0,
      0,
      0,
      0,
      1
    ],
    "all_best_genomes": null
  },
  "raw": {
    "curves": {
      "best": [
        436.7,
        437.15,
        437.15,
        437.45,
        437.45,
        437.45,
        437.45,
        437.9,
        437.9,
        438.2,
        438.2,
        438.35,
        438.5,
        438.5,
        438.5,
        438.5,
        438.5,
        438.5,
        438.5,
        438.5,
        438.5,
        438.5,
        438.5,
        438.5,
        438.5,
        438.5,
        438.5,
        438.5,
        438.5,
        438.5,
        438.5,
        438.5,
        438.5,
        438.5,
        438.5,
        438.5,
        438.5,
        438.5,
        438.5,
        438.5,
        438.5,
        438.5,
        438.5,
        438.5,
        438.5,
        438.5,
        438.5,
        438.5,
        438.5,
        438.5,
        438.5,
        438.5,
        438.5,
        438.5,
        438.5,
        438.5,
        438.5,
        438.5,
        438.5,
        438.5,
        438.5,
        438.5,
        438.5,
        438.5,
        438.5,
        438.5,
        438.5,
        438.5,
        438.5,
        438.5,
        438.5,
        438.5,
        438.5,
        438.5,
        438.5,
        438.5,
        438.5,
        438.5,
        438.5,
        438.5,
        438.5,
        438.5,
        438.5,
        438.5,
        438.5,
        438.5,
        438.5,
        438.5,
        438.5,
        438.5,
        438.5,
        438.65,
        438.65,
        438.65,
        438.65,
        438.65,
        438.65,
        438.65,
        438.65,
        438.65,
        438.65
      ],
      "mean": [
        422.63409090909084,
        430.29772727272723,
        435.9431818181818,
        436.65227272727276,
        434.64772727272725,
        436.0386363636363,
        436.07272727272726,
        437.40227272727265,
        437.49772727272733,
        437.4977272727272,
        437.83863636363634,
        436.84999999999997,
        438.1522727272728,
        437.14318181818186,
        438.2613636363636,
        437.03409090909093,
        437.92045454545456,
        437.04772727272723,
        437.0681818181818,
        437.23181818181814,
        438.47272727272724,
        437.3068181818182,
        437.1636363636363,
        437.3068181818182,
        438.39090909090913,
        438.3022727272728,
        438.2613636363636,
        437.2795454545454,
        437.0681818181818,
        438.24772727272733,
        438.3568181818182,
        436.12045454545455,
        433.88409090909096,
        438.275,
        437.26590909090913,
        438.2204545454546,
        437.075,
        438.32954545454544,
        436.29090909090905,
        437.42272727272723,
        438.0431818181818,
        437.12272727272733,
        438.01590909090913,
        437.9818181818182,
        437.19090909090903,
        437.3136363636364,
        437.3681818181818,
        437.375,
        437.19090909090914,
        437.2522727272728,
        438.29545454545456,
        438.41818181818184,
        437.2863636363636,
        438.2818181818182,
        438.31590909090903,
        437.12272727272733,
        437.3,
        438.234090909091,
        438.15227272727276,
        437.225,
        438.09772727272724,
        438.26818181818186,
        437.45681818181816,
        438.37727272727267,
        437.34772727272735,
        437.2386363636364,
        438.3363636363636,
        437.34090909090907,
        438.5,
        437.17727272727274,
        438.30909090909086,
        438.5,
        438.22727272727275,
        438.32272727272726,
        436.95909090909095,
        437.24545454545455,
        438.32272727272726,
        438.5,
        438.4181818181818,
        438.2681818181818,
        438.35,
        437.3545454545454,
        438.0363636363636,
        438.3568181818182,
        436.98636363636365,
        436.05909090909097,
        434.9613636363636,
        435.07045454545454,
        438.3636363636364,
        438.43863636363636,
        437.2113636363636,
        437.20454545454544,
        437.11590909090904,
        438.3363636363636,
        434.17045454545445,
        438.3295454545454,
        438.3977272727272,
        435.1795454545454,
        438.1999999999999,
        438.5477272727272,
        438.5204545454544
      ],
      "median": [
        413.75,
        435.125,
        435.95,
        437.0,
        437.075,
        437.15,
        437.375,
        437.45,
        437.45,
        437.75,
        437.9,
        438.2,
        438.2,
        438.35,
        438.5,
        438.5,
        438.5,
        438.5,
        438.5,
        438.5,
        438.5,
        438.5,
        438.5,
        438.5,
        438.5,
        438.5,
        438.5,
        438.5,
        438.5,
        438.5,
        438.5,
        438.5,
        438.5,
        438.5,
        438.5,
        438.5,
        438.5,
        438.5,
        438.5,
        438.5,
        438.5,
        438.5,
        438.5,
        438.5,
        438.5,
        438.5,
        438.5,
        438.5,
        438.5,
        438.5,
        438.5,
        438.5,
        438.5,
        438.5,
        438.5,
        438.5,
        438.5,
        438.5,
        438.5,
        438.5,
        438.5,
        438.5,
        438.5,
        438.5,
        438.5,
        438.5,
        438.5,
        438.5,
        438.5,
        438.5,
        438.5,
        438.5,
        438.5,
        438.5,
        438.5,
        438.5,
        438.5,
        438.5,
        438.5,
        438.5,
        438.5,
        438.5,
        438.5,
        438.5,
        438.5,
        438.5,
        438.5,
        438.5,
        438.5,
        438.5,
        438.5,
        438.5,
        438.5,
        438.5,
        438.575,
        438.65,
        438.65,
        438.65,
        438.65,
        438.65,
        438.65
      ]
    }
  },
  "per_generation": [
    {
      "gen": 0.0,
      "best": 436.7,
      "mean": 422.63409090909084,
      "median": 413.75
    },
    {
      "gen": 1.0,
      "best": 437.15,
      "mean": 430.29772727272723,
      "median": 435.125
    },
    {
      "gen": 2.0,
      "best": 437.15,
      "mean": 435.9431818181818,
      "median": 435.95
    },
    {
      "gen": 3.0,