{
  "algo": "generic",
  "hparams": {
    "generations": 100,
    "popsize": 22,
    "fix_last_gene": true,
    "seed": 404,
    "verbosity": 1,
    "log_every": 1,
    "evals_cap": 10000,
    "cxpb": 0.7344990716381001,
    "mutpb": 0.1632058635752113,
    "mutation_rate": 0.1001322523623748
  },
  "metrics": {
    "best_final": 438.65,
    "auc_best": 43856.22500000008,
    "auc_best_norm": 438.5622500000008,
    "runtime_sec": 51.313950538635254,
    "evals_total": 1711,
    "budget_triggered": false,
    "stop_reason": "None"
  },
  "diagnostics": {
    "best": {
      "start": 437.0,
      "end": 438.65,
      "delta_abs": 1.6499999999999773,
      "delta_rel": 0.0037757437070937696,
      "max_val": 438.65,
      "argmax": 14,
      "auc_raw": 43856.22500000008,
      "auc_norm": 438.5622500000008
    },
    "mean": {
      "start": 423.72499999999997,
      "end": 437.52499999999986,
      "delta_abs": 13.799999999999898,
      "delta_rel": 0.03256829311463779,
      "max_val": 438.64999999999986,
      "argmax": 71,
      "auc_raw": 43794.07045454545,
      "auc_norm": 437.9407045454545
    },
    "median": {
      "start": 424.1,
      "end": 438.65,
      "delta_abs": 14.549999999999955,
      "delta_rel": 0.034307946239094445,
      "max_val": 438.65,
      "argmax": 17,
      "auc_raw": 43844.37500000009,
      "auc_norm": 438.4437500000009
    }
  },
  "genomes": {
    "best_genome": [
      0,
      1,
      1,
      1,
      0,
      0,
      0,
      1,
      1,
      1,
      0,
      0,
      0,
      0,
      1,
      0,
      0,
      0,
      0,
      0,
      0,
      0,
      0,
      0,
      0,
      0,
      0,
      0,
      0,
      0,
      0,
      0,
      1
    ],
    "all_best_genomes": null
  },
  "raw": {
    "curves": {
      "best": [
        437.0,
        437.0,
        437.3,
        437.3,
        438.05,
        438.05,
        438.35,
        438.35,
        438.35,
        438.35,
        438.35,
        438.35,
        438.35,
        438.35,
        438.65,
        438.65,
        438.65,
        438.65,
        438.65,
        438.65,
        438.65,
        438.65,
        438.65,
        438.65,
        438.65,
        438.65,
        438.65,
        438.65,
        438.65,
        438.65,
        438.65,
        438.65,
        438.65,
        438.65,
        438.65,
        438.65,
        438.65,
        438.65,
        438.65,
        438.65,
        438.65,
        438.65,
        438.65,
        438.65,
        438.65,
        438.65,
        438.65,
        438.65,
        438.65,
        438.65,
        438.65,
        438.65,
        438.65,
        438.65,
        438.65,
        438.65,
        438.65,
        438.65,
        438.65,
        438.65,
        438.65,
        438.65,
        438.65,
        438.65,
        438.65,
        438.65,
        438.65,
        438.65,
        438.65,
        438.65,
        438.65,
        438.65,
        438.65,
        438.65,
        438.65,
        438.65,
        438.65,
        438.65,
        438.65,
        438.65,
        438.65,
        438.65,
        438.65,
        438.65,
        438.65,
        438.65,
        438.65,
        438.65,
        438.65,
        438.65,
        438.65,
        438.65,
        438.65,
        438.65,
        438.65,
        438.65,
        438.65,
        438.65,
        438.65,
        438.65,
        438.65
      ],
      "mean": [
        423.72499999999997,
        433.68636363636364,
        436.58409090909095,
        435.8818181818182,
        437.25909090909096,
        437.525,
        437.8181818181819,
        436.9045454545454,
        438.16590909090917,
        438.27500000000015,
        438.2272727272728,
        438.2272727272728,
        438.2272727272728,
        438.21363636363645,
        438.35,
        437.2113636363637,
        438.47954545454553,
        438.3295454545454,
        438.50681818181806,
        438.52727272727265,
        438.5477272727272,
        438.48636363636365,
        438.58181818181816,
        438.22727272727263,
        438.52727272727265,
        437.45681818181805,
        438.45909090909083,
        436.5022727272726,
        437.49090909090904,
        438.5886363636362,
        438.41136363636355,
        436.38636363636357,
        438.3977272727272,
        437.415909090909,
        438.465909090909,
        438.5886363636362,
        438.4863636363635,
        437.5727272727272,
        438.63636363636357,
        438.58181818181805,
        437.5590909090908,
        438.63636363636357,
        438.50681818181806,
        437.38181818181806,
        438.5340909090908,
        438.52727272727265,
        438.5477272727272,
        437.49772727272716,
        438.5545454545454,
        438.5477272727272,
        438.53409090909093,
        438.56818181818176,
        437.4840909090908,
        438.54772727272723,
        438.50681818181806,
        437.2931818181818,
        437.51136363636357,
        438.5749999999999,
        437.39545454545447,
        437.46363636363634,
        437.565909090909,
        436.5090909090908,
        438.5340909090908,
        437.5795454545454,
        437.51136363636357,
        438.5749999999999,
        437.51818181818174,
        437.5590909090908,
        438.615909090909,
        438.62272727272716,
        437.32727272727266,
        438.64999999999986,
        438.22045454545446,
        438.49318181818165,
        438.540909090909,
        438.5886363636362,
        438.5749999999999,
        437.54545454545445,
        438.45909090909095,
        438.60227272727263,
        438.6295454545454,
        437.45681818181805,
        438.40454545454537,
        438.63636363636357,
        438.5749999999999,
        438.41818181818167,
        438.55454545454535,
        438.52727272727265,
        438.58181818181805,
        437.51136363636357,
        438.615909090909,
        438.60227272727263,
        438.4113636363636,
        438.49999999999994,
        438.58181818181805,
        437.51136363636357,
        438.61590909090904,
        436.440909090909,
        436.25681818181806,
        438.63636363636357,
        437.52499999999986
      ],
      "median": [
        424.1,
        435.575,
        436.55,
        437.0,
        437.225,
        437.45000000000005,
        437.9,
        438.05,
        438.35,
        438.35,
        438.35,
        438.35,
        438.35,
        438.35,
        438.35,
        438.35,
        438.5,
        438.65,
        438.65,
        438.65,
        438.65,
        438.65,
        438.65,
        438.65,
        438.65,
        438.65,
        438.65,
        438.65,
        438.65,
        438.65,
        438.65,
        438.65,
        438.65,
        438.65,
        438.65,
        438.65,
        438.65,
        438.65,
        438.65,
        438.65,
        438.65,
        438.65,
        438.65,
        438.65,
        438.65,
        438.65,
        438.65,
        438.65,
        438.65,
        438.65,
        438.65,
        438.65,
        438.65,
        438.65,
        438.65,
        438.65,
        438.65,
        438.65,
        438.65,
        438.65,
        438.65,
        438.65,
        438.65,
        438.65,
        438.65,
        438.65,
        438.65,
        438.65,
        438.65,
        438.65,
        438.65,
        438.65,
        438.65,
        438.65,
        438.65,
        438.65,
        438.65,
        438.65,
        438.65,
        438.65,
        438.65,
        438.65,
        438.65,
        438.65,
        438.65,
        438.65,
        438.65,
        438.65,
        438.65,
        438.65,
        438.65,
        438.65,
        438.65,
        438.65,
        438.65,
        438.65,
        438.65,
        438.65,
        438.65,
        438.65,
        438.65
      ]
    }
  },
  "per_generation": [
    {
      "gen": 0.0,
      "best": 437.0,
      "mean": 423.72499999999997,