{
  "algo": "generic",
  "hparams": {
    "generations": 100,
    "popsize": 22,
    "fix_last_gene": true,
    "seed": 606,
    "verbosity": 1,
    "log_every": 1,
    "evals_cap": 10000,
    "cxpb": 0.3542460200139371,
    "mutpb": 0.02189414012833207,
    "mutation_rate": 0.1905924251456776
  },
  "metrics": {
    "best_final": 438.05,
    "auc_best": 43784.45000000005,
    "auc_best_norm": 437.8445000000005,
    "runtime_sec": 29.420387744903564,
    "evals_total": 816,
    "budget_triggered": false,
    "stop_reason": "None"
  },
  "diagnostics": {
    "best": {
      "start": 436.55,
      "end": 438.05,
      "delta_abs": 1.5,
      "delta_rel": 0.003436032527774596,
      "max_val": 438.05,
      "argmax": 35,
      "auc_raw": 43784.45000000005,
      "auc_norm": 437.8445000000005
    },
    "mean": {
      "start": 423.7181818181818,
      "end": 438.04999999999995,
      "delta_abs": 14.331818181818164,
      "delta_rel": 0.03382393958248403,
      "max_val": 438.04999999999995,
      "argmax": 38,
      "auc_raw": 43761.438636363644,
      "auc_norm": 437.6143863636364
    },
    "median": {
      "start": 423.95,
      "end": 438.05,
      "delta_abs": 14.100000000000023,
      "delta_rel": 0.033258638990447044,
      "max_val": 438.05,
      "argmax": 37,
      "auc_raw": 43772.45000000005,
      "auc_norm": 437.7245000000005
    }
  },
  "genomes": {
    "best_genome": [
      1,
      0,
      1,
      0,
      0,
      1,
      0,
      0,
      0,
      1,
      0,
      1,
      1,
      1,
      1,
      0,
      0,
      0,
      1,
      1,
      0,
      0,
      0,
      0,
      0,
      0,
      0,
      0,
      0,
      0,
      0,
      0,
      1
    ],
    "all_best_genomes": null
  },
  "raw": {
    "curves": {
      "best": [
        436.55,
        436.55,
        436.55,
        436.7,
        437.0,
        437.0,
        437.0,
        437.0,
        437.0,
        437.0,
        437.0,
        437.0,
        437.0,
        437.45,
        437.75,
        437.75,
        437.75,
        437.75,
        437.75,
        437.75,
        437.75,
        437.75,
        437.75,
        437.75,
        437.75,
        437.75,
        437.75,
        437.75,
        437.75,
        437.9,
        437.9,
        437.9,
        437.9,
        437.9,
        437.9,
        438.05,
        438.05,
        438.05,
        438.05,
        438.05,
        438.05,
        438.05,
        438.05,
        438.05,
        438.05,
        438.05,
        438.05,
        438.05,
        438.05,
        438.05,
        438.05,
        438.05,
        438.05,
        438.05,
        438.05,
        438.05,
        438.05,
        438.05,
        438.05,
        438.05,
        438.05,
        438.05,
        438.05,
        438.05,
        438.05,
        438.05,
        438.05,
        438.05,
        438.05,
        438.05,
        438.05,
        438.05,
        438.05,
        438.05,
        438.05,
        438.05,
        438.05,
        438.05,
        438.05,
        438.05,
        438.05,
        438.05,
        438.05,
        438.05,
        438.05,
        438.05,
        438.05,
        438.05,
        438.05,
        438.05,
        438.05,
        438.05,
        438.05,
        438.05,
        438.05,
        438.05,
        438.05,
        438.05,
        438.05,
        438.05,
        438.05
      ],
      "mean": [
        423.7181818181818,
        434.40227272727276,
        436.12727272727267,
        436.4681818181817,
        436.57727272727266,
        436.63863636363624,
        436.8568181818182,
        436.95909090909095,
        437.0,
        435.92272727272723,
        437.0,
        437.0,
        437.0,
        437.0204545454546,
        436.93863636363636,
        437.0818181818182,
        437.36136363636365,
        437.71590909090907,
        437.75,
        437.70909090909095,
        437.73636363636365,
        437.75,
        437.75,
        437.75,
        436.6931818181818,
        437.75,
        437.75,
        437.75,
        437.75,
        437.7568181818182,
        437.7568181818182,
        437.7431818181818,
        437.71590909090907,
        437.83181818181816,
        437.87272727272716,
        437.90681818181804,
        437.9340909090908,
        437.99545454545455,
        438.04999999999995,
        438.04999999999995,
        438.015909090909,
        437.99545454545444,
        437.98181818181814,
        438.04999999999995,
        438.04999999999995,
        438.04999999999995,
        438.04999999999995,
        438.00909090909084,
        438.04999999999995,
        436.91136363636355,
        438.04999999999995,
        438.04999999999995,
        436.91818181818167,
        437.70909090909083,
        438.04999999999995,
        438.04999999999995,
        438.04999999999995,
        438.04999999999995,
        438.04999999999995,
        438.00909090909084,
        438.04999999999995,
        438.0022727272726,
        438.0090909090908,
        438.04999999999995,
        438.04999999999995,
        438.04999999999995,
        438.04999999999995,
        438.04999999999995,
        437.96136363636356,
        438.04999999999995,
        438.04999999999995,
        438.04999999999995,
        437.01363636363624,
        437.940909090909,
        437.9545454545454,
        437.865909090909,
        438.04999999999995,
        438.04999999999995,
        438.04999999999995,
        438.04999999999995,
        438.0022727272726,
        436.9795454545454,
        436.9113636363636,
        438.02954545454537,
        438.04999999999995,
        438.04999999999995,
        438.04999999999995,
        438.04999999999995,
        438.04999999999995,
        438.04999999999995,
        438.0022727272726,
        438.0227272727272,
        438.0090909090908,
        437.9681818181818,
        437.9681818181818,
        438.04999999999995,
        438.015909090909,
        437.92045454545445,
        437.9545454545454,
        438.04999999999995,
        438.04999999999995
      ],
      "median": [
        423.95,
        435.35,
        436.4,
        436.55,
        436.55,
        436.625,
        437.0,
        437.0,
        437.0,
        437.0,
        437.0,
        437.0,
        437.0,
        437.0,
        437.0,
        437.0,
        437.225,
        437.75,
        437.75,
        437.75,
        437.75,
        437.75,
        437.75,
        437.75,
        437.75,
        437.75,
        437.75,
        437.75,
        437.75,
        437.75,
        437.75,
        437.75,
        437.75,
        437.9,
        437.9,
        437.9,
        437.9,
        438.05,
        438.05,
        438.05,
        438.05,
        438.05,
        438.05,
        438.05,
        438.05,
        438.05,
        438.05,
        438.05,
        438.05,
        438.05,
        438.05,
        438.05,
        438.05,
        438.05,
        438.05,
        438.05,
        438.05,
        438.05,
        438.05,
        438.05,
        438.05,
        438.05,
        438.05,
        438.05,
        438.05,
        438.05,
        438.05,
        438.05,
        438.05,
        438.05,
        438.05,
        438.05,
        438.05,
        438.05,
        438.05,
        438.05,
        438.05,
        438.05,
        438.05,
        438.05,
        438.05,
        438.05,
        438.05,
        438.05,
        438.05,
        438.05,
        438.05,
        438.05,
        438.05,
        438.05,
        438.05,
        438.05,
        438.05,
        438.05,
        438.05,
        438.05,
        438.05,
        438.05,
        438.05,
        438.05,
        438.05
      ]
    }
  },
  "per_generation": [
    {
      "gen": 0.0,
      "best": 436.55,
      "mean": 423.7181818181818,
      "median": 423.95
    },
    {
      "gen": 1.0,
      "best": 436.55,
      "mean": 434.40227272727276,
      "median": 435.35
    },
    {
      "gen": 2.0,
      "best": 436.55,