{
  "algo": "generic",
  "hparams": {
    "generations": 100,
    "popsize": 22,
    "fix_last_gene": true,
    "seed": 101,
    "verbosity": 1,
    "log_every": 1,
    "evals_cap": 10000,
    "cxpb": 0.02224113088573882,
    "mutpb": 0.31450200170082376,
    "mutation_rate": 0.030244092760206794
  },
  "metrics": {
    "best_final": 438.65,
    "auc_best": 43843.92500000008,
    "auc_best_norm": 438.4392500000008,
    "runtime_sec": 30.863990545272827,
    "evals_total": 751,
    "budget_triggered": false,
    "stop_reason": "None"
  },
  "diagnostics": {
    "best": {
      "start": 436.7,
      "end": 438.65,
      "delta_abs": 1.9499999999999886,
      "delta_rel": 0.004465307991756329,
      "max_val": 438.65,
      "argmax": 26,
      "auc_raw": 43843.92500000008,
      "auc_norm": 438.4392500000008
    },
    "mean": {
      "start": 420.5,
      "end": 438.63636363636357,
      "delta_abs": 18.13636363636357,
      "delta_rel": 0.04313047238136402,
      "max_val": 438.64999999999986,
      "argmax": 38,
      "auc_raw": 43799.94772727274,
      "auc_norm": 437.9994772727274
    },
    "median": {
      "start": 413.15,
      "end": 438.65,
      "delta_abs": 25.5,
      "delta_rel": 0.06172092460365485,
      "max_val": 438.65,
      "argmax": 29,
      "auc_raw": 43825.77500000009,
      "auc_norm": 438.2577500000009
    }
  },
  "genomes": {
    "best_genome": [
      0,
      0,
      1,
      0,
      0,
      0,
      1,
      0,
      0,
      1,
      1,
      1,
      1,
      0,
      0,
      0,
      0,
      0,
      0,
      0,
      0,
      0,
      0,
      0,
      0,
      0,
      0,
      0,
      0,
      0,
      0,
      0,
      1
    ],
    "all_best_genomes": null
  },
  "raw": {
    "curves": {
      "best": [
        436.7,
        436.7,
        436.7,
        436.7,
        437.45,
        437.45,
        437.45,
        437.45,
        437.45,
        437.75,
        437.75,
        437.75,
        438.2,
        438.2,
        438.2,
        438.2,
        438.2,
        438.2,
        438.2,
        438.2,
        438.2,
        438.35,
        438.35,
        438.35,
        438.35,
        438.35,
        438.65,
        438.65,
        438.65,
        438.65,
        438.65,
        438.65,
        438.65,
        438.65,
        438.65,
        438.65,
        438.65,
        438.65,
        438.65,
        438.65,
        438.65,
        438.65,
        438.65,
        438.65,
        438.65,
        438.65,
        438.65,
        438.65,
        438.65,
        438.65,
        438.65,
        438.65,
        438.65,
        438.65,
        438.65,
        438.65,
        438.65,
        438.65,
        438.65,
        438.65,
        438.65,
        438.65,
        438.65,
        438.65,
        438.65,
        438.65,
        438.65,
        438.65,
        438.65,
        438.65,
        438.65,
        438.65,
        438.65,
        438.65,
        438.65,
        438.65,
        438.65,
        438.65,
        438.65,
        438.65,
        438.65,
        438.65,
        438.65,
        438.65,
        438.65,
        438.65,
        438.65,
        438.65,
        438.65,
        438.65,
        438.65,
        438.65,
        438.65,
        438.65,
        438.65,
        438.65,
        438.65,
        438.65,
        438.65,
        438.65,
        438.65
      ],
      "mean": [
        420.5,
        434.61363636363643,
        436.3522727272728,
        436.54318181818184,
        434.5863636363638,
        436.85000000000014,
        436.97954545454553,
        436.0931818181818,
        437.34090909090907,
        437.46363636363645,
        437.4431818181819,
        437.56590909090914,
        437.59318181818185,
        437.7704545454546,
        437.96818181818185,
        437.0477272727274,
        438.0704545454546,
        438.084090909091,
        438.1181818181818,
        438.1522727272728,
        438.0909090909092,
        438.20681818181833,
        438.1931818181819,
        438.21363636363645,
        438.3022727272728,
        438.2954545454546,
        438.34318181818185,
        437.35454545454553,
        438.45227272727277,
        438.48636363636365,
        438.53409090909093,
        436.515909090909,
        438.5477272727272,
        438.47954545454536,
        438.5477272727272,
        437.5045454545454,
        438.52045454545447,
        437.49772727272716,
        438.64999999999986,
        438.62272727272716,
        438.5340909090908,
        438.5613636363636,
        438.56818181818176,
        438.63636363636357,
        438.5545454545454,
        438.64999999999986,
        438.5340909090908,
        438.60909090909087,
        438.615909090909,
        438.64999999999986,
        438.63636363636357,
        438.60227272727263,
        436.515909090909,
        438.6090909090908,
        438.58863636363634,
        438.615909090909,
        437.51818181818174,
        438.4795454545454,
        438.60227272727263,
        438.62272727272716,
        438.615909090909,
        438.6090909090908,
        438.60227272727263,
        438.5886363636362,
        438.4795454545454,
        438.62272727272716,
        438.5886363636362,
        437.5590909090908,
        438.6295454545454,
        438.60227272727263,
        438.60227272727263,
        438.63636363636357,
        438.52045454545447,
        438.5886363636362,
        438.60227272727263,
        438.55454545454535,
        438.540909090909,
        437.47727272727263,
        438.49318181818177,
        438.5340909090908,
        437.5045454545454,
        438.6227272727272,
        438.63636363636357,
        438.58863636363634,
        438.61590909090904,
        438.60227272727263,
        436.42045454545445,
        438.5340909090908,
        438.5749999999999,
        437.51818181818174,
        437.5386363636363,
        438.5613636363636,
        438.52727272727265,
        438.58181818181805,
        438.60227272727263,
        437.54545454545445,
        438.6295454545454,
        438.59545454545446,
        438.52045454545447,
        437.51136363636357,
        438.63636363636357
      ],
      "median": [
        413.15,
        435.95,
        436.4,
        436.7,
        436.7,
        436.7,
        436.7,
        437.375,
        437.45,
        437.45,
        437.45,
        437.45,
        437.75,
        437.75,
        438.2,
        438.2,
        438.2,
        438.2,
        438.2,
        438.2,
        438.2,
        438.2,
        438.2,
        438.35,
        438.35,
        438.35,
        438.35,
        438.35,
        438.35,
        438.65,
        438.65,
        438.65,
        438.65,
        438.65,
        438.65,
        438.65,
        438.65,
        438.65,
        438.65,
        438.65,
        438.65,
        438.65,
        438.65,
        438.65,
        438.65,
        438.65,
        438.65,
        438.65,
        438.65,
        438.65,
        438.65,
        438.65,
        438.65,
        438.65,
        438.65,
        438.65,
        438.65,
        438.65,
        438.65,
        438.65,
        438.65,
        438.65,
        438.65,
        438.65,
        438.65,
        438.65,
        438.65,
        438.65,
        438.65,
        438.65,
        438.65,
        438.65,
        438.65,
        438.65,
        438.65,
        438.65,
        438.65,
        438.65,
        438.65,
        438.65,
        438.65,
        438.65,
        438.65,
        438.65,
        438.65,
        438.65,
        438.65,
        438.65,
        438.65,
        438.65,
        438.65,
        438.65,
        438.65,
        438.65,
        438.65,
        438.65,
        438.65,
        438.65,
        438.65,
        438.65,
        438.65
      ]
    }
  },
  "per_generation": [
    {
      "gen": 0.0,
      "best": 436.7,
      "mean": 420.5,
      "median": 413.15
    },
    {
      "gen": 1.0,
      "best": 436.7,