{
  "algo": "generic",
  "hparams": {
    "generations": 100,
    "popsize": 22,
    "fix_last_gene": true,
    "seed": 606,
    "verbosity": 1,
    "log_every": 1,
    "evals_cap": 10000,
    "cxpb": 0.9583828128517586,
    "mutpb": 0.3267967356021868,
    "mutation_rate": 0.0803830558360961
  },
  "metrics": {
    "best_final": 438.65,
    "auc_best": 43851.20000000009,
    "auc_best_norm": 438.5120000000009,
    "runtime_sec": 83.20915150642395,
    "evals_total": 2168,
    "budget_triggered": false,
    "stop_reason": "None"
  },
  "diagnostics": {
    "best": {
      "start": 436.55,
      "end": 438.65,
      "delta_abs": 2.099999999999966,
      "delta_rel": 0.004810445538884356,
      "max_val": 438.65,
      "argmax": 27,
      "auc_raw": 43851.20000000009,
      "auc_norm": 438.5120000000009
    },
    "mean": {
      "start": 423.7181818181818,
      "end": 437.32727272727266,
      "delta_abs": 13.609090909090867,
      "delta_rel": 0.03211826042180685,
      "max_val": 438.5954545454544,
      "argmax": 37,
      "auc_raw": 43760.265909090915,
      "auc_norm": 437.6026590909091
    },
    "median": {
      "start": 423.95,
      "end": 438.65,
      "delta_abs": 14.699999999999989,
      "delta_rel": 0.034673900224083,
      "max_val": 438.65,
      "argmax": 33,
      "auc_raw": 43835.45000000009,
      "auc_norm": 438.35450000000094
    }
  },
  "genomes": {
    "best_genome": [
      0,
      0,
      1,
      0,
      1,
      1,
      0,
      1,
      0,
      1,
      0,
      1,
      1,
      0,
      1,
      0,
      0,
      0,
      0,
      0,
      0,
      0,
      0,
      0,
      0,
      0,
      0,
      0,
      0,
      0,
      0,
      0,
      1
    ],
    "all_best_genomes": null
  },
  "raw": {
    "curves": {
      "best": [
        436.55,
        436.7,
        437.0,
        437.6,
        437.6,
        438.2,
        438.2,
        438.2,
        438.35,
        438.35,
        438.35,
        438.35,
        438.35,
        438.35,
        438.35,
        438.35,
        438.35,
        438.35,
        438.35,
        438.35,
        438.35,
        438.35,
        438.35,
        438.35,
        438.35,
        438.35,
        438.35,
        438.65,
        438.65,
        438.65,
        438.65,
        438.65,
        438.65,
        438.65,
        438.65,
        438.65,
        438.65,
        438.65,
        438.65,
        438.65,
        438.65,
        438.65,
        438.65,
        438.65,
        438.65,
        438.65,
        438.65,
        438.65,
        438.65,
        438.65,
        438.65,
        438.65,
        438.65,
        438.65,
        438.65,
        438.65,
        438.65,
        438.65,
        438.65,
        438.65,
        438.65,
        438.65,
        438.65,
        438.65,
        438.65,
        438.65,
        438.65,
        438.65,
        438.65,
        438.65,
        438.65,
        438.65,
        438.65,
        438.65,
        438.65,
        438.65,
        438.65,
        438.65,
        438.65,
        438.65,
        438.65,
        438.65,
        438.65,
        438.65,
        438.65,
        438.65,
        438.65,
        438.65,
        438.65,
        438.65,
        438.65,
        438.65,
        438.65,
        438.65,
        438.65,
        438.65,
        438.65,
        438.65,
        438.65,
        438.65,
        438.65
      ],
      "mean": [
        423.7181818181818,
        434.22499999999985,
        435.96363636363634,
        434.32727272727266,
        435.5681818181818,
        437.2386363636364,
        436.46818181818185,
        436.659090909091,
        435.57500000000005,
        437.97499999999997,
        437.02727272727276,
        438.0636363636364,
        437.0681818181818,
        438.2954545454546,
        437.1568181818183,
        437.1227272727274,
        438.2409090909092,
        437.18409090909086,
        438.0704545454546,
        437.2113636363638,
        438.03636363636366,
        437.15000000000003,
        438.2477272727274,
        438.25454545454556,
        437.98863636363643,
        438.28863636363644,
        437.2113636363637,
        438.18636363636364,
        438.3022727272728,
        438.27500000000003,
        434.93409090909086,
        435.06363636363625,
        437.3477272727272,
        438.42499999999995,
        437.5113636363636,
        438.37727272727267,
        437.47727272727263,
        438.5954545454544,
        438.4522727272726,
        438.45227272727266,
        437.42272727272723,
        438.4318181818181,
        438.40454545454537,
        438.41136363636355,
        437.340909090909,
        438.4113636363636,
        437.4499999999999,
        438.2545454545454,
        436.3045454545454,
        438.45227272727266,
        438.51363636363624,
        438.4727272727272,
        438.49999999999994,
        438.5340909090908,
        437.27954545454537,
        438.4113636363636,
        435.3431818181818,
        438.51363636363635,
        438.47954545454536,
        438.34999999999997,
        438.43863636363625,
        437.42954545454535,
        438.540909090909,
        437.3818181818182,
        438.37727272727267,
        438.465909090909,
        437.47045454545446,
        438.58181818181805,
        437.36818181818165,
        436.3113636363636,
        438.47954545454536,
        438.540909090909,
        437.39545454545447,
        436.34545454545446,
        438.49318181818177,
        437.3545454545454,
        437.4499999999999,
        437.38181818181806,
        438.45227272727266,
        438.4727272727272,
        438.54090909090905,
        438.49318181818177,
        437.4295454545454,
        438.3022727272726,
        438.55454545454535,
        438.465909090909,
        435.33636363636356,
        438.45909090909095,
        438.49318181818177,
        438.4795454545454,
        437.14999999999986,
        438.4454545454544,
        438.5545454545454,
        437.4363636363636,
        437.45681818181805,
        437.265909090909,
        437.5045454545454,
        438.4045454545454,
        438.5749999999999,
        438.36363636363626,
        437.32727272727266
      ],
      "median": [
        423.95,
        435.20000000000005,
        435.8,
        436.325,
        436.625,
        437.3,
        437.525,
        437.825,
        438.05,
        438.2,
        438.2,
        438.2,
        438.35,
        438.35,
        438.35,
        438.35,
        438.35,
        438.35,
        438.35,
        438.35,
        438.35,
        438.35,
        438.35,
        438.35,
        438.35,
        438.35,
        438.35,
        438.35,
        438.35,
        438.35,
        438.20000000000005,
        438.35,
        438.5,
        438.65,
        438.65,
        438.65,
        438.65,
        438.65,
        438.65,
        438.65,
        438.65,
        438.65,
        438.65,
        438.65,
        438.65,
        438.65,
        438.65,
        438.65,
        438.65,
        438.65,
        438.65,
        438.65,
        438.65,
        438.65,
        438.65,
        438.65,
        438.65,
        438.65,
        438.65,
        438.65,
        438.65,
        438.65,
        438.65,
        438.65,
        438.65,
        438.65,
        438.65,
        438.65,
        438.65,
        438.65,
        438.65,
        438.65,
        438.65,
        438.65,
        438.65,
        438.65,
        438.65,
        438.65,
        438.65,
        438.65,
        438.65,
        438.65,
        438.65,
        438.65,
        438.65,
        438.65,
        438.65,
        438.65,
        438.65,
        438.65,
        438.65,
        438.65,
        438.65,
        438.65,
        438.65,
        438.65,
        438.65,
        438.65,
        438.65,
        438.65,
        438.65
      ]
    }
  },
  "per_generation": [
    {
      "gen": 0.0,
      "best": 436.55,
      "mean": 423.7181818181818,