{
  "algo": "generic",
  "hparams": {
    "generations": 100,
    "popsize": 22,
    "fix_last_gene": true,
    "seed": 909,
    "verbosity": 1,
    "log_every": 1,
    "evals_cap": 10000,
    "cxpb": 0.9773818928901302,
    "mutpb": 0.11773674166383268,
    "mutation_rate": 0.16858500547331534
  },
  "metrics": {
    "best_final": 438.65,
    "auc_best": 43849.62500000009,
    "auc_best_norm": 438.4962500000009,
    "runtime_sec": 67.04277086257935,
    "evals_total": 2170,
    "budget_triggered": false,
    "stop_reason": "None"
  },
  "diagnostics": {
    "best": {
      "start": 436.7,
      "end": 438.65,
      "delta_abs": 1.9499999999999886,
      "delta_rel": 0.004465307991756329,
      "max_val": 438.65,
      "argmax": 33,
      "auc_raw": 43849.62500000009,
      "auc_norm": 438.4962500000009
    },
    "mean": {
      "start": 422.63409090909084,
      "end": 438.62272727272716,
      "delta_abs": 15.988636363636317,
      "delta_rel": 0.037830919718862654,
      "max_val": 438.64999999999986,
      "argmax": 44,
      "auc_raw": 43768.23295454545,
      "auc_norm": 437.6823295454545
    },
    "median": {
      "start": 413.75,
      "end": 438.65,
      "delta_abs": 24.899999999999977,
      "delta_rel": 0.06018126888217517,
      "max_val": 438.65,
      "argmax": 36,
      "auc_raw": 43830.05000000009,
      "auc_norm": 438.3005000000009
    }
  },
  "genomes": {
    "best_genome": [
      0,
      0,
      1,
      1,
      0,
      0,
      1,
      0,
      1,
      0,
      0,
      0,
      0,
      1,
      1,
      0,
      0,
      0,
      0,
      0,
      0,
      0,
      0,
      0,
      0,
      0,
      0,
      0,
      0,
      0,
      0,
      0,
      1
    ],
    "all_best_genomes": null
  },
  "raw": {
    "curves": {
      "best": [
        436.7,
        436.7,
        436.7,
        437.15,
        437.45,
        437.6,
        437.6,
        437.9,
        437.9,
        437.9,
        438.5,
        438.5,
        438.5,
        438.5,
        438.5,
        438.5,
        438.5,
        438.5,
        438.5,
        438.5,
        438.5,
        438.5,
        438.5,
        438.5,
        438.5,
        438.5,
        438.5,
        438.5,
        438.5,
        438.5,
        438.5,
        438.5,
        438.5,
        438.65,
        438.65,
        438.65,
        438.65,
        438.65,
        438.65,
        438.65,
        438.65,
        438.65,
        438.65,
        438.65,
        438.65,
        438.65,
        438.65,
        438.65,
        438.65,
        438.65,
        438.65,
        438.65,
        438.65,
        438.65,
        438.65,
        438.65,
        438.65,
        438.65,
        438.65,
        438.65,
        438.65,
        438.65,
        438.65,
        438.65,
        438.65,
        438.65,
        438.65,
        438.65,
        438.65,
        438.65,
        438.65,
        438.65,
        438.65,
        438.65,
        438.65,
        438.65,
        438.65,
        438.65,
        438.65,
        438.65,
        438.65,
        438.65,
        438.65,
        438.65,
        438.65,
        438.65,
        438.65,
        438.65,
        438.65,
        438.65,
        438.65,
        438.65,
        438.65,
        438.65,
        438.65,
        438.65,
        438.65,
        438.65,
        438.65,
        438.65,
        438.65
      ],
      "mean": [
        422.63409090909084,
        430.11363636363643,
        433.84318181818185,
        436.3181818181818,
        436.68636363636375,
        434.73636363636365,
        437.18409090909086,
        435.30909090909097,
        435.38409090909096,
        437.60681818181814,
        436.6795454545454,
        437.9681818181817,
        437.04090909090905,
        437.3545454545454,
        436.30454545454546,
        438.30227272727274,
        436.21590909090907,
        438.3227272727272,
        438.38409090909096,
        438.4113636363636,
        437.27272727272725,
        438.1931818181818,
        438.37045454545455,
        438.2681818181818,
        438.45909090909095,
        437.2318181818182,
        438.41818181818184,
        437.075,
        438.41818181818184,
        437.25909090909084,
        437.42272727272723,
        438.3636363636364,
        438.4045454545454,
        438.4113636363636,
        438.39772727272725,
        438.2340909090908,
        438.5340909090908,
        438.44545454545454,
        438.59545454545446,
        437.415909090909,
        437.3545454545454,
        437.29999999999995,
        437.52499999999986,
        437.3477272727272,
        438.64999999999986,
        438.50681818181806,
        438.5749999999999,
        438.43863636363625,
        438.45909090909083,
        438.52045454545447,
        438.52727272727265,
        438.5613636363636,
        437.4499999999999,
        437.51818181818174,
        438.63636363636357,
        438.55454545454535,
        438.58181818181805,
        437.51136363636357,
        437.36818181818177,
        438.56818181818176,
        438.55454545454535,
        438.5340909090908,
        437.4090909090908,
        438.64999999999986,
        438.4318181818181,
        437.17727272727274,
        438.3977272727272,
        438.55454545454535,
        438.64999999999986,
        438.5954545454544,
        438.45227272727266,
        436.1613636363636,
        438.64999999999986,
        437.36818181818177,
        438.52727272727265,
        438.3295454545454,
        436.24999999999994,
        437.47727272727263,
        437.4704545454544,
        438.48636363636365,
        438.5749999999999,
        436.3727272727272,
        437.5045454545454,
        438.5749999999999,
        437.2795454545454,
        438.6090909090908,
        438.59545454545446,
        436.40681818181804,
        438.60227272727263,
        437.51818181818174,
        438.59545454545446,
        437.23863636363626,
        438.41136363636355,
        438.64999999999986,
        438.6090909090908,
        438.64999999999986,
        438.47954545454536,
        438.37045454545444,
        438.58181818181805,
        438.540909090909,
        438.62272727272716
      ],
      "median": [
        413.75,
        435.04999999999995,
        435.875,
        436.475,
        436.7,
        436.85,
        437.15,
        437.6,
        437.6,
        437.75,
        437.9,
        437.9,
        437.9,
        438.5,
        438.5,
        438.5,
        438.5,
        438.5,
        438.5,
        438.5,
        438.5,
        438.5,
        438.5,
        438.5,
        438.5,
        438.5,
        438.5,
        438.5,
        438.5,
        438.5,
        438.5,
        438.5,
        438.5,
        438.5,
        438.5,
        438.5,
        438.65,
        438.65,
        438.65,
        438.65,
        438.65,
        438.65,
        438.65,
        438.65,
        438.65,
        438.65,
        438.65,
        438.65,
        438.65,
        438.65,
        438.65,
        438.65,
        438.65,
        438.65,
        438.65,
        438.65,
        438.65,
        438.65,
        438.65,
        438.65,
        438.65,
        438.65,
        438.65,
        438.65,
        438.65,
        438.65,
        438.65,
        438.65,
        438.65,
        438.65,
        438.65,
        438.65,
        438.65,
        438.65,
        438.65,
        438.65,
        438.65,
        438.65,
        438.65,
        438.65,
        438.65,
        438.65,
        438.65,
        438.65,
        438.65,
        438.65,
        438.65,
        438.65,
        438.65,
        438.65,
        438.65,
        438.65,
        438.65,
        438.65,
        438.65,
        438.65,
        438.65,
        438.65,
        438.65,
        438.65,
        438.65
      ]
    }
  },
  "per_generation": [
    {
      "gen": 0.0,
      "best": 436.7,
      "mean": 422.63409090909084,
      "median": 413.75
    },
    {
      "gen": 1.0,