{
  "algo": "generic",
  "hparams": {
    "generations": 100,
    "popsize": 22,
    "fix_last_gene": true,
    "seed": 1001,
    "verbosity": 1,
    "log_every": 1,
    "evals_cap": 10000,
    "cxpb": 0.7494642715607684,
    "mutpb": 0.4085383339316193,
    "mutation_rate": 0.14269304023675486
  },
  "metrics": {
    "best_final": 438.65,
    "auc_best": 43861.77500000008,
    "auc_best_norm": 438.6177500000008,
    "runtime_sec": 74.87481117248535,
    "evals_total": 1897,
    "budget_triggered": false,
    "stop_reason": "None"
  },
  "diagnostics": {
    "best": {
      "start": 437.9,
      "end": 438.65,
      "delta_abs": 0.75,
      "delta_rel": 0.001712719799040877,
      "max_val": 438.65,
      "argmax": 9,
      "auc_raw": 43861.77500000008,
      "auc_norm": 438.6177500000008
    },
    "mean": {
      "start": 427.6999999999999,
      "end": 435.99090909090904,
      "delta_abs": 8.290909090909167,
      "delta_rel": 0.01938487044870042,
      "max_val": 438.4795454545454,
      "argmax": 54,
      "auc_raw": 43686.799999999974,
      "auc_norm": 436.8679999999997
    },
    "median": {
      "start": 434.75,
      "end": 438.65,
      "delta_abs": 3.8999999999999773,
      "delta_rel": 0.008970672800459982,
      "max_val": 438.65,
      "argmax": 13,
      "auc_raw": 43842.95000000004,
      "auc_norm": 438.4295000000004
    }
  },
  "genomes": {
    "best_genome": [
      0,
      1,
      1,
      0,
      1,
      1,
      1,
      0,
      1,
      1,
      1,
      1,
      1,
      1,
      0,
      0,
      0,
      0,
      0,
      0,
      0,
      0,
      0,
      0,
      0,
      0,
      0,
      0,
      0,
      0,
      0,
      0,
      1
    ],
    "all_best_genomes": null
  },
  "raw": {
    "curves": {
      "best": [
        437.9,
        437.9,
        437.9,
        438.2,
        438.35,
        438.5,
        438.5,
        438.5,
        438.5,
        438.65,
        438.65,
        438.65,
        438.65,
        438.65,
        438.65,
        438.65,
        438.65,
        438.65,
        438.65,
        438.65,
        438.65,
        438.65,
        438.65,
        438.65,
        438.65,
        438.65,
        438.65,
        438.65,
        438.65,
        438.65,
        438.65,
        438.65,
        438.65,
        438.65,
        438.65,
        438.65,
        438.65,
        438.65,
        438.65,
        438.65,
        438.65,
        438.65,
        438.65,
        438.65,
        438.65,
        438.65,
        438.65,
        438.65,
        438.65,
        438.65,
        438.65,
        438.65,
        438.65,
        438.65,
        438.65,
        438.65,
        438.65,
        438.65,
        438.65,
        438.65,
        438.65,
        438.65,
        438.65,
        438.65,
        438.65,
        438.65,
        438.65,
        438.65,
        438.65,
        438.65,
        438.65,
        438.65,
        438.65,
        438.65,
        438.65,
        438.65,
        438.65,
        438.65,
        438.65,
        438.65,
        438.65,
        438.65,
        438.65,
        438.65,
        438.65,
        438.65,
        438.65,
        438.65,
        438.65,
        438.65,
        438.65,
        438.65,
        438.65,
        438.65,
        438.65,
        438.65,
        438.65,
        438.65,
        438.65,
        438.65,
        438.65
      ],
      "mean": [
        427.6999999999999,
        435.6090909090908,
        435.45227272727266,
        436.1068181818182,
        435.16590909090905,
        437.6613636363636,
        436.81590909090914,
        437.0068181818182,
        434.5522727272728,
        436.92499999999995,
        437.02727272727276,
        437.18409090909086,
        438.14545454545447,
        437.2181818181817,
        435.9977272727272,
        437.8386363636362,
        438.2204545454546,
        434.77045454545447,
        433.9113636363636,
        436.025,
        438.09090909090907,
        435.1522727272726,
        437.1840909090908,
        436.27045454545447,
        437.2318181818182,
        437.47727272727263,
        436.40681818181804,
        437.25909090909084,
        437.96136363636344,
        438.1590909090908,
        436.440909090909,
        436.24318181818177,
        438.32272727272715,
        437.22499999999985,
        437.04772727272723,
        436.1818181818181,
        437.1636363636363,
        436.27727272727265,
        437.2863636363636,
        437.06818181818176,
        437.23863636363626,
        437.17045454545445,
        437.3068181818181,
        438.4454545454544,
        438.2886363636363,
        436.215909090909,
        438.2886363636362,
        438.0227272727272,
        437.85909090909087,
        437.09545454545446,
        437.38863636363624,
        436.04545454545445,
        438.35681818181814,
        437.25909090909084,
        438.4795454545454,
        437.36818181818177,
        438.3295454545454,
        436.31818181818176,
        436.16818181818167,
        437.3613636363636,
        437.26590909090913,
        438.2545454545453,
        436.9454545454546,
        438.02272727272725,
        438.15227272727265,
        437.5181818181818,
        436.9863636363636,
        436.1954545454544,
        436.07272727272726,
        437.0545454545454,
        435.9977272727272,
        436.1613636363636,
        435.990909090909,
        437.040909090909,
        436.97272727272724,
        438.0568181818182,
        438.0090909090908,
        437.3477272727272,
        436.09999999999985,
        435.72499999999997,
        436.6863636363636,
        434.63409090909084,
        435.73181818181814,
        437.29999999999995,
        436.0727272727272,
        438.2477272727272,
        437.1090909090908,
        437.981818181818,
        438.20681818181816,
        437.3204545454544,
        436.18863636363625,
        435.3022727272726,
        437.00681818181823,
        438.11136363636365,
        437.0340909090908,
        435.9499999999999,
        436.06590909090903,
        437.19090909090903,
        436.84318181818185,
        435.00909090909084,
        435.99090909090904
      ],
      "median": [
        434.75,
        435.5,
        436.4,
        437.15,
        437.9,
        437.9,
        437.975,
        438.275,
        437.975,
        438.2,
        438.5,
        438.5,
        438.575,
        438.65,
        438.65,
        438.275,
        438.65,
        437.825,
        438.2,
        438.575,
        438.5,
        438.65,
        438.65,
        438.65,
        438.65,
        438.65,
        438.65,
        438.65,
        438.35,
        438.65,
        438.65,
        438.65,
        438.65,
        438.65,
        438.5,
        438.65,
        438.65,
        438.65,
        438.65,
        438.65,
        438.65,
        438.65,
        438.65,
        438.65,
        438.65,
        438.65,
        438.65,
        438.65,
        438.35,
        438.35,
        438.65,
        438.65,
        438.65,
        438.65,
        438.65,
        438.65,
        438.65,
        438.65,
        438.65,
        438.65,
        438.65,
        438.65,
        438.275,
        438.425,
        438.575,
        438.65,
        438.65,
        438.65,
        438.65,
        438.5,
        438.575,
        438.65,
        438.5,
        438.65,
        438.42499999999995,
        438.5,
        438.575,
        438.65,
        438.65,
        437.9,
        437.9,
        437.9,
        438.425,
        438.65,
        438.65,
        438.65,
        438.65,
        438.125,
        438.5,
        438.65,
        438.65,
        438.65,
        438.275,
        438.5,
        438.5,
        438.35,
        438.5,
        438.65,
        438.2,
        438.65,
        438.65
      ]
    }
  },
  "per_generation": [
    {
      "gen": 0.0,
      "best": 437.9,
      "mean": 427.6999999999999,
      "median": 434.75
    },
    {
      "gen": 1.0,