{
  "algo": "generic",
  "hparams": {
    "generations": 100,
    "popsize": 22,
    "fix_last_gene": true,
    "seed": 101,
    "verbosity": 1,
    "log_every": 1,
    "evals_cap": 10000,
    "cxpb": 0.4259253744038022,
    "mutpb": 0.3984521924599596,
    "mutation_rate": 0.12822493162503615
  },
  "metrics": {
    "best_final": 438.65,
    "auc_best": 43856.075000000084,
    "auc_best_norm": 438.56075000000084,
    "runtime_sec": 57.13893938064575,
    "evals_total": 1470,
    "budget_triggered": false,
    "stop_reason": "None"
  },
  "diagnostics": {
    "best": {
      "start": 436.7,
      "end": 438.65,
      "delta_abs": 1.9499999999999886,
      "delta_rel": 0.004465307991756329,
      "max_val": 438.65,
      "argmax": 17,
      "auc_raw": 43856.075000000084,
      "auc_norm": 438.56075000000084
    },
    "mean": {
      "start": 420.5,
      "end": 435.94318181818176,
      "delta_abs": 15.443181818181756,
      "delta_rel": 0.03672575937736446,
      "max_val": 438.56818181818176,
      "argmax": 35,
      "auc_raw": 43676.30340909092,
      "auc_norm": 436.76303409090923
    },
    "median": {
      "start": 413.15,
      "end": 438.65,
      "delta_abs": 25.5,
      "delta_rel": 0.06172092460365485,
      "max_val": 438.65,
      "argmax": 25,
      "auc_raw": 43828.77500000005,
      "auc_norm": 438.2877500000005
    }
  },
  "genomes": {
    "best_genome": [
      0,
      0,
      1,
      1,
      1,
      0,
      0,
      0,
      0,
      1,
      0,
      0,
      0,
      1,
      0,
      0,
      0,
      0,
      0,
      0,
      0,
      0,
      0,
      0,
      0,
      0,
      0,
      0,
      0,
      0,
      0,
      0,
      1
    ],
    "all_best_genomes": null
  },
  "raw": {
    "curves": {
      "best": [
        436.7,
        437.45,
        437.45,
        437.75,
        437.75,
        437.75,
        438.2,
        438.2,
        438.2,
        438.2,
        438.5,
        438.5,
        438.5,
        438.5,
        438.5,
        438.5,
        438.5,
        438.65,
        438.65,
        438.65,
        438.65,
        438.65,
        438.65,
        438.65,
        438.65,
        438.65,
        438.65,
        438.65,
        438.65,
        438.65,
        438.65,
        438.65,
        438.65,
        438.65,
        438.65,
        438.65,
        438.65,
        438.65,
        438.65,
        438.65,
        438.65,
        438.65,
        438.65,
        438.65,
        438.65,
        438.65,
        438.65,
        438.65,
        438.65,
        438.65,
        438.65,
        438.65,
        438.65,
        438.65,
        438.65,
        438.65,
        438.65,
        438.65,
        438.65,
        438.65,
        438.65,
        438.65,
        438.65,
        438.65,
        438.65,
        438.65,
        438.65,
        438.65,
        438.65,
        438.65,
        438.65,
        438.65,
        438.65,
        438.65,
        438.65,
        438.65,
        438.65,
        438.65,
        438.65,
        438.65,
        438.65,
        438.65,
        438.65,
        438.65,
        438.65,
        438.65,
        438.65,
        438.65,
        438.65,
        438.65,
        438.65,
        438.65,
        438.65,
        438.65,
        438.65,
        438.65,
        438.65,
        438.65,
        438.65,
        438.65,
        438.65
      ],
      "mean": [
        420.5,
        434.42272727272723,
        435.22045454545446,
        434.5454545454546,
        433.7886363636364,
        437.2318181818182,
        436.34545454545446,
        436.625,
        436.7477272727274,
        436.87727272727284,
        436.9454545454546,
        434.73636363636365,
        436.00454545454545,
        438.20681818181816,
        437.18409090909097,
        438.2818181818182,
        434.08863636363634,
        434.9886363636364,
        436.03181818181815,
        436.05909090909097,
        436.0181818181818,
        436.2159090909092,
        436.87727272727267,
        436.95909090909083,
        436.04545454545445,
        437.3272727272726,
        438.2,
        437.17045454545445,
        437.0954545454544,
        437.36818181818177,
        436.9863636363636,
        438.23409090909087,
        438.3636363636364,
        436.12045454545455,
        434.8386363636364,
        438.56818181818176,
        438.45227272727266,
        437.20454545454544,
        433.95909090909083,
        437.2113636363636,
        434.9613636363636,
        437.22499999999985,
        437.20454545454544,
        435.7863636363636,
        438.3431818181818,
        435.7181818181818,
        437.10227272727275,
        437.02727272727265,
        437.2386363636364,
        438.16590909090905,
        438.2681818181818,
        438.26136363636357,
        436.3113636363636,
        438.1931818181818,
        437.340909090909,
        438.01590909090913,
        435.75227272727267,
        438.31590909090903,
        437.3818181818182,
        438.4318181818181,
        438.49999999999994,
        437.37499999999994,
        436.0386363636364,
        436.89090909090896,
        436.9181818181818,
        437.32727272727266,
        438.39772727272725,
        437.22499999999997,
        436.05227272727274,
        436.3045454545454,
        436.2090909090908,
        434.78409090909093,
        437.23863636363626,
        438.2,
        435.81363636363636,
        437.25909090909084,
        436.965909090909,
        438.32272727272726,
        435.090909090909,
        437.33409090909083,
        436.140909090909,
        437.29318181818167,
        438.28181818181815,
        437.1431818181818,
        438.3977272727272,
        436.98636363636376,
        437.3068181818181,
        436.29772727272723,
        436.93863636363636,
        436.05227272727274,
        437.1295454545454,
        437.0613636363636,
        436.85681818181814,
        438.1999999999999,
        435.015909090909,
        438.3295454545454,
        437.415909090909,
        435.12499999999994,
        438.22045454545446,
        437.04772727272734,
        435.94318181818176
      ],
      "median": [
        413.15,
        435.275,
        436.4,
        436.625,
        437.0,
        437.45,
        437.45,
        437.6,
        437.825,
        438.2,
        438.2,
        438.2,
        438.2,
        438.5,
        438.5,
        438.5,
        438.5,
        438.5,
        438.5,
        438.5,
        438.35,
        438.5,
        438.2,
        438.5,
        438.35,
        438.65,
        438.575,
        438.65,
        438.65,
        438.65,
        438.65,
        438.65,
        438.65,
        438.65,
        438.42499999999995,
        438.65,
        438.65,
        438.65,
        438.65,
        438.65,
        438.20000000000005,
        438.65,
        438.65,
        438.275,
        438.575,
        438.125,
        438.425,
        438.35,
        438.65,
        438.65,
        438.65,
        438.35,
        438.575,
        438.65,
        438.65,
        438.425,
        438.5,
        438.65,
        438.65,
        438.65,
        438.65,
        438.65,
        438.65,
        438.125,
        438.35,
        438.65,
        438.65,
        438.65,
        438.65,
        438.65,
        438.65,
        438.275,
        438.65,
        438.65,
        438.20000000000005,
        438.65,
        438.65,
        438.65,
        438.65,
        438.65,
        438.65,
        438.65,
        438.65,
        438.65,
        438.65,
        438.275,
        438.65,
        438.65,
        438.125,
        438.65,
        438.65,
        438.65,
        438.575,
        438.575,
        438.65,
        438.65,
        438.65,
        438.65,
        438.65,
        438.65,
        438.65
      ]
    }
  },
  "per_generation": [
    {
      "gen": 0.0,
      "best": 436.7,
      "mean": 420.5,
      "median": 413.15
    },
    {
      "gen": 1.0,
      "best": 437.45,