{
  "algo": "generic",
  "hparams": {
    "generations": 100,
    "popsize": 22,
    "fix_last_gene": true,
    "seed": 1001,
    "verbosity": 1,
    "log_every": 1,
    "evals_cap": 10000,
    "cxpb": 0.8423192708058866,
    "mutpb": 0.35996697893263585,
    "mutation_rate": 0.034443591127850594
  },
  "metrics": {
    "best_final": 438.65,
    "auc_best": 43852.775000000096,
    "auc_best_norm": 438.52775000000094,
    "runtime_sec": 81.1819519996643,
    "evals_total": 1997,
    "budget_triggered": false,
    "stop_reason": "None"
  },
  "diagnostics": {
    "best": {
      "start": 437.9,
      "end": 438.65,
      "delta_abs": 0.75,
      "delta_rel": 0.001712719799040877,
      "max_val": 438.65,
      "argmax": 34,
      "auc_raw": 43852.775000000096,
      "auc_norm": 438.52775000000094
    },
    "mean": {
      "start": 427.6999999999999,
      "end": 438.59545454545446,
      "delta_abs": 10.895454545454584,
      "delta_rel": 0.025474525474525573,
      "max_val": 438.64999999999986,
      "argmax": 69,
      "auc_raw": 43802.35454545455,
      "auc_norm": 438.0235454545455
    },
    "median": {
      "start": 434.75,
      "end": 438.65,
      "delta_abs": 3.8999999999999773,
      "delta_rel": 0.008970672800459982,
      "max_val": 438.65,
      "argmax": 38,
      "auc_raw": 43845.4250000001,
      "auc_norm": 438.45425000000097
    }
  },
  "genomes": {
    "best_genome": [
      0,
      1,
      1,
      0,
      1,
      1,
      1,
      1,
      1,
      0,
      1,
      0,
      1,
      1,
      1,
      0,
      0,
      0,
      0,
      0,
      0,
      0,
      0,
      0,
      0,
      0,
      0,
      0,
      0,
      0,
      0,
      0,
      1
    ],
    "all_best_genomes": null
  },
  "raw": {
    "curves": {
      "best": [
        437.9,
        437.9,
        437.9,
        437.9,
        438.05,
        438.2,
        438.2,
        438.35,
        438.35,
        438.35,
        438.35,
        438.35,
        438.35,
        438.35,
        438.35,
        438.35,
        438.35,
        438.35,
        438.35,
        438.35,
        438.35,
        438.35,
        438.35,
        438.35,
        438.35,
        438.35,
        438.35,
        438.35,
        438.35,
        438.35,
        438.35,
        438.35,
        438.35,
        438.35,
        438.65,
        438.65,
        438.65,
        438.65,
        438.65,
        438.65,
        438.65,
        438.65,
        438.65,
        438.65,
        438.65,
        438.65,
        438.65,
        438.65,
        438.65,
        438.65,
        438.65,
        438.65,
        438.65,
        438.65,
        438.65,
        438.65,
        438.65,
        438.65,
        438.65,
        438.65,
        438.65,
        438.65,
        438.65,
        438.65,
        438.65,
        438.65,
        438.65,
        438.65,
        438.65,
        438.65,
        438.65,
        438.65,
        438.65,
        438.65,
        438.65,
        438.65,
        438.65,
        438.65,
        438.65,
        438.65,
        438.65,
        438.65,
        438.65,
        438.65,
        438.65,
        438.65,
        438.65,
        438.65,
        438.65,
        438.65,
        438.65,
        438.65,
        438.65,
        438.65,
        438.65,
        438.65,
        438.65,
        438.65,
        438.65,
        438.65,
        438.65
      ],
      "mean": [
        427.6999999999999,
        435.69090909090903,
        436.93863636363625,
        437.55909090909086,
        437.81818181818176,
        437.94090909090903,
        437.8795454545454,
        438.0909090909092,
        438.07045454545454,
        437.1022727272728,
        438.07727272727277,
        438.27500000000015,
        438.309090909091,
        438.3159090909092,
        438.1727272727274,
        438.2272727272728,
        437.1568181818183,
        438.31590909090914,
        438.3159090909092,
        438.26818181818186,
        438.32954545454555,
        438.159090909091,
        438.05,
        438.25454545454556,
        436.9931818181818,
        437.23863636363643,
        438.3022727272728,
        438.28863636363644,
        438.2818181818183,
        438.25454545454556,
        438.35000000000014,
        438.26136363636374,
        436.10681818181826,
        438.3227272727274,
        438.2068181818182,
        438.30909090909097,
        438.3295454545454,
        438.4318181818182,
        438.52727272727265,
        437.51818181818174,
        437.4704545454544,
        438.540909090909,
        437.4090909090908,
        437.5522727272726,
        438.39772727272725,
        438.58863636363634,
        438.63636363636357,
        438.63636363636357,
        438.60227272727263,
        438.5749999999999,
        438.63636363636357,
        437.39545454545447,
        438.47954545454536,
        438.59545454545446,
        437.40227272727265,
        438.60227272727263,
        438.5749999999999,
        438.4181818181818,
        438.5613636363636,
        435.37045454545444,
        438.6090909090908,
        438.6295454545454,
        437.4977272727272,
        436.4477272727272,
        438.64318181818174,
        437.5795454545454,
        437.5795454545454,
        438.465909090909,
        438.62272727272716,
        438.64999999999986,
        438.58863636363634,
        438.6295454545454,
        438.58181818181805,
        438.5886363636362,
        437.47045454545446,
        438.5886363636362,
        437.36818181818177,
        438.52727272727265,
        438.615909090909,
        438.47954545454536,
        436.3863636363636,
        438.5477272727272,
        438.5340909090908,
        438.63636363636357,
        438.64318181818174,
        438.4795454545454,
        438.6295454545454,
        437.5795454545454,
        436.325,
        437.37499999999994,
        438.5613636363636,
        438.63636363636357,
        438.4863636363636,
        438.5613636363636,
        438.58181818181805,
        438.4863636363636,
        437.53181818181815,
        438.62272727272716,
        438.45909090909083,
        438.49318181818177,
        438.59545454545446
      ],
      "median": [
        434.75,
        435.5,
        437.0,
        437.825,
        437.9,
        437.9,
        438.05,
        438.05,
        438.2,
        438.2,
        438.2,
        438.35,
        438.35,
        438.35,
        438.35,
        438.35,
        438.35,
        438.35,
        438.35,
        438.35,
        438.35,
        438.35,
        438.35,
        438.35,
        438.35,
        438.35,
        438.35,
        438.35,
        438.35,
        438.35,
        438.35,
        438.35,
        438.35,
        438.35,
        438.35,
        438.35,
        438.35,
        438.5,
        438.65,
        438.65,
        438.65,
        438.65,
        438.65,
        438.65,
        438.65,
        438.65,
        438.65,
        438.65,
        438.65,
        438.65,
        438.65,
        438.65,
        438.65,
        438.65,
        438.65,
        438.65,
        438.65,
        438.65,
        438.65,
        438.65,
        438.65,
        438.65,
        438.65,
        438.65,
        438.65,
        438.65,
        438.65,
        438.65,
        438.65,
        438.65,
        438.65,
        438.65,
        438.65,
        438.65,
        438.65,
        438.65,
        438.65,
        438.65,
        438.65,
        438.65,
        438.65,
        438.65,
        438.65,
        438.65,
        438.65,
        438.65,
        438.65,
        438.65,
        438.65,
        438.65,
        438.65,
        438.65,
        438.65,
        438.65,
        438.65,
        438.65,
        438.65,
        438.65,
        438.65,
        438.65,
        438.65
      ]
    }
  },
  "per_generation": [
    {
      "gen": 0.0,
      "best": 437.9,
      "mean": 427.6999999999999,
      "median": 434.75
    },
    {
      "gen": 1.0,