{
  "algo": "generic",
  "hparams": {
    "generations": 100,
    "popsize": 22,
    "fix_last_gene": true,
    "seed": 909,
    "verbosity": 1,
    "log_every": 1,
    "evals_cap": 10000,
    "cxpb": 0.8266878708773356,
    "mutpb": 0.4192995101334372,
    "mutation_rate": 0.10540044763817079
  },
  "metrics": {
    "best_final": 438.65,
    "auc_best": 43857.87500000008,
    "auc_best_norm": 438.5787500000008,
    "runtime_sec": 62.79415988922119,
    "evals_total": 2016,
    "budget_triggered": false,
    "stop_reason": "None"
  },
  "diagnostics": {
    "best": {
      "start": 436.7,
      "end": 438.65,
      "delta_abs": 1.9499999999999886,
      "delta_rel": 0.004465307991756329,
      "max_val": 438.65,
      "argmax": 9,
      "auc_raw": 43857.87500000008,
      "auc_norm": 438.5787500000008
    },
    "mean": {
      "start": 422.63409090909084,
      "end": 437.0340909090908,
      "delta_abs": 14.399999999999977,
      "delta_rel": 0.03407202662952581,
      "max_val": 438.55454545454535,
      "argmax": 87,
      "auc_raw": 43691.2590909091,
      "auc_norm": 436.912590909091
    },
    "median": {
      "start": 413.75,
      "end": 438.65,
      "delta_abs": 24.899999999999977,
      "delta_rel": 0.06018126888217517,
      "max_val": 438.65,
      "argmax": 13,
      "auc_raw": 43831.475000000064,
      "auc_norm": 438.31475000000063
    }
  },
  "genomes": {
    "best_genome": [
      1,
      1,
      0,
      1,
      1,
      0,
      1,
      1,
      1,
      1,
      1,
      1,
      1,
      0,
      1,
      0,
      0,
      0,
      0,
      0,
      0,
      0,
      0,
      0,
      0,
      0,
      0,
      0,
      0,
      0,
      0,
      0,
      1
    ],
    "all_best_genomes": null
  },
  "raw": {
    "curves": {
      "best": [
        436.7,
        437.3,
        437.3,
        437.6,
        438.05,
        438.05,
        438.2,
        438.2,
        438.35,
        438.65,
        438.65,
        438.65,
        438.65,
        438.65,
        438.65,
        438.65,
        438.65,
        438.65,
        438.65,
        438.65,
        438.65,
        438.65,
        438.65,
        438.65,
        438.65,
        438.65,
        438.65,
        438.65,
        438.65,
        438.65,
        438.65,
        438.65,
        438.65,
        438.65,
        438.65,
        438.65,
        438.65,
        438.65,
        438.65,
        438.65,
        438.65,
        438.65,
        438.65,
        438.65,
        438.65,
        438.65,
        438.65,
        438.65,
        438.65,
        438.65,
        438.65,
        438.65,
        438.65,
        438.65,
        438.65,
        438.65,
        438.65,
        438.65,
        438.65,
        438.65,
        438.65,
        438.65,
        438.65,
        438.65,
        438.65,
        438.65,
        438.65,
        438.65,
        438.65,
        438.65,
        438.65,
        438.65,
        438.65,
        438.65,
        438.65,
        438.65,
        438.65,
        438.65,
        438.65,
        438.65,
        438.65,
        438.65,
        438.65,
        438.65,
        438.65,
        438.65,
        438.65,
        438.65,
        438.65,
        438.65,
        438.65,
        438.65,
        438.65,
        438.65,
        438.65,
        438.65,
        438.65,
        438.65,
        438.65,
        438.65,
        438.65
      ],
      "mean": [
        422.63409090909084,
        430.1818181818182,
        435.5954545454546,
        434.32045454545454,
        435.8000000000001,
        435.06363636363625,
        437.51818181818174,
        434.5386363636363,
        435.67045454545456,
        435.8954545454546,
        438.1318181818182,
        438.27500000000003,
        435.00909090909096,
        436.215909090909,
        436.97954545454553,
        437.97499999999997,
        436.1068181818182,
        436.20909090909083,
        437.4840909090908,
        436.12045454545444,
        436.27045454545447,
        437.17045454545456,
        438.4181818181818,
        437.2386363636364,
        438.52045454545447,
        436.3113636363636,
        437.0818181818182,
        438.1318181818182,
        435.24090909090904,
        436.3795454545454,
        434.9681818181818,
        438.1863636363636,
        438.4318181818181,
        437.2181818181818,
        437.3068181818182,
        437.3068181818181,
        438.38409090909084,
        435.2681818181818,
        436.215909090909,
        438.00909090909084,
        437.2045454545454,
        436.3795454545454,
        437.36818181818177,
        438.1999999999999,
        437.2727272727272,
        437.19090909090903,
        436.25681818181806,
        437.25227272727267,
        436.2840909090908,
        438.22727272727263,
        437.2863636363636,
        437.25227272727267,
        437.4363636363636,
        436.40681818181804,
        435.0295454545454,
        436.01818181818174,
        438.37045454545455,
        438.19318181818176,
        438.40454545454537,
        434.83863636363634,
        438.17954545454546,
        438.47954545454536,
        437.2795454545454,
        437.4022727272726,
        437.37499999999994,
        437.23181818181814,
        436.12727272727267,
        437.10227272727275,
        438.3977272727272,
        437.2522727272726,
        438.45227272727266,
        437.15681818181815,
        438.38409090909084,
        438.30227272727274,
        437.02727272727265,
        437.1295454545454,
        437.06818181818176,
        437.3068181818181,
        438.15227272727265,
        437.38863636363635,
        436.19545454545454,
        436.11363636363626,
        438.12499999999994,
        435.8272727272726,
        438.4318181818181,
        437.1772727272726,
        437.38181818181806,
        438.55454545454535,
        437.415909090909,
        437.29999999999995,
        437.490909090909,
        438.34999999999997,
        436.25,
        438.0363636363636,
        435.3022727272726,
        436.0863636363636,
        438.42499999999995,
        437.2181818181818,
        437.22499999999985,
        437.3,
        437.0340909090908
      ],
      "median": [
        413.75,
        434.975,
        435.65,
        436.4,
        436.775,
        437.375,
        437.6,
        437.9,
        437.975,
        438.125,
        438.275,
        438.35,
        438.35,
        438.65,
        438.125,
        438.5,
        438.65,
        438.35,
        438.65,
        438.65,
        438.65,
        438.65,
        438.65,
        438.65,
        438.65,
        438.65,
        438.20000000000005,
        438.5,
        438.65,
        438.65,
        438.65,
        438.65,
        438.65,
        438.425,
        438.65,
        438.65,
        438.65,
        438.65,
        438.65,
        438.65,
        438.65,
        438.65,
        438.65,
        438.5,
        438.65,
        438.65,
        438.65,
        438.65,
        438.65,
        438.65,
        438.65,
        438.5,
        438.65,
        438.65,
        438.35,
        438.65,
        438.65,
        438.65,
        438.65,
        438.275,
        438.65,
        438.65,
        438.65,
        438.65,
        438.65,
        438.65,
        438.65,
        438.5,
        438.65,
        438.65,
        438.65,
        438.65,
        438.65,
        438.65,
        438.2,
        438.575,
        438.575,
        438.575,
        438.35,
        438.65,
        438.65,
        438.575,
        438.65,
        437.9,
        438.65,
        438.65,
        438.65,
        438.65,
        438.65,
        438.65,
        438.65,
        438.65,
        438.65,
        438.575,
        438.65,
        438.42499999999995,
        438.65,
        438.65,
        438.65,
        438.65,
        438.65
      ]
    }
  },
  "per_generation": [
    {
      "gen": 0.0,
      "best": 436.7,
      "mean": 422.63409090909084,