{
  "algo": "generic",
  "hparams": {
    "generations": 100,
    "popsize": 22,
    "fix_last_gene": true,
    "seed": 808,
    "verbosity": 1,
    "log_every": 1,
    "evals_cap": 10000,
    "cxpb": 0.6196668357827032,
    "mutpb": 0.2436424236869603,
    "mutation_rate": 0.19422921964155854
  },
  "metrics": {
    "best_final": 438.65,
    "auc_best": 43860.27500000008,
    "auc_best_norm": 438.6027500000008,
    "runtime_sec": 65.60962152481079,
    "evals_total": 1603,
    "budget_triggered": false,
    "stop_reason": "None"
  },
  "diagnostics": {
    "best": {
      "start": 437.6,
      "end": 438.65,
      "delta_abs": 1.0499999999999545,
      "delta_rel": 0.002399451553930426,
      "max_val": 438.65,
      "argmax": 15,
      "auc_raw": 43860.27500000008,
      "auc_norm": 438.6027500000008
    },
    "mean": {
      "start": 427.10681818181814,
      "end": 437.40227272727265,
      "delta_abs": 10.295454545454504,
      "delta_rel": 0.024105104641695883,
      "max_val": 438.6295454545454,
      "argmax": 42,
      "auc_raw": 43718.74999999999,
      "auc_norm": 437.18749999999994
    },
    "median": {
      "start": 433.625,
      "end": 438.65,
      "delta_abs": 5.024999999999977,
      "delta_rel": 0.011588353992504992,
      "max_val": 438.65,
      "argmax": 17,
      "auc_raw": 43851.68750000008,
      "auc_norm": 438.5168750000008
    }
  },
  "genomes": {
    "best_genome": [
      0,
      1,
      0,
      1,
      0,
      0,
      0,
      1,
      0,
      1,
      0,
      0,
      0,
      1,
      0,
      0,
      0,
      0,
      0,
      0,
      0,
      0,
      0,
      0,
      0,
      0,
      0,
      0,
      0,
      0,
      0,
      0,
      1
    ],
    "all_best_genomes": null
  },
  "raw": {
    "curves": {
      "best": [
        437.6,
        437.9,
        437.9,
        438.2,
        438.2,
        438.2,
        438.5,
        438.5,
        438.5,
        438.5,
        438.5,
        438.5,
        438.5,
        438.5,
        438.5,
        438.65,
        438.65,
        438.65,
        438.65,
        438.65,
        438.65,
        438.65,
        438.65,
        438.65,
        438.65,
        438.65,
        438.65,
        438.65,
        438.65,
        438.65,
        438.65,
        438.65,
        438.65,
        438.65,
        438.65,
        438.65,
        438.65,
        438.65,
        438.65,
        438.65,
        438.65,
        438.65,
        438.65,
        438.65,
        438.65,
        438.65,
        438.65,
        438.65,
        438.65,
        438.65,
        438.65,
        438.65,
        438.65,
        438.65,
        438.65,
        438.65,
        438.65,
        438.65,
        438.65,
        438.65,
        438.65,
        438.65,
        438.65,
        438.65,
        438.65,
        438.65,
        438.65,
        438.65,
        438.65,
        438.65,
        438.65,
        438.65,
        438.65,
        438.65,
        438.65,
        438.65,
        438.65,
        438.65,
        438.65,
        438.65,
        438.65,
        438.65,
        438.65,
        438.65,
        438.65,
        438.65,
        438.65,
        438.65,
        438.65,
        438.65,
        438.65,
        438.65,
        438.65,
        438.65,
        438.65,
        438.65,
        438.65,
        438.65,
        438.65,
        438.65,
        438.65
      ],
      "mean": [
        427.10681818181814,
        433.7477272727272,
        436.925,
        434.94090909090914,
        437.39545454545447,
        435.4795454545454,
        437.79772727272734,
        434.55909090909097,
        437.9681818181818,
        438.1931818181819,
        438.29545454545456,
        437.8181818181818,
        435.7181818181818,
        437.9272727272728,
        435.0636363636364,
        438.39772727272725,
        437.42272727272723,
        437.27954545454537,
        437.2863636363636,
        438.4454545454544,
        438.5477272727272,
        437.2590909090908,
        437.21136363636356,
        437.24545454545444,
        438.22045454545446,
        435.17954545454535,
        436.29772727272723,
        435.13863636363635,
        438.4522727272726,
        436.9318181818181,
        436.26363636363624,
        437.1227272727272,
        437.38863636363624,
        438.3431818181818,
        438.34999999999997,
        436.01136363636357,
        437.2590909090908,
        438.1727272727272,
        437.28636363636355,
        438.3090909090908,
        438.38409090909084,
        438.30227272727274,
        438.6295454545454,
        438.22045454545446,
        437.51818181818174,
        437.27954545454537,
        437.1636363636363,
        436.2977272727272,
        438.40454545454537,
        438.60227272727263,
        438.35681818181814,
        437.13636363636357,
        436.025,
        438.28181818181815,
        437.24545454545444,
        437.24545454545444,
        437.04090909090905,
        437.28636363636355,
        437.22499999999985,
        437.46363636363634,
        438.43863636363625,
        436.2022727272726,
        436.12727272727267,
        437.12954545454545,
        438.50681818181806,
        437.3613636363636,
        437.2931818181818,
        438.3772727272726,
        438.60227272727263,
        437.31363636363625,
        437.4840909090908,
        436.15454545454537,
        437.22499999999997,
        438.4181818181818,
        438.29545454545445,
        438.45909090909083,
        438.1795454545454,
        435.8340909090908,
        436.0113636363636,
        437.15681818181815,
        436.0045454545454,
        435.97727272727263,
        437.05454545454546,
        437.3477272727272,
        438.24090909090904,
        435.1045454545454,
        437.4090909090908,
        436.1818181818182,
        437.19090909090903,
        438.4181818181818,
        438.36363636363626,
        437.27954545454537,
        437.04090909090905,
        435.13181818181806,
        438.50681818181806,
        435.8068181818182,
        436.0386363636363,
        438.50681818181806,
        437.14318181818174,
        437.415909090909,
        437.40227272727265
      ],
      "median": [
        433.625,
        435.725,
        437.3,
        437.3,
        437.6,
        437.9,
        437.9,
        437.9,
        438.125,
        438.35,
        438.5,
        438.5,
        438.5,
        438.5,
        438.5,
        438.5,
        438.5,
        438.65,
        438.65,
        438.65,
        438.65,
        438.65,
        438.65,
        438.65,
        438.65,
        438.65,
        438.65,
        438.65,
        438.65,
        438.65,
        438.65,
        438.65,
        438.65,
        438.65,
        438.65,
        438.65,
        438.65,
        438.65,
        438.65,
        438.65,
        438.65,
        438.65,
        438.65,
        438.65,
        438.65,
        438.65,
        438.65,
        438.65,
        438.65,
        438.65,
        438.65,
        438.65,
        438.65,
        438.65,
        438.65,
        438.65,
        438.65,
        438.65,
        438.65,
        438.65,
        438.65,
        438.65,
        438.65,
        438.65,
        438.65,
        438.65,
        438.65,
        438.65,
        438.65,
        438.65,
        438.65,
        438.65,
        438.65,
        438.65,
        438.65,
        438.65,
        438.65,
        438.65,
        438.65,
        438.65,
        438.65,
        438.65,
        438.65,
        438.65,
        438.65,
        438.65,
        438.65,
        438.65,
        438.65,
        438.65,
        438.65,
        438.65,
        438.65,
        438.65,
        438.65,
        438.65,
        438.65,
        438.65,
        438.65,
        438.65,
        438.65
      ]
    }
  },
  "per_generation": [
    {
      "gen": 0.0,
      "best": 437.6,
      "mean": 427.10681818181814,
      "median": 433.625
    },
    {
      "gen": 1.0,