{
  "algo": "generic",
  "hparams": {
    "generations": 100,
    "popsize": 22,
    "fix_last_gene": true,
    "seed": 404,
    "verbosity": 1,
    "log_every": 1,
    "evals_cap": 10000,
    "cxpb": 0.7830218424115051,
    "mutpb": 0.2085176545263257,
    "mutation_rate": 0.05987131327042998
  },
  "metrics": {
    "best_final": 438.65,
    "auc_best": 43851.57500000009,
    "auc_best_norm": 438.51575000000093,
    "runtime_sec": 69.77670454978943,
    "evals_total": 1891,
    "budget_triggered": false,
    "stop_reason": "None"
  },
  "diagnostics": {
    "best": {
      "start": 437.0,
      "end": 438.65,
      "delta_abs": 1.6499999999999773,
      "delta_rel": 0.0037757437070937696,
      "max_val": 438.65,
      "argmax": 24,
      "auc_raw": 43851.57500000009,
      "auc_norm": 438.51575000000093
    },
    "mean": {
      "start": 423.72499999999997,
      "end": 438.58181818181816,
      "delta_abs": 14.856818181818198,
      "delta_rel": 0.03506240647074919,
      "max_val": 438.64999999999986,
      "argmax": 61,
      "auc_raw": 43807.996590909075,
      "auc_norm": 438.07996590909073
    },
    "median": {
      "start": 424.1,
      "end": 438.65,
      "delta_abs": 14.549999999999955,
      "delta_rel": 0.034307946239094445,
      "max_val": 438.65,
      "argmax": 27,
      "auc_raw": 43838.52500000009,
      "auc_norm": 438.3852500000009
    }
  },
  "genomes": {
    "best_genome": [
      1,
      1,
      1,
      0,
      1,
      1,
      0,
      0,
      1,
      1,
      0,
      0,
      0,
      0,
      1,
      0,
      0,
      0,
      0,
      0,
      0,
      0,
      0,
      0,
      0,
      0,
      0,
      0,
      0,
      0,
      0,
      0,
      1
    ],
    "all_best_genomes": null
  },
  "raw": {
    "curves": {
      "best": [
        437.0,
        437.0,
        437.3,
        437.75,
        438.05,
        438.05,
        438.05,
        438.05,
        438.05,
        438.05,
        438.05,
        438.05,
        438.05,
        438.35,
        438.35,
        438.35,
        438.35,
        438.35,
        438.35,
        438.35,
        438.35,
        438.35,
        438.35,
        438.35,
        438.65,
        438.65,
        438.65,
        438.65,
        438.65,
        438.65,
        438.65,
        438.65,
        438.65,
        438.65,
        438.65,
        438.65,
        438.65,
        438.65,
        438.65,
        438.65,
        438.65,
        438.65,
        438.65,
        438.65,
        438.65,
        438.65,
        438.65,
        438.65,
        438.65,
        438.65,
        438.65,
        438.65,
        438.65,
        438.65,
        438.65,
        438.65,
        438.65,
        438.65,
        438.65,
        438.65,
        438.65,
        438.65,
        438.65,
        438.65,
        438.65,
        438.65,
        438.65,
        438.65,
        438.65,
        438.65,
        438.65,
        438.65,
        438.65,
        438.65,
        438.65,
        438.65,
        438.65,
        438.65,
        438.65,
        438.65,
        438.65,
        438.65,
        438.65,
        438.65,
        438.65,
        438.65,
        438.65,
        438.65,
        438.65,
        438.65,
        438.65,
        438.65,
        438.65,
        438.65,
        438.65,
        438.65,
        438.65,
        438.65,
        438.65,
        438.65,
        438.65
      ],
      "mean": [
        423.72499999999997,
        433.55,
        436.3727272727272,
        436.87727272727267,
        437.1227272727272,
        437.51136363636357,
        436.6863636363636,
        437.75,
        436.90454545454537,
        437.97499999999985,
        437.96136363636356,
        437.9545454545454,
        438.02954545454537,
        438.06363636363625,
        438.0568181818182,
        438.17954545454546,
        438.234090909091,
        438.3363636363637,
        438.27500000000003,
        438.3159090909092,
        438.3363636363637,
        438.268181818182,
        438.2409090909092,
        438.28863636363644,
        438.35000000000014,
        438.4454545454546,
        438.39772727272725,
        437.42272727272723,
        438.58181818181816,
        438.62272727272716,
        437.3477272727272,
        438.52727272727265,
        437.57272727272715,
        438.55454545454535,
        438.63636363636357,
        438.5545454545454,
        438.6090909090908,
        438.43863636363625,
        438.50681818181806,
        438.6295454545454,
        438.5545454545454,
        438.60227272727263,
        438.49999999999994,
        438.60227272727263,
        438.4863636363636,
        438.49999999999994,
        438.5477272727272,
        438.5749999999999,
        438.6090909090908,
        438.4727272727272,
        438.5886363636362,
        438.615909090909,
        438.465909090909,
        438.42499999999995,
        438.50681818181806,
        438.52045454545447,
        437.58636363636356,
        438.5477272727272,
        437.47727272727263,
        438.5272727272726,
        438.4863636363635,
        438.64999999999986,
        438.5749999999999,
        438.5749999999999,
        438.6227272727272,
        438.5613636363636,
        438.56818181818176,
        438.58863636363634,
        437.49090909090904,
        437.5931818181817,
        438.5749999999999,
        438.5613636363636,
        437.46363636363634,
        438.54772727272723,
        438.58863636363634,
        438.58181818181816,
        438.615909090909,
        437.49772727272716,
        437.4363636363636,
        438.50681818181806,
        438.63636363636357,
        438.53409090909093,
        437.51818181818174,
        438.615909090909,
        438.58181818181805,
        437.4772727272726,
        438.63636363636357,
        438.5613636363636,
        438.62272727272716,
        438.51363636363624,
        438.540909090909,
        437.49090909090904,
        438.540909090909,
        438.50681818181806,
        438.5613636363636,
        437.47045454545446,
        437.39545454545447,
        438.5204545454544,
        438.4727272727272,
        436.3590909090908,
        438.58181818181816
      ],
      "median": [
        424.1,
        435.425,
        436.775,
        437.0,
        437.0,
        437.3,
        437.75,
        437.75,
        438.05,
        438.05,
        438.05,
        438.05,
        438.05,
        438.05,
        438.05,
        438.35,
        438.35,
        438.35,
        438.35,
        438.35,
        438.35,
        438.35,
        438.35,
        438.35,
        438.35,
        438.35,
        438.5,
        438.65,
        438.65,
        438.65,
        438.65,
        438.65,
        438.65,
        438.65,
        438.65,
        438.65,
        438.65,
        438.65,
        438.65,
        438.65,
        438.65,
        438.65,
        438.65,
        438.65,
        438.65,
        438.65,
        438.65,
        438.65,
        438.65,
        438.65,
        438.65,
        438.65,
        438.65,
        438.65,
        438.65,
        438.65,
        438.65,
        438.65,
        438.65,
        438.65,
        438.65,
        438.65,
        438.65,
        438.65,
        438.65,
        438.65,
        438.65,
        438.65,
        438.65,
        438.65,
        438.65,
        438.65,
        438.65,
        438.65,
        438.65,
        438.65,
        438.65,
        438.65,
        438.65,
        438.65,
        438.65,
        438.65,
        438.65,
        438.65,
        438.65,
        438.65,
        438.65,
        438.65,
        438.65,
        438.65,
        438.65,
        438.65,
        438.65,
        438.65,
        438.65,
        438.65,
        438.65,
        438.65,
        438.65,
        438.65,
        438.65
      ]
    }
  },
  "per_generation": [
    {
      "gen": 0.0,
      "best": 437.0,
      "mean": 423.72499999999997,