{
  "algo": "generic",
  "hparams": {
    "generations": 100,
    "popsize": 22,
    "fix_last_gene": true,
    "seed": 1001,
    "verbosity": 1,
    "log_every": 1,
    "evals_cap": 10000,
    "cxpb": 0.6478086155742,
    "mutpb": 0.049510438701732204,
    "mutation_rate": 0.15992904257999085
  },
  "metrics": {
    "best_final": 438.65,
    "auc_best": 43842.575,
    "auc_best_norm": 438.42575,
    "runtime_sec": 60.11868405342102,
    "evals_total": 1480,
    "budget_triggered": false,
    "stop_reason": "None"
  },
  "diagnostics": {
    "best": {
      "start": 437.9,
      "end": 438.65,
      "delta_abs": 0.75,
      "delta_rel": 0.001712719799040877,
      "max_val": 438.65,
      "argmax": 100,
      "auc_raw": 43842.575,
      "auc_norm": 438.42575
    },
    "mean": {
      "start": 427.6999999999999,
      "end": 437.45,
      "delta_abs": 9.750000000000114,
      "delta_rel": 0.0227963525835869,
      "max_val": 438.5,
      "argmax": 33,
      "auc_raw": 43809.67727272728,
      "auc_norm": 438.09677272727276
    },
    "median": {
      "start": 434.75,
      "end": 438.5,
      "delta_abs": 3.75,
      "delta_rel": 0.008625646923519264,
      "max_val": 438.5,
      "argmax": 26,
      "auc_raw": 43835.75,
      "auc_norm": 438.3575
    }
  },
  "genomes": {
    "best_genome": [
      0,
      0,
      0,
      1,
      0,
      1,
      1,
      1,
      0,
      1,
      1,
      0,
      0,
      0,
      0,
      0,
      0,
      0,
      0,
      0,
      0,
      0,
      0,
      0,
      0,
      0,
      0,
      0,
      0,
      0,
      0,
      0,
      1
    ],
    "all_best_genomes": null
  },
  "raw": {
    "curves": {
      "best": [
        437.9,
        437.9,
        438.2,
        438.2,
        438.2,
        438.2,
        438.2,
        438.2,
        438.2,
        438.2,
        438.2,
        438.2,
        438.2,
        438.2,
        438.2,
        438.2,
        438.2,
        438.2,
        438.2,
        438.2,
        438.2,
        438.2,
        438.2,
        438.2,
        438.5,
        438.5,
        438.5,
        438.5,
        438.5,
        438.5,
        438.5,
        438.5,
        438.5,
        438.5,
        438.5,
        438.5,
        438.5,
        438.5,
        438.5,
        438.5,
        438.5,
        438.5,
        438.5,
        438.5,
        438.5,
        438.5,
        438.5,
        438.5,
        438.5,
        438.5,
        438.5,
        438.5,
        438.5,
        438.5,
        438.5,
        438.5,
        438.5,
        438.5,
        438.5,
        438.5,
        438.5,
        438.5,
        438.5,
        438.5,
        438.5,
        438.5,
        438.5,
        438.5,
        438.5,
        438.5,
        438.5,
        438.5,
        438.5,
        438.5,
        438.5,
        438.5,
        438.5,
        438.5,
        438.5,
        438.5,
        438.5,
        438.5,
        438.5,
        438.5,
        438.5,
        438.5,
        438.5,
        438.5,
        438.5,
        438.5,
        438.5,
        438.5,
        438.5,
        438.5,
        438.5,
        438.5,
        438.5,
        438.5,
        438.5,
        438.5,
        438.65
      ],
      "mean": [
        427.6999999999999,
        435.79999999999995,
        436.67272727272734,
        437.51136363636357,
        437.9,
        438.0090909090908,
        438.0568181818182,
        438.18636363636375,
        438.16590909090917,
        438.1386363636365,
        438.18636363636375,
        438.20000000000005,
        437.0545454545456,
        438.20000000000005,
        438.20000000000005,
        438.11136363636365,
        438.1522727272728,
        438.1522727272728,
        438.20000000000005,
        438.16590909090917,
        438.04318181818195,
        438.084090909091,
        438.11136363636365,
        436.8704545454546,
        438.2,
        437.14318181818186,
        438.38409090909096,
        436.23636363636365,
        437.27272727272725,
        438.45909090909095,
        438.47272727272724,
        438.44545454545454,
        438.45227272727277,
        438.5,
        438.4795454545454,
        438.5,
        438.4795454545454,
        438.39090909090913,
        438.5,
        438.45227272727277,
        438.46590909090907,
        438.43863636363636,
        438.38409090909096,
        438.47272727272724,
        438.45227272727277,
        437.32727272727266,
        438.5,
        437.17727272727274,
        438.5,
        437.43636363636364,
        438.48636363636365,
        438.46590909090907,
        438.5,
        438.4113636363636,
        438.5,
        438.5,
        438.4931818181818,
        437.42954545454546,
        438.45227272727277,
        437.19772727272726,
        438.5,
        438.48636363636365,
        438.5,
        438.46590909090907,
        438.5,
        438.3363636363636,
        438.5,
        438.5,
        438.46590909090907,
        437.34090909090907,
        438.44545454545454,
        438.5,
        438.275,
        438.425,
        438.5,
        438.5,
        438.5,
        438.39090909090913,
        438.46590909090907,
        438.45227272727277,
        438.39090909090913,
        438.4931818181818,
        438.35,
        438.47272727272724,
        437.3818181818182,
        438.5,
        438.5,
        438.45909090909095,
        438.5,
        437.40227272727276,
        438.5,
        438.5,
        438.43863636363636,
        437.41590909090905,
        438.4113636363636,
        438.5,
        438.5,
        438.37045454545455,
        438.5,
        437.334090909091,
        437.45
      ],
      "median": [
        434.75,
        435.725,
        436.7,
        437.9,
        437.9,
        437.9,
        438.2,
        438.2,
        438.2,
        438.2,
        438.2,
        438.2,
        438.2,
        438.2,
        438.2,
        438.2,
        438.2,
        438.2,
        438.2,
        438.2,
        438.2,
        438.2,
        438.2,
        438.2,
        438.2,
        438.2,
        438.5,
        438.5,
        438.5,
        438.5,
        438.5,
        438.5,
        438.5,
        438.5,
        438.5,
        438.5,
        438.5,
        438.5,
        438.5,
        438.5,
        438.5,
        438.5,
        438.5,
        438.5,
        438.5,
        438.5,
        438.5,
        438.5,
        438.5,
        438.5,
        438.5,
        438.5,
        438.5,
        438.5,
        438.5,
        438.5,
        438.5,
        438.5,
        438.5,
        438.5,
        438.5,
        438.5,
        438.5,
        438.5,
        438.5,
        438.5,
        438.5,
        438.5,
        438.5,
        438.5,
        438.5,
        438.5,
        438.5,
        438.5,
        438.5,
        438.5,
        438.5,
        438.5,
        438.5,
        438.5,
        438.5,
        438.5,
        438.5,
        438.5,
        438.5,
        438.5,
        438.5,
        438.5,
        438.5,
        438.5,
        438.5,
        438.5,
        438.5,
        438.5,
        438.5,
        438.5,
        438.5,
        438.5,
        438.5,
        438.5,
        438.5
      ]
    }
  },
  "per_generation": [
    {
      "gen": 0.0,
      "best": 437.9,
      "mean": 427.6999999999999,
      "median": 434.75
    },
    {
      "gen": 1.0,
      "best": 437.9,
      "mean": 435.79999999999995,
      "median": 435.725
    },
    {
      "gen": 2.0,
      "best": 438.2,
      "mean": 436.67272727272734,
      "median": 436.7
    },
    {
      "gen": 3.0,
      "best": 438.2,
      "mean": 437.51136363636357,
      "median": 437.9
    },
    {
      "gen": 4.0,
      "best": 438.2,
      "mean": 437.9,
      "median": 437.9
    },
    {
      "gen": 5.0,
      "best": 438.2,
      "mean": 438.0090909090908,
      "median": 437.9
    },
    {
      "gen": 6.0,
      "best": 438.2,
      "mean": 438.0568181818182,
      "median": 438.2
    },
    {
      "gen": 7.0,