{
  "algo": "generic",
  "hparams": {
    "generations": 100,
    "popsize": 22,
    "fix_last_gene": true,
    "seed": 606,
    "verbosity": 1,
    "log_every": 1,
    "evals_cap": 10000,
    "cxpb": 0.4807090136573041,
    "mutpb": 0.4240910854740177,
    "mutation_rate": 0.17038574183835015
  },
  "metrics": {
    "best_final": 438.65,
    "auc_best": 43856.45000000008,
    "auc_best_norm": 438.56450000000075,
    "runtime_sec": 58.138795137405396,
    "evals_total": 1546,
    "budget_triggered": false,
    "stop_reason": "None"
  },
  "diagnostics": {
    "best": {
      "start": 436.55,
      "end": 438.65,
      "delta_abs": 2.099999999999966,
      "delta_rel": 0.004810445538884356,
      "max_val": 438.65,
      "argmax": 6,
      "auc_raw": 43856.45000000008,
      "auc_norm": 438.56450000000075
    },
    "mean": {
      "start": 423.7181818181818,
      "end": 437.20454545454544,
      "delta_abs": 13.486363636363649,
      "delta_rel": 0.0318286167907486,
      "max_val": 438.25454545454545,
      "argmax": 20,
      "auc_raw": 43635.077272727285,
      "auc_norm": 436.35077272727284
    },
    "median": {
      "start": 423.95,
      "end": 438.65,
      "delta_abs": 14.699999999999989,
      "delta_rel": 0.034673900224083,
      "max_val": 438.65,
      "argmax": 11,
      "auc_raw": 43827.05000000001,
      "auc_norm": 438.2705000000001
    }
  },
  "genomes": {
    "best_genome": [
      0,
      1,
      1,
      1,
      0,
      1,
      1,
      1,
      0,
      1,
      0,
      0,
      0,
      1,
      1,
      0,
      0,
      0,
      0,
      0,
      0,
      0,
      0,
      0,
      0,
      0,
      0,
      0,
      0,
      0,
      0,
      0,
      1
    ],
    "all_best_genomes": null
  },
  "raw": {
    "curves": {
      "best": [
        436.55,
        436.55,
        436.85,
        437.0,
        437.45,
        437.9,
        438.65,
        438.65,
        438.65,
        438.65,
        438.65,
        438.65,
        438.65,
        438.65,
        438.65,
        438.65,
        438.65,
        438.65,
        438.65,
        438.65,
        438.65,
        438.65,
        438.65,
        438.65,
        438.65,
        438.65,
        438.65,
        438.65,
        438.65,
        438.65,
        438.65,
        438.65,
        438.65,
        438.65,
        438.65,
        438.65,
        438.65,
        438.65,
        438.65,
        438.65,
        438.65,
        438.65,
        438.65,
        438.65,
        438.65,
        438.65,
        438.65,
        438.65,
        438.65,
        438.65,
        438.65,
        438.65,
        438.65,
        438.65,
        438.65,
        438.65,
        438.65,
        438.65,
        438.65,
        438.65,
        438.65,
        438.65,
        438.65,
        438.65,
        438.65,
        438.65,
        438.65,
        438.65,
        438.65,
        438.65,
        438.65,
        438.65,
        438.65,
        438.65,
        438.65,
        438.65,
        438.65,
        438.65,
        438.65,
        438.65,
        438.65,
        438.65,
        438.65,
        438.65,
        438.65,
        438.65,
        438.65,
        438.65,
        438.65,
        438.65,
        438.65,
        438.65,
        438.65,
        438.65,
        438.65,
        438.65,
        438.65,
        438.65,
        438.65,
        438.65,
        438.65
      ],
      "mean": [
        423.7181818181818,
        434.29318181818184,
        433.72045454545446,
        434.25227272727267,
        436.45454545454544,
        436.79545454545456,
        435.9568181818182,
        437.375,
        435.534090909091,
        437.94772727272726,
        438.015909090909,
        438.13181818181806,
        436.18863636363636,
        435.07045454545454,
        437.1295454545453,
        435.125,
        433.775,
        437.04772727272723,
        437.34090909090907,
        436.06590909090903,
        438.25454545454545,
        436.80909090909086,
        438.17272727272723,
        435.9227272727272,
        436.35909090909087,
        434.9204545454546,
        436.99999999999994,
        436.7886363636363,
        437.19090909090914,
        437.23863636363626,
        437.3204545454544,
        435.2340909090908,
        436.106818181818,
        436.1681818181818,
        435.7181818181818,
        435.51363636363635,
        436.8977272727272,
        437.84545454545446,
        438.21363636363634,
        435.7863636363636,
        433.84999999999997,
        438.2204545454546,
        437.0681818181818,
        436.92499999999995,
        435.83409090909083,
        435.9363636363636,
        434.62045454545444,
        437.2045454545454,
        436.19545454545454,
        434.9545454545454,
        437.22499999999997,
        438.2136363636362,
        437.1431818181818,
        435.9295454545454,
        435.9840909090908,
        435.97045454545446,
        437.79772727272734,
        438.0363636363636,
        434.4363636363636,
        435.67045454545445,
        436.71363636363634,
        433.61818181818177,
        438.10454545454536,
        438.1590909090908,
        434.80454545454535,
        436.93863636363625,
        438.20681818181816,
        436.10681818181814,
        436.0318181818182,
        437.340909090909,
        434.92727272727274,
        438.090909090909,
        437.0340909090908,
        434.9477272727272,
        435.99090909090904,
        434.74999999999994,
        436.025,
        434.9613636363636,
        434.74318181818177,
        436.14772727272725,
        436.97954545454536,
        437.340909090909,
        435.9977272727272,
        436.94545454545454,
        436.78181818181815,
        436.88409090909084,
        437.1636363636363,
        435.00227272727267,
        435.9636363636362,
        437.01363636363635,
        434.84545454545446,
        435.840909090909,
        437.1977272727272,
        438.1113636363635,
        437.8181818181818,
        438.11818181818177,
        435.08409090909083,
        436.85,
        437.11590909090904,
        437.02045454545447,
        437.20454545454544
      ],
      "median": [
        423.95,
        435.35,
        435.875,
        436.4,
        436.54999999999995,
        437.075,
        437.3,
        437.45,
        437.825,
        438.05,
        438.20000000000005,
        438.65,
        438.65,
        438.65,
        438.65,
        438.65,
        438.5,
        438.65,
        438.65,
        438.65,
        438.65,
        438.65,
        438.65,
        438.65,
        438.65,
        438.5,
        438.5,
        438.65,
        438.65,
        438.65,
        438.65,
        438.65,
        438.65,
        438.65,
        438.35,
        437.825,
        438.04999999999995,
        438.04999999999995,
        438.65,
        438.65,
        438.425,
        438.65,
        438.65,
        438.42499999999995,
        438.275,
        438.5,
        438.275,
        438.65,
        438.65,
        438.65,
        438.65,
        438.65,
        438.65,
        438.42499999999995,
        438.65,
        438.65,
        437.975,
        438.35,
        437.225,
        437.825,
        437.75,
        437.75,
        438.275,
        438.65,
        438.275,
        438.65,
        438.65,
        438.65,
        438.35,
        438.65,
        438.65,
        438.65,
        438.65,
        438.65,
        438.65,
        438.275,
        438.35,
        438.65,
        438.65,
        438.65,
        438.5,
        438.65,
        438.65,
        438.2,
        438.5,
        438.35,
        438.65,
        438.65,
        438.42499999999995,
        438.65,
        438.35,
        438.05,
        438.65,
        438.65,
        438.65,
        438.575,
        438.5,
        438.125,
        438.575,
        438.575,
        438.65
      ]
    }
  },
  "per_generation": [
    {
      "gen": 0.0,
      "best": 436.55,