{
  "algo": "generic",
  "hparams": {
    "generations": 100,
    "popsize": 22,
    "fix_last_gene": true,
    "seed": 101,
    "verbosity": 1,
    "log_every": 1,
    "evals_cap": 10000,
    "cxpb": 0.38677349180088255,
    "mutpb": 0.3731336809078958,
    "mutation_rate": 0.05167183146805533
  },
  "metrics": {
    "best_final": 438.65,
    "auc_best": 43860.87500000008,
    "auc_best_norm": 438.6087500000008,
    "runtime_sec": 52.06086850166321,
    "evals_total": 1380,
    "budget_triggered": false,
    "stop_reason": "None"
  },
  "diagnostics": {
    "best": {
      "start": 436.7,
      "end": 438.65,
      "delta_abs": 1.9499999999999886,
      "delta_rel": 0.004465307991756329,
      "max_val": 438.65,
      "argmax": 7,
      "auc_raw": 43860.87500000008,
      "auc_norm": 438.6087500000008
    },
    "mean": {
      "start": 420.5,
      "end": 437.45681818181816,
      "delta_abs": 16.956818181818164,
      "delta_rel": 0.040325370230245336,
      "max_val": 438.6295454545454,
      "argmax": 94,
      "auc_raw": 43783.53295454545,
      "auc_norm": 437.8353295454545
    },
    "median": {
      "start": 413.15,
      "end": 438.65,
      "delta_abs": 25.5,
      "delta_rel": 0.06172092460365485,
      "max_val": 438.65,
      "argmax": 9,
      "auc_raw": 43841.75000000008,
      "auc_norm": 438.4175000000008
    }
  },
  "genomes": {
    "best_genome": [
      0,
      0,
      1,
      0,
      0,
      1,
      1,
      1,
      0,
      0,
      0,
      1,
      1,
      0,
      1,
      0,
      0,
      0,
      0,
      0,
      0,
      0,
      0,
      0,
      0,
      0,
      0,
      0,
      0,
      0,
      0,
      0,
      1
    ],
    "all_best_genomes": null
  },
  "raw": {
    "curves": {
      "best": [
        436.7,
        437.75,
        437.9,
        438.2,
        438.2,
        438.35,
        438.35,
        438.65,
        438.65,
        438.65,
        438.65,
        438.65,
        438.65,
        438.65,
        438.65,
        438.65,
        438.65,
        438.65,
        438.65,
        438.65,
        438.65,
        438.65,
        438.65,
        438.65,
        438.65,
        438.65,
        438.65,
        438.65,
        438.65,
        438.65,
        438.65,
        438.65,
        438.65,
        438.65,
        438.65,
        438.65,
        438.65,
        438.65,
        438.65,
        438.65,
        438.65,
        438.65,
        438.65,
        438.65,
        438.65,
        438.65,
        438.65,
        438.65,
        438.65,
        438.65,
        438.65,
        438.65,
        438.65,
        438.65,
        438.65,
        438.65,
        438.65,
        438.65,
        438.65,
        438.65,
        438.65,
        438.65,
        438.65,
        438.65,
        438.65,
        438.65,
        438.65,
        438.65,
        438.65,
        438.65,
        438.65,
        438.65,
        438.65,
        438.65,
        438.65,
        438.65,
        438.65,
        438.65,
        438.65,
        438.65,
        438.65,
        438.65,
        438.65,
        438.65,
        438.65,
        438.65,
        438.65,
        438.65,
        438.65,
        438.65,
        438.65,
        438.65,
        438.65,
        438.65,
        438.65,
        438.65,
        438.65,
        438.65,
        438.65,
        438.65,
        438.65
      ],
      "mean": [
        420.5,
        434.5863636363637,
        436.35227272727275,
        435.840909090909,
        437.34772727272724,
        437.81136363636375,
        438.10454545454553,
        437.0954545454546,
        438.35,
        438.39772727272725,
        438.49999999999994,
        438.5204545454544,
        438.5068181818182,
        438.58181818181805,
        438.5545454545454,
        438.59545454545446,
        438.4795454545454,
        438.37727272727267,
        438.5477272727272,
        438.5749999999999,
        436.515909090909,
        438.5749999999999,
        436.4545454545454,
        438.42499999999995,
        438.38409090909084,
        437.4704545454546,
        438.42499999999995,
        437.49090909090904,
        438.43863636363625,
        437.4363636363636,
        438.49318181818177,
        438.51363636363624,
        438.4795454545454,
        438.49318181818177,
        437.490909090909,
        437.4363636363636,
        438.47954545454536,
        438.59545454545446,
        438.49999999999994,
        437.4499999999999,
        438.54090909090905,
        438.49318181818177,
        438.5340909090908,
        437.5045454545454,
        438.5545454545454,
        436.40681818181815,
        438.52727272727265,
        438.51363636363635,
        437.5386363636362,
        437.47727272727263,
        438.45909090909083,
        437.37499999999994,
        437.45,
        438.5749999999999,
        438.45909090909083,
        438.59545454545446,
        437.44318181818176,
        438.6227272727272,
        435.4863636363636,
        438.53409090909093,
        438.5886363636364,
        438.47954545454536,
        438.5204545454544,
        438.5613636363636,
        437.58636363636356,
        438.56818181818176,
        437.3613636363636,
        438.575,
        438.45909090909083,
        437.47045454545446,
        438.54772727272723,
        437.3613636363636,
        437.38863636363635,
        437.3818181818182,
        436.48181818181814,
        436.3045454545454,
        438.2545454545454,
        438.55454545454535,
        437.47727272727263,
        437.38863636363624,
        438.575,
        437.5386363636363,
        438.3977272727272,
        436.3386363636364,
        438.55454545454535,
        438.615909090909,
        438.58181818181805,
        437.4636363636362,
        438.540909090909,
        438.5477272727272,
        437.49090909090904,
        438.43863636363625,
        437.40227272727265,
        436.37272727272716,
        438.6295454545454,
        438.29545454545456,
        436.2977272727272,
        438.54772727272723,
        438.43863636363625,
        438.4113636363636,
        437.45681818181816
      ],
      "median": [
        413.15,
        435.575,
        436.475,
        436.85,
        437.15,
        437.9,
        438.2,
        438.2,
        438.35,
        438.65,
        438.65,
        438.65,
        438.65,
        438.65,
        438.65,
        438.65,
        438.65,
        438.65,
        438.65,
        438.65,
        438.65,
        438.65,
        438.65,
        438.65,
        438.65,
        438.65,
        438.65,
        438.65,
        438.65,
        438.65,
        438.65,
        438.65,
        438.65,
        438.65,
        438.65,
        438.65,
        438.65,
        438.65,
        438.65,
        438.65,
        438.65,
        438.65,
        438.65,
        438.65,
        438.65,
        438.65,
        438.65,
        438.65,
        438.65,
        438.65,
        438.65,
        438.65,
        438.65,
        438.65,
        438.65,
        438.65,
        438.65,
        438.65,
        438.65,
        438.65,
        438.65,
        438.65,
        438.65,
        438.65,
        438.65,
        438.65,
        438.65,
        438.65,
        438.65,
        438.65,
        438.65,
        438.65,
        438.65,
        438.65,
        438.65,
        438.65,
        438.65,
        438.65,
        438.65,
        438.65,
        438.65,
        438.65,
        438.65,
        438.65,
        438.65,
        438.65,
        438.65,
        438.65,
        438.65,
        438.65,
        438.65,
        438.65,
        438.65,
        438.65,
        438.65,
        438.65,
        438.65,
        438.65,
        438.65,
        438.65,
        438.65
      ]
    }
  },
  "per_generation": [
    {
      "gen": 0.0,
      "best": 436.7,
      "mean": 420.5,
      "median": 413.15
    },
    {
      "gen": 1.0,
      "best": 437.75,
      "mean": 434.5863636363637,