{
  "algo": "generic",
  "hparams": {
    "generations": 100,
    "popsize": 22,
    "fix_last_gene": true,
    "seed": 1001,
    "verbosity": 1,
    "log_every": 1,
    "evals_cap": 10000,
    "cxpb": 0.13541142584857507,
    "mutpb": 0.3315439721218051,
    "mutation_rate": 0.10245871867120601
  },
  "metrics": {
    "best_final": 438.65,
    "auc_best": 43855.92500000009,
    "auc_best_norm": 438.55925000000093,
    "runtime_sec": 41.722973585128784,
    "evals_total": 967,
    "budget_triggered": false,
    "stop_reason": "None"
  },
  "diagnostics": {
    "best": {
      "start": 437.9,
      "end": 438.65,
      "delta_abs": 0.75,
      "delta_rel": 0.001712719799040877,
      "max_val": 438.65,
      "argmax": 29,
      "auc_raw": 43855.92500000009,
      "auc_norm": 438.55925000000093
    },
    "mean": {
      "start": 427.6999999999999,
      "end": 437.4363636363636,
      "delta_abs": 9.736363636363706,
      "delta_rel": 0.02276446957298038,
      "max_val": 438.56818181818176,
      "argmax": 73,
      "auc_raw": 43747.86363636363,
      "auc_norm": 437.4786363636363
    },
    "median": {
      "start": 434.75,
      "end": 438.65,
      "delta_abs": 3.8999999999999773,
      "delta_rel": 0.008970672800459982,
      "max_val": 438.65,
      "argmax": 31,
      "auc_raw": 43847.75000000009,
      "auc_norm": 438.4775000000009
    }
  },
  "genomes": {
    "best_genome": [
      0,
      1,
      0,
      0,
      0,
      1,
      0,
      1,
      0,
      0,
      0,
      1,
      1,
      1,
      0,
      0,
      0,
      0,
      0,
      0,
      0,
      0,
      0,
      0,
      0,
      0,
      0,
      0,
      0,
      0,
      0,
      0,
      1
    ],
    "all_best_genomes": null
  },
  "raw": {
    "curves": {
      "best": [
        437.9,
        437.9,
        437.9,
        438.05,
        438.2,
        438.2,
        438.2,
        438.35,
        438.35,
        438.35,
        438.35,
        438.35,
        438.35,
        438.35,
        438.35,
        438.35,
        438.35,
        438.35,
        438.35,
        438.35,
        438.5,
        438.5,
        438.5,
        438.5,
        438.5,
        438.5,
        438.5,
        438.5,
        438.5,
        438.65,
        438.65,
        438.65,
        438.65,
        438.65,
        438.65,
        438.65,
        438.65,
        438.65,
        438.65,
        438.65,
        438.65,
        438.65,
        438.65,
        438.65,
        438.65,
        438.65,
        438.65,
        438.65,
        438.65,
        438.65,
        438.65,
        438.65,
        438.65,
        438.65,
        438.65,
        438.65,
        438.65,
        438.65,
        438.65,
        438.65,
        438.65,
        438.65,
        438.65,
        438.65,
        438.65,
        438.65,
        438.65,
        438.65,
        438.65,
        438.65,
        438.65,
        438.65,
        438.65,
        438.65,
        438.65,
        438.65,
        438.65,
        438.65,
        438.65,
        438.65,
        438.65,
        438.65,
        438.65,
        438.65,
        438.65,
        438.65,
        438.65,
        438.65,
        438.65,
        438.65,
        438.65,
        438.65,
        438.65,
        438.65,
        438.65,
        438.65,
        438.65,
        438.65,
        438.65,
        438.65,
        438.65
      ],
      "mean": [
        427.6999999999999,
        434.6818181818182,
        436.57727272727266,
        437.25227272727267,
        436.44772727272726,
        435.59545454545463,
        437.92045454545445,
        435.86818181818177,
        436.87045454545455,
        434.53863636363644,
        435.77954545454554,
        437.13636363636374,
        437.2113636363638,
        438.17954545454546,
        438.20000000000005,
        436.87727272727284,
        437.1227272727274,
        437.98181818181826,
        437.1022727272729,
        436.8977272727272,
        438.2272727272728,
        437.1909090909092,
        438.40454545454554,
        437.19772727272726,
        434.92727272727274,
        436.1068181818182,
        437.24545454545455,
        438.3772727272728,
        436.0386363636364,
        438.35,
        438.41818181818184,
        437.3272727272726,
        438.4727272727272,
        437.45681818181805,
        438.42499999999995,
        437.24545454545444,
        438.3295454545454,
        436.92499999999995,
        437.14318181818186,
        438.30909090909086,
        438.47272727272724,
        437.1363636363636,
        438.50681818181806,
        437.38863636363635,
        437.4636363636362,
        438.23409090909087,
        438.3363636363636,
        437.225,
        438.44545454545454,
        437.415909090909,
        438.41818181818167,
        437.5045454545453,
        437.37499999999994,
        436.35909090909087,
        438.29545454545445,
        438.49999999999994,
        437.20454545454544,
        438.41136363636355,
        438.41818181818167,
        436.20909090909083,
        437.23863636363626,
        437.33409090909083,
        437.38863636363635,
        435.33636363636356,
        438.40454545454537,
        438.4318181818182,
        438.51363636363624,
        437.29999999999995,
        438.35681818181814,
        438.35681818181814,
        438.49999999999994,
        438.21363636363634,
        438.45909090909083,
        438.56818181818176,
        437.38863636363624,
        438.30909090909086,
        437.44318181818176,
        437.565909090909,
        438.37727272727267,
        438.43863636363636,
        438.50681818181806,
        437.25227272727267,
        438.3431818181817,
        438.42499999999995,
        437.33409090909083,
        437.02045454545447,
        437.29318181818167,
        437.33409090909083,
        438.33636363636356,
        437.50454545454545,
        437.54545454545445,
        437.38863636363624,
        438.50681818181806,
        436.31136363636364,
        436.38636363636357,
        437.44318181818176,
        438.5204545454544,
        438.52727272727265,
        437.3477272727272,
        438.36363636363626,
        437.4363636363636
      ],
      "median": [
        434.75,
        435.5,
        436.85,
        437.525,
        437.9,
        437.9,
        438.05,
        438.05,
        438.2,
        438.2,
        438.2,
        438.35,
        438.35,
        438.35,
        438.35,
        438.35,
        438.35,
        438.35,
        438.35,
        438.35,
        438.35,
        438.35,
        438.5,
        438.5,
        438.425,
        438.5,
        438.5,
        438.5,
        438.5,
        438.5,
        438.5,
        438.65,
        438.65,
        438.65,
        438.65,
        438.65,
        438.65,
        438.35,
        438.65,
        438.65,
        438.65,
        438.5,
        438.65,
        438.65,
        438.65,
        438.65,
        438.65,
        438.65,
        438.65,
        438.65,
        438.65,
        438.65,
        438.65,
        438.65,
        438.65,
        438.65,
        438.65,
        438.65,
        438.65,
        438.65,
        438.65,
        438.65,
        438.65,
        438.65,
        438.65,
        438.65,
        438.65,
        438.65,
        438.65,
        438.65,
        438.65,
        438.65,
        438.65,
        438.65,
        438.65,
        438.65,
        438.65,
        438.65,
        438.65,
        438.65,
        438.65,
        438.65,
        438.65,
        438.65,
        438.65,
        438.65,
        438.65,
        438.65,
        438.65,
        438.65,
        438.65,
        438.65,
        438.65,
        438.65,
        438.65,
        438.65,
        438.65,
        438.65,
        438.65,
        438.65,
        438.65
      ]
    }
  },
  "per_generation": [
    {
      "gen": 0.0,
      "best": 437.9,
      "mean": 427.6999999999999,
      "median": 434.75
    },
    {
      "gen": 1.0,