{
  "algo": "generic",
  "hparams": {
    "generations": 100,
    "popsize": 22,
    "fix_last_gene": true,
    "seed": 1102,
    "verbosity": 1,
    "log_every": 1,
    "evals_cap": 10000,
    "cxpb": 0.5197868393609221,
    "mutpb": 0.40296511382380756,
    "mutation_rate": 0.18472579899162264
  },
  "metrics": {
    "best_final": 438.65,
    "auc_best": 43854.20000000008,
    "auc_best_norm": 438.54200000000077,
    "runtime_sec": 58.358601570129395,
    "evals_total": 1571,
    "budget_triggered": false,
    "stop_reason": "None"
  },
  "diagnostics": {
    "best": {
      "start": 437.15,
      "end": 438.65,
      "delta_abs": 1.5,
      "delta_rel": 0.0034313164817568343,
      "max_val": 438.65,
      "argmax": 13,
      "auc_raw": 43854.20000000008,
      "auc_norm": 438.54200000000077
    },
    "mean": {
      "start": 422.7295454545454,
      "end": 438.1318181818182,
      "delta_abs": 15.40227272727276,
      "delta_rel": 0.036435287982322755,
      "max_val": 438.47954545454536,
      "argmax": 39,
      "auc_raw": 43634.57613636364,
      "auc_norm": 436.3457613636364
    },
    "median": {
      "start": 413.67499999999995,
      "end": 438.65,
      "delta_abs": 24.975000000000023,
      "delta_rel": 0.060373481597872786,
      "max_val": 438.65,
      "argmax": 16,
      "auc_raw": 43826.78750000005,
      "auc_norm": 438.2678750000005
    }
  },
  "genomes": {
    "best_genome": [
      1,
      0,
      1,
      0,
      1,
      0,
      1,
      1,
      0,
      1,
      0,
      0,
      0,
      1,
      0,
      0,
      0,
      0,
      0,
      0,
      0,
      0,
      0,
      0,
      0,
      0,
      0,
      0,
      0,
      0,
      0,
      0,
      1
    ],
    "all_best_genomes": null
  },
  "raw": {
    "curves": {
      "best": [
        437.15,
        437.15,
        437.45,
        437.45,
        437.6,
        437.6,
        437.6,
        437.6,
        437.9,
        437.9,
        438.5,
        438.5,
        438.5,
        438.65,
        438.65,
        438.65,
        438.65,
        438.65,
        438.65,
        438.65,
        438.65,
        438.65,
        438.65,
        438.65,
        438.65,
        438.65,
        438.65,
        438.65,
        438.65,
        438.65,
        438.65,
        438.65,
        438.65,
        438.65,
        438.65,
        438.65,
        438.65,
        438.65,
        438.65,
        438.65,
        438.65,
        438.65,
        438.65,
        438.65,
        438.65,
        438.65,
        438.65,
        438.65,
        438.65,
        438.65,
        438.65,
        438.65,
        438.65,
        438.65,
        438.65,
        438.65,
        438.65,
        438.65,
        438.65,
        438.65,
        438.65,
        438.65,
        438.65,
        438.65,
        438.65,
        438.65,
        438.65,
        438.65,
        438.65,
        438.65,
        438.65,
        438.65,
        438.65,
        438.65,
        438.65,
        438.65,
        438.65,
        438.65,
        438.65,
        438.65,
        438.65,
        438.65,
        438.65,
        438.65,
        438.65,
        438.65,
        438.65,
        438.65,
        438.65,
        438.65,
        438.65,
        438.65,
        438.65,
        438.65,
        438.65,
        438.65,
        438.65,
        438.65,
        438.65,
        438.65,
        438.65
      ],
      "mean": [
        422.7295454545454,
        429.6704545454546,
        432.0500000000001,
        434.7431818181818,
        433.5363636363636,
        435.725,
        435.15227272727276,
        436.31136363636375,
        436.359090909091,
        436.3386363636364,
        436.27727272727276,
        435.41818181818184,
        434.50454545454545,
        435.5954545454546,
        436.79545454545456,
        434.1227272727272,
        438.1590909090908,
        435.0363636363636,
        438.00909090909096,
        436.8227272727272,
        436.97272727272724,
        437.9886363636364,
        437.8727272727272,
        437.06136363636364,
        437.3068181818181,
        436.02499999999986,
        434.90681818181815,
        438.22727272727263,
        438.20681818181816,
        436.74090909090904,
        436.9181818181818,
        437.2795454545454,
        436.25681818181806,
        437.15,
        437.89999999999986,
        437.0,
        434.8931818181818,
        438.22727272727263,
        436.93863636363625,
        438.47954545454536,
        437.38181818181806,
        438.0977272727272,
        438.0227272727272,
        434.99545454545455,
        437.31363636363625,
        436.22954545454536,
        437.29999999999995,
        436.05227272727274,
        437.02045454545447,
        437.08863636363634,
        435.95681818181805,
        438.1727272727272,
        438.2886363636363,
        433.36590909090904,
        438.1863636363636,
        434.77727272727265,
        438.28181818181804,
        435.7727272727272,
        438.26818181818174,
        435.52727272727265,
        434.9681818181817,
        434.9136363636363,
        438.14545454545447,
        435.92954545454546,
        437.15,
        436.28409090909093,
        437.22499999999985,
        437.1636363636362,
        437.4090909090908,
        434.79090909090905,
        436.16136363636355,
        436.0931818181818,
        438.1113636363636,
        435.99772727272716,
        437.24545454545444,
        436.18863636363636,
        436.24999999999994,
        433.0045454545454,
        436.965909090909,
        436.95227272727266,
        436.9795454545454,
        438.24090909090904,
        437.25227272727267,
        435.875,
        433.7204545454544,
        435.86818181818194,
        436.7477272727272,
        436.97272727272724,
        435.96363636363634,
        436.63181818181806,
        438.31590909090903,
        435.88181818181806,
        438.0363636363636,
        434.81818181818176,
        436.0727272727272,
        438.0704545454544,
        434.98181818181814,
        433.8431818181817,
        435.92954545454546,
        437.9136363636363,
        438.1318181818182
      ],
      "median": [
        413.67499999999995,
        435.79999999999995,
        436.25,
        436.925,
        437.0,
        437.15,
        437.45,
        437.45,
        437.6,
        437.6,
        437.6,
        437.6,
        437.75,
        437.825,
        438.2,
        438.5,
        438.65,
        438.575,
        438.35,
        438.35,
        438.35,
        438.65,
        438.275,
        438.65,
        438.65,
        438.65,
        438.65,
        438.65,
        438.65,
        438.125,
        438.65,
        438.65,
        438.65,
        438.65,
        438.65,
        438.275,
        438.65,
        438.65,
        438.65,
        438.65,
        438.65,
        438.65,
        438.65,
        438.65,
        438.65,
        438.65,
        438.65,
        438.65,
        438.65,
        438.65,
        438.65,
        438.65,
        438.65,
        437.825,
        438.65,
        437.9,
        438.65,
        438.575,
        438.65,
        438.2,
        438.65,
        438.575,
        438.5,
        438.575,
        438.65,
        438.65,
        438.65,
        438.65,
        438.65,
        438.275,
        438.65,
        438.65,
        438.65,
        438.125,
        438.65,
        438.65,
        438.65,
        438.65,
        438.575,
        438.5,
        438.425,
        438.65,
        438.65,
        438.65,
        438.575,
        438.35,
        438.65,
        438.65,
        438.65,
        438.65,
        438.65,
        438.65,
        438.65,
        438.5,
        438.65,
        438.65,
        438.65,
        438.575,
        438.575,
        438.65,
        438.65
      ]
    }
  },
  "per_generation": [
    {
      "gen": 0.0,
      "best": 437.15,
      "mean": 422.7295454545454,