{
  "algo": "generic",
  "hparams": {
    "generations": 100,
    "popsize": 22,
    "fix_last_gene": true,
    "seed": 1102,
    "verbosity": 1,
    "log_every": 1,
    "evals_cap": 10000,
    "cxpb": 0.13541142584857507,
    "mutpb": 0.3315439721218051,
    "mutation_rate": 0.10245871867120601
  },
  "metrics": {
    "best_final": 438.65,
    "auc_best": 43859.00000000008,
    "auc_best_norm": 438.5900000000008,
    "runtime_sec": 41.4765830039978,
    "evals_total": 972,
    "budget_triggered": false,
    "stop_reason": "None"
  },
  "diagnostics": {
    "best": {
      "start": 437.15,
      "end": 438.65,
      "delta_abs": 1.5,
      "delta_rel": 0.0034313164817568343,
      "max_val": 438.65,
      "argmax": 15,
      "auc_raw": 43859.00000000008,
      "auc_norm": 438.5900000000008
    },
    "mean": {
      "start": 422.7295454545454,
      "end": 436.35227272727275,
      "delta_abs": 13.622727272727332,
      "delta_rel": 0.032225633195520596,
      "max_val": 438.56818181818176,
      "argmax": 35,
      "auc_raw": 43754.38181818181,
      "auc_norm": 437.54381818181815
    },
    "median": {
      "start": 413.67499999999995,
      "end": 438.65,
      "delta_abs": 24.975000000000023,
      "delta_rel": 0.060373481597872786,
      "max_val": 438.65,
      "argmax": 19,
      "auc_raw": 43840.43750000009,
      "auc_norm": 438.40437500000087
    }
  },
  "genomes": {
    "best_genome": [
      0,
      0,
      0,
      1,
      0,
      1,
      0,
      1,
      1,
      0,
      1,
      1,
      1,
      0,
      0,
      0,
      0,
      0,
      0,
      0,
      0,
      0,
      0,
      0,
      0,
      0,
      0,
      0,
      0,
      0,
      0,
      0,
      1
    ],
    "all_best_genomes": null
  },
  "raw": {
    "curves": {
      "best": [
        437.15,
        437.15,
        437.9,
        437.9,
        438.2,
        438.2,
        438.5,
        438.5,
        438.5,
        438.5,
        438.5,
        438.5,
        438.5,
        438.5,
        438.5,
        438.65,
        438.65,
        438.65,
        438.65,
        438.65,
        438.65,
        438.65,
        438.65,
        438.65,
        438.65,
        438.65,
        438.65,
        438.65,
        438.65,
        438.65,
        438.65,
        438.65,
        438.65,
        438.65,
        438.65,
        438.65,
        438.65,
        438.65,
        438.65,
        438.65,
        438.65,
        438.65,
        438.65,
        438.65,
        438.65,
        438.65,
        438.65,
        438.65,
        438.65,
        438.65,
        438.65,
        438.65,
        438.65,
        438.65,
        438.65,
        438.65,
        438.65,
        438.65,
        438.65,
        438.65,
        438.65,
        438.65,
        438.65,
        438.65,
        438.65,
        438.65,
        438.65,
        438.65,
        438.65,
        438.65,
        438.65,
        438.65,
        438.65,
        438.65,
        438.65,
        438.65,
        438.65,
        438.65,
        438.65,
        438.65,
        438.65,
        438.65,
        438.65,
        438.65,
        438.65,
        438.65,
        438.65,
        438.65,
        438.65,
        438.65,
        438.65,
        438.65,
        438.65,
        438.65,
        438.65,
        438.65,
        438.65,
        438.65,
        438.65,
        438.65,
        438.65
      ],
      "mean": [
        422.7295454545454,
        429.69772727272726,
        436.58409090909083,
        437.14999999999986,
        436.16136363636355,
        436.54999999999995,
        436.82954545454555,
        437.0136363636365,
        438.27500000000003,
        437.17045454545456,
        437.20454545454544,
        438.16590909090905,
        437.9613636363636,
        436.99318181818194,
        438.18636363636364,
        437.09545454545446,
        438.3636363636364,
        437.40227272727276,
        438.39090909090913,
        438.45909090909083,
        436.2772727272726,
        438.3295454545454,
        436.15454545454537,
        438.3295454545454,
        436.48181818181814,
        438.37045454545444,
        438.49318181818177,
        438.3977272727272,
        438.51363636363624,
        438.50681818181806,
        438.42499999999995,
        437.23181818181814,
        438.4863636363636,
        436.4272727272726,
        438.3977272727272,
        438.56818181818176,
        437.38181818181806,
        437.24545454545444,
        438.40454545454537,
        438.465909090909,
        436.1477272727272,
        438.42499999999995,
        438.37727272727267,
        437.38863636363635,
        437.5386363636363,
        437.4636363636362,
        438.5340909090908,
        438.4454545454544,
        437.13636363636357,
        437.33409090909083,
        438.47272727272724,
        436.44090909090903,
        438.43863636363625,
        438.49318181818165,
        437.4363636363636,
        437.34090909090907,
        438.45909090909083,
        438.44545454545454,
        438.47954545454536,
        438.4318181818181,
        437.1840909090908,
        438.51363636363624,
        436.37272727272716,
        436.27045454545447,
        437.33409090909083,
        437.3477272727272,
        437.32045454545454,
        437.31363636363625,
        438.1863636363636,
        438.5068181818182,
        438.4795454545454,
        437.25909090909096,
        438.4318181818181,
        437.36818181818177,
        438.4522727272726,
        437.231818181818,
        438.45227272727266,
        437.47045454545446,
        437.4499999999999,
        438.50681818181806,
        437.36818181818177,
        438.390909090909,
        437.5590909090908,
        438.43863636363625,
        437.23181818181814,
        437.26590909090913,
        438.4113636363636,
        438.2,
        438.40454545454537,
        438.4795454545454,
        437.265909090909,
        436.05909090909086,
        437.2795454545454,
        436.26363636363624,
        438.10454545454536,
        437.1977272727272,
        438.4727272727272,
        437.2795454545454,
        438.49999999999994,
        437.44318181818176,
        436.35227272727275
      ],
      "median": [
        413.67499999999995,
        435.79999999999995,
        436.775,
        437.15,
        437.15,
        437.9,
        437.9,
        438.2,
        438.2,
        438.5,
        438.5,
        438.5,
        438.5,
        438.5,
        438.5,
        438.5,
        438.5,
        438.5,
        438.5,
        438.65,
        438.65,
        438.65,
        438.65,
        438.65,
        438.65,
        438.65,
        438.65,
        438.65,
        438.65,
        438.65,
        438.65,
        438.65,
        438.65,
        438.65,
        438.65,
        438.65,
        438.65,
        438.65,
        438.65,
        438.65,
        438.65,
        438.65,
        438.65,
        438.65,
        438.65,
        438.65,
        438.65,
        438.65,
        438.65,
        438.65,
        438.65,
        438.65,
        438.65,
        438.65,
        438.65,
        438.65,
        438.65,
        438.65,
        438.65,
        438.65,
        438.65,
        438.65,
        438.65,
        438.65,
        438.65,
        438.65,
        438.65,
        438.65,
        438.65,
        438.65,
        438.65,
        438.35,
        438.65,
        438.65,
        438.65,
        438.65,
        438.65,
        438.65,
        438.65,
        438.65,
        438.65,
        438.65,
        438.65,
        438.65,
        438.65,
        438.575,
        438.65,
        438.65,
        438.65,
        438.65,
        438.65,
        438.575,
        438.65,
        438.65,
        438.65,
        438.65,
        438.65,
        438.65,
        438.65,
        438.65,
        438.65
      ]
    }
  },
  "per_generation": [
    {
      "gen": 0.0,
      "best": 437.15,
      "mean": 422.7295454545454,