{
  "algo": "generic",
  "hparams": {
    "generations": 100,
    "popsize": 22,
    "fix_last_gene": true,
    "seed": 707,
    "verbosity": 1,
    "log_every": 1,
    "evals_cap": 10000,
    "cxpb": 0.23546509598812,
    "mutpb": 0.26949370598205596,
    "mutation_rate": 0.07540339598156588
  },
  "metrics": {
    "best_final": 438.65,
    "auc_best": 43851.05000000008,
    "auc_best_norm": 438.51050000000083,
    "runtime_sec": 42.167360067367554,
    "evals_total": 1002,
    "budget_triggered": false,
    "stop_reason": "None"
  },
  "diagnostics": {
    "best": {
      "start": 436.55,
      "end": 438.65,
      "delta_abs": 2.099999999999966,
      "delta_rel": 0.004810445538884356,
      "max_val": 438.65,
      "argmax": 19,
      "auc_raw": 43851.05000000008,
      "auc_norm": 438.51050000000083
    },
    "mean": {
      "start": 427.7886363636363,
      "end": 438.4727272727272,
      "delta_abs": 10.684090909090912,
      "delta_rel": 0.024975162968118296,
      "max_val": 438.63636363636357,
      "argmax": 37,
      "auc_raw": 43776.38749999999,
      "auc_norm": 437.76387499999987
    },
    "median": {
      "start": 434.29999999999995,
      "end": 438.65,
      "delta_abs": 4.350000000000023,
      "delta_rel": 0.010016117890858907,
      "max_val": 438.65,
      "argmax": 23,
      "auc_raw": 43841.450000000084,
      "auc_norm": 438.4145000000008
    }
  },
  "genomes": {
    "best_genome": [
      0,
      0,
      1,
      1,
      1,
      1,
      1,
      0,
      0,
      1,
      0,
      1,
      0,
      1,
      0,
      0,
      0,
      0,
      0,
      0,
      0,
      0,
      0,
      0,
      0,
      0,
      0,
      0,
      0,
      0,
      0,
      0,
      1
    ],
    "all_best_genomes": null
  },
  "raw": {
    "curves": {
      "best": [
        436.55,
        436.55,
        436.55,
        437.0,
        437.45,
        437.45,
        437.45,
        437.75,
        437.9,
        438.2,
        438.5,
        438.5,
        438.5,
        438.5,
        438.5,
        438.5,
        438.5,
        438.5,
        438.5,
        438.65,
        438.65,
        438.65,
        438.65,
        438.65,
        438.65,
        438.65,
        438.65,
        438.65,
        438.65,
        438.65,
        438.65,
        438.65,
        438.65,
        438.65,
        438.65,
        438.65,
        438.65,
        438.65,
        438.65,
        438.65,
        438.65,
        438.65,
        438.65,
        438.65,
        438.65,
        438.65,
        438.65,
        438.65,
        438.65,
        438.65,
        438.65,
        438.65,
        438.65,
        438.65,
        438.65,
        438.65,
        438.65,
        438.65,
        438.65,
        438.65,
        438.65,
        438.65,
        438.65,
        438.65,
        438.65,
        438.65,
        438.65,
        438.65,
        438.65,
        438.65,
        438.65,
        438.65,
        438.65,
        438.65,
        438.65,
        438.65,
        438.65,
        438.65,
        438.65,
        438.65,
        438.65,
        438.65,
        438.65,
        438.65,
        438.65,
        438.65,
        438.65,
        438.65,
        438.65,
        438.65,
        438.65,
        438.65,
        438.65,
        438.65,
        438.65,
        438.65,
        438.65,
        438.65,
        438.65,
        438.65,
        438.65
      ],
      "mean": [
        427.7886363636363,
        435.26818181818186,
        434.84545454545446,
        436.3386363636362,
        436.5977272727272,
        436.95227272727266,
        435.99090909090916,
        437.33409090909095,
        437.4431818181819,
        437.6068181818182,
        437.77727272727276,
        437.92727272727274,
        436.93863636363636,
        437.12954545454556,
        436.1204545454546,
        437.17727272727274,
        437.225,
        437.3954545454546,
        438.30909090909086,
        437.3818181818182,
        438.4318181818182,
        438.4045454545454,
        437.47045454545446,
        438.4454545454544,
        438.4181818181818,
        437.42272727272723,
        438.50681818181806,
        438.50681818181806,
        435.4045454545454,
        438.5545454545454,
        438.5749999999999,
        438.5886363636362,
        438.465909090909,
        437.4977272727272,
        438.4318181818182,
        438.45909090909083,
        437.4977272727272,
        438.63636363636357,
        436.3795454545454,
        437.4499999999999,
        437.28636363636355,
        438.41818181818167,
        437.2931818181818,
        436.2840909090908,
        438.5477272727272,
        437.51136363636357,
        438.52727272727265,
        438.5886363636362,
        438.40454545454537,
        438.52727272727265,
        438.58181818181805,
        436.24999999999994,
        438.47954545454536,
        438.42499999999995,
        438.5613636363636,
        438.4727272727272,
        437.39545454545447,
        438.59545454545446,
        438.58181818181805,
        438.42499999999995,
        438.54772727272723,
        437.51818181818174,
        438.4863636363635,
        438.4522727272726,
        438.31590909090903,
        437.53181818181804,
        438.45909090909083,
        438.49318181818177,
        437.53181818181815,
        437.5522727272726,
        438.52727272727265,
        438.3977272727272,
        437.4704545454544,
        438.4863636363636,
        438.3295454545454,
        438.390909090909,
        438.3431818181818,
        436.4477272727272,
        437.40227272727265,
        438.58181818181805,
        438.63636363636357,
        437.4227272727272,
        438.37727272727267,
        437.4295454545454,
        437.49772727272716,
        438.61590909090904,
        438.615909090909,
        438.51363636363624,
        437.4499999999999,
        436.4272727272726,
        436.4272727272726,
        438.56136363636347,
        438.3295454545454,
        438.4727272727272,
        436.4545454545454,
        438.3977272727272,
        438.465909090909,
        438.5204545454544,
        438.37727272727267,
        438.5340909090908,
        438.4727272727272
      ],
      "median": [
        434.29999999999995,
        435.2,
        436.1,
        436.4,
        436.55,
        437.0,
        437.075,
        437.45,
        437.45,
        437.75,
        437.75,
        437.9,
        438.2,
        438.2,
        438.2,
        438.2,
        438.5,
        438.5,
        438.5,
        438.5,
        438.5,
        438.5,
        438.5,
        438.65,
        438.65,
        438.65,
        438.65,
        438.65,
        438.65,
        438.65,
        438.65,
        438.65,
        438.65,
        438.65,
        438.65,
        438.65,
        438.65,
        438.65,
        438.65,
        438.65,
        438.65,
        438.65,
        438.65,
        438.65,
        438.65,
        438.65,
        438.65,
        438.65,
        438.65,
        438.65,
        438.65,
        438.65,
        438.65,
        438.65,
        438.65,
        438.65,
        438.65,
        438.65,
        438.65,
        438.65,
        438.65,
        438.65,
        438.65,
        438.65,
        438.65,
        438.65,
        438.65,
        438.65,
        438.65,
        438.65,
        438.65,
        438.65,
        438.65,
        438.65,
        438.65,
        438.65,
        438.65,
        438.65,
        438.65,
        438.65,
        438.65,
        438.65,
        438.65,
        438.65,
        438.65,
        438.65,
        438.65,
        438.65,
        438.65,
        438.65,
        438.65,
        438.65,
        438.65,
        438.65,
        438.65,
        438.65,
        438.65,
        438.65,
        438.65,
        438.65,
        438.65
      ]
    }
  },
  "per_generation": [
    {
      "gen": 0.0,
      "best": 436.55,
      "mean": 427.7886363636363,