{
  "algo": "generic",
  "hparams": {
    "generations": 100,
    "popsize": 22,
    "fix_last_gene": true,
    "seed": 303,
    "verbosity": 1,
    "log_every": 1,
    "evals_cap": 10000,
    "cxpb": 0.8506144592706066,
    "mutpb": 0.35161048549519336,
    "mutation_rate": 0.15261712609096198
  },
  "metrics": {
    "best_final": 438.65,
    "auc_best": 43855.55000000008,
    "auc_best_norm": 438.55550000000085,
    "runtime_sec": 60.89510226249695,
    "evals_total": 2016,
    "budget_triggered": false,
    "stop_reason": "None"
  },
  "diagnostics": {
    "best": {
      "start": 436.55,
      "end": 438.65,
      "delta_abs": 2.099999999999966,
      "delta_rel": 0.004810445538884356,
      "max_val": 438.65,
      "argmax": 13,
      "auc_raw": 43855.55000000008,
      "auc_norm": 438.55550000000085
    },
    "mean": {
      "start": 426.45227272727266,
      "end": 438.32954545454544,
      "delta_abs": 11.877272727272782,
      "delta_rel": 0.027851352863743812,
      "max_val": 438.45909090909083,
      "argmax": 85,
      "auc_raw": 43687.12045454545,
      "auc_norm": 436.87120454545453
    },
    "median": {
      "start": 433.85,
      "end": 438.65,
      "delta_abs": 4.7999999999999545,
      "delta_rel": 0.01106373170450606,
      "max_val": 438.65,
      "argmax": 17,
      "auc_raw": 43843.55000000008,
      "auc_norm": 438.43550000000084
    }
  },
  "genomes": {
    "best_genome": [
      1,
      0,
      0,
      1,
      1,
      0,
      1,
      1,
      1,
      1,
      0,
      1,
      1,
      0,
      0,
      0,
      0,
      0,
      0,
      0,
      0,
      0,
      0,
      0,
      0,
      0,
      0,
      0,
      0,
      0,
      0,
      0,
      1
    ],
    "all_best_genomes": null
  },
  "raw": {
    "curves": {
      "best": [
        436.55,
        436.55,
        437.45,
        437.45,
        438.05,
        438.05,
        438.05,
        438.2,
        438.2,
        438.35,
        438.35,
        438.35,
        438.35,
        438.65,
        438.65,
        438.65,
        438.65,
        438.65,
        438.65,
        438.65,
        438.65,
        438.65,
        438.65,
        438.65,
        438.65,
        438.65,
        438.65,
        438.65,
        438.65,
        438.65,
        438.65,
        438.65,
        438.65,
        438.65,
        438.65,
        438.65,
        438.65,
        438.65,
        438.65,
        438.65,
        438.65,
        438.65,
        438.65,
        438.65,
        438.65,
        438.65,
        438.65,
        438.65,
        438.65,
        438.65,
        438.65,
        438.65,
        438.65,
        438.65,
        438.65,
        438.65,
        438.65,
        438.65,
        438.65,
        438.65,
        438.65,
        438.65,
        438.65,
        438.65,
        438.65,
        438.65,
        438.65,
        438.65,
        438.65,
        438.65,
        438.65,
        438.65,
        438.65,
        438.65,
        438.65,
        438.65,
        438.65,
        438.65,
        438.65,
        438.65,
        438.65,
        438.65,
        438.65,
        438.65,
        438.65,
        438.65,
        438.65,
        438.65,
        438.65,
        438.65,
        438.65,
        438.65,
        438.65,
        438.65,
        438.65,
        438.65,
        438.65,
        438.65,
        438.65,
        438.65,
        438.65
      ],
      "mean": [
        426.45227272727266,
        429.98409090909087,
        435.75909090909084,
        436.46818181818185,
        435.58181818181833,
        437.2386363636364,
        435.125,
        436.31136363636364,
        436.5227272727272,
        435.5886363636364,
        437.94772727272726,
        437.75000000000006,
        437.8522727272728,
        435.95000000000005,
        434.8522727272728,
        437.94772727272726,
        438.0022727272726,
        438.13863636363635,
        437.35454545454536,
        437.1636363636363,
        437.3613636363636,
        436.95227272727266,
        438.1045454545454,
        436.0863636363636,
        436.36590909090904,
        436.34545454545446,
        437.3818181818182,
        437.12272727272716,
        435.084090909091,
        436.0727272727272,
        437.10909090909087,
        437.23181818181814,
        438.19318181818176,
        437.10227272727263,
        437.14318181818174,
        438.04318181818184,
        438.13863636363635,
        435.21363636363634,
        437.4704545454544,
        438.06363636363636,
        436.3795454545454,
        437.31363636363636,
        437.19772727272715,
        438.21363636363634,
        434.790909090909,
        437.29999999999995,
        438.1113636363636,
        436.12045454545455,
        437.22499999999997,
        436.99318181818177,
        436.1818181818181,
        432.9227272727272,
        437.51818181818174,
        435.1863636363636,
        437.06818181818176,
        437.14318181818174,
        438.315909090909,
        436.19545454545454,
        438.15227272727265,
        437.08181818181816,
        437.47045454545446,
        436.1954545454544,
        437.31363636363625,
        433.95909090909095,
        437.51136363636357,
        437.2590909090908,
        438.36363636363626,
        438.3431818181817,
        436.0795454545454,
        437.0545454545454,
        438.28181818181804,
        437.25227272727267,
        437.3477272727272,
        436.09999999999997,
        436.1954545454544,
        438.43863636363625,
        436.05227272727274,
        438.15909090909093,
        436.91136363636355,
        438.3090909090908,
        438.4318181818181,
        437.2181818181817,
        437.44318181818176,
        436.4136363636363,
        435.92954545454535,
        438.45909090909083,
        438.1999999999999,
        437.02045454545447,
        436.1613636363636,
        438.24090909090904,
        437.51818181818174,
        437.21136363636356,
        435.87499999999994,
        436.140909090909,
        436.17499999999995,
        436.11363636363626,
        438.28181818181815,
        438.3090909090908,
        437.1227272727272,
        438.3295454545454,
        438.32954545454544
      ],
      "median": [
        433.85,
        435.125,
        435.79999999999995,
        436.55,
        436.925,
        437.15,
        437.45,
        437.525,
        438.05,
        438.05,
        438.2,
        438.2,
        438.2,
        438.35,
        438.275,
        438.2,
        438.35,
        438.65,
        438.65,
        438.65,
        438.65,
        438.35,
        438.35,
        438.65,
        438.65,
        438.65,
        438.65,
        438.65,
        438.575,
        438.65,
        438.65,
        438.65,
        438.65,
        438.65,
        438.65,
        438.65,
        438.65,
        438.65,
        438.65,
        438.65,
        438.65,
        438.65,
        438.65,
        438.65,
        438.65,
        438.65,
        438.65,
        438.65,
        438.65,
        438.65,
        438.65,
        438.65,
        438.65,
        438.65,
        438.65,
        438.65,
        438.65,
        438.65,
        438.65,
        438.65,
        438.65,
        438.65,
        438.65,
        438.575,
        438.65,
        438.65,
        438.65,
        438.65,
        438.65,
        438.5,
        438.65,
        438.65,
        438.65,
        438.65,
        438.65,
        438.65,
        438.65,
        438.65,
        438.575,
        438.65,
        438.65,
        438.65,
        438.65,
        438.65,
        438.575,
        438.65,
        438.65,
        438.65,
        438.65,
        438.65,
        438.65,
        438.65,
        438.65,
        438.65,
        438.65,
        438.65,
        438.65,
        438.65,
        438.65,
        438.65,
        438.65
      ]
    }
  },
  "per_generation": [
    {
      "gen": 0.0,
      "best": 436.55,
      "mean": 426.45227272727266,