{
  "algo": "generic",
  "hparams": {
    "generations": 100,
    "popsize": 22,
    "fix_last_gene": true,
    "seed": 707,
    "verbosity": 1,
    "log_every": 1,
    "evals_cap": 10000,
    "cxpb": 0.7019552758272286,
    "mutpb": 0.2532525248033301,
    "mutation_rate": 0.10903903462742537
  },
  "metrics": {
    "best_final": 438.65,
    "auc_best": 43852.700000000084,
    "auc_best_norm": 438.52700000000084,
    "runtime_sec": 62.45332908630371,
    "evals_total": 1712,
    "budget_triggered": false,
    "stop_reason": "None"
  },
  "diagnostics": {
    "best": {
      "start": 436.55,
      "end": 438.65,
      "delta_abs": 2.099999999999966,
      "delta_rel": 0.004810445538884356,
      "max_val": 438.65,
      "argmax": 19,
      "auc_raw": 43852.700000000084,
      "auc_norm": 438.52700000000084
    },
    "mean": {
      "start": 427.7886363636363,
      "end": 436.0727272727272,
      "delta_abs": 8.284090909090935,
      "delta_rel": 0.01936491576660103,
      "max_val": 438.6295454545454,
      "argmax": 40,
      "auc_raw": 43767.15568181818,
      "auc_norm": 437.6715568181818
    },
    "median": {
      "start": 434.29999999999995,
      "end": 438.65,
      "delta_abs": 4.350000000000023,
      "delta_rel": 0.010016117890858907,
      "max_val": 438.65,
      "argmax": 22,
      "auc_raw": 43843.62500000008,
      "auc_norm": 438.4362500000008
    }
  },
  "genomes": {
    "best_genome": [
      1,
      0,
      1,
      1,
      1,
      0,
      1,
      1,
      1,
      1,
      1,
      0,
      1,
      0,
      1,
      0,
      0,
      0,
      0,
      0,
      0,
      0,
      0,
      0,
      0,
      0,
      0,
      0,
      0,
      0,
      0,
      0,
      1
    ],
    "all_best_genomes": null
  },
  "raw": {
    "curves": {
      "best": [
        436.55,
        436.55,
        437.3,
        437.3,
        438.05,
        438.05,
        438.05,
        438.05,
        438.05,
        438.2,
        438.2,
        438.2,
        438.2,
        438.2,
        438.35,
        438.35,
        438.35,
        438.5,
        438.5,
        438.65,
        438.65,
        438.65,
        438.65,
        438.65,
        438.65,
        438.65,
        438.65,
        438.65,
        438.65,
        438.65,
        438.65,
        438.65,
        438.65,
        438.65,
        438.65,
        438.65,
        438.65,
        438.65,
        438.65,
        438.65,
        438.65,
        438.65,
        438.65,
        438.65,
        438.65,
        438.65,
        438.65,
        438.65,
        438.65,
        438.65,
        438.65,
        438.65,
        438.65,
        438.65,
        438.65,
        438.65,
        438.65,
        438.65,
        438.65,
        438.65,
        438.65,
        438.65,
        438.65,
        438.65,
        438.65,
        438.65,
        438.65,
        438.65,
        438.65,
        438.65,
        438.65,
        438.65,
        438.65,
        438.65,
        438.65,
        438.65,
        438.65,
        438.65,
        438.65,
        438.65,
        438.65,
        438.65,
        438.65,
        438.65,
        438.65,
        438.65,
        438.65,
        438.65,
        438.65,
        438.65,
        438.65,
        438.65,
        438.65,
        438.65,
        438.65,
        438.65,
        438.65,
        438.65,
        438.65,
        438.65,
        438.65
      ],
      "mean": [
        427.7886363636363,
        433.25,
        434.7840909090908,
        436.42727272727274,
        436.9727272727272,
        437.2181818181818,
        437.415909090909,
        436.6863636363636,
        437.9272727272726,
        437.9818181818182,
        436.9181818181818,
        437.0545454545454,
        436.94545454545454,
        437.02727272727276,
        438.0909090909092,
        438.0909090909092,
        438.0636363636364,
        437.1636363636364,
        438.0909090909092,
        438.3704545454546,
        438.38409090909084,
        438.48636363636365,
        438.4454545454544,
        438.31590909090903,
        437.415909090909,
        438.3227272727272,
        438.54772727272723,
        438.49999999999994,
        437.45,
        436.46136363636356,
        437.23181818181814,
        438.42499999999984,
        436.3795454545454,
        438.50681818181806,
        438.56818181818176,
        438.3977272727272,
        438.43863636363636,
        437.4295454545454,
        438.5749999999999,
        438.52727272727265,
        438.6295454545454,
        437.38181818181806,
        437.45681818181816,
        438.6295454545454,
        436.42045454545445,
        436.3454545454544,
        437.51818181818174,
        438.4318181818181,
        438.4795454545454,
        438.56818181818176,
        438.49999999999994,
        437.5522727272726,
        438.59545454545446,
        438.49999999999994,
        437.3954545454544,
        437.5045454545454,
        437.565909090909,
        437.44318181818176,
        437.36818181818177,
        437.33409090909083,
        437.4363636363636,
        436.3386363636362,
        438.44545454545454,
        438.36363636363626,
        437.565909090909,
        438.5613636363636,
        438.5204545454544,
        438.4181818181818,
        437.51818181818174,
        438.4113636363636,
        438.5204545454544,
        438.38409090909084,
        438.5272727272726,
        438.4727272727272,
        437.490909090909,
        437.490909090909,
        438.44545454545454,
        437.21136363636356,
        437.33409090909083,
        438.37727272727267,
        438.5272727272726,
        438.575,
        437.490909090909,
        438.45909090909083,
        438.41136363636355,
        437.25909090909084,
        435.3295454545454,
        436.290909090909,
        438.58181818181805,
        437.3613636363635,
        437.4636363636362,
        438.58863636363634,
        438.51363636363635,
        437.13636363636357,
        438.4113636363636,
        438.35681818181814,
        437.33409090909083,
        438.5545454545454,
        437.42272727272723,
        436.4136363636363,
        436.0727272727272
      ],
      "median": [
        434.29999999999995,
        435.04999999999995,
        435.95,
        436.4,
        437.225,
        437.3,
        437.3,
        438.05,
        438.05,
        438.05,
        438.05,
        438.05,
        438.2,
        438.2,
        438.2,
        438.2,
        438.2,
        438.2,
        438.35,
        438.35,
        438.5,
        438.575,
        438.65,
        438.65,
        438.65,
        438.65,
        438.65,
        438.65,
        438.65,
        438.65,
        438.65,
        438.65,
        438.65,
        438.65,
        438.65,
        438.65,
        438.65,
        438.65,
        438.65,
        438.65,
        438.65,
        438.65,
        438.65,
        438.65,
        438.65,
        438.65,
        438.65,
        438.65,
        438.65,
        438.65,
        438.65,
        438.65,
        438.65,
        438.65,
        438.65,
        438.65,
        438.65,
        438.65,
        438.65,
        438.65,
        438.65,
        438.65,
        438.65,
        438.65,
        438.65,
        438.65,
        438.65,
        438.65,
        438.65,
        438.65,
        438.65,
        438.65,
        438.65,
        438.65,
        438.65,
        438.65,
        438.65,
        438.65,
        438.65,
        438.65,
        438.65,
        438.65,
        438.65,
        438.65,
        438.65,
        438.65,
        438.65,
        438.65,
        438.65,
        438.65,
        438.65,
        438.65,
        438.65,
        438.65,
        438.65,
        438.65,
        438.65,
        438.65,
        438.65,
        438.65,
        438.65
      ]
    }
  },
  "per_generation": [
    {
      "gen": 0.0,
      "best": 436.55,
      "mean": 427.7886363636363,