{
  "algo": "generic",
  "hparams": {
    "generations": 100,
    "popsize": 22,
    "fix_last_gene": true,
    "seed": 1102,
    "verbosity": 1,
    "log_every": 1,
    "evals_cap": 10000,
    "cxpb": 0.822783717065636,
    "mutpb": 0.4686642668620846,
    "mutation_rate": 0.03954069904274447
  },
  "metrics": {
    "best_final": 438.65,
    "auc_best": 43857.50000000008,
    "auc_best_norm": 438.5750000000008,
    "runtime_sec": 61.66232943534851,
    "evals_total": 2031,
    "budget_triggered": false,
    "stop_reason": "None"
  },
  "diagnostics": {
    "best": {
      "start": 437.15,
      "end": 438.65,
      "delta_abs": 1.5,
      "delta_rel": 0.0034313164817568343,
      "max_val": 438.65,
      "argmax": 13,
      "auc_raw": 43857.50000000008,
      "auc_norm": 438.5750000000008
    },
    "mean": {
      "start": 422.7295454545454,
      "end": 436.44772727272715,
      "delta_abs": 13.718181818181733,
      "delta_rel": 0.032451438433126506,
      "max_val": 438.6295454545454,
      "argmax": 21,
      "auc_raw": 43781.313636363644,
      "auc_norm": 437.81313636363643
    },
    "median": {
      "start": 413.67499999999995,
      "end": 438.65,
      "delta_abs": 24.975000000000023,
      "delta_rel": 0.060373481597872786,
      "max_val": 438.65,
      "argmax": 16,
      "auc_raw": 43838.78750000008,
      "auc_norm": 438.3878750000008
    }
  },
  "genomes": {
    "best_genome": [
      1,
      0,
      1,
      0,
      0,
      1,
      0,
      1,
      0,
      1,
      0,
      0,
      1,
      0,
      1,
      0,
      0,
      0,
      0,
      0,
      0,
      0,
      0,
      0,
      0,
      0,
      0,
      0,
      0,
      0,
      0,
      0,
      1
    ],
    "all_best_genomes": null
  },
  "raw": {
    "curves": {
      "best": [
        437.15,
        437.15,
        437.15,
        437.9,
        438.05,
        438.05,
        438.05,
        438.35,
        438.35,
        438.5,
        438.5,
        438.5,
        438.5,
        438.65,
        438.65,
        438.65,
        438.65,
        438.65,
        438.65,
        438.65,
        438.65,
        438.65,
        438.65,
        438.65,
        438.65,
        438.65,
        438.65,
        438.65,
        438.65,
        438.65,
        438.65,
        438.65,
        438.65,
        438.65,
        438.65,
        438.65,
        438.65,
        438.65,
        438.65,
        438.65,
        438.65,
        438.65,
        438.65,
        438.65,
        438.65,
        438.65,
        438.65,
        438.65,
        438.65,
        438.65,
        438.65,
        438.65,
        438.65,
        438.65,
        438.65,
        438.65,
        438.65,
        438.65,
        438.65,
        438.65,
        438.65,
        438.65,
        438.65,
        438.65,
        438.65,
        438.65,
        438.65,
        438.65,
        438.65,
        438.65,
        438.65,
        438.65,
        438.65,
        438.65,
        438.65,
        438.65,
        438.65,
        438.65,
        438.65,
        438.65,
        438.65,
        438.65,
        438.65,
        438.65,
        438.65,
        438.65,
        438.65,
        438.65,
        438.65,
        438.65,
        438.65,
        438.65,
        438.65,
        438.65,
        438.65,
        438.65,
        438.65,
        438.65,
        438.65,
        438.65,
        438.65
      ],
      "mean": [
        422.7295454545454,
        428.54545454545456,
        436.3590909090908,
        434.48409090909087,
        437.2113636363636,
        437.75,
        437.94090909090903,
        436.8431818181818,
        436.9386363636364,
        437.0136363636364,
        437.96818181818185,
        438.2068181818182,
        438.39772727272725,
        438.37045454545455,
        438.4045454545454,
        438.3568181818182,
        438.465909090909,
        437.4499999999999,
        438.51363636363635,
        438.47272727272724,
        438.6090909090908,
        438.6295454545454,
        437.48409090909087,
        437.3477272727272,
        438.51363636363624,
        437.5045454545454,
        438.5886363636362,
        436.33181818181805,
        438.5749999999999,
        438.50681818181806,
        437.49090909090904,
        438.5613636363636,
        436.35227272727263,
        438.615909090909,
        438.51363636363624,
        437.51136363636357,
        438.50681818181806,
        438.49318181818177,
        438.35681818181814,
        438.5340909090908,
        438.575,
        437.3613636363636,
        438.59545454545446,
        435.3977272727272,
        438.52045454545447,
        437.24545454545455,
        438.4795454545454,
        438.5886363636362,
        438.61590909090904,
        438.54772727272723,
        437.5727272727272,
        438.3772727272726,
        438.58181818181805,
        437.43636363636347,
        438.51363636363635,
        438.5749999999999,
        438.4727272727272,
        438.58863636363634,
        437.3613636363635,
        438.5340909090908,
        438.2136363636362,
        437.5181818181818,
        438.58181818181805,
        438.6295454545454,
        438.51363636363624,
        438.4113636363636,
        437.5386363636362,
        438.5749999999999,
        437.46363636363634,
        437.5113636363636,
        438.4522727272726,
        438.5340909090908,
        437.52499999999986,
        438.54772727272723,
        437.49772727272716,
        437.31363636363636,
        437.490909090909,
        437.51136363636357,
        438.4795454545454,
        438.49999999999994,
        438.52727272727265,
        438.6090909090908,
        438.4727272727272,
        436.3590909090908,
        438.6090909090908,
        438.6295454545454,
        437.55227272727274,
        438.59545454545446,
        436.4136363636362,
        437.4363636363636,
        438.24772727272733,
        438.43863636363625,
        438.62272727272716,
        438.50681818181806,
        438.5340909090908,
        438.58181818181816,
        438.5545454545454,
        437.54545454545445,
        437.54545454545445,
        438.4727272727272,
        436.44772727272715
      ],
      "median": [
        413.67499999999995,
        435.05,
        436.55,
        436.55,
        437.15,
        437.9,
        437.975,
        438.05,
        438.05,
        438.2,
        438.35,
        438.35,
        438.5,
        438.5,
        438.5,
        438.5,
        438.65,
        438.65,
        438.65,
        438.65,
        438.65,
        438.65,
        438.65,
        438.65,
        438.65,
        438.65,
        438.65,
        438.65,
        438.65,
        438.65,
        438.65,
        438.65,
        438.65,
        438.65,
        438.65,
        438.65,
        438.65,
        438.65,
        438.65,
        438.65,
        438.65,
        438.65,
        438.65,
        438.65,
        438.65,
        438.575,
        438.65,
        438.65,
        438.65,
        438.65,
        438.65,
        438.65,
        438.65,
        438.65,
        438.65,
        438.65,
        438.65,
        438.65,
        438.65,
        438.65,
        438.65,
        438.65,
        438.65,
        438.65,
        438.65,
        438.65,
        438.65,
        438.65,
        438.65,
        438.65,
        438.65,
        438.65,
        438.65,
        438.65,
        438.65,
        438.65,
        438.65,
        438.65,
        438.65,
        438.65,
        438.65,
        438.65,
        438.65,
        438.65,
        438.65,
        438.65,
        438.65,
        438.65,
        438.65,
        438.65,
        438.575,
        438.65,
        438.65,
        438.65,
        438.65,
        438.65,
        438.65,
        438.65,
        438.65,
        438.65,
        438.65
      ]
    }
  },
  "per_generation": [
    {
      "gen": 0.0,
      "best": 437.15,
      "mean": 422.7295454545454,