{
  "algo": "generic",
  "hparams": {
    "generations": 100,
    "popsize": 22,
    "fix_last_gene": true,
    "seed": 404,
    "verbosity": 1,
    "log_every": 1,
    "evals_cap": 10000,
    "cxpb": 0.3542460200139371,
    "mutpb": 0.02189414012833207,
    "mutation_rate": 0.1905924251456776
  },
  "metrics": {
    "best_final": 438.65,
    "auc_best": 43751.974999999984,
    "auc_best_norm": 437.5197499999998,
    "runtime_sec": 31.0277156829834,
    "evals_total": 842,
    "budget_triggered": false,
    "stop_reason": "None"
  },
  "diagnostics": {
    "best": {
      "start": 437.0,
      "end": 438.65,
      "delta_abs": 1.6499999999999773,
      "delta_rel": 0.0037757437070937696,
      "max_val": 438.65,
      "argmax": 91,
      "auc_raw": 43751.974999999984,
      "auc_norm": 437.5197499999998
    },
    "mean": {
      "start": 423.72499999999997,
      "end": 438.5886363636362,
      "delta_abs": 14.86363636363626,
      "delta_rel": 0.0350784975246593,
      "max_val": 438.64999999999986,
      "argmax": 96,
      "auc_raw": 43722.17272727272,
      "auc_norm": 437.2217272727272
    },
    "median": {
      "start": 424.1,
      "end": 438.65,
      "delta_abs": 14.549999999999955,
      "delta_rel": 0.034307946239094445,
      "max_val": 438.65,
      "argmax": 94,
      "auc_raw": 43739.374999999985,
      "auc_norm": 437.39374999999984
    }
  },
  "genomes": {
    "best_genome": [
      0,
      1,
      0,
      0,
      0,
      0,
      0,
      0,
      1,
      1,
      0,
      1,
      0,
      0,
      1,
      0,
      0,
      0,
      0,
      0,
      0,
      0,
      0,
      0,
      0,
      0,
      0,
      0,
      0,
      0,
      0,
      0,
      1
    ],
    "all_best_genomes": null
  },
  "raw": {
    "curves": {
      "best": [
        437.0,
        437.0,
        437.0,
        437.0,
        437.0,
        437.0,
        437.0,
        437.0,
        437.0,
        437.0,
        437.0,
        437.0,
        437.0,
        437.0,
        437.0,
        437.0,
        437.0,
        437.0,
        437.0,
        437.0,
        437.3,
        437.3,
        437.3,
        437.3,
        437.3,
        437.3,
        437.3,
        437.3,
        437.3,
        437.3,
        437.3,
        437.3,
        437.3,
        437.3,
        437.3,
        437.3,
        437.3,
        437.3,
        437.3,
        437.3,
        437.3,
        437.3,
        437.3,
        437.3,
        437.3,
        437.3,
        437.3,
        437.3,
        437.3,
        437.3,
        437.3,
        437.3,
        437.3,
        437.3,
        437.3,
        437.3,
        437.3,
        437.3,
        437.3,
        437.3,
        437.3,
        437.3,
        437.3,
        437.3,
        437.75,
        437.75,
        437.75,
        437.75,
        437.75,
        437.75,
        437.75,
        437.75,
        437.75,
        437.75,
        437.75,
        437.75,
        437.75,
        437.75,
        437.75,
        437.75,
        437.75,
        437.75,
        437.75,
        437.75,
        437.75,
        437.75,
        437.75,
        438.35,
        438.5,
        438.5,
        438.5,
        438.65,
        438.65,
        438.65,
        438.65,
        438.65,
        438.65,
        438.65,
        438.65,
        438.65,
        438.65
      ],
      "mean": [
        423.72499999999997,
        433.475,
        436.57727272727266,
        436.9318181818182,
        437.0,
        437.0,
        436.91818181818184,
        437.0,
        437.0,
        437.0,
        437.0,
        437.0,
        437.0,
        437.0,
        437.0,
        436.93863636363636,
        436.95227272727277,
        437.0,
        437.0,
        437.0,
        437.01363636363635,
        437.0,
        437.109090909091,
        437.2181818181817,
        437.29999999999995,
        437.29999999999995,
        437.29999999999995,
        437.29999999999995,
        435.03636363636355,
        437.29999999999995,
        437.29999999999995,
        437.23863636363626,
        437.1977272727272,
        436.2363636363635,
        437.27954545454537,
        437.29999999999995,
        437.29999999999995,
        436.1954545454544,
        437.29999999999995,
        437.29999999999995,
        437.29999999999995,
        437.29999999999995,
        437.14318181818174,
        437.1772727272726,
        437.29999999999995,
        437.29999999999995,
        437.29999999999995,
        437.29999999999995,
        436.20909090909083,
        437.29999999999995,
        437.29999999999995,
        437.29999999999995,
        437.29999999999995,
        437.15681818181815,
        437.29999999999995,
        437.29999999999995,
        436.2704545454544,
        437.29999999999995,
        437.29999999999995,
        437.2590909090908,
        437.29999999999995,
        437.1977272727272,
        437.29999999999995,
        437.29999999999995,
        437.25909090909084,
        437.25909090909084,
        437.4295454545454,
        437.62045454545455,
        437.75,
        437.75,
        436.65227272727276,
        437.75,
        437.66136363636366,
        436.65909090909093,
        437.75,
        437.75,
        437.75,
        437.6818181818182,
        436.57045454545454,
        437.75,
        436.57727272727277,
        437.75,
        437.75,
        437.75,
        437.71590909090907,
        437.75,
        437.75,
        436.67954545454546,
        437.85909090909087,
        438.11136363636365,
        438.25454545454545,
        438.4931818181818,
        438.5,
        438.52045454545447,
        438.58181818181805,
        437.49772727272716,
        438.64999999999986,
        438.64999999999986,
        438.64999999999986,
        438.64999999999986,
        438.5886363636362
      ],
      "median": [
        424.1,
        435.125,
        436.925,
        437.0,
        437.0,
        437.0,
        437.0,
        437.0,
        437.0,
        437.0,
        437.0,
        437.0,
        437.0,
        437.0,
        437.0,
        437.0,
        437.0,
        437.0,
        437.0,
        437.0,
        437.0,
        437.0,
        437.0,
        437.3,
        437.3,
        437.3,
        437.3,
        437.3,
        437.3,
        437.3,
        437.3,
        437.3,
        437.3,
        437.3,
        437.3,
        437.3,
        437.3,
        437.3,
        437.3,
        437.3,
        437.3,
        437.3,
        437.3,
        437.3,
        437.3,
        437.3,
        437.3,
        437.3,
        437.3,
        437.3,
        437.3,
        437.3,
        437.3,
        437.3,
        437.3,
        437.3,
        437.3,
        437.3,
        437.3,
        437.3,
        437.3,
        437.3,
        437.3,
        437.3,
        437.3,
        437.3,
        437.3,
        437.75,
        437.75,
        437.75,
        437.75,
        437.75,
        437.75,
        437.75,
        437.75,
        437.75,
        437.75,
        437.75,
        437.75,
        437.75,
        437.75,
        437.75,
        437.75,
        437.75,
        437.75,
        437.75,
        437.75,
        437.75,
        437.75,
        438.35,
        438.5,
        438.5,
        438.5,
        438.5,
        438.65,
        438.65,
        438.65,
        438.65,
        438.65,
        438.65,
        438.65
      ]
    }
  },
  "per_generation": [
    {
      "gen": 0.0,
      "best": 437.0,
      "mean": 423.72499999999997,
      "median": 424.1
    },
    {
      "gen": 1.0,
      "best": 437.0,
      "mean": 433.475,
      "median": 435.125
    },
    {
      "gen": 2.0,
      "best": 437.0,
      "mean": 436.57727272727266,
      "median": 436.925
    },
    {
      "gen": 3.0,
      "best": 437.0,
      "mean": 436.9318181818182,
      "median": 437.0
    },
    {
      "gen": 4.0,
      "best": 437.0,
      "mean": 437.0,
      "median": 437.0
    },
    {
      "gen": 5.0,