{
  "algo": "generic",
  "hparams": {
    "generations": 100,
    "popsize": 22,
    "fix_last_gene": true,
    "seed": 1001,
    "verbosity": 1,
    "log_every": 1,
    "evals_cap": 10000,
    "cxpb": 0.6196668357827032,
    "mutpb": 0.2436424236869603,
    "mutation_rate": 0.19422921964155854
  },
  "metrics": {
    "best_final": 438.65,
    "auc_best": 43858.62500000008,
    "auc_best_norm": 438.5862500000008,
    "runtime_sec": 61.635213136672974,
    "evals_total": 1579,
    "budget_triggered": false,
    "stop_reason": "None"
  },
  "diagnostics": {
    "best": {
      "start": 437.9,
      "end": 438.65,
      "delta_abs": 0.75,
      "delta_rel": 0.001712719799040877,
      "max_val": 438.65,
      "argmax": 19,
      "auc_raw": 43858.62500000008,
      "auc_norm": 438.5862500000008
    },
    "mean": {
      "start": 427.6999999999999,
      "end": 436.24318181818177,
      "delta_abs": 8.543181818181893,
      "delta_rel": 0.019974706144919092,
      "max_val": 438.6295454545453,
      "argmax": 25,
      "auc_raw": 43715.992045454535,
      "auc_norm": 437.15992045454533
    },
    "median": {
      "start": 434.75,
      "end": 438.65,
      "delta_abs": 3.8999999999999773,
      "delta_rel": 0.008970672800459982,
      "max_val": 438.65,
      "argmax": 22,
      "auc_raw": 43849.325000000084,
      "auc_norm": 438.49325000000084
    }
  },
  "genomes": {
    "best_genome": [
      0,
      1,
      1,
      1,
      1,
      0,
      1,
      1,
      1,
      1,
      0,
      0,
      1,
      1,
      0,
      0,
      0,
      0,
      0,
      0,
      0,
      0,
      0,
      0,
      0,
      0,
      0,
      0,
      0,
      0,
      0,
      0,
      1
    ],
    "all_best_genomes": null
  },
  "raw": {
    "curves": {
      "best": [
        437.9,
        437.9,
        437.9,
        437.9,
        437.9,
        438.2,
        438.2,
        438.2,
        438.5,
        438.5,
        438.5,
        438.5,
        438.5,
        438.5,
        438.5,
        438.5,
        438.5,
        438.5,
        438.5,
        438.65,
        438.65,
        438.65,
        438.65,
        438.65,
        438.65,
        438.65,
        438.65,
        438.65,
        438.65,
        438.65,
        438.65,
        438.65,
        438.65,
        438.65,
        438.65,
        438.65,
        438.65,
        438.65,
        438.65,
        438.65,
        438.65,
        438.65,
        438.65,
        438.65,
        438.65,
        438.65,
        438.65,
        438.65,
        438.65,
        438.65,
        438.65,
        438.65,
        438.65,
        438.65,
        438.65,
        438.65,
        438.65,
        438.65,
        438.65,
        438.65,
        438.65,
        438.65,
        438.65,
        438.65,
        438.65,
        438.65,
        438.65,
        438.65,
        438.65,
        438.65,
        438.65,
        438.65,
        438.65,
        438.65,
        438.65,
        438.65,
        438.65,
        438.65,
        438.65,
        438.65,
        438.65,
        438.65,
        438.65,
        438.65,
        438.65,
        438.65,
        438.65,
        438.65,
        438.65,
        438.65,
        438.65,
        438.65,
        438.65,
        438.65,
        438.65,
        438.65,
        438.65,
        438.65,
        438.65,
        438.65,
        438.65
      ],
      "mean": [
        427.6999999999999,
        433.50909090909096,
        436.26363636363635,
        435.8545454545454,
        436.29090909090905,
        437.70909090909083,
        437.7363636363636,
        435.60909090909087,
        436.64545454545447,
        435.73863636363626,
        436.7886363636364,
        438.11136363636365,
        437.04090909090905,
        437.24545454545455,
        436.02500000000003,
        438.1454545454546,
        437.12954545454545,
        436.925,
        436.8636363636364,
        437.94090909090903,
        437.2181818181818,
        438.4113636363636,
        437.42954545454546,
        437.3068181818181,
        437.1227272727272,
        438.6295454545453,
        438.32954545454544,
        434.9613636363636,
        437.33409090909095,
        438.60227272727263,
        437.33409090909083,
        437.23863636363626,
        437.3477272727272,
        438.59545454545446,
        437.3272727272726,
        437.1772727272726,
        437.47045454545446,
        436.19545454545454,
        438.4181818181818,
        438.60227272727263,
        436.15454545454537,
        438.2,
        436.95227272727266,
        437.2727272727272,
        438.3977272727272,
        438.40454545454537,
        438.27499999999986,
        436.95227272727266,
        437.25909090909084,
        437.1636363636363,
        436.09318181818185,
        437.46363636363634,
        437.17045454545445,
        436.34545454545446,
        438.275,
        437.24545454545444,
        438.49999999999994,
        436.2022727272726,
        437.3068181818181,
        437.29999999999995,
        437.490909090909,
        437.21136363636356,
        437.0545454545454,
        438.36363636363626,
        437.15681818181815,
        434.9477272727272,
        435.82727272727266,
        435.7931818181818,
        437.19090909090903,
        437.265909090909,
        438.38409090909084,
        435.22727272727263,
        435.1931818181818,
        436.14772727272725,
        438.59545454545446,
        437.4499999999999,
        438.540909090909,
        435.22045454545446,
        438.315909090909,
        438.13181818181806,
        437.54545454545445,
        437.18409090909086,
        437.1636363636363,
        437.2795454545454,
        437.24545454545444,
        438.1590909090908,
        438.18636363636364,
        437.3613636363636,
        436.2772727272726,
        437.17045454545456,
        438.5340909090908,
        438.4318181818181,
        438.43863636363636,
        436.29772727272723,
        436.08636363636356,
        437.4363636363636,
        436.1477272727272,
        438.42499999999995,
        438.38409090909084,
        437.1977272727272,
        436.24318181818177
      ],
      "median": [
        434.75,
        435.5,
        436.25,
        436.775,
        437.9,
        437.9,
        437.9,
        437.9,
        437.9,
        438.2,
        438.2,
        438.5,
        438.5,
        438.5,
        438.5,
        438.5,
        438.5,
        438.5,
        438.5,
        438.5,
        438.5,
        438.5,
        438.65,
        438.65,
        438.65,
        438.65,
        438.65,
        438.65,
        438.65,
        438.65,
        438.65,
        438.65,
        438.65,
        438.65,
        438.65,
        438.65,
        438.65,
        438.65,
        438.65,
        438.65,
        438.65,
        438.65,
        438.65,
        438.65,
        438.65,
        438.65,
        438.65,
        438.65,
        438.65,
        438.65,
        438.65,
        438.65,
        438.65,
        438.65,
        438.65,
        438.65,
        438.65,
        438.65,
        438.65,
        438.65,
        438.65,
        438.65,
        438.65,
        438.65,
        438.65,
        438.65,
        438.65,
        438.65,
        438.65,
        438.65,
        438.65,
        438.65,
        438.65,
        438.65,
        438.65,
        438.65,
        438.65,
        438.65,
        438.65,
        438.65,
        438.65,
        438.65,
        438.65,
        438.65,
        438.65,
        438.65,
        438.65,
        438.65,
        438.65,
        438.65,
        438.65,
        438.65,
        438.65,
        438.65,
        438.65,
        438.65,
        438.65,
        438.65,
        438.65,
        438.65,
        438.65
      ]
    }
  },
  "per_generation": [
    {
      "gen": 0.0,
      "best": 437.9,
      "mean": 427.6999999999999,
      "median": 434.75
    },
    {
      "gen": 1.0,
      "best": 437.9,