{
  "algo": "generic",
  "hparams": {
    "generations": 100,
    "popsize": 22,
    "fix_last_gene": true,
    "seed": 1001,
    "verbosity": 1,
    "log_every": 1,
    "evals_cap": 10000,
    "cxpb": 0.5132854769829837,
    "mutpb": 0.26117668109389064,
    "mutation_rate": 0.1431393737827989
  },
  "metrics": {
    "best_final": 438.65,
    "auc_best": 43860.12500000008,
    "auc_best_norm": 438.6012500000008,
    "runtime_sec": 57.63756847381592,
    "evals_total": 1468,
    "budget_triggered": false,
    "stop_reason": "None"
  },
  "diagnostics": {
    "best": {
      "start": 437.9,
      "end": 438.65,
      "delta_abs": 0.75,
      "delta_rel": 0.001712719799040877,
      "max_val": 438.65,
      "argmax": 9,
      "auc_raw": 43860.12500000008,
      "auc_norm": 438.6012500000008
    },
    "mean": {
      "start": 427.6999999999999,
      "end": 437.31363636363625,
      "delta_abs": 9.613636363636374,
      "delta_rel": 0.022477522477522507,
      "max_val": 438.59545454545446,
      "argmax": 62,
      "auc_raw": 43725.977272727294,
      "auc_norm": 437.25977272727295
    },
    "median": {
      "start": 434.75,
      "end": 438.65,
      "delta_abs": 3.8999999999999773,
      "delta_rel": 0.008970672800459982,
      "max_val": 438.65,
      "argmax": 13,
      "auc_raw": 43850.75000000008,
      "auc_norm": 438.5075000000008
    }
  },
  "genomes": {
    "best_genome": [
      1,
      1,
      1,
      0,
      1,
      0,
      1,
      0,
      1,
      0,
      0,
      1,
      1,
      1,
      1,
      0,
      0,
      0,
      0,
      0,
      0,
      0,
      0,
      0,
      0,
      0,
      0,
      0,
      0,
      0,
      0,
      0,
      1
    ],
    "all_best_genomes": null
  },
  "raw": {
    "curves": {
      "best": [
        437.9,
        437.9,
        437.9,
        437.9,
        437.9,
        438.2,
        438.2,
        438.2,
        438.5,
        438.65,
        438.65,
        438.65,
        438.65,
        438.65,
        438.65,
        438.65,
        438.65,
        438.65,
        438.65,
        438.65,
        438.65,
        438.65,
        438.65,
        438.65,
        438.65,
        438.65,
        438.65,
        438.65,
        438.65,
        438.65,
        438.65,
        438.65,
        438.65,
        438.65,
        438.65,
        438.65,
        438.65,
        438.65,
        438.65,
        438.65,
        438.65,
        438.65,
        438.65,
        438.65,
        438.65,
        438.65,
        438.65,
        438.65,
        438.65,
        438.65,
        438.65,
        438.65,
        438.65,
        438.65,
        438.65,
        438.65,
        438.65,
        438.65,
        438.65,
        438.65,
        438.65,
        438.65,
        438.65,
        438.65,
        438.65,
        438.65,
        438.65,
        438.65,
        438.65,
        438.65,
        438.65,
        438.65,
        438.65,
        438.65,
        438.65,
        438.65,
        438.65,
        438.65,
        438.65,
        438.65,
        438.65,
        438.65,
        438.65,
        438.65,
        438.65,
        438.65,
        438.65,
        438.65,
        438.65,
        438.65,
        438.65,
        438.65,
        438.65,
        438.65,
        438.65,
        438.65,
        438.65,
        438.65,
        438.65,
        438.65,
        438.65
      ],
      "mean": [
        427.6999999999999,
        432.60909090909087,
        435.13863636363635,
        435.74545454545455,
        437.5931818181818,
        436.62499999999994,
        437.865909090909,
        437.72954545454553,
        435.53409090909093,
        438.17954545454546,
        436.7272727272728,
        436.9045454545454,
        437.2386363636364,
        438.37045454545444,
        437.1295454545454,
        438.4863636363635,
        437.4227272727272,
        437.3477272727272,
        436.39318181818174,
        435.13863636363635,
        438.18636363636347,
        437.47045454545446,
        438.28181818181815,
        438.5545454545454,
        438.4863636363635,
        436.2840909090908,
        438.40454545454537,
        436.2363636363636,
        438.3227272727272,
        436.0590909090908,
        437.42954545454535,
        437.18409090909086,
        438.56818181818176,
        436.13409090909084,
        438.49999999999994,
        438.5340909090908,
        437.24545454545455,
        437.4363636363636,
        438.5545454545454,
        436.27045454545447,
        438.42499999999995,
        435.07727272727266,
        438.54090909090905,
        438.540909090909,
        437.2386363636362,
        437.39545454545447,
        438.24772727272716,
        438.31590909090903,
        438.31590909090903,
        434.1295454545454,
        433.9727272727272,
        438.49318181818177,
        438.3090909090908,
        437.21818181818185,
        438.52727272727265,
        438.51363636363624,
        437.2045454545454,
        438.390909090909,
        436.28409090909093,
        438.3772727272726,
        437.44318181818164,
        438.32954545454544,
        438.59545454545446,
        437.4499999999999,
        436.12727272727267,
        438.41136363636355,
        437.4431818181818,
        436.20909090909083,
        436.2363636363636,
        437.17045454545445,
        437.33409090909083,
        435.37045454545444,
        436.27045454545447,
        438.3977272727272,
        437.31363636363625,
        437.1431818181818,
        438.4181818181818,
        438.3977272727272,
        438.34999999999997,
        437.47045454545446,
        438.315909090909,
        437.4090909090908,
        437.3068181818181,
        434.74999999999994,
        437.4977272727272,
        437.38863636363635,
        438.28181818181815,
        438.390909090909,
        438.52727272727265,
        435.9090909090908,
        438.4863636363635,
        438.3090909090908,
        437.44318181818176,
        437.41590909090905,
        438.4522727272726,
        436.09999999999997,
        436.3249999999999,
        436.06590909090903,
        436.10681818181814,
        437.265909090909,
        437.31363636363625
      ],
      "median": [
        434.75,
        435.2,
        436.1,
        437.0,
        437.9,
        437.9,
        437.9,
        438.2,
        438.2,
        438.2,
        438.2,
        438.2,
        438.5,
        438.65,
        438.65,
        438.65,
        438.65,
        438.65,
        438.65,
        438.65,
        438.65,
        438.65,
        438.65,
        438.65,
        438.65,
        438.65,
        438.65,
        438.65,
        438.65,
        438.65,
        438.65,
        438.65,
        438.65,
        438.65,
        438.65,
        438.65,
        438.65,
        438.65,
        438.65,
        438.65,
        438.65,
        438.65,
        438.65,
        438.65,
        438.65,
        438.65,
        438.65,
        438.65,
        438.65,
        438.65,
        438.65,
        438.65,
        438.65,
        438.65,
        438.65,
        438.65,
        438.65,
        438.65,
        438.65,
        438.65,
        438.65,
        438.65,
        438.65,
        438.65,
        438.65,
        438.65,
        438.65,
        438.65,
        438.65,
        438.65,
        438.65,
        438.65,
        438.65,
        438.65,
        438.65,
        438.65,
        438.65,
        438.65,
        438.65,
        438.65,
        438.65,
        438.65,
        438.65,
        438.65,
        438.65,
        438.65,
        438.65,
        438.65,
        438.65,
        438.65,
        438.65,
        438.65,
        438.65,
        438.65,
        438.65,
        438.65,
        438.65,
        438.65,
        438.65,
        438.65,
        438.65
      ]
    }
  },
  "per_generation": [
    {
      "gen": 0.0,
      "best": 437.9,
      "mean": 427.6999999999999,
      "median": 434.75
    },
    {
      "gen": 1.0,