{
  "algo": "generic",
  "hparams": {
    "generations": 100,
    "popsize": 22,
    "fix_last_gene": true,
    "seed": 606,
    "verbosity": 1,
    "log_every": 1,
    "evals_cap": 10000,
    "cxpb": 0.8748983221702037,
    "mutpb": 0.46320992038893366,
    "mutation_rate": 0.16549383189304193
  },
  "metrics": {
    "best_final": 438.65,
    "auc_best": 43854.65000000008,
    "auc_best_norm": 438.54650000000083,
    "runtime_sec": 96.43715357780457,
    "evals_total": 2064,
    "budget_triggered": false,
    "stop_reason": "None"
  },
  "diagnostics": {
    "best": {
      "start": 436.55,
      "end": 438.65,
      "delta_abs": 2.099999999999966,
      "delta_rel": 0.004810445538884356,
      "max_val": 438.65,
      "argmax": 19,
      "auc_raw": 43854.65000000008,
      "auc_norm": 438.54650000000083
    },
    "mean": {
      "start": 423.7181818181818,
      "end": 436.05909090909086,
      "delta_abs": 12.340909090909065,
      "delta_rel": 0.029125276234203634,
      "max_val": 438.3022727272726,
      "argmax": 47,
      "auc_raw": 43621.38636363636,
      "auc_norm": 436.2138636363636
    },
    "median": {
      "start": 423.95,
      "end": 438.65,
      "delta_abs": 14.699999999999989,
      "delta_rel": 0.034673900224083,
      "max_val": 438.65,
      "argmax": 28,
      "auc_raw": 43814.00000000003,
      "auc_norm": 438.14000000000027
    }
  },
  "genomes": {
    "best_genome": [
      0,
      0,
      0,
      1,
      0,
      1,
      1,
      1,
      1,
      1,
      0,
      0,
      1,
      0,
      0,
      0,
      0,
      0,
      0,
      0,
      0,
      0,
      0,
      0,
      0,
      0,
      0,
      0,
      0,
      0,
      0,
      0,
      1
    ],
    "all_best_genomes": null
  },
  "raw": {
    "curves": {
      "best": [
        436.55,
        436.55,
        436.85,
        437.75,
        438.05,
        438.05,
        438.05,
        438.05,
        438.05,
        438.5,
        438.5,
        438.5,
        438.5,
        438.5,
        438.5,
        438.5,
        438.5,
        438.5,
        438.5,
        438.65,
        438.65,
        438.65,
        438.65,
        438.65,
        438.65,
        438.65,
        438.65,
        438.65,
        438.65,
        438.65,
        438.65,
        438.65,
        438.65,
        438.65,
        438.65,
        438.65,
        438.65,
        438.65,
        438.65,
        438.65,
        438.65,
        438.65,
        438.65,
        438.65,
        438.65,
        438.65,
        438.65,
        438.65,
        438.65,
        438.65,
        438.65,
        438.65,
        438.65,
        438.65,
        438.65,
        438.65,
        438.65,
        438.65,
        438.65,
        438.65,
        438.65,
        438.65,
        438.65,
        438.65,
        438.65,
        438.65,
        438.65,
        438.65,
        438.65,
        438.65,
        438.65,
        438.65,
        438.65,
        438.65,
        438.65,
        438.65,
        438.65,
        438.65,
        438.65,
        438.65,
        438.65,
        438.65,
        438.65,
        438.65,
        438.65,
        438.65,
        438.65,
        438.65,
        438.65,
        438.65,
        438.65,
        438.65,
        438.65,
        438.65,
        438.65,
        438.65,
        438.65,
        438.65,
        438.65,
        438.65,
        438.65
      ],
      "mean": [
        423.7181818181818,
        431.975,
        434.4977272727272,
        436.15454545454537,
        435.66363636363644,
        433.9795454545454,
        436.03181818181815,
        434.8727272727274,
        437.3954545454546,
        435.52727272727265,
        435.58863636363634,
        437.85909090909087,
        433.51590909090913,
        436.8772727272728,
        434.64772727272725,
        436.959090909091,
        436.95227272727266,
        436.1068181818182,
        435.69090909090914,
        436.91818181818184,
        438.07727272727277,
        437.99545454545455,
        438.15909090909093,
        434.79090909090917,
        434.43636363636364,
        437.7295454545454,
        436.87727272727267,
        434.83863636363634,
        438.1727272727272,
        436.9181818181818,
        437.265909090909,
        437.83181818181816,
        437.115909090909,
        435.8477272727272,
        435.92954545454546,
        436.6318181818182,
        435.390909090909,
        435.58863636363634,
        436.58409090909083,
        438.1590909090908,
        435.97045454545446,
        435.9363636363636,
        437.2181818181818,
        435.8818181818182,
        435.69090909090914,
        437.9272727272726,
        437.18409090909086,
        438.3022727272726,
        437.0545454545454,
        435.13863636363635,
        438.07045454545454,
        435.50681818181823,
        435.88863636363635,
        438.00227272727267,
        438.0704545454546,
        436.86363636363626,
        436.8295454545454,
        434.87272727272733,
        436.97272727272724,
        437.76363636363635,
        436.6931818181818,
        433.39318181818186,
        434.7363636363636,
        436.25,
        435.125,
        433.72727272727263,
        438.0977272727272,
        437.1295454545454,
        432.9499999999999,
        434.92045454545445,
        436.67272727272723,
        437.92727272727274,
        436.85,
        435.575,
        438.22727272727275,
        437.01363636363635,
        436.7136363636364,
        437.04772727272723,
        435.06363636363625,
        435.92272727272723,
        437.76363636363624,
        436.93863636363625,
        437.1772727272726,
        434.9136363636363,
        431.6681818181818,
        438.22727272727275,
        435.9840909090908,
        434.83181818181816,
        436.20227272727266,
        437.95454545454555,
        436.9045454545454,
        434.62727272727267,
        437.6681818181818,
        437.040909090909,
        437.08181818181816,
        434.7977272727274,
        435.7386363636364,
        438.28181818181815,
        433.93863636363625,
        437.02045454545447,
        436.05909090909086
      ],
      "median": [
        423.95,
        434.975,
        435.425,
        436.54999999999995,
        436.85,
        437.15,
        437.45000000000005,
        437.15,
        437.675,
        438.05,
        438.05,
        438.05,
        437.975,
        438.05,
        438.05,
        438.425,
        438.5,
        438.5,
        438.125,
        438.20000000000005,
        438.5,
        438.5,
        438.5,
        438.125,
        437.525,
        437.825,
        438.20000000000005,
        438.575,
        438.65,
        438.65,
        438.65,
        438.5,
        438.65,
        438.35,
        438.275,
        438.2,
        437.375,
        438.04999999999995,
        438.275,
        438.65,
        438.65,
        438.65,
        438.65,
        438.275,
        438.125,
        438.42499999999995,
        438.65,
        438.65,
        438.65,
        438.65,
        438.5,
        437.9,
        438.35,
        438.35,
        438.65,
        438.275,
        438.5,
        438.425,
        438.5,
        438.275,
        437.825,
        437.6,
        438.275,
        438.65,
        438.65,
        438.125,
        438.20000000000005,
        438.65,
        438.575,
        438.42499999999995,
        438.04999999999995,
        438.125,
        438.42499999999995,
        437.975,
        438.575,
        438.425,
        438.425,
        438.65,
        438.65,
        438.2,
        438.425,
        438.275,
        438.65,
        438.65,
        437.675,
        438.65,
        438.35,
        438.125,
        438.65,
        438.125,
        438.275,
        438.275,
        438.575,
        438.65,
        438.2,
        438.2,
        438.35,
        438.65,
        438.65,
        438.5,
        438.65
      ]
    }
  },