{
  "algo": "generic",
  "hparams": {
    "generations": 100,
    "popsize": 22,
    "fix_last_gene": true,
    "seed": 909,
    "verbosity": 1,
    "log_every": 1,
    "evals_cap": 10000,
    "cxpb": 0.6196668357827032,
    "mutpb": 0.2436424236869603,
    "mutation_rate": 0.19422921964155854
  },
  "metrics": {
    "best_final": 438.65,
    "auc_best": 43853.37500000008,
    "auc_best_norm": 438.5337500000008,
    "runtime_sec": 64.34420490264893,
    "evals_total": 1621,
    "budget_triggered": false,
    "stop_reason": "None"
  },
  "diagnostics": {
    "best": {
      "start": 436.7,
      "end": 438.65,
      "delta_abs": 1.9499999999999886,
      "delta_rel": 0.004465307991756329,
      "max_val": 438.65,
      "argmax": 15,
      "auc_raw": 43853.37500000008,
      "auc_norm": 438.5337500000008
    },
    "mean": {
      "start": 422.63409090909084,
      "end": 436.86363636363626,
      "delta_abs": 14.229545454545416,
      "delta_rel": 0.03366871192036946,
      "max_val": 438.5749999999999,
      "argmax": 68,
      "auc_raw": 43701.93295454547,
      "auc_norm": 437.0193295454547
    },
    "median": {
      "start": 413.75,
      "end": 438.65,
      "delta_abs": 24.899999999999977,
      "delta_rel": 0.06018126888217517,
      "max_val": 438.65,
      "argmax": 18,
      "auc_raw": 43833.87500000009,
      "auc_norm": 438.33875000000086
    }
  },
  "genomes": {
    "best_genome": [
      1,
      0,
      1,
      1,
      1,
      0,
      0,
      1,
      1,
      0,
      0,
      1,
      1,
      1,
      1,
      0,
      0,
      0,
      0,
      0,
      0,
      0,
      0,
      0,
      0,
      0,
      0,
      0,
      0,
      0,
      0,
      0,
      1
    ],
    "all_best_genomes": null
  },
  "raw": {
    "curves": {
      "best": [
        436.7,
        436.7,
        437.3,
        437.3,
        437.3,
        437.3,
        438.05,
        438.05,
        438.05,
        438.35,
        438.35,
        438.35,
        438.35,
        438.5,
        438.5,
        438.65,
        438.65,
        438.65,
        438.65,
        438.65,
        438.65,
        438.65,
        438.65,
        438.65,
        438.65,
        438.65,
        438.65,
        438.65,
        438.65,
        438.65,
        438.65,
        438.65,
        438.65,
        438.65,
        438.65,
        438.65,
        438.65,
        438.65,
        438.65,
        438.65,
        438.65,
        438.65,
        438.65,
        438.65,
        438.65,
        438.65,
        438.65,
        438.65,
        438.65,
        438.65,
        438.65,
        438.65,
        438.65,
        438.65,
        438.65,
        438.65,
        438.65,
        438.65,
        438.65,
        438.65,
        438.65,
        438.65,
        438.65,
        438.65,
        438.65,
        438.65,
        438.65,
        438.65,
        438.65,
        438.65,
        438.65,
        438.65,
        438.65,
        438.65,
        438.65,
        438.65,
        438.65,
        438.65,
        438.65,
        438.65,
        438.65,
        438.65,
        438.65,
        438.65,
        438.65,
        438.65,
        438.65,
        438.65,
        438.65,
        438.65,
        438.65,
        438.65,
        438.65,
        438.65,
        438.65,
        438.65,
        438.65,
        438.65,
        438.65,
        438.65,
        438.65
      ],
      "mean": [
        422.63409090909084,
        430.1613636363636,
        434.1568181818182,
        434.48409090909087,
        434.41590909090905,
        437.05454545454535,
        436.0727272727272,
        437.2181818181818,
        436.19545454545454,
        437.6136363636364,
        436.8363636363636,
        437.98863636363626,
        437.98863636363643,
        436.80227272727274,
        437.2113636363637,
        438.18636363636364,
        436.93863636363636,
        436.01136363636357,
        437.2386363636364,
        435.1590909090908,
        438.51363636363624,
        437.10227272727275,
        437.45681818181805,
        437.4295454545454,
        437.4499999999999,
        438.1727272727272,
        435.79318181818167,
        437.05454545454535,
        437.47045454545446,
        436.1477272727272,
        438.26136363636357,
        437.340909090909,
        437.1431818181818,
        437.4977272727272,
        435.9704545454544,
        438.4318181818181,
        438.5340909090908,
        438.17954545454535,
        437.0749999999999,
        437.31363636363625,
        437.265909090909,
        436.03181818181815,
        437.2113636363636,
        437.33409090909083,
        437.2863636363636,
        435.20681818181816,
        435.7863636363636,
        437.08863636363634,
        435.9090909090908,
        437.3477272727272,
        437.1090909090908,
        437.265909090909,
        438.240909090909,
        438.43863636363625,
        438.22045454545446,
        438.2545454545454,
        437.2590909090908,
        438.26136363636357,
        436.0795454545454,
        438.5068181818182,
        438.36363636363626,
        436.215909090909,
        438.45909090909083,
        437.02727272727265,
        436.2227272727272,
        436.1681818181818,
        438.04318181818167,
        437.25909090909084,
        438.5749999999999,
        437.32727272727266,
        437.32727272727266,
        438.42499999999984,
        438.44545454545454,
        436.890909090909,
        434.86590909090904,
        436.9863636363636,
        437.24545454545455,
        436.20227272727266,
        436.3727272727272,
        438.5204545454544,
        437.0749999999999,
        438.390909090909,
        438.315909090909,
        436.2227272727272,
        437.37499999999994,
        438.28181818181815,
        436.24318181818177,
        436.22954545454536,
        438.32272727272715,
        437.23863636363626,
        437.3068181818182,
        435.74545454545444,
        437.13636363636357,
        437.37499999999994,
        437.3068181818181,
        438.19318181818176,
        437.2931818181818,
        437.25909090909084,
        437.38181818181806,
        438.37045454545444,
        436.86363636363626
      ],
      "median": [
        413.75,
        435.04999999999995,
        436.325,
        436.7,
        436.85,
        437.225,
        437.3,
        437.3,
        437.3,
        438.05,
        438.05,
        438.05,
        438.35,
        438.35,
        438.35,
        438.35,
        438.35,
        438.425,
        438.65,
        438.65,
        438.65,
        438.65,
        438.65,
        438.65,
        438.65,
        438.65,
        438.65,
        438.65,
        438.65,
        438.65,
        438.65,
        438.65,
        438.65,
        438.65,
        438.65,
        438.65,
        438.65,
        438.65,
        438.65,
        438.65,
        438.65,
        438.65,
        438.65,
        438.65,
        438.65,
        438.65,
        438.65,
        438.65,
        438.65,
        438.65,
        438.65,
        438.65,
        438.65,
        438.65,
        438.65,
        438.65,
        438.65,
        438.65,
        438.65,
        438.65,
        438.65,
        438.65,
        438.65,
        438.65,
        438.65,
        438.65,
        438.65,
        438.65,
        438.65,
        438.65,
        438.65,
        438.65,
        438.65,
        438.65,
        438.65,
        438.65,
        438.65,
        438.65,
        438.65,
        438.65,
        438.65,
        438.65,
        438.65,
        438.65,
        438.65,
        438.65,
        438.65,
        438.65,
        438.65,
        438.65,
        438.65,
        438.65,
        438.65,
        438.65,
        438.65,
        438.65,
        438.65,
        438.65,
        438.65,
        438.65,
        438.65
      ]
    }
  },
  "per_generation": [
    {
      "gen": 0.0,
      "best": 436.7,
      "mean": 422.63409090909084,