{
  "algo": "pso",
  "hparams": {
    "generations": 100,
    "popsize": 22,
    "fix_last_gene": true,
    "seed": 303,
    "verbosity": 1,
    "log_every": 1,
    "evals_cap": 10000,
    "w": 0.40703086445163245,
    "c1": 2.037378265193422,
    "c2": 1.541187644604054
  },
  "metrics": {
    "best_final": 438.65,
    "auc_best": 43349.175000000054,
    "auc_best_norm": 437.87045454545506,
    "runtime_sec": 64.39967274665833,
    "evals_total": -1,
    "budget_triggered": false,
    "stop_reason": "None"
  },
  "diagnostics": {
    "best": {
      "start": 436.1,
      "end": 438.65,
      "delta_abs": 2.5499999999999545,
      "delta_rel": 0.005847282733317942,
      "max_val": 438.65,
      "argmax": 77,
      "auc_raw": 43349.175000000054,
      "auc_norm": 437.87045454545506
    },
    "mean": {
      "start": -Infinity,
      "end": 438.26136363636374,
      "delta_abs": Infinity,
      "delta_rel": NaN,
      "max_val": 438.26136363636374,
      "argmax": 95,
      "auc_raw": -Infinity,
      "auc_norm": -Infinity
    }
  },
  "genomes": {
    "best_genome": [
      1,
      1,
      0,
      0,
      0,
      0,
      1,
      0,
      1,
      0,
      0,
      0,
      1,
      1,
      0,
      0,
      0,
      0,
      0,
      0,
      0,
      0,
      0,
      0,
      0,
      0,
      0,
      0,
      0,
      0,
      0,
      0,
      1
    ],
    "all_best_genomes": null
  },
  "raw": {
    "curves": {
      "best": [
        436.1,
        436.1,
        436.1,
        436.1,
        436.55,
        436.55,
        436.55,
        436.55,
        436.55,
        437.15,
        437.15,
        437.15,
        437.15,
        437.15,
        437.75,
        437.75,
        437.75,
        437.75,
        437.75,
        437.75,
        437.75,
        437.75,
        437.75,
        437.75,
        437.75,
        437.75,
        437.75,
        437.75,
        437.75,
        437.75,
        437.75,
        437.75,
        437.75,
        437.75,
        437.75,
        437.75,
        437.75,
        437.75,
        437.75,
        437.75,
        437.75,
        437.75,
        437.75,
        437.75,
        437.75,
        437.75,
        437.9,
        437.9,
        437.9,
        437.9,
        437.9,
        437.9,
        437.9,
        437.9,
        437.9,
        437.9,
        437.9,
        437.9,
        437.9,
        437.9,
        437.9,
        437.9,
        437.9,
        437.9,
        437.9,
        438.05,
        438.05,
        438.05,
        438.05,
        438.05,
        438.05,
        438.05,
        438.05,
        438.05,
        438.05,
        438.05,
        438.05,
        438.65,
        438.65,
        438.65,
        438.65,
        438.65,
        438.65,
        438.65,
        438.65,
        438.65,
        438.65,
        438.65,
        438.65,
        438.65,
        438.65,
        438.65,
        438.65,
        438.65,
        438.65,
        438.65,
        438.65,
        438.65,
        438.65,
        438.65
      ],
      "mean": [
        -Infinity,
        -Infinity,
        423.43863636363636,
        423.99772727272733,
        432.3431818181818,
        432.41818181818184,
        432.41818181818184,
        433.7204545454546,
        433.7204545454546,
        436.4272727272728,
        436.4818181818182,
        436.4818181818182,
        436.4818181818182,
        436.50909090909096,
        436.9454545454546,
        436.9454545454546,
        436.9454545454546,
        436.97272727272724,
        436.97272727272724,
        436.97272727272724,
        436.97272727272724,
        436.97272727272724,
        436.99318181818177,
        437.01363636363635,
        437.01363636363635,
        437.01363636363635,
        437.02727272727276,
        437.02727272727276,
        437.02727272727276,
        437.02727272727276,
        437.02727272727276,
        437.02727272727276,
        437.02727272727276,
        437.02727272727276,
        437.03409090909093,
        437.08181818181816,
        437.36818181818177,
        437.36818181818177,
        437.36818181818177,
        437.36818181818177,
        437.375,
        437.375,
        437.38863636363635,
        437.38863636363635,
        437.38863636363635,
        437.38863636363635,
        437.51818181818186,
        437.51818181818186,
        437.51818181818186,
        437.51818181818186,
        437.51818181818186,
        437.51818181818186,
        437.51818181818186,
        437.51818181818186,
        437.51818181818186,
        437.51818181818186,
        437.51818181818186,
        437.51818181818186,
        437.51818181818186,
        437.51818181818186,
        437.51818181818186,
        437.51818181818186,
        437.51818181818186,
        437.51818181818186,
        437.51818181818186,
        437.61363636363643,
        437.61363636363643,
        437.61363636363643,
        437.61363636363643,
        437.61363636363643,
        437.61363636363643,
        437.61363636363643,
        437.61363636363643,
        437.61363636363643,
        437.61363636363643,
        437.61363636363643,
        437.61363636363643,
        438.0704545454546,
        438.0704545454546,
        438.0704545454546,
        438.0704545454546,
        438.0704545454546,
        438.0704545454546,
        438.0704545454546,
        438.0704545454546,
        438.0704545454546,
        438.0704545454546,
        438.0704545454546,
        438.0909090909092,
        438.0909090909092,
        438.0909090909092,
        438.0909090909092,
        438.20000000000005,
        438.20000000000005,
        438.20000000000005,
        438.26136363636374,
        438.26136363636374,
        438.26136363636374,
        438.26136363636374,
        438.26136363636374
      ]
    }
  },
  "per_generation": [
    {
      "gen": 0.0,
      "best": 436.1,
      "mean": -Infinity
    },
    {
      "gen": 1.0,
      "best": 436.1,
      "mean": -Infinity
    },
    {
      "gen": 2.0,
      "best": 436.1,
      "mean": 423.43863636363636
    },
    {
      "gen": 3.0,
      "best": 436.1,
      "mean": 423.99772727272733
    },
    {
      "gen": 4.0,
      "best": 436.55,
      "mean": 432.3431818181818
    },
    {
      "gen": 5.0,
      "best": 436.55,
      "mean": 432.41818181818184
    },
    {
      "gen": 6.0,
      "best": 436.55,
      "mean": 432.41818181818184
    },
    {
      "gen": 7.0,
      "best": 436.55,
      "mean": 433.7204545454546
    },
    {
      "gen": 8.0,
      "best": 436.55,
      "mean": 433.7204545454546
    },
    {
      "gen": 9.0,
      "best": 437.15,
      "mean": 436.4272727272728
    },
    {
      "gen": 10.0,
      "best": 437.15,
      "mean": 436.4818181818182
    },
    {
      "gen": 11.0,
      "best": 437.15,
      "mean": 436.4818181818182
    },
    {
      "gen": 12.0,
      "best": 437.15,
      "mean": 436.4818181818182
    },
    {
      "gen": 13.0,
      "best": 437.15,
      "mean": 436.50909090909096
    },
    {
      "gen": 14.0,
      "best": 437.75,
      "mean": 436.9454545454546
    },
    {
      "gen": 15.0,
      "best": 437.75,
      "mean": 436.9454545454546
    },
    {
      "gen": 16.0,
      "best": 437.75,
      "mean": 436.9454545454546
    },
    {
      "gen": 17.0,
      "best": 437.75,
      "mean": 436.97272727272724
    },
    {
      "gen": 18.0,
      "best": 437.75,
      "mean": 436.97272727272724
    },
    {
      "gen": 19.0,
      "best": 437.75,
      "mean": 436.97272727272724
    },
    {
      "gen": 20.0,
      "best": 437.75,
      "mean": 436.97272727272724
    },
    {
      "gen": 21.0,
      "best": 437.75,
      "mean": 436.97272727272724
    },
    {
      "gen": 22.0,
      "best": 437.75,
      "mean": 436.99318181818177
    },
    {
      "gen": 23.0,
      "best": 437.75,
      "mean": 437.01363636363635
    },
    {
      "gen": 24.0,
      "best": 437.75,
      "mean": 437.01363636363635
    },
    {
      "gen": 25.0,