{
  "algo": "pso",
  "hparams": {
    "generations": 100,
    "popsize": 22,
    "fix_last_gene": true,
    "seed": 808,
    "verbosity": 1,
    "log_every": 1,
    "evals_cap": 10000,
    "w": 0.8631897094059962,
    "c1": 0.8,
    "c2": 2.0727954097478216
  },
  "metrics": {
    "best_final": 438.65,
    "auc_best": 43406.17500000008,
    "auc_best_norm": 438.44621212121297,
    "runtime_sec": 96.70653438568115,
    "evals_total": -1,
    "budget_triggered": false,
    "stop_reason": "None"
  },
  "diagnostics": {
    "best": {
      "start": 437.0,
      "end": 438.65,
      "delta_abs": 1.6499999999999773,
      "delta_rel": 0.0037757437070937696,
      "max_val": 438.65,
      "argmax": 22,
      "auc_raw": 43406.17500000008,
      "auc_norm": 438.44621212121297
    },
    "mean": {
      "start": -Infinity,
      "end": 438.52045454545447,
      "delta_abs": Infinity,
      "delta_rel": NaN,
      "max_val": 438.52045454545447,
      "argmax": 86,
      "auc_raw": -Infinity,
      "auc_norm": -Infinity
    }
  },
  "genomes": {
    "best_genome": [
      1,
      1,
      0,
      0,
      0,
      0,
      1,
      1,
      0,
      1,
      0,
      0,
      0,
      0,
      1,
      0,
      0,
      0,
      0,
      0,
      0,
      0,
      0,
      0,
      0,
      0,
      0,
      0,
      0,
      0,
      0,
      0,
      1
    ],
    "all_best_genomes": null
  },
  "raw": {
    "curves": {
      "best": [
        437.0,
        437.0,
        437.0,
        437.0,
        437.45,
        437.45,
        437.45,
        437.45,
        437.45,
        437.45,
        437.45,
        437.45,
        437.9,
        437.9,
        437.9,
        438.2,
        438.2,
        438.2,
        438.35,
        438.35,
        438.35,
        438.35,
        438.65,
        438.65,
        438.65,
        438.65,
        438.65,
        438.65,
        438.65,
        438.65,
        438.65,
        438.65,
        438.65,
        438.65,
        438.65,
        438.65,
        438.65,
        438.65,
        438.65,
        438.65,
        438.65,
        438.65,
        438.65,
        438.65,
        438.65,
        438.65,
        438.65,
        438.65,
        438.65,
        438.65,
        438.65,
        438.65,
        438.65,
        438.65,
        438.65,
        438.65,
        438.65,
        438.65,
        438.65,
        438.65,
        438.65,
        438.65,
        438.65,
        438.65,
        438.65,
        438.65,
        438.65,
        438.65,
        438.65,
        438.65,
        438.65,
        438.65,
        438.65,
        438.65,
        438.65,
        438.65,
        438.65,
        438.65,
        438.65,
        438.65,
        438.65,
        438.65,
        438.65,
        438.65,
        438.65,
        438.65,
        438.65,
        438.65,
        438.65,
        438.65,
        438.65,
        438.65,
        438.65,
        438.65,
        438.65,
        438.65,
        438.65,
        438.65,
        438.65,
        438.65
      ],
      "mean": [
        -Infinity,
        422.12272727272733,
        422.12272727272733,
        422.42954545454546,
        429.48636363636365,
        429.62954545454545,
        429.8000000000001,
        435.425,
        436.025,
        436.16136363636366,
        436.1886363636364,
        436.1886363636364,
        436.29772727272734,
        436.60454545454553,
        436.60454545454553,
        436.93863636363636,
        436.93863636363636,
        436.93863636363636,
        437.1977272727272,
        437.340909090909,
        437.340909090909,
        437.37499999999994,
        437.93409090909097,
        437.93409090909097,
        437.93409090909097,
        437.93409090909097,
        438.02272727272725,
        438.02272727272725,
        438.02272727272725,
        438.02272727272725,
        438.02272727272725,
        438.0295454545454,
        438.0295454545454,
        438.0295454545454,
        438.0295454545454,
        438.0568181818182,
        438.17954545454546,
        438.17954545454546,
        438.17954545454546,
        438.17954545454546,
        438.17954545454546,
        438.22727272727275,
        438.234090909091,
        438.234090909091,
        438.234090909091,
        438.234090909091,
        438.30909090909086,
        438.32954545454544,
        438.32954545454544,
        438.32954545454544,
        438.3363636363636,
        438.3363636363636,
        438.3363636363636,
        438.3363636363636,
        438.3363636363636,
        438.3363636363636,
        438.3363636363636,
        438.3363636363636,
        438.3363636363636,
        438.3363636363636,
        438.3363636363636,
        438.3363636363636,
        438.3363636363636,
        438.3363636363636,
        438.3363636363636,
        438.3363636363636,
        438.3363636363636,
        438.3363636363636,
        438.34318181818185,
        438.34318181818185,
        438.34318181818185,
        438.34318181818185,
        438.34318181818185,
        438.34318181818185,
        438.39772727272725,
        438.39772727272725,
        438.39772727272725,
        438.41136363636366,
        438.47272727272724,
        438.47272727272724,
        438.47272727272724,
        438.5068181818182,
        438.5068181818182,
        438.5068181818182,
        438.5068181818182,
        438.5068181818182,
        438.52045454545447,
        438.52045454545447,
        438.52045454545447,
        438.52045454545447,
        438.52045454545447,
        438.52045454545447,
        438.52045454545447,
        438.52045454545447,
        438.52045454545447,
        438.52045454545447,
        438.52045454545447,
        438.52045454545447,
        438.52045454545447,
        438.52045454545447
      ]
    }
  },
  "per_generation": [
    {
      "gen": 0.0,
      "best": 437.0,
      "mean": -Infinity
    },
    {
      "gen": 1.0,
      "best": 437.0,
      "mean": 422.12272727272733
    },
    {
      "gen": 2.0,
      "best": 437.0,
      "mean": 422.12272727272733
    },
    {
      "gen": 3.0,
      "best": 437.0,
      "mean": 422.42954545454546
    },
    {
      "gen": 4.0,
      "best": 437.45,
      "mean": 429.48636363636365
    },
    {
      "gen": 5.0,
      "best": 437.45,
      "mean": 429.62954545454545
    },
    {
      "gen": 6.0,
      "best": 437.45,
      "mean": 429.8000000000001
    },
    {
      "gen": 7.0,
      "best": 437.45,
      "mean": 435.425
    },
    {
      "gen": 8.0,
      "best": 437.45,
      "mean": 436.025
    },
    {
      "gen": 9.0,
      "best": 437.45,
      "mean": 436.16136363636366
    },
    {
      "gen": 10.0,
      "best": 437.45,
      "mean": 436.1886363636364
    },
    {
      "gen": 11.0,
      "best": 437.45,
      "mean": 436.1886363636364
    },
    {
      "gen": 12.0,
      "best": 437.9,
      "mean": 436.29772727272734
    },
    {
      "gen": 13.0,
      "best": 437.9,
      "mean": 436.60454545454553
    },
    {
      "gen": 14.0,
      "best": 437.9,
      "mean": 436.60454545454553
    },
    {
      "gen": 15.0,
      "best": 438.2,
      "mean": 436.93863636363636
    },
    {
      "gen": 16.0,
      "best": 438.2,
      "mean": 436.93863636363636
    },
    {
      "gen": 17.0,
      "best": 438.2,
      "mean": 436.93863636363636
    },
    {
      "gen": 18.0,
      "best": 438.35,
      "mean": 437.1977272727272
    },
    {
      "gen": 19.0,
      "best": 438.35,
      "mean": 437.340909090909
    },
    {
      "gen": 20.0,
      "best": 438.35,
      "mean": 437.340909090909
    },
    {
      "gen": 21.0,
      "best": 438.35,
      "mean": 437.37499999999994
    },
    {
      "gen": 22.0,
      "best": 438.65,
      "mean": 437.93409090909097
    },
    {
      "gen": 23.0,
      "best": 438.65,
      "mean": 437.93409090909097
    },
    {
      "gen": 24.0,
      "best": 438.65,
      "mean": 437.93409090909097
    },
    {
      "gen": 25.0,
      "best": 438.65,