{
  "algo": "pso",
  "hparams": {
    "generations": 100,
    "popsize": 22,
    "fix_last_gene": true,
    "seed": 1001,
    "verbosity": 1,
    "log_every": 1,
    "evals_cap": 10000,
    "w": 0.9248712230551668,
    "c1": 1.1743111426089983,
    "c2": 1.8572145268502822
  },
  "metrics": {
    "best_final": 438.65,
    "auc_best": 43394.100000000086,
    "auc_best_norm": 438.32424242424327,
    "runtime_sec": 84.20688891410828,
    "evals_total": -1,
    "budget_triggered": false,
    "stop_reason": "None"
  },
  "diagnostics": {
    "best": {
      "start": 436.55,
      "end": 438.65,
      "delta_abs": 2.099999999999966,
      "delta_rel": 0.004810445538884356,
      "max_val": 438.65,
      "argmax": 39,
      "auc_raw": 43394.100000000086,
      "auc_norm": 438.32424242424327
    },
    "mean": {
      "start": -Infinity,
      "end": 438.60227272727263,
      "delta_abs": Infinity,
      "delta_rel": NaN,
      "max_val": 438.60227272727263,
      "argmax": 99,
      "auc_raw": -Infinity,
      "auc_norm": -Infinity
    }
  },
  "genomes": {
    "best_genome": [
      0,
      1,
      1,
      1,
      0,
      1,
      0,
      1,
      0,
      1,
      0,
      1,
      1,
      0,
      1,
      0,
      0,
      0,
      0,
      0,
      0,
      0,
      0,
      0,
      0,
      0,
      0,
      0,
      0,
      0,
      0,
      0,
      1
    ],
    "all_best_genomes": null
  },
  "raw": {
    "curves": {
      "best": [
        436.55,
        436.55,
        436.55,
        437.15,
        437.15,
        437.15,
        437.15,
        437.15,
        437.15,
        437.15,
        437.15,
        437.15,
        437.15,
        437.6,
        437.6,
        437.6,
        437.9,
        437.9,
        437.9,
        437.9,
        437.9,
        437.9,
        437.9,
        438.35,
        438.35,
        438.35,
        438.35,
        438.35,
        438.35,
        438.35,
        438.35,
        438.5,
        438.5,
        438.5,
        438.5,
        438.5,
        438.5,
        438.5,
        438.5,
        438.65,
        438.65,
        438.65,
        438.65,
        438.65,
        438.65,
        438.65,
        438.65,
        438.65,
        438.65,
        438.65,
        438.65,
        438.65,
        438.65,
        438.65,
        438.65,
        438.65,
        438.65,
        438.65,
        438.65,
        438.65,
        438.65,
        438.65,
        438.65,
        438.65,
        438.65,
        438.65,
        438.65,
        438.65,
        438.65,
        438.65,
        438.65,
        438.65,
        438.65,
        438.65,
        438.65,
        438.65,
        438.65,
        438.65,
        438.65,
        438.65,
        438.65,
        438.65,
        438.65,
        438.65,
        438.65,
        438.65,
        438.65,
        438.65,
        438.65,
        438.65,
        438.65,
        438.65,
        438.65,
        438.65,
        438.65,
        438.65,
        438.65,
        438.65,
        438.65,
        438.65
      ],
      "mean": [
        -Infinity,
        420.09090909090907,
        423.3022727272728,
        423.75909090909096,
        425.02727272727265,
        430.890909090909,
        431.08181818181805,
        433.50909090909084,
        433.51590909090913,
        433.51590909090913,
        434.63409090909084,
        434.67499999999995,
        436.06590909090903,
        436.50909090909084,
        436.65909090909093,
        436.65909090909093,
        436.7818181818182,
        436.80909090909097,
        436.925,
        437.3,
        437.3,
        437.34772727272724,
        437.4090909090908,
        437.70227272727277,
        437.70227272727277,
        437.72272727272724,
        437.72272727272724,
        437.72272727272724,
        437.7431818181818,
        437.77727272727276,
        437.81136363636364,
        437.87272727272733,
        437.87954545454545,
        437.87954545454545,
        437.89318181818186,
        437.9068181818182,
        437.95454545454555,
        437.95454545454555,
        437.975,
        438.18636363636364,
        438.18636363636364,
        438.1931818181818,
        438.1931818181818,
        438.1931818181818,
        438.28181818181815,
        438.28181818181815,
        438.28181818181815,
        438.28181818181815,
        438.28181818181815,
        438.28181818181815,
        438.2886363636363,
        438.2886363636363,
        438.35681818181814,
        438.35681818181814,
        438.4113636363636,
        438.4181818181818,
        438.4181818181818,
        438.4318181818182,
        438.46590909090907,
        438.47272727272724,
        438.4795454545454,
        438.4795454545454,
        438.4795454545454,
        438.4795454545454,
        438.4795454545454,
        438.4795454545454,
        438.4795454545454,
        438.4795454545454,
        438.4795454545454,
        438.5204545454546,
        438.5613636363636,
        438.5613636363636,
        438.5613636363636,
        438.5613636363636,
        438.5613636363636,
        438.5613636363636,
        438.5613636363636,
        438.5613636363636,
        438.5613636363636,
        438.5613636363636,
        438.5613636363636,
        438.5613636363636,
        438.5613636363636,
        438.5613636363636,
        438.5613636363636,
        438.5749999999999,
        438.5749999999999,
        438.5749999999999,
        438.5749999999999,
        438.5749999999999,
        438.5749999999999,
        438.59545454545446,
        438.59545454545446,
        438.59545454545446,
        438.59545454545446,
        438.59545454545446,
        438.59545454545446,
        438.59545454545446,
        438.59545454545446,
        438.60227272727263
      ]
    }
  },
  "per_generation": [
    {
      "gen": 0.0,
      "best": 436.55,
      "mean": -Infinity
    },
    {
      "gen": 1.0,
      "best": 436.55,
      "mean": 420.09090909090907
    },
    {
      "gen": 2.0,
      "best": 436.55,
      "mean": 423.3022727272728
    },
    {
      "gen": 3.0,
      "best": 437.15,
      "mean": 423.75909090909096
    },
    {
      "gen": 4.0,
      "best": 437.15,
      "mean": 425.02727272727265
    },
    {
      "gen": 5.0,
      "best": 437.15,
      "mean": 430.890909090909
    },
    {
      "gen": 6.0,
      "best": 437.15,
      "mean": 431.08181818181805
    },
    {
      "gen": 7.0,
      "best": 437.15,
      "mean": 433.50909090909084
    },
    {
      "gen": 8.0,
      "best": 437.15,
      "mean": 433.51590909090913
    },
    {
      "gen": 9.0,
      "best": 437.15,
      "mean": 433.51590909090913
    },
    {
      "gen": 10.0,
      "best": 437.15,
      "mean": 434.63409090909084
    },
    {
      "gen": 11.0,
      "best": 437.15,
      "mean": 434.67499999999995
    },
    {
      "gen": 12.0,
      "best": 437.15,
      "mean": 436.06590909090903
    },
    {
      "gen": 13.0,
      "best": 437.6,
      "mean": 436.50909090909084
    },
    {
      "gen": 14.0,
      "best": 437.6,
      "mean": 436.65909090909093
    },
    {
      "gen": 15.0,
      "best": 437.6,
      "mean": 436.65909090909093
    },
    {
      "gen": 16.0,
      "best": 437.9,
      "mean": 436.7818181818182
    },
    {
      "gen": 17.0,
      "best": 437.9,
      "mean": 436.80909090909097
    },
    {
      "gen": 18.0,
      "best": 437.9,
      "mean": 436.925
    },
    {
      "gen": 19.0,
      "best": 437.9,
      "mean": 437.3
    },
    {
      "gen": 20.0,
      "best": 437.9,
      "mean": 437.3
    },
    {
      "gen": 21.0,
      "best": 437.9,
      "mean": 437.34772727272724
    },
    {
      "gen": 22.0,
      "best": 437.9,
      "mean": 437.4090909090908
    },
    {
      "gen": 23.0,
      "best": 438.35,
      "mean": 437.70227272727277
    },
    {
      "gen": 24.0,
      "best": 438.35,
      "mean": 437.70227272727277
    },
    {
      "gen": 25.0,
      "best": 438.35,