{
  "algo": "pso",
  "hparams": {
    "generations": 100,
    "popsize": 22,
    "fix_last_gene": true,
    "seed": 1102,
    "verbosity": 1,
    "log_every": 1,
    "evals_cap": 10000,
    "w": 0.43454121096926696,
    "c1": 1.9072276949213203,
    "c2": 1.051410145943044
  },
  "metrics": {
    "best_final": 438.05,
    "auc_best": 43358.32500000003,
    "auc_best_norm": 437.9628787878791,
    "runtime_sec": 70.56762099266052,
    "evals_total": -1,
    "budget_triggered": false,
    "stop_reason": "None"
  },
  "diagnostics": {
    "best": {
      "start": 437.3,
      "end": 438.05,
      "delta_abs": 0.75,
      "delta_rel": 0.0017150697461696775,
      "max_val": 438.05,
      "argmax": 12,
      "auc_raw": 43358.32500000003,
      "auc_norm": 437.9628787878791
    },
    "mean": {
      "start": -Infinity,
      "end": 437.64090909090913,
      "delta_abs": Infinity,
      "delta_rel": NaN,
      "max_val": 437.64090909090913,
      "argmax": 94,
      "auc_raw": -Infinity,
      "auc_norm": -Infinity
    }
  },
  "genomes": {
    "best_genome": [
      1,
      0,
      1,
      1,
      0,
      0,
      0,
      0,
      0,
      0,
      0,
      1,
      1,
      0,
      1,
      0,
      0,
      0,
      1,
      0,
      1,
      0,
      0,
      0,
      0,
      0,
      0,
      0,
      0,
      0,
      0,
      0,
      1
    ],
    "all_best_genomes": null
  },
  "raw": {
    "curves": {
      "best": [
        437.3,
        437.3,
        437.3,
        437.3,
        437.3,
        437.3,
        437.3,
        437.3,
        437.3,
        437.3,
        437.3,
        437.3,
        438.05,
        438.05,
        438.05,
        438.05,
        438.05,
        438.05,
        438.05,
        438.05,
        438.05,
        438.05,
        438.05,
        438.05,
        438.05,
        438.05,
        438.05,
        438.05,
        438.05,
        438.05,
        438.05,
        438.05,
        438.05,
        438.05,
        438.05,
        438.05,
        438.05,
        438.05,
        438.05,
        438.05,
        438.05,
        438.05,
        438.05,
        438.05,
        438.05,
        438.05,
        438.05,
        438.05,
        438.05,
        438.05,
        438.05,
        438.05,
        438.05,
        438.05,
        438.05,
        438.05,
        438.05,
        438.05,
        438.05,
        438.05,
        438.05,
        438.05,
        438.05,
        438.05,
        438.05,
        438.05,
        438.05,
        438.05,
        438.05,
        438.05,
        438.05,
        438.05,
        438.05,
        438.05,
        438.05,
        438.05,
        438.05,
        438.05,
        438.05,
        438.05,
        438.05,
        438.05,
        438.05,
        438.05,
        438.05,
        438.05,
        438.05,
        438.05,
        438.05,
        438.05,
        438.05,
        438.05,
        438.05,
        438.05,
        438.05,
        438.05,
        438.05,
        438.05,
        438.05,
        438.05
      ],
      "mean": [
        -Infinity,
        433.5431818181818,
        434.70909090909095,
        434.70909090909095,
        434.9,
        434.9,
        434.9,
        434.90681818181815,
        434.9477272727272,
        436.31136363636364,
        436.31136363636364,
        436.31136363636364,
        436.70681818181816,
        436.72045454545446,
        436.72045454545446,
        436.740909090909,
        436.740909090909,
        436.7545454545454,
        436.86363636363626,
        436.86363636363626,
        436.86363636363626,
        436.86363636363626,
        436.86363636363626,
        436.86363636363626,
        436.86363636363626,
        436.86363636363626,
        436.86363636363626,
        436.86363636363626,
        436.86363636363626,
        436.86363636363626,
        436.87045454545455,
        436.87045454545455,
        436.87045454545455,
        436.9113636363636,
        436.9113636363636,
        436.9113636363636,
        436.9113636363636,
        436.9113636363636,
        437.1840909090908,
        437.1840909090908,
        437.1840909090908,
        437.1840909090908,
        437.1840909090908,
        437.33409090909083,
        437.33409090909083,
        437.33409090909083,
        437.33409090909083,
        437.33409090909083,
        437.33409090909083,
        437.33409090909083,
        437.33409090909083,
        437.33409090909083,
        437.33409090909083,
        437.33409090909083,
        437.33409090909083,
        437.33409090909083,
        437.38181818181806,
        437.38181818181806,
        437.38181818181806,
        437.38181818181806,
        437.38181818181806,
        437.38181818181806,
        437.38181818181806,
        437.38181818181806,
        437.38181818181806,
        437.48409090909087,
        437.48409090909087,
        437.48409090909087,
        437.48409090909087,
        437.48409090909087,
        437.48409090909087,
        437.48409090909087,
        437.48409090909087,
        437.48409090909087,
        437.48409090909087,
        437.48409090909087,
        437.48409090909087,
        437.48409090909087,
        437.48409090909087,
        437.48409090909087,
        437.48409090909087,
        437.48409090909087,
        437.48409090909087,
        437.5863636363636,
        437.5863636363636,
        437.5863636363636,
        437.5863636363636,
        437.5863636363636,
        437.5863636363636,
        437.5863636363636,
        437.5863636363636,
        437.5863636363636,
        437.62045454545455,
        437.62045454545455,
        437.64090909090913,
        437.64090909090913,
        437.64090909090913,
        437.64090909090913,
        437.64090909090913,
        437.64090909090913
      ]
    }
  },
  "per_generation": [
    {
      "gen": 0.0,
      "best": 437.3,
      "mean": -Infinity
    },
    {
      "gen": 1.0,
      "best": 437.3,
      "mean": 433.5431818181818
    },
    {
      "gen": 2.0,
      "best": 437.3,
      "mean": 434.70909090909095
    },
    {
      "gen": 3.0,
      "best": 437.3,
      "mean": 434.70909090909095
    },
    {
      "gen": 4.0,
      "best": 437.3,
      "mean": 434.9
    },
    {
      "gen": 5.0,
      "best": 437.3,
      "mean": 434.9
    },
    {
      "gen": 6.0,
      "best": 437.3,
      "mean": 434.9
    },
    {
      "gen": 7.0,
      "best": 437.3,
      "mean": 434.90681818181815
    },
    {
      "gen": 8.0,
      "best": 437.3,
      "mean": 434.9477272727272
    },
    {
      "gen": 9.0,
      "best": 437.3,
      "mean": 436.31136363636364
    },
    {
      "gen": 10.0,
      "best": 437.3,
      "mean": 436.31136363636364
    },
    {
      "gen": 11.0,
      "best": 437.3,
      "mean": 436.31136363636364
    },
    {
      "gen": 12.0,
      "best": 438.05,
      "mean": 436.70681818181816
    },
    {
      "gen": 13.0,
      "best": 438.05,
      "mean": 436.72045454545446
    },
    {
      "gen": 14.0,
      "best": 438.05,
      "mean": 436.72045454545446
    },
    {
      "gen": 15.0,
      "best": 438.05,
      "mean": 436.740909090909
    },
    {
      "gen": 16.0,
      "best": 438.05,
      "mean": 436.740909090909
    },
    {
      "gen": 17.0,
      "best": 438.05,
      "mean": 436.7545454545454
    },
    {
      "gen": 18.0,
      "best": 438.05,
      "mean": 436.86363636363626
    },
    {
      "gen": 19.0,
      "best": 438.05,
      "mean": 436.86363636363626
    },
    {
      "gen": 20.0,
      "best": 438.05,
      "mean": 436.86363636363626
    },
    {
      "gen": 21.0,
      "best": 438.05,
      "mean": 436.86363636363626
    },
    {
      "gen": 22.0,
      "best": 438.05,
      "mean": 436.86363636363626
    },
    {
      "gen": 23.0,
      "best": 438.05,
      "mean": 436.86363636363626
    },
    {
      "gen": 24.0,
      "best": 438.05,
      "mean": 436.86363636363626
    },
    {
      "gen": 25.0,
      "best": 438.05,