{
  "algo": "pso",
  "hparams": {
    "generations": 100,
    "popsize": 22,
    "fix_last_gene": true,
    "seed": 101,
    "verbosity": 1,
    "log_every": 1,
    "evals_cap": 10000,
    "w": 0.7853450089704677,
    "c1": 0.917657292350613,
    "c2": 1.30289807808983
  },
  "metrics": {
    "best_final": 438.65,
    "auc_best": 43398.60000000008,
    "auc_best_norm": 438.36969696969777,
    "runtime_sec": 92.13962936401367,
    "evals_total": -1,
    "budget_triggered": false,
    "stop_reason": "None"
  },
  "diagnostics": {
    "best": {
      "start": 436.55,
      "end": 438.65,
      "delta_abs": 2.099999999999966,
      "delta_rel": 0.004810445538884356,
      "max_val": 438.65,
      "argmax": 19,
      "auc_raw": 43398.60000000008,
      "auc_norm": 438.36969696969777
    },
    "mean": {
      "start": -Infinity,
      "end": 438.5613636363636,
      "delta_abs": Infinity,
      "delta_rel": NaN,
      "max_val": 438.5613636363636,
      "argmax": 84,
      "auc_raw": -Infinity,
      "auc_norm": -Infinity
    }
  },
  "genomes": {
    "best_genome": [
      1,
      1,
      0,
      1,
      1,
      0,
      1,
      1,
      1,
      1,
      1,
      0,
      0,
      1,
      1,
      0,
      0,
      0,
      0,
      0,
      0,
      0,
      0,
      0,
      0,
      0,
      0,
      0,
      0,
      0,
      0,
      0,
      1
    ],
    "all_best_genomes": null
  },
  "raw": {
    "curves": {
      "best": [
        436.55,
        436.55,
        436.55,
        436.55,
        436.55,
        436.55,
        436.55,
        436.55,
        436.55,
        437.3,
        437.3,
        437.75,
        437.75,
        437.75,
        437.75,
        437.75,
        437.75,
        437.75,
        437.75,
        438.65,
        438.65,
        438.65,
        438.65,
        438.65,
        438.65,
        438.65,
        438.65,
        438.65,
        438.65,
        438.65,
        438.65,
        438.65,
        438.65,
        438.65,
        438.65,
        438.65,
        438.65,
        438.65,
        438.65,
        438.65,
        438.65,
        438.65,
        438.65,
        438.65,
        438.65,
        438.65,
        438.65,
        438.65,
        438.65,
        438.65,
        438.65,
        438.65,
        438.65,
        438.65,
        438.65,
        438.65,
        438.65,
        438.65,
        438.65,
        438.65,
        438.65,
        438.65,
        438.65,
        438.65,
        438.65,
        438.65,
        438.65,
        438.65,
        438.65,
        438.65,
        438.65,
        438.65,
        438.65,
        438.65,
        438.65,
        438.65,
        438.65,
        438.65,
        438.65,
        438.65,
        438.65,
        438.65,
        438.65,
        438.65,
        438.65,
        438.65,
        438.65,
        438.65,
        438.65,
        438.65,
        438.65,
        438.65,
        438.65,
        438.65,
        438.65,
        438.65,
        438.65,
        438.65,
        438.65,
        438.65
      ],
      "mean": [
        -Infinity,
        421.584090909091,
        426.5681818181818,
        426.5681818181818,
        435.23409090909087,
        435.2886363636364,
        435.3363636363636,
        435.3363636363636,
        435.3363636363636,
        435.67727272727274,
        435.69090909090903,
        436.775,
        436.775,
        436.775,
        436.775,
        437.0818181818182,
        437.0818181818182,
        437.0818181818182,
        437.0818181818182,
        437.41590909090905,
        437.41590909090905,
        437.41590909090905,
        437.41590909090905,
        437.41590909090905,
        437.41590909090905,
        437.42272727272723,
        437.42272727272723,
        437.42272727272723,
        437.42272727272723,
        437.6681818181818,
        437.6681818181818,
        437.67499999999995,
        437.67499999999995,
        437.67499999999995,
        437.67499999999995,
        437.67499999999995,
        437.67499999999995,
        437.67499999999995,
        437.78409090909093,
        437.78409090909093,
        437.78409090909093,
        437.86590909090916,
        437.8863636363636,
        437.8863636363636,
        437.8863636363636,
        437.8863636363636,
        437.8863636363636,
        437.8863636363636,
        437.89318181818186,
        438.01590909090913,
        438.01590909090913,
        438.01590909090913,
        438.01590909090913,
        438.01590909090913,
        438.01590909090913,
        438.06363636363636,
        438.06363636363636,
        438.06363636363636,
        438.08409090909095,
        438.08409090909095,
        438.08409090909095,
        438.1454545454546,
        438.1454545454546,
        438.1454545454546,
        438.1931818181818,
        438.1931818181818,
        438.2204545454546,
        438.2204545454546,
        438.2204545454546,
        438.23409090909087,
        438.23409090909087,
        438.23409090909087,
        438.24090909090916,
        438.24090909090916,
        438.24090909090916,
        438.2681818181818,
        438.2681818181818,
        438.2681818181818,
        438.37045454545455,
        438.37045454545455,
        438.37045454545455,
        438.37045454545455,
        438.37045454545455,
        438.37045454545455,
        438.5613636363636,
        438.5613636363636,
        438.5613636363636,
        438.5613636363636,
        438.5613636363636,
        438.5613636363636,
        438.5613636363636,
        438.5613636363636,
        438.5613636363636,
        438.5613636363636,
        438.5613636363636,
        438.5613636363636,
        438.5613636363636,
        438.5613636363636,
        438.5613636363636,
        438.5613636363636
      ]
    }
  },
  "per_generation": [
    {
      "gen": 0.0,
      "best": 436.55,
      "mean": -Infinity
    },
    {
      "gen": 1.0,
      "best": 436.55,
      "mean": 421.584090909091
    },
    {
      "gen": 2.0,
      "best": 436.55,
      "mean": 426.5681818181818
    },
    {
      "gen": 3.0,
      "best": 436.55,
      "mean": 426.5681818181818
    },
    {
      "gen": 4.0,
      "best": 436.55,
      "mean": 435.23409090909087
    },
    {
      "gen": 5.0,
      "best": 436.55,
      "mean": 435.2886363636364
    },
    {
      "gen": 6.0,
      "best": 436.55,
      "mean": 435.3363636363636
    },
    {
      "gen": 7.0,
      "best": 436.55,
      "mean": 435.3363636363636
    },
    {
      "gen": 8.0,
      "best": 436.55,
      "mean": 435.3363636363636
    },
    {
      "gen": 9.0,
      "best": 437.3,
      "mean": 435.67727272727274
    },
    {
      "gen": 10.0,
      "best": 437.3,
      "mean": 435.69090909090903
    },
    {
      "gen": 11.0,
      "best": 437.75,
      "mean": 436.775
    },
    {
      "gen": 12.0,
      "best": 437.75,
      "mean": 436.775
    },
    {
      "gen": 13.0,
      "best": 437.75,
      "mean": 436.775
    },
    {
      "gen": 14.0,
      "best": 437.75,
      "mean": 436.775
    },
    {
      "gen": 15.0,
      "best": 437.75,
      "mean": 437.0818181818182
    },
    {
      "gen": 16.0,
      "best": 437.75,
      "mean": 437.0818181818182
    },
    {
      "gen": 17.0,
      "best": 437.75,
      "mean": 437.0818181818182
    },
    {
      "gen": 18.0,
      "best": 437.75,
      "mean": 437.0818181818182
    },
    {
      "gen": 19.0,
      "best": 438.65,
      "mean": 437.41590909090905
    },
    {
      "gen": 20.0,
      "best": 438.65,
      "mean": 437.41590909090905
    },
    {
      "gen": 21.0,
      "best": 438.65,
      "mean": 437.41590909090905
    },
    {
      "gen": 22.0,
      "best": 438.65,
      "mean": 437.41590909090905
    },
    {
      "gen": 23.0,
      "best": 438.65,
      "mean": 437.41590909090905
    },
    {
      "gen": 24.0,
      "best": 438.65,
      "mean": 437.41590909090905
    },
    {
      "gen": 25.0,
      "best": 438.65,