{
  "algo": "pso",
  "hparams": {
    "generations": 100,
    "popsize": 22,
    "fix_last_gene": true,
    "seed": 303,
    "verbosity": 1,
    "log_every": 1,
    "evals_cap": 10000,
    "w": 0.5374374612159025,
    "c1": 1.178413979443518,
    "c2": 1.1871054726699162
  },
  "metrics": {
    "best_final": 438.5,
    "auc_best": 43354.800000000025,
    "auc_best_norm": 437.92727272727296,
    "runtime_sec": 71.56520795822144,
    "evals_total": -1,
    "budget_triggered": false,
    "stop_reason": "None"
  },
  "diagnostics": {
    "best": {
      "start": 436.1,
      "end": 438.5,
      "delta_abs": 2.3999999999999773,
      "delta_rel": 0.0055033249254757555,
      "max_val": 438.5,
      "argmax": 77,
      "auc_raw": 43354.800000000025,
      "auc_norm": 437.92727272727296
    },
    "mean": {
      "start": -Infinity,
      "end": 438.1727272727274,
      "delta_abs": Infinity,
      "delta_rel": NaN,
      "max_val": 438.1727272727274,
      "argmax": 95,
      "auc_raw": -Infinity,
      "auc_norm": -Infinity
    }
  },
  "genomes": {
    "best_genome": [
      1,
      1,
      0,
      0,
      0,
      0,
      1,
      0,
      1,
      0,
      0,
      0,
      1,
      1,
      1,
      0,
      1,
      0,
      0,
      0,
      0,
      0,
      0,
      0,
      0,
      0,
      0,
      0,
      0,
      0,
      0,
      0,
      1
    ],
    "all_best_genomes": null
  },
  "raw": {
    "curves": {
      "best": [
        436.1,
        436.1,
        436.1,
        436.1,
        436.7,
        436.7,
        436.7,
        436.7,
        436.7,
        437.9,
        437.9,
        437.9,
        437.9,
        437.9,
        437.9,
        437.9,
        437.9,
        437.9,
        437.9,
        437.9,
        437.9,
        437.9,
        437.9,
        437.9,
        437.9,
        437.9,
        437.9,
        437.9,
        437.9,
        437.9,
        437.9,
        437.9,
        437.9,
        437.9,
        437.9,
        437.9,
        437.9,
        437.9,
        437.9,
        437.9,
        437.9,
        437.9,
        437.9,
        437.9,
        437.9,
        437.9,
        437.9,
        437.9,
        437.9,
        437.9,
        437.9,
        437.9,
        437.9,
        437.9,
        437.9,
        437.9,
        437.9,
        437.9,
        437.9,
        437.9,
        437.9,
        437.9,
        437.9,
        437.9,
        437.9,
        438.05,
        438.05,
        438.05,
        438.05,
        438.05,
        438.05,
        438.05,
        438.05,
        438.05,
        438.05,
        438.05,
        438.05,
        438.5,
        438.2,
        438.5,
        438.5,
        438.5,
        438.5,
        438.5,
        438.5,
        438.5,
        438.5,
        438.5,
        438.5,
        438.5,
        438.5,
        438.5,
        438.5,
        438.5,
        438.5,
        438.5,
        438.5,
        438.5,
        438.5,
        438.5
      ],
      "mean": [
        -Infinity,
        -Infinity,
        424.44090909090903,
        424.77500000000003,
        430.14772727272725,
        430.16136363636366,
        430.16136363636366,
        432.65000000000003,
        432.65000000000003,
        436.59772727272735,
        436.59772727272735,
        436.59772727272735,
        436.59772727272735,
        436.59772727272735,
        437.11590909090904,
        437.11590909090904,
        437.11590909090904,
        437.11590909090904,
        437.11590909090904,
        437.11590909090904,
        437.11590909090904,
        437.11590909090904,
        437.1227272727272,
        437.12954545454545,
        437.12954545454545,
        437.12954545454545,
        437.15681818181815,
        437.15681818181815,
        437.15681818181815,
        437.1636363636364,
        437.1636363636364,
        437.1636363636364,
        437.1636363636364,
        437.1636363636364,
        437.18409090909086,
        437.22499999999997,
        437.340909090909,
        437.340909090909,
        437.340909090909,
        437.340909090909,
        437.340909090909,
        437.340909090909,
        437.34772727272724,
        437.34772727272724,
        437.34772727272724,
        437.34772727272724,
        437.59318181818185,
        437.59318181818185,
        437.59318181818185,
        437.59318181818185,
        437.59318181818185,
        437.59318181818185,
        437.59318181818185,
        437.59318181818185,
        437.59318181818185,
        437.59318181818185,
        437.59318181818185,
        437.59318181818185,
        437.59318181818185,
        437.59318181818185,
        437.59318181818185,
        437.59318181818185,
        437.59318181818185,
        437.59318181818185,
        437.59318181818185,
        437.6954545454546,
        437.6954545454546,
        437.6954545454546,
        437.6954545454546,
        437.6954545454546,
        437.6954545454546,
        437.6954545454546,
        437.6954545454546,
        437.6954545454546,
        437.6954545454546,
        437.6954545454546,
        437.6954545454546,
        437.98181818181826,
        437.98181818181826,
        437.98181818181826,
        437.98181818181826,
        437.98181818181826,
        437.98181818181826,
        437.98181818181826,
        437.98181818181826,
        437.98181818181826,
        437.98181818181826,
        437.98181818181826,
        438.0022727272728,
        438.0022727272728,
        438.0022727272728,
        438.0022727272728,
        438.0909090909092,
        438.0909090909092,
        438.0909090909092,
        438.1727272727274,
        438.1727272727274,
        438.1727272727274,
        438.1727272727274,
        438.1727272727274
      ]
    }
  },
  "per_generation": [
    {
      "gen": 0.0,
      "best": 436.1,
      "mean": -Infinity
    },
    {
      "gen": 1.0,
      "best": 436.1,
      "mean": -Infinity
    },
    {
      "gen": 2.0,
      "best": 436.1,
      "mean": 424.44090909090903
    },
    {
      "gen": 3.0,
      "best": 436.1,
      "mean": 424.77500000000003
    },
    {
      "gen": 4.0,
      "best": 436.7,
      "mean": 430.14772727272725
    },
    {
      "gen": 5.0,
      "best": 436.7,
      "mean": 430.16136363636366
    },
    {
      "gen": 6.0,
      "best": 436.7,
      "mean": 430.16136363636366
    },
    {
      "gen": 7.0,
      "best": 436.7,
      "mean": 432.65000000000003
    },
    {
      "gen": 8.0,
      "best": 436.7,
      "mean": 432.65000000000003
    },
    {
      "gen": 9.0,
      "best": 437.9,
      "mean": 436.59772727272735
    },
    {
      "gen": 10.0,
      "best": 437.9,
      "mean": 436.59772727272735
    },
    {
      "gen": 11.0,
      "best": 437.9,
      "mean": 436.59772727272735
    },
    {
      "gen": 12.0,
      "best": 437.9,
      "mean": 436.59772727272735
    },
    {
      "gen": 13.0,
      "best": 437.9,
      "mean": 436.59772727272735
    },
    {
      "gen": 14.0,
      "best": 437.9,
      "mean": 437.11590909090904
    },
    {
      "gen": 15.0,
      "best": 437.9,
      "mean": 437.11590909090904
    },
    {
      "gen": 16.0,
      "best": 437.9,
      "mean": 437.11590909090904
    },
    {
      "gen": 17.0,
      "best": 437.9,
      "mean": 437.11590909090904
    },
    {
      "gen": 18.0,
      "best": 437.9,
      "mean": 437.11590909090904
    },
    {
      "gen": 19.0,
      "best": 437.9,
      "mean": 437.11590909090904
    },
    {
      "gen": 20.0,
      "best": 437.9,
      "mean": 437.11590909090904
    },
    {
      "gen": 21.0,
      "best": 437.9,
      "mean": 437.11590909090904
    },
    {
      "gen": 22.0,
      "best": 437.9,
      "mean": 437.1227272727272
    },
    {
      "gen": 23.0,
      "best": 437.9,
      "mean": 437.12954545454545
    },
    {
      "gen": 24.0,
      "best": 437.9,
      "mean": 437.12954545454545
    },
    {
      "gen": 25.0,
      "best": 437.9,