{
  "algo": "pso",
  "hparams": {
    "generations": 100,
    "popsize": 22,
    "fix_last_gene": true,
    "seed": 1102,
    "verbosity": 1,
    "log_every": 1,
    "evals_cap": 10000,
    "w": 0.5979118841046149,
    "c1": 0.8,
    "c2": 1.4115632904794735
  },
  "metrics": {
    "best_final": 438.35,
    "auc_best": 43363.27499999996,
    "auc_best_norm": 438.0128787878784,
    "runtime_sec": 72.42926168441772,
    "evals_total": -1,
    "budget_triggered": false,
    "stop_reason": "None"
  },
  "diagnostics": {
    "best": {
      "start": 437.3,
      "end": 438.35,
      "delta_abs": 1.0500000000000114,
      "delta_rel": 0.0024010976446375747,
      "max_val": 438.35,
      "argmax": 83,
      "auc_raw": 43363.27499999996,
      "auc_norm": 438.0128787878784
    },
    "mean": {
      "start": -Infinity,
      "end": 437.79090909090917,
      "delta_abs": Infinity,
      "delta_rel": NaN,
      "max_val": 437.79090909090917,
      "argmax": 92,
      "auc_raw": -Infinity,
      "auc_norm": -Infinity
    }
  },
  "genomes": {
    "best_genome": [
      1,
      0,
      1,
      0,
      0,
      0,
      0,
      0,
      0,
      0,
      0,
      1,
      1,
      0,
      1,
      0,
      0,
      0,
      0,
      0,
      1,
      0,
      0,
      0,
      0,
      0,
      0,
      0,
      0,
      0,
      0,
      0,
      1
    ],
    "all_best_genomes": null
  },
  "raw": {
    "curves": {
      "best": [
        437.3,
        437.3,
        437.3,
        437.3,
        437.3,
        437.3,
        437.3,
        437.3,
        437.3,
        437.3,
        437.3,
        437.3,
        438.05,
        438.05,
        438.05,
        438.05,
        438.05,
        438.05,
        438.05,
        438.05,
        438.05,
        438.05,
        438.05,
        438.05,
        438.05,
        438.05,
        438.05,
        438.05,
        438.05,
        438.05,
        438.05,
        438.05,
        438.05,
        438.05,
        438.05,
        438.05,
        438.05,
        438.05,
        438.05,
        438.05,
        438.05,
        438.05,
        438.05,
        438.05,
        438.05,
        438.05,
        438.05,
        438.05,
        438.05,
        438.05,
        438.05,
        438.05,
        438.05,
        438.05,
        438.05,
        438.05,
        438.05,
        438.05,
        438.05,
        438.05,
        438.05,
        438.05,
        438.05,
        438.05,
        438.05,
        438.05,
        438.05,
        438.05,
        438.05,
        438.05,
        438.05,
        438.05,
        438.05,
        438.05,
        438.05,
        438.05,
        438.05,
        438.05,
        438.05,
        438.05,
        438.05,
        438.05,
        438.05,
        438.35,
        438.35,
        438.35,
        438.35,
        438.35,
        438.35,
        438.35,
        438.35,
        438.35,
        438.35,
        438.35,
        438.35,
        438.35,
        438.35,
        438.35,
        438.35,
        438.35
      ],
      "mean": [
        -Infinity,
        433.33863636363634,
        434.55909090909097,
        434.6204545454546,
        434.70227272727277,
        434.70227272727277,
        434.70227272727277,
        434.73636363636365,
        434.92045454545456,
        436.4613636363636,
        436.475,
        436.475,
        437.08181818181816,
        437.08181818181816,
        437.08181818181816,
        437.08181818181816,
        437.08181818181816,
        437.12954545454545,
        437.32045454545454,
        437.32045454545454,
        437.32045454545454,
        437.32045454545454,
        437.32045454545454,
        437.32045454545454,
        437.32045454545454,
        437.32045454545454,
        437.32045454545454,
        437.32045454545454,
        437.32045454545454,
        437.32045454545454,
        437.32045454545454,
        437.32045454545454,
        437.32045454545454,
        437.36136363636365,
        437.36136363636365,
        437.36136363636365,
        437.36136363636365,
        437.36136363636365,
        437.62727272727267,
        437.62727272727267,
        437.62727272727267,
        437.62727272727267,
        437.62727272727267,
        437.62727272727267,
        437.62727272727267,
        437.62727272727267,
        437.62727272727267,
        437.62727272727267,
        437.62727272727267,
        437.62727272727267,
        437.62727272727267,
        437.62727272727267,
        437.62727272727267,
        437.62727272727267,
        437.62727272727267,
        437.62727272727267,
        437.63409090909096,
        437.63409090909096,
        437.63409090909096,
        437.63409090909096,
        437.63409090909096,
        437.63409090909096,
        437.63409090909096,
        437.63409090909096,
        437.63409090909096,
        437.6818181818182,
        437.6818181818182,
        437.6818181818182,
        437.6818181818182,
        437.6818181818182,
        437.6818181818182,
        437.6818181818182,
        437.6818181818182,
        437.6818181818182,
        437.6818181818182,
        437.6818181818182,
        437.6818181818182,
        437.6818181818182,
        437.6818181818182,
        437.6818181818182,
        437.6818181818182,
        437.6818181818182,
        437.6818181818182,
        437.77727272727276,
        437.77727272727276,
        437.77727272727276,
        437.77727272727276,
        437.77727272727276,
        437.77727272727276,
        437.77727272727276,
        437.77727272727276,
        437.77727272727276,
        437.79090909090917,
        437.79090909090917,
        437.79090909090917,
        437.79090909090917,
        437.79090909090917,
        437.79090909090917,
        437.79090909090917,
        437.79090909090917
      ]
    }
  },
  "per_generation": [
    {
      "gen": 0.0,
      "best": 437.3,
      "mean": -Infinity
    },
    {
      "gen": 1.0,
      "best": 437.3,
      "mean": 433.33863636363634
    },
    {
      "gen": 2.0,
      "best": 437.3,
      "mean": 434.55909090909097
    },
    {
      "gen": 3.0,
      "best": 437.3,
      "mean": 434.6204545454546
    },
    {
      "gen": 4.0,
      "best": 437.3,
      "mean": 434.70227272727277
    },
    {
      "gen": 5.0,
      "best": 437.3,
      "mean": 434.70227272727277
    },
    {
      "gen": 6.0,
      "best": 437.3,
      "mean": 434.70227272727277
    },
    {
      "gen": 7.0,
      "best": 437.3,
      "mean": 434.73636363636365
    },
    {
      "gen": 8.0,
      "best": 437.3,
      "mean": 434.92045454545456
    },
    {
      "gen": 9.0,
      "best": 437.3,
      "mean": 436.4613636363636
    },
    {
      "gen": 10.0,
      "best": 437.3,
      "mean": 436.475
    },
    {
      "gen": 11.0,
      "best": 437.3,
      "mean": 436.475
    },
    {
      "gen": 12.0,
      "best": 438.05,
      "mean": 437.08181818181816
    },
    {
      "gen": 13.0,
      "best": 438.05,
      "mean": 437.08181818181816
    },
    {
      "gen": 14.0,
      "best": 438.05,
      "mean": 437.08181818181816
    },
    {
      "gen": 15.0,
      "best": 438.05,
      "mean": 437.08181818181816
    },
    {
      "gen": 16.0,
      "best": 438.05,
      "mean": 437.08181818181816
    },
    {
      "gen": 17.0,
      "best": 438.05,
      "mean": 437.12954545454545
    },
    {
      "gen": 18.0,
      "best": 438.05,
      "mean": 437.32045454545454
    },
    {
      "gen": 19.0,
      "best": 438.05,
      "mean": 437.32045454545454
    },
    {
      "gen": 20.0,
      "best": 438.05,
      "mean": 437.32045454545454
    },
    {
      "gen": 21.0,
      "best": 438.05,
      "mean": 437.32045454545454
    },
    {
      "gen": 22.0,
      "best": 438.05,
      "mean": 437.32045454545454
    },
    {
      "gen": 23.0,
      "best": 438.05,
      "mean": 437.32045454545454
    },
    {
      "gen": 24.0,
      "best": 438.05,
      "mean": 437.32045454545454
    },
    {
      "gen": 25.0,