{
  "algo": "pso",
  "hparams": {
    "generations": 100,
    "popsize": 22,
    "fix_last_gene": true,
    "seed": 909,
    "verbosity": 1,
    "log_every": 1,
    "evals_cap": 10000,
    "w": 0.9248712230551668,
    "c1": 1.1743111426089983,
    "c2": 1.8572145268502822
  },
  "metrics": {
    "best_final": 438.65,
    "auc_best": 43391.025000000074,
    "auc_best_norm": 438.2931818181826,
    "runtime_sec": 95.9648802280426,
    "evals_total": -1,
    "budget_triggered": false,
    "stop_reason": "None"
  },
  "diagnostics": {
    "best": {
      "start": 436.7,
      "end": 438.65,
      "delta_abs": 1.9499999999999886,
      "delta_rel": 0.004465307991756329,
      "max_val": 438.65,
      "argmax": 36,
      "auc_raw": 43391.025000000074,
      "auc_norm": 438.2931818181826
    },
    "mean": {
      "start": -Infinity,
      "end": 438.64318181818174,
      "delta_abs": Infinity,
      "delta_rel": NaN,
      "max_val": 438.64318181818174,
      "argmax": 80,
      "auc_raw": -Infinity,
      "auc_norm": -Infinity
    }
  },
  "genomes": {
    "best_genome": [
      0,
      0,
      1,
      1,
      1,
      1,
      0,
      1,
      0,
      1,
      1,
      1,
      0,
      1,
      1,
      0,
      0,
      0,
      0,
      0,
      0,
      0,
      0,
      0,
      0,
      0,
      0,
      0,
      0,
      0,
      0,
      0,
      1
    ],
    "all_best_genomes": null
  },
  "raw": {
    "curves": {
      "best": [
        436.7,
        436.7,
        436.7,
        436.7,
        436.7,
        436.7,
        436.7,
        436.7,
        436.7,
        437.75,
        437.75,
        437.75,
        437.75,
        437.75,
        437.75,
        437.75,
        437.75,
        437.9,
        438.05,
        438.05,
        438.05,
        438.05,
        438.05,
        438.05,
        438.05,
        438.05,
        438.05,
        438.05,
        438.05,
        438.05,
        438.05,
        438.05,
        438.05,
        438.05,
        438.05,
        438.05,
        438.65,
        438.65,
        438.65,
        438.65,
        438.65,
        438.65,
        438.65,
        438.65,
        438.65,
        438.65,
        438.65,
        438.65,
        438.65,
        438.65,
        438.65,
        438.65,
        438.65,
        438.65,
        438.65,
        438.65,
        438.65,
        438.65,
        438.65,
        438.65,
        438.65,
        438.65,
        438.65,
        438.65,
        438.65,
        438.65,
        438.65,
        438.65,
        438.65,
        438.65,
        438.65,
        438.65,
        438.65,
        438.65,
        438.65,
        438.65,
        438.65,
        438.65,
        438.65,
        438.65,
        438.65,
        438.65,
        438.65,
        438.65,
        438.65,
        438.65,
        438.65,
        438.65,
        438.65,
        438.65,
        438.65,
        438.65,
        438.65,
        438.65,
        438.65,
        438.65,
        438.65,
        438.65,
        438.65,
        438.65
      ],
      "mean": [
        -Infinity,
        -Infinity,
        418.20909090909083,
        432.65681818181815,
        432.82045454545454,
        432.84090909090907,
        434.2727272727272,
        435.2886363636363,
        435.3295454545454,
        436.57045454545454,
        436.58409090909083,
        436.5977272727272,
        436.79545454545445,
        436.8431818181817,
        436.9113636363636,
        436.9113636363636,
        437.01363636363624,
        437.30681818181824,
        437.42954545454546,
        437.4431818181818,
        437.4431818181818,
        437.61363636363643,
        437.6204545454546,
        437.6204545454546,
        437.69545454545465,
        437.69545454545465,
        437.69545454545465,
        437.69545454545465,
        437.73636363636376,
        437.7704545454546,
        437.7772727272728,
        437.79090909090917,
        437.79090909090917,
        437.79090909090917,
        437.8863636363636,
        437.8863636363636,
        437.9613636363636,
        438.00227272727267,
        438.00227272727267,
        438.00227272727267,
        438.0431818181818,
        438.0431818181818,
        438.08409090909083,
        438.2681818181818,
        438.2681818181818,
        438.2681818181818,
        438.2681818181818,
        438.2681818181818,
        438.30227272727274,
        438.3431818181818,
        438.3431818181818,
        438.43863636363636,
        438.47272727272724,
        438.47272727272724,
        438.4863636363636,
        438.49318181818177,
        438.49318181818177,
        438.5340909090908,
        438.540909090909,
        438.540909090909,
        438.540909090909,
        438.540909090909,
        438.540909090909,
        438.5545454545454,
        438.5545454545454,
        438.5545454545454,
        438.5545454545454,
        438.5545454545454,
        438.5545454545454,
        438.59545454545446,
        438.59545454545446,
        438.59545454545446,
        438.59545454545446,
        438.60227272727263,
        438.60227272727263,
        438.60227272727263,
        438.615909090909,
        438.62272727272716,
        438.6295454545453,
        438.6295454545453,
        438.64318181818174,
        438.64318181818174,
        438.64318181818174,
        438.64318181818174,
        438.64318181818174,
        438.64318181818174,
        438.64318181818174,
        438.64318181818174,
        438.64318181818174,
        438.64318181818174,
        438.64318181818174,
        438.64318181818174,
        438.64318181818174,
        438.64318181818174,
        438.64318181818174,
        438.64318181818174,
        438.64318181818174,
        438.64318181818174,
        438.64318181818174,
        438.64318181818174
      ]
    }
  },
  "per_generation": [
    {
      "gen": 0.0,
      "best": 436.7,
      "mean": -Infinity
    },
    {
      "gen": 1.0,
      "best": 436.7,
      "mean": -Infinity
    },
    {
      "gen": 2.0,
      "best": 436.7,
      "mean": 418.20909090909083
    },
    {
      "gen": 3.0,
      "best": 436.7,
      "mean": 432.65681818181815
    },
    {
      "gen": 4.0,
      "best": 436.7,
      "mean": 432.82045454545454
    },
    {
      "gen": 5.0,
      "best": 436.7,
      "mean": 432.84090909090907
    },
    {
      "gen": 6.0,
      "best": 436.7,
      "mean": 434.2727272727272
    },
    {
      "gen": 7.0,
      "best": 436.7,
      "mean": 435.2886363636363
    },
    {
      "gen": 8.0,
      "best": 436.7,
      "mean": 435.3295454545454
    },
    {
      "gen": 9.0,
      "best": 437.75,
      "mean": 436.57045454545454
    },
    {
      "gen": 10.0,
      "best": 437.75,
      "mean": 436.58409090909083
    },
    {
      "gen": 11.0,
      "best": 437.75,
      "mean": 436.5977272727272
    },
    {
      "gen": 12.0,
      "best": 437.75,
      "mean": 436.79545454545445
    },
    {
      "gen": 13.0,
      "best": 437.75,
      "mean": 436.8431818181817
    },
    {
      "gen": 14.0,
      "best": 437.75,
      "mean": 436.9113636363636
    },
    {
      "gen": 15.0,
      "best": 437.75,
      "mean": 436.9113636363636
    },
    {
      "gen": 16.0,
      "best": 437.75,
      "mean": 437.01363636363624
    },
    {
      "gen": 17.0,
      "best": 437.9,
      "mean": 437.30681818181824
    },
    {
      "gen": 18.0,
      "best": 438.05,
      "mean": 437.42954545454546
    },
    {
      "gen": 19.0,
      "best": 438.05,
      "mean": 437.4431818181818
    },
    {
      "gen": 20.0,
      "best": 438.05,
      "mean": 437.4431818181818
    },
    {
      "gen": 21.0,
      "best": 438.05,
      "mean": 437.61363636363643
    },
    {
      "gen": 22.0,
      "best": 438.05,
      "mean": 437.6204545454546
    },
    {
      "gen": 23.0,
      "best": 438.05,
      "mean": 437.6204545454546
    },
    {
      "gen": 24.0,
      "best": 438.05,