{
  "algo": "pso",
  "hparams": {
    "generations": 100,
    "popsize": 22,
    "fix_last_gene": true,
    "seed": 505,
    "verbosity": 1,
    "log_every": 1,
    "evals_cap": 10000,
    "w": 0.705528279561114,
    "c1": 1.705782117417007,
    "c2": 1.2038177810948651
  },
  "metrics": {
    "best_final": 438.65,
    "auc_best": 43380.00000000004,
    "auc_best_norm": 438.1818181818185,
    "runtime_sec": 91.44307971000671,
    "evals_total": -1,
    "budget_triggered": false,
    "stop_reason": "None"
  },
  "diagnostics": {
    "best": {
      "start": 435.95,
      "end": 438.65,
      "delta_abs": 2.6999999999999886,
      "delta_rel": 0.006193370799403576,
      "max_val": 438.65,
      "argmax": 69,
      "auc_raw": 43380.00000000004,
      "auc_norm": 438.1818181818185
    },
    "mean": {
      "start": -Infinity,
      "end": 438.27500000000003,
      "delta_abs": Infinity,
      "delta_rel": NaN,
      "max_val": 438.27500000000003,
      "argmax": 90,
      "auc_raw": -Infinity,
      "auc_norm": -Infinity
    }
  },
  "genomes": {
    "best_genome": [
      0,
      0,
      0,
      0,
      0,
      1,
      1,
      1,
      0,
      1,
      1,
      1,
      0,
      0,
      0,
      0,
      0,
      0,
      0,
      0,
      0,
      0,
      0,
      0,
      0,
      0,
      0,
      0,
      0,
      0,
      0,
      0,
      1
    ],
    "all_best_genomes": null
  },
  "raw": {
    "curves": {
      "best": [
        435.95,
        435.95,
        435.95,
        436.25,
        436.25,
        437.9,
        437.9,
        437.9,
        437.9,
        437.9,
        437.9,
        437.9,
        437.9,
        437.9,
        437.9,
        437.9,
        437.9,
        437.9,
        437.9,
        437.9,
        437.9,
        437.9,
        437.9,
        437.9,
        437.9,
        437.9,
        437.9,
        437.9,
        437.9,
        437.9,
        437.9,
        438.2,
        438.2,
        438.2,
        438.2,
        438.2,
        438.2,
        438.2,
        438.2,
        438.2,
        438.2,
        438.2,
        438.2,
        438.2,
        438.2,
        438.2,
        438.2,
        438.2,
        438.2,
        438.2,
        438.2,
        438.2,
        438.2,
        438.2,
        438.2,
        438.2,
        438.2,
        438.35,
        438.35,
        438.35,
        438.35,
        438.35,
        438.35,
        438.35,
        438.35,
        438.35,
        438.35,
        438.35,
        438.35,
        438.65,
        438.65,
        438.65,
        438.65,
        438.65,
        438.65,
        438.65,
        438.65,
        438.65,
        438.65,
        438.65,
        438.65,
        438.65,
        438.65,
        438.65,
        438.65,
        438.65,
        438.65,
        438.65,
        438.65,
        438.65,
        438.65,
        438.65,
        438.65,
        438.65,
        438.65,
        438.65,
        438.65,
        438.65,
        438.65,
        438.65
      ],
      "mean": [
        -Infinity,
        -Infinity,
        419.2522727272726,
        419.9886363636364,
        420.91590909090905,
        422.8318181818182,
        425.17045454545456,
        426.2136363636364,
        435.67727272727274,
        435.67727272727274,
        435.67727272727274,
        435.7181818181818,
        436.76136363636357,
        436.79545454545445,
        436.79545454545445,
        436.8977272727272,
        436.8977272727272,
        436.8977272727272,
        437.1295454545454,
        437.1295454545454,
        437.1295454545454,
        437.13636363636357,
        437.1636363636363,
        437.3545454545456,
        437.36136363636376,
        437.36136363636376,
        437.36136363636376,
        437.37500000000006,
        437.37500000000006,
        437.37500000000006,
        437.37500000000006,
        437.484090909091,
        437.484090909091,
        437.484090909091,
        437.484090909091,
        437.484090909091,
        437.5181818181818,
        437.5181818181818,
        437.5181818181818,
        437.5181818181818,
        437.5181818181818,
        437.5181818181818,
        437.5181818181818,
        437.5181818181818,
        437.5181818181818,
        437.5181818181818,
        437.5181818181818,
        437.57272727272726,
        437.7636363636365,
        437.7636363636365,
        437.7636363636365,
        437.7636363636365,
        437.7636363636365,
        437.7636363636365,
        437.7636363636365,
        437.7636363636365,
        437.7636363636365,
        437.784090909091,
        437.784090909091,
        437.784090909091,
        437.784090909091,
        437.784090909091,
        437.784090909091,
        437.784090909091,
        437.80454545454546,
        437.80454545454546,
        437.80454545454546,
        437.80454545454546,
        437.8454545454546,
        438.1795454545454,
        438.1795454545454,
        438.1795454545454,
        438.1795454545454,
        438.1795454545454,
        438.1795454545454,
        438.1795454545454,
        438.1795454545454,
        438.1795454545454,
        438.1795454545454,
        438.1795454545454,
        438.1795454545454,
        438.1795454545454,
        438.1795454545454,
        438.1795454545454,
        438.1795454545454,
        438.1795454545454,
        438.1795454545454,
        438.1795454545454,
        438.1795454545454,
        438.1795454545454,
        438.27500000000003,
        438.27500000000003,
        438.27500000000003,
        438.27500000000003,
        438.27500000000003,
        438.27500000000003,
        438.27500000000003,
        438.27500000000003,
        438.27500000000003,
        438.27500000000003
      ]
    }
  },
  "per_generation": [
    {
      "gen": 0.0,
      "best": 435.95,
      "mean": -Infinity
    },
    {
      "gen": 1.0,
      "best": 435.95,
      "mean": -Infinity
    },
    {
      "gen": 2.0,
      "best": 435.95,
      "mean": 419.2522727272726
    },
    {
      "gen": 3.0,
      "best": 436.25,
      "mean": 419.9886363636364
    },
    {
      "gen": 4.0,
      "best": 436.25,
      "mean": 420.91590909090905
    },
    {
      "gen": 5.0,
      "best": 437.9,
      "mean": 422.8318181818182
    },
    {
      "gen": 6.0,
      "best": 437.9,
      "mean": 425.17045454545456
    },
    {
      "gen": 7.0,
      "best": 437.9,
      "mean": 426.2136363636364
    },
    {
      "gen": 8.0,
      "best": 437.9,
      "mean": 435.67727272727274
    },
    {
      "gen": 9.0,
      "best": 437.9,
      "mean": 435.67727272727274
    },
    {
      "gen": 10.0,
      "best": 437.9,
      "mean": 435.67727272727274
    },
    {
      "gen": 11.0,
      "best": 437.9,
      "mean": 435.7181818181818
    },
    {
      "gen": 12.0,
      "best": 437.9,
      "mean": 436.76136363636357
    },
    {
      "gen": 13.0,
      "best": 437.9,
      "mean": 436.79545454545445
    },
    {
      "gen": 14.0,
      "best": 437.9,
      "mean": 436.79545454545445
    },
    {
      "gen": 15.0,
      "best": 437.9,
      "mean": 436.8977272727272
    },
    {
      "gen": 16.0,
      "best": 437.9,
      "mean": 436.8977272727272
    },
    {
      "gen": 17.0,
      "best": 437.9,
      "mean": 436.8977272727272
    },
    {
      "gen": 18.0,
      "best": 437.9,
      "mean": 437.1295454545454
    },
    {
      "gen": 19.0,
      "best": 437.9,
      "mean": 437.1295454545454
    },
    {
      "gen": 20.0,
      "best": 437.9,
      "mean": 437.1295454545454
    },
    {
      "gen": 21.0,
      "best": 437.9,
      "mean": 437.13636363636357
    },
    {
      "gen": 22.0,
      "best": 437.9,
      "mean": 437.1636363636363
    },
    {
      "gen": 23.0,
      "best": 437.9,
      "mean": 437.3545454545456
    },
    {
      "gen": 24.0,
      "best": 437.9,
      "mean": 437.36136363636376
    },
    {
      "gen": 25.0,
      "best": 437.9,