{
  "algo": "pso",
  "hparams": {
    "generations": 100,
    "popsize": 22,
    "fix_last_gene": true,
    "seed": 808,
    "verbosity": 1,
    "log_every": 1,
    "evals_cap": 10000,
    "w": 0.5013813182481457,
    "c1": 1.7169866154188016,
    "c2": 1.2497576276489437
  },
  "metrics": {
    "best_final": 438.5,
    "auc_best": 43357.649999999994,
    "auc_best_norm": 437.95606060606053,
    "runtime_sec": 70.35376477241516,
    "evals_total": -1,
    "budget_triggered": false,
    "stop_reason": "None"
  },
  "diagnostics": {
    "best": {
      "start": 437.0,
      "end": 438.5,
      "delta_abs": 1.5,
      "delta_rel": 0.003432494279176201,
      "max_val": 438.5,
      "argmax": 78,
      "auc_raw": 43357.649999999994,
      "auc_norm": 437.95606060606053
    },
    "mean": {
      "start": -Infinity,
      "end": 438.06363636363636,
      "delta_abs": Infinity,
      "delta_rel": NaN,
      "max_val": 438.06363636363636,
      "argmax": 86,
      "auc_raw": -Infinity,
      "auc_norm": -Infinity
    }
  },
  "genomes": {
    "best_genome": [
      0,
      1,
      0,
      1,
      1,
      1,
      1,
      0,
      0,
      1,
      0,
      1,
      0,
      0,
      1,
      0,
      0,
      0,
      0,
      0,
      0,
      0,
      0,
      1,
      0,
      0,
      0,
      0,
      0,
      0,
      0,
      0,
      1
    ],
    "all_best_genomes": null
  },
  "raw": {
    "curves": {
      "best": [
        437.0,
        437.0,
        437.0,
        437.0,
        437.6,
        437.6,
        437.6,
        437.6,
        437.6,
        437.6,
        437.6,
        437.6,
        437.6,
        437.6,
        437.6,
        437.6,
        437.6,
        437.6,
        437.6,
        437.6,
        437.6,
        437.6,
        437.6,
        437.6,
        437.6,
        437.6,
        437.6,
        437.6,
        437.6,
        437.6,
        437.6,
        437.6,
        437.6,
        437.6,
        437.6,
        437.6,
        437.9,
        437.9,
        437.9,
        437.9,
        437.9,
        437.9,
        438.05,
        438.05,
        438.05,
        438.05,
        438.05,
        438.05,
        438.05,
        438.05,
        438.05,
        438.05,
        438.05,
        438.05,
        438.05,
        438.05,
        438.05,
        438.05,
        438.05,
        438.05,
        438.05,
        438.05,
        438.05,
        438.05,
        438.05,
        438.05,
        438.05,
        438.05,
        438.05,
        438.05,
        438.05,
        438.05,
        438.05,
        438.05,
        438.05,
        438.05,
        438.05,
        438.05,
        438.5,
        438.5,
        438.5,
        438.5,
        438.5,
        438.5,
        438.5,
        438.5,
        438.5,
        438.5,
        438.5,
        438.5,
        438.5,
        438.5,
        438.5,
        438.5,
        438.5,
        438.5,
        438.5,
        438.5,
        438.5,
        438.5
      ],
      "mean": [
        -Infinity,
        422.34772727272735,
        422.34772727272735,
        422.7704545454546,
        425.5727272727272,
        425.66818181818184,
        425.66818181818184,
        434.43636363636364,
        435.6772727272728,
        435.68409090909097,
        435.68409090909097,
        435.68409090909097,
        435.69090909090914,
        435.77272727272725,
        435.77272727272725,
        435.77272727272725,
        435.77272727272725,
        435.77272727272725,
        435.79999999999995,
        436.25681818181823,
        436.25681818181823,
        436.25681818181823,
        436.25681818181823,
        436.3386363636364,
        436.3386363636364,
        436.3386363636364,
        436.97954545454553,
        436.97954545454553,
        436.97954545454553,
        436.97954545454553,
        436.97954545454553,
        436.97954545454553,
        436.97954545454553,
        436.97954545454553,
        436.97954545454553,
        436.97954545454553,
        437.45,
        437.45,
        437.46363636363634,
        437.46363636363634,
        437.46363636363634,
        437.46363636363634,
        437.71590909090907,
        437.71590909090907,
        437.71590909090907,
        437.71590909090907,
        437.72954545454553,
        437.72954545454553,
        437.72954545454553,
        437.7431818181818,
        437.7431818181818,
        437.7431818181818,
        437.7431818181818,
        437.7431818181818,
        437.7431818181818,
        437.7431818181818,
        437.7431818181818,
        437.75,
        437.75,
        437.75,
        437.75,
        437.75681818181823,
        437.75681818181823,
        437.75681818181823,
        437.75681818181823,
        437.75681818181823,
        437.75681818181823,
        437.75681818181823,
        437.79090909090917,
        437.79090909090917,
        437.79090909090917,
        437.79090909090917,
        437.79090909090917,
        437.79090909090917,
        437.79090909090917,
        437.79090909090917,
        437.79090909090917,
        437.79090909090917,
        437.9136363636364,
        437.9136363636364,
        437.9136363636364,
        437.9818181818182,
        437.9818181818182,
        438.0022727272728,
        438.0022727272728,
        438.0022727272728,
        438.06363636363636,
        438.06363636363636,
        438.06363636363636,
        438.06363636363636,
        438.06363636363636,
        438.06363636363636,
        438.06363636363636,
        438.06363636363636,
        438.06363636363636,
        438.06363636363636,
        438.06363636363636,
        438.06363636363636,
        438.06363636363636,
        438.06363636363636
      ]
    }
  },
  "per_generation": [
    {
      "gen": 0.0,
      "best": 437.0,
      "mean": -Infinity
    },
    {
      "gen": 1.0,
      "best": 437.0,
      "mean": 422.34772727272735
    },
    {
      "gen": 2.0,
      "best": 437.0,
      "mean": 422.34772727272735
    },
    {
      "gen": 3.0,
      "best": 437.0,
      "mean": 422.7704545454546
    },
    {
      "gen": 4.0,
      "best": 437.6,
      "mean": 425.5727272727272
    },
    {
      "gen": 5.0,
      "best": 437.6,
      "mean": 425.66818181818184
    },
    {
      "gen": 6.0,
      "best": 437.6,
      "mean": 425.66818181818184
    },
    {
      "gen": 7.0,
      "best": 437.6,
      "mean": 434.43636363636364
    },
    {
      "gen": 8.0,
      "best": 437.6,
      "mean": 435.6772727272728
    },
    {
      "gen": 9.0,
      "best": 437.6,
      "mean": 435.68409090909097
    },
    {
      "gen": 10.0,
      "best": 437.6,
      "mean": 435.68409090909097
    },
    {
      "gen": 11.0,
      "best": 437.6,
      "mean": 435.68409090909097
    },
    {
      "gen": 12.0,
      "best": 437.6,
      "mean": 435.69090909090914
    },
    {
      "gen": 13.0,
      "best": 437.6,
      "mean": 435.77272727272725
    },
    {
      "gen": 14.0,
      "best": 437.6,
      "mean": 435.77272727272725
    },
    {
      "gen": 15.0,
      "best": 437.6,
      "mean": 435.77272727272725
    },
    {
      "gen": 16.0,
      "best": 437.6,
      "mean": 435.77272727272725
    },
    {
      "gen": 17.0,
      "best": 437.6,
      "mean": 435.77272727272725
    },
    {
      "gen": 18.0,
      "best": 437.6,
      "mean": 435.79999999999995
    },
    {
      "gen": 19.0,
      "best": 437.6,
      "mean": 436.25681818181823
    },
    {
      "gen": 20.0,
      "best": 437.6,
      "mean": 436.25681818181823
    },
    {
      "gen": 21.0,
      "best": 437.6,
      "mean": 436.25681818181823
    },
    {
      "gen": 22.0,
      "best": 437.6,
      "mean": 436.25681818181823
    },
    {
      "gen": 23.0,
      "best": 437.6,
      "mean": 436.3386363636364
    },
    {
      "gen": 24.0,
      "best": 437.6,
      "mean": 436.3386363636364
    },
    {
      "gen": 25.0,
      "best": 437.6,
      "mean": 436.3386363636364
    },
    {
      "gen": 26.0,