{
  "algo": "pso",
  "hparams": {
    "generations": 100,
    "popsize": 22,
    "fix_last_gene": true,
    "seed": 303,
    "verbosity": 1,
    "log_every": 1,
    "evals_cap": 10000,
    "w": 0.4562806252657395,
    "c1": 0.8277464344275344,
    "c2": 2.1869516967157443
  },
  "metrics": {
    "best_final": 438.35,
    "auc_best": 43355.02499999996,
    "auc_best_norm": 437.929545454545,
    "runtime_sec": 64.35526180267334,
    "evals_total": -1,
    "budget_triggered": false,
    "stop_reason": "None"
  },
  "diagnostics": {
    "best": {
      "start": 436.1,
      "end": 438.35,
      "delta_abs": 2.25,
      "delta_rel": 0.00515936711763357,
      "max_val": 438.35,
      "argmax": 95,
      "auc_raw": 43355.02499999996,
      "auc_norm": 437.929545454545
    },
    "mean": {
      "start": -Infinity,
      "end": 438.15227272727276,
      "delta_abs": Infinity,
      "delta_rel": NaN,
      "max_val": 438.15227272727276,
      "argmax": 95,
      "auc_raw": -Infinity,
      "auc_norm": -Infinity
    }
  },
  "genomes": {
    "best_genome": [
      0,
      0,
      1,
      0,
      0,
      0,
      1,
      0,
      1,
      0,
      0,
      1,
      1,
      1,
      1,
      1,
      0,
      0,
      0,
      0,
      0,
      0,
      0,
      1,
      0,
      0,
      0,
      0,
      0,
      0,
      0,
      0,
      1
    ],
    "all_best_genomes": null
  },
  "raw": {
    "curves": {
      "best": [
        436.1,
        436.1,
        436.1,
        436.1,
        436.4,
        436.4,
        436.4,
        436.4,
        436.4,
        437.9,
        437.9,
        437.9,
        437.9,
        437.9,
        437.9,
        437.9,
        437.9,
        437.9,
        437.9,
        437.9,
        437.9,
        437.9,
        437.9,
        437.9,
        437.9,
        437.9,
        437.9,
        437.9,
        437.9,
        437.9,
        437.9,
        437.9,
        437.9,
        437.9,
        437.9,
        437.9,
        437.9,
        437.9,
        437.9,
        437.9,
        437.9,
        437.9,
        437.9,
        437.9,
        437.9,
        437.9,
        438.2,
        438.2,
        438.2,
        438.2,
        438.2,
        438.2,
        438.2,
        438.2,
        438.2,
        438.2,
        438.2,
        438.2,
        438.2,
        438.2,
        438.2,
        438.2,
        438.2,
        438.2,
        438.2,
        438.2,
        438.2,
        438.2,
        438.2,
        438.2,
        438.2,
        438.2,
        438.2,
        438.2,
        438.2,
        438.2,
        438.2,
        438.2,
        438.2,
        438.2,
        438.2,
        438.2,
        438.2,
        438.2,
        438.2,
        438.2,
        438.2,
        438.2,
        438.2,
        438.2,
        438.2,
        438.2,
        438.2,
        438.2,
        438.2,
        438.35,
        438.35,
        438.35,
        438.35,
        438.35
      ],
      "mean": [
        -Infinity,
        -Infinity,
        428.5863636363636,
        428.69545454545454,
        432.97727272727275,
        433.025,
        433.025,
        434.77045454545447,
        434.77045454545447,
        436.50227272727284,
        436.5363636363638,
        436.5363636363638,
        436.5363636363638,
        436.54318181818195,
        437.0818181818182,
        437.0818181818182,
        437.0818181818182,
        437.0954545454546,
        437.0954545454546,
        437.0954545454546,
        437.0954545454546,
        437.0954545454546,
        437.1022727272728,
        437.11590909090916,
        437.11590909090916,
        437.11590909090916,
        437.11590909090916,
        437.11590909090916,
        437.11590909090916,
        437.13636363636374,
        437.13636363636374,
        437.13636363636374,
        437.13636363636374,
        437.13636363636374,
        437.15000000000003,
        437.24545454545455,
        437.32727272727266,
        437.32727272727266,
        437.32727272727266,
        437.32727272727266,
        437.32727272727266,
        437.32727272727266,
        437.33409090909095,
        437.33409090909095,
        437.33409090909095,
        437.33409090909095,
        437.6,
        437.6,
        437.6,
        437.6,
        437.6,
        437.6,
        437.6,
        437.6204545454546,
        437.6204545454546,
        437.6204545454546,
        437.6204545454546,
        437.6204545454546,
        437.6204545454546,
        437.6204545454546,
        437.6204545454546,
        437.6204545454546,
        437.6204545454546,
        437.6204545454546,
        437.6204545454546,
        437.73636363636365,
        437.73636363636365,
        437.73636363636365,
        437.73636363636365,
        437.73636363636365,
        437.73636363636365,
        437.73636363636365,
        437.73636363636365,
        437.73636363636365,
        437.73636363636365,
        437.73636363636365,
        437.73636363636365,
        437.9613636363637,
        437.9613636363637,
        437.9613636363637,
        437.9613636363637,
        437.9613636363637,
        437.9613636363637,
        437.9613636363637,
        437.9613636363637,
        437.9613636363637,
        437.9613636363637,
        437.9613636363637,
        437.9613636363637,
        437.9613636363637,
        437.9613636363637,
        437.9613636363637,
        438.0909090909092,
        438.0909090909092,
        438.0909090909092,
        438.15227272727276,
        438.15227272727276,
        438.15227272727276,
        438.15227272727276,
        438.15227272727276
      ]
    }
  },
  "per_generation": [
    {
      "gen": 0.0,
      "best": 436.1,
      "mean": -Infinity
    },
    {
      "gen": 1.0,
      "best": 436.1,
      "mean": -Infinity
    },
    {
      "gen": 2.0,
      "best": 436.1,
      "mean": 428.5863636363636
    },
    {
      "gen": 3.0,
      "best": 436.1,
      "mean": 428.69545454545454
    },
    {
      "gen": 4.0,
      "best": 436.4,
      "mean": 432.97727272727275
    },
    {
      "gen": 5.0,
      "best": 436.4,
      "mean": 433.025
    },
    {
      "gen": 6.0,
      "best": 436.4,
      "mean": 433.025
    },
    {
      "gen": 7.0,
      "best": 436.4,
      "mean": 434.77045454545447
    },
    {
      "gen": 8.0,
      "best": 436.4,
      "mean": 434.77045454545447
    },
    {
      "gen": 9.0,
      "best": 437.9,
      "mean": 436.50227272727284
    },
    {
      "gen": 10.0,
      "best": 437.9,
      "mean": 436.5363636363638
    },
    {
      "gen": 11.0,
      "best": 437.9,
      "mean": 436.5363636363638
    },
    {
      "gen": 12.0,
      "best": 437.9,
      "mean": 436.5363636363638
    },
    {
      "gen": 13.0,
      "best": 437.9,
      "mean": 436.54318181818195
    },
    {
      "gen": 14.0,
      "best": 437.9,
      "mean": 437.0818181818182
    },
    {
      "gen": 15.0,
      "best": 437.9,
      "mean": 437.0818181818182
    },
    {
      "gen": 16.0,
      "best": 437.9,
      "mean": 437.0818181818182
    },
    {
      "gen": 17.0,
      "best": 437.9,
      "mean": 437.0954545454546
    },
    {
      "gen": 18.0,
      "best": 437.9,
      "mean": 437.0954545454546
    },
    {
      "gen": 19.0,
      "best": 437.9,
      "mean": 437.0954545454546
    },
    {
      "gen": 20.0,
      "best": 437.9,
      "mean": 437.0954545454546
    },
    {
      "gen": 21.0,
      "best": 437.9,
      "mean": 437.0954545454546
    },
    {
      "gen": 22.0,
      "best": 437.9,
      "mean": 437.1022727272728
    },
    {
      "gen": 23.0,
      "best": 437.9,
      "mean": 437.11590909090916
    },
    {
      "gen": 24.0,
      "best": 437.9,
      "mean": 437.11590909090916
    },
    {
      "gen": 25.0,
      "best": 437.9,
      "mean": 437.11590909090916
    },
    {
      "gen": 26.0,
      "best": 437.9,
      "mean": 437.11590909090916
    },
    {
      "gen": 27.0,
      "best": 437.9,