{
  "algo": "pso",
  "hparams": {
    "generations": 100,
    "popsize": 22,
    "fix_last_gene": true,
    "seed": 909,
    "verbosity": 1,
    "log_every": 1,
    "evals_cap": 10000,
    "w": 0.4443481935021144,
    "c1": 1.5311381358540586,
    "c2": 0.8166836193181822
  },
  "metrics": {
    "best_final": 437.75,
    "auc_best": 43299.82499999993,
    "auc_best_norm": 437.371969696969,
    "runtime_sec": 82.73210287094116,
    "evals_total": -1,
    "budget_triggered": false,
    "stop_reason": "None"
  },
  "diagnostics": {
    "best": {
      "start": 436.7,
      "end": 437.75,
      "delta_abs": 1.0500000000000114,
      "delta_rel": 0.0024043966109457554,
      "max_val": 437.75,
      "argmax": 95,
      "auc_raw": 43299.82499999993,
      "auc_norm": 437.371969696969
    },
    "mean": {
      "start": -Infinity,
      "end": 437.37500000000006,
      "delta_abs": Infinity,
      "delta_rel": NaN,
      "max_val": 437.37500000000006,
      "argmax": 95,
      "auc_raw": -Infinity,
      "auc_norm": -Infinity
    }
  },
  "genomes": {
    "best_genome": [
      0,
      0,
      1,
      0,
      1,
      0,
      0,
      0,
      0,
      0,
      1,
      1,
      1,
      0,
      0,
      0,
      1,
      0,
      0,
      0,
      0,
      0,
      0,
      0,
      0,
      0,
      0,
      0,
      0,
      1,
      0,
      0,
      1
    ],
    "all_best_genomes": null
  },
  "raw": {
    "curves": {
      "best": [
        436.7,
        436.55,
        436.7,
        436.7,
        436.7,
        436.7,
        436.7,
        436.7,
        436.7,
        437.15,
        437.15,
        437.3,
        437.3,
        437.3,
        437.3,
        437.3,
        437.3,
        437.3,
        437.3,
        437.3,
        437.3,
        437.3,
        437.3,
        437.3,
        437.3,
        437.3,
        437.3,
        437.3,
        437.3,
        437.3,
        437.3,
        437.3,
        437.3,
        437.3,
        437.3,
        437.3,
        437.3,
        437.3,
        437.3,
        437.3,
        437.3,
        437.3,
        437.3,
        437.3,
        437.3,
        437.3,
        437.3,
        437.3,
        437.3,
        437.3,
        437.3,
        437.3,
        437.3,
        437.3,
        437.3,
        437.3,
        437.3,
        437.3,
        437.3,
        437.6,
        437.6,
        437.6,
        437.6,
        437.6,
        437.6,
        437.6,
        437.6,
        437.6,
        437.6,
        437.6,
        437.6,
        437.6,
        437.6,
        437.6,
        437.6,
        437.6,
        437.6,
        437.6,
        437.6,
        437.6,
        437.6,
        437.6,
        437.6,
        437.6,
        437.6,
        437.6,
        437.6,
        437.6,
        437.6,
        437.6,
        437.6,
        437.6,
        437.6,
        437.6,
        437.6,
        437.75,
        437.6,
        437.75,
        437.75,
        437.75
      ],
      "mean": [
        -Infinity,
        -Infinity,
        418.3727272727272,
        424.68636363636364,
        425.1363636363636,
        425.1363636363636,
        425.375,
        425.38863636363635,
        425.38863636363635,
        426.7863636363636,
        432.60227272727275,
        435.7863636363636,
        435.7863636363636,
        435.7863636363636,
        435.7863636363636,
        435.7863636363636,
        435.8068181818181,
        435.8068181818181,
        435.8068181818181,
        435.82045454545454,
        435.82045454545454,
        435.9295454545454,
        435.9295454545454,
        435.9295454545454,
        435.9295454545454,
        435.9295454545454,
        436.11363636363643,
        436.11363636363643,
        436.31136363636364,
        436.5022727272728,
        436.5022727272728,
        436.5022727272728,
        436.5022727272728,
        436.5022727272728,
        436.5022727272728,
        436.5022727272728,
        436.60454545454553,
        436.60454545454553,
        436.60454545454553,
        436.60454545454553,
        436.60454545454553,
        436.60454545454553,
        436.60454545454553,
        436.61136363636365,
        436.61136363636365,
        436.61136363636365,
        436.61136363636365,
        436.61136363636365,
        436.61136363636365,
        436.659090909091,
        436.659090909091,
        436.659090909091,
        436.74090909090904,
        436.74090909090904,
        436.74090909090904,
        436.7477272727272,
        436.7477272727272,
        436.75454545454545,
        436.75454545454545,
        437.1363636363636,
        437.1363636363636,
        437.1568181818182,
        437.1568181818182,
        437.1568181818182,
        437.1636363636364,
        437.1636363636364,
        437.1636363636364,
        437.1636363636364,
        437.1636363636364,
        437.1636363636364,
        437.1636363636364,
        437.1636363636364,
        437.1636363636364,
        437.1636363636364,
        437.1636363636364,
        437.1636363636364,
        437.1636363636364,
        437.1636363636364,
        437.1636363636364,
        437.1636363636364,
        437.1636363636364,
        437.1636363636364,
        437.1636363636364,
        437.1636363636364,
        437.1636363636364,
        437.1636363636364,
        437.1636363636364,
        437.17727272727274,
        437.17727272727274,
        437.17727272727274,
        437.17727272727274,
        437.19090909090903,
        437.19090909090903,
        437.19090909090903,
        437.19772727272726,
        437.37500000000006,
        437.37500000000006,
        437.37500000000006,
        437.37500000000006,
        437.37500000000006
      ]
    }
  },
  "per_generation": [
    {
      "gen": 0.0,
      "best": 436.7,
      "mean": -Infinity
    },
    {
      "gen": 1.0,
      "best": 436.55,
      "mean": -Infinity
    },
    {
      "gen": 2.0,
      "best": 436.7,
      "mean": 418.3727272727272
    },
    {
      "gen": 3.0,
      "best": 436.7,
      "mean": 424.68636363636364
    },
    {
      "gen": 4.0,
      "best": 436.7,
      "mean": 425.1363636363636
    },
    {
      "gen": 5.0,
      "best": 436.7,
      "mean": 425.1363636363636
    },
    {
      "gen": 6.0,
      "best": 436.7,
      "mean": 425.375
    },
    {
      "gen": 7.0,
      "best": 436.7,
      "mean": 425.38863636363635
    },
    {
      "gen": 8.0,
      "best": 436.7,
      "mean": 425.38863636363635
    },
    {
      "gen": 9.0,
      "best": 437.15,
      "mean": 426.7863636363636
    },
    {
      "gen": 10.0,
      "best": 437.15,
      "mean": 432.60227272727275
    },
    {
      "gen": 11.0,
      "best": 437.3,
      "mean": 435.7863636363636
    },
    {
      "gen": 12.0,
      "best": 437.3,
      "mean": 435.7863636363636
    },
    {
      "gen": 13.0,
      "best": 437.3,
      "mean": 435.7863636363636
    },
    {
      "gen": 14.0,
      "best": 437.3,
      "mean": 435.7863636363636
    },
    {
      "gen": 15.0,
      "best": 437.3,
      "mean": 435.7863636363636
    },
    {
      "gen": 16.0,
      "best": 437.3,
      "mean": 435.8068181818181
    },
    {
      "gen": 17.0,
      "best": 437.3,
      "mean": 435.8068181818181
    },
    {
      "gen": 18.0,
      "best": 437.3,
      "mean": 435.8068181818181
    },
    {
      "gen": 19.0,
      "best": 437.3,
      "mean": 435.82045454545454
    },
    {
      "gen": 20.0,
      "best": 437.3,
      "mean": 435.82045454545454
    },
    {
      "gen": 21.0,
      "best": 437.3,
      "mean": 435.9295454545454
    },
    {
      "gen": 22.0,
      "best": 437.3,
      "mean": 435.9295454545454
    },
    {
      "gen": 23.0,
      "best": 437.3,
      "mean": 435.9295454545454
    },
    {
      "gen": 24.0,
      "best": 437.3,
      "mean": 435.9295454545454
    },
    {
      "gen": 25.0,
      "best": 437.3,
      "mean": 435.9295454545454
    },
    {
      "gen": 26.0,
      "best": 437.3,