{
  "algo": "pso",
  "hparams": {
    "generations": 100,
    "popsize": 22,
    "fix_last_gene": true,
    "seed": 404,
    "verbosity": 1,
    "log_every": 1,
    "evals_cap": 10000,
    "w": 0.8713327797191366,
    "c1": 0.8,
    "c2": 1.3530454402357859
  },
  "metrics": {
    "best_final": 438.35,
    "auc_best": 43366.49999999997,
    "auc_best_norm": 438.0454545454543,
    "runtime_sec": 89.32270836830139,
    "evals_total": -1,
    "budget_triggered": false,
    "stop_reason": "None"
  },
  "diagnostics": {
    "best": {
      "start": 436.25,
      "end": 438.35,
      "delta_abs": 2.1000000000000227,
      "delta_rel": 0.004813753581661943,
      "max_val": 438.35,
      "argmax": 78,
      "auc_raw": 43366.49999999997,
      "auc_norm": 438.0454545454543
    },
    "mean": {
      "start": -Infinity,
      "end": 438.0363636363636,
      "delta_abs": Infinity,
      "delta_rel": NaN,
      "max_val": 438.0363636363636,
      "argmax": 95,
      "auc_raw": -Infinity,
      "auc_norm": -Infinity
    }
  },
  "genomes": {
    "best_genome": [
      0,
      1,
      0,
      0,
      0,
      0,
      1,
      0,
      1,
      0,
      1,
      1,
      0,
      1,
      1,
      0,
      0,
      0,
      1,
      0,
      0,
      0,
      0,
      0,
      0,
      0,
      0,
      0,
      0,
      0,
      0,
      0,
      1
    ],
    "all_best_genomes": null
  },
  "raw": {
    "curves": {
      "best": [
        436.25,
        436.25,
        436.25,
        436.25,
        436.4,
        436.4,
        437.6,
        437.6,
        437.6,
        437.6,
        437.9,
        437.9,
        437.9,
        437.9,
        437.9,
        437.9,
        437.9,
        437.9,
        438.05,
        438.05,
        438.05,
        438.05,
        438.05,
        438.05,
        438.05,
        438.05,
        438.05,
        438.05,
        438.05,
        438.05,
        438.05,
        438.05,
        438.05,
        438.05,
        438.05,
        438.05,
        438.05,
        438.05,
        438.05,
        438.05,
        438.2,
        438.2,
        438.2,
        438.2,
        438.2,
        438.2,
        438.2,
        438.2,
        438.2,
        438.2,
        438.2,
        438.2,
        438.2,
        438.2,
        438.2,
        438.2,
        438.2,
        438.2,
        438.2,
        438.2,
        438.2,
        438.2,
        438.2,
        438.2,
        438.2,
        438.2,
        438.2,
        438.2,
        438.2,
        438.2,
        438.2,
        438.2,
        438.2,
        438.2,
        438.2,
        438.2,
        438.2,
        438.2,
        438.35,
        438.35,
        438.35,
        438.35,
        438.35,
        438.35,
        438.35,
        438.35,
        438.35,
        438.35,
        438.35,
        438.35,
        438.35,
        438.35,
        438.35,
        438.35,
        438.35,
        438.35,
        438.35,
        438.35,
        438.35,
        438.35
      ],
      "mean": [
        -Infinity,
        -Infinity,
        -Infinity,
        430.8363636363637,
        430.95909090909095,
        430.98636363636365,
        435.90227272727276,
        435.90227272727276,
        435.90227272727276,
        435.9568181818182,
        436.06590909090914,
        436.30454545454546,
        436.96590909090907,
        436.96590909090907,
        436.96590909090907,
        436.96590909090907,
        436.96590909090907,
        436.96590909090907,
        437.1636363636364,
        437.1636363636364,
        437.1636363636364,
        437.17045454545456,
        437.18409090909086,
        437.25909090909084,
        437.25909090909084,
        437.265909090909,
        437.32727272727277,
        437.32727272727277,
        437.32727272727277,
        437.32727272727277,
        437.32727272727277,
        437.32727272727277,
        437.32727272727277,
        437.45,
        437.45,
        437.45681818181816,
        437.45681818181816,
        437.45681818181816,
        437.45681818181816,
        437.45681818181816,
        437.6545454545454,
        437.71590909090907,
        437.71590909090907,
        437.73636363636365,
        437.73636363636365,
        437.73636363636365,
        437.73636363636365,
        437.73636363636365,
        437.73636363636365,
        437.73636363636365,
        437.73636363636365,
        437.73636363636365,
        437.73636363636365,
        437.80454545454546,
        437.80454545454546,
        437.80454545454546,
        437.80454545454546,
        437.80454545454546,
        437.82500000000005,
        437.82500000000005,
        437.82500000000005,
        437.82500000000005,
        437.82500000000005,
        437.82500000000005,
        437.82500000000005,
        437.82500000000005,
        437.82500000000005,
        437.82500000000005,
        437.82500000000005,
        437.82500000000005,
        437.82500000000005,
        437.82500000000005,
        437.82500000000005,
        437.82500000000005,
        437.82500000000005,
        437.8318181818182,
        437.8318181818182,
        437.8318181818182,
        437.85227272727275,
        437.85227272727275,
        437.85227272727275,
        437.85227272727275,
        437.86590909090916,
        437.94772727272726,
        437.94772727272726,
        437.94772727272726,
        437.94772727272726,
        437.94772727272726,
        437.99545454545444,
        437.99545454545444,
        437.99545454545444,
        437.99545454545444,
        437.99545454545444,
        437.99545454545444,
        437.99545454545444,
        438.0363636363636,
        438.0363636363636,
        438.0363636363636,
        438.0363636363636,
        438.0363636363636
      ]
    }
  },
  "per_generation": [
    {
      "gen": 0.0,
      "best": 436.25,
      "mean": -Infinity
    },
    {
      "gen": 1.0,
      "best": 436.25,
      "mean": -Infinity
    },
    {
      "gen": 2.0,
      "best": 436.25,
      "mean": -Infinity
    },
    {
      "gen": 3.0,
      "best": 436.25,
      "mean": 430.8363636363637
    },
    {
      "gen": 4.0,
      "best": 436.4,
      "mean": 430.95909090909095
    },
    {
      "gen": 5.0,
      "best": 436.4,
      "mean": 430.98636363636365
    },
    {
      "gen": 6.0,
      "best": 437.6,
      "mean": 435.90227272727276
    },
    {
      "gen": 7.0,
      "best": 437.6,
      "mean": 435.90227272727276
    },
    {
      "gen": 8.0,
      "best": 437.6,
      "mean": 435.90227272727276
    },
    {
      "gen": 9.0,
      "best": 437.6,
      "mean": 435.9568181818182
    },
    {
      "gen": 10.0,
      "best": 437.9,
      "mean": 436.06590909090914
    },
    {
      "gen": 11.0,
      "best": 437.9,
      "mean": 436.30454545454546
    },
    {
      "gen": 12.0,
      "best": 437.9,
      "mean": 436.96590909090907
    },
    {
      "gen": 13.0,
      "best": 437.9,
      "mean": 436.96590909090907
    },
    {
      "gen": 14.0,
      "best": 437.9,
      "mean": 436.96590909090907
    },
    {
      "gen": 15.0,
      "best": 437.9,
      "mean": 436.96590909090907
    },
    {
      "gen": 16.0,
      "best": 437.9,
      "mean": 436.96590909090907
    },
    {
      "gen": 17.0,
      "best": 437.9,
      "mean": 436.96590909090907
    },
    {
      "gen": 18.0,
      "best": 438.05,
      "mean": 437.1636363636364
    },
    {
      "gen": 19.0,
      "best": 438.05,
      "mean": 437.1636363636364
    },
    {
      "gen": 20.0,
      "best": 438.05,
      "mean": 437.1636363636364
    },
    {
      "gen": 21.0,
      "best": 438.05,
      "mean": 437.17045454545456
    },
    {
      "gen": 22.0,
      "best": 438.05,
      "mean": 437.18409090909086
    },
    {
      "gen": 23.0,
      "best": 438.05,
      "mean": 437.25909090909084
    },
    {
      "gen": 24.0,
      "best": 438.05,
      "mean": 437.25909090909084
    },
    {
      "gen": 25.0,
      "best": 438.05,