{
  "algo": "pso",
  "hparams": {
    "generations": 100,
    "popsize": 22,
    "fix_last_gene": true,
    "seed": 404,
    "verbosity": 1,
    "log_every": 1,
    "evals_cap": 10000,
    "w": 0.8015156281751157,
    "c1": 0.9139346393882458,
    "c2": 1.2037666557740363
  },
  "metrics": {
    "best_final": 438.2,
    "auc_best": 43332.67499999999,
    "auc_best_norm": 437.70378787878775,
    "runtime_sec": 70.22358965873718,
    "evals_total": -1,
    "budget_triggered": false,
    "stop_reason": "None"
  },
  "diagnostics": {
    "best": {
      "start": 436.25,
      "end": 438.2,
      "delta_abs": 1.9499999999999886,
      "delta_rel": 0.004469914040114587,
      "max_val": 438.2,
      "argmax": 83,
      "auc_raw": 43332.67499999999,
      "auc_norm": 437.70378787878775
    },
    "mean": {
      "start": -Infinity,
      "end": 437.6818181818182,
      "delta_abs": Infinity,
      "delta_rel": NaN,
      "max_val": 437.6818181818182,
      "argmax": 97,
      "auc_raw": -Infinity,
      "auc_norm": -Infinity
    }
  },
  "genomes": {
    "best_genome": [
      1,
      1,
      0,
      1,
      0,
      1,
      0,
      0,
      0,
      0,
      0,
      1,
      1,
      0,
      1,
      1,
      0,
      0,
      1,
      0,
      0,
      0,
      0,
      0,
      0,
      0,
      0,
      0,
      0,
      0,
      0,
      0,
      1
    ],
    "all_best_genomes": null
  },
  "raw": {
    "curves": {
      "best": [
        436.25,
        436.25,
        436.25,
        436.25,
        436.25,
        436.25,
        436.85,
        436.85,
        436.85,
        436.85,
        436.85,
        436.85,
        437.3,
        437.3,
        437.3,
        437.3,
        437.3,
        437.3,
        437.45,
        437.45,
        437.45,
        437.45,
        437.45,
        437.45,
        437.45,
        437.45,
        437.45,
        437.45,
        437.45,
        437.45,
        437.45,
        437.45,
        437.45,
        437.45,
        437.45,
        437.45,
        437.45,
        437.45,
        437.45,
        437.45,
        437.9,
        437.9,
        437.9,
        437.9,
        437.9,
        437.9,
        437.9,
        437.9,
        437.9,
        437.9,
        437.9,
        437.9,
        437.9,
        438.05,
        438.05,
        438.05,
        438.05,
        438.05,
        438.05,
        438.05,
        438.05,
        438.05,
        438.05,
        438.05,
        438.05,
        438.05,
        438.05,
        438.05,
        438.05,
        438.05,
        438.05,
        438.05,
        438.05,
        438.05,
        438.05,
        438.05,
        438.05,
        438.05,
        438.05,
        438.05,
        438.05,
        438.05,
        438.05,
        438.2,
        438.2,
        438.2,
        438.2,
        438.2,
        438.2,
        438.2,
        438.2,
        438.2,
        438.2,
        438.2,
        438.2,
        438.2,
        438.2,
        438.2,
        438.2,
        438.2
      ],
      "mean": [
        -Infinity,
        -Infinity,
        -Infinity,
        430.76818181818186,
        430.76818181818186,
        430.775,
        435.73863636363643,
        435.73863636363643,
        435.73863636363643,
        435.76590909090913,
        435.78636363636366,
        436.01818181818186,
        436.9113636363638,
        436.9113636363638,
        436.9113636363638,
        436.9113636363638,
        436.9113636363638,
        436.9113636363638,
        436.9522727272728,
        436.9522727272728,
        436.9522727272728,
        436.9522727272728,
        436.9522727272728,
        436.97272727272735,
        436.97272727272735,
        436.97272727272735,
        436.97272727272735,
        436.97272727272735,
        436.98636363636365,
        436.98636363636365,
        436.98636363636365,
        437.01363636363635,
        437.01363636363635,
        437.2113636363636,
        437.2113636363636,
        437.2181818181818,
        437.2181818181818,
        437.2181818181818,
        437.2181818181818,
        437.2181818181818,
        437.3545454545454,
        437.3545454545454,
        437.3545454545454,
        437.37499999999994,
        437.37499999999994,
        437.37499999999994,
        437.37499999999994,
        437.37499999999994,
        437.37499999999994,
        437.37499999999994,
        437.37499999999994,
        437.37499999999994,
        437.37499999999994,
        437.42954545454546,
        437.42954545454546,
        437.42954545454546,
        437.42954545454546,
        437.42954545454546,
        437.5318181818182,
        437.5318181818182,
        437.5318181818182,
        437.5318181818182,
        437.5318181818182,
        437.5318181818182,
        437.5318181818182,
        437.5318181818182,
        437.5318181818182,
        437.5318181818182,
        437.5318181818182,
        437.5318181818182,
        437.5318181818182,
        437.5386363636364,
        437.5386363636364,
        437.5386363636364,
        437.5386363636364,
        437.5386363636364,
        437.5386363636364,
        437.5386363636364,
        437.5386363636364,
        437.5386363636364,
        437.5386363636364,
        437.5386363636364,
        437.5386363636364,
        437.59318181818196,
        437.59318181818196,
        437.59318181818196,
        437.59318181818196,
        437.59318181818196,
        437.64090909090913,
        437.64090909090913,
        437.64090909090913,
        437.64090909090913,
        437.64090909090913,
        437.64090909090913,
        437.64090909090913,
        437.675,
        437.675,
        437.6818181818182,
        437.6818181818182,
        437.6818181818182
      ]
    }
  },
  "per_generation": [
    {
      "gen": 0.0,
      "best": 436.25,
      "mean": -Infinity
    },
    {
      "gen": 1.0,
      "best": 436.25,
      "mean": -Infinity
    },
    {
      "gen": 2.0,
      "best": 436.25,
      "mean": -Infinity
    },
    {
      "gen": 3.0,
      "best": 436.25,
      "mean": 430.76818181818186
    },
    {
      "gen": 4.0,
      "best": 436.25,
      "mean": 430.76818181818186
    },
    {
      "gen": 5.0,
      "best": 436.25,
      "mean": 430.775
    },
    {
      "gen": 6.0,
      "best": 436.85,
      "mean": 435.73863636363643
    },
    {
      "gen": 7.0,
      "best": 436.85,
      "mean": 435.73863636363643
    },
    {
      "gen": 8.0,
      "best": 436.85,
      "mean": 435.73863636363643
    },
    {
      "gen": 9.0,
      "best": 436.85,
      "mean": 435.76590909090913
    },
    {
      "gen": 10.0,
      "best": 436.85,
      "mean": 435.78636363636366
    },
    {
      "gen": 11.0,
      "best": 436.85,
      "mean": 436.01818181818186
    },
    {
      "gen": 12.0,
      "best": 437.3,
      "mean": 436.9113636363638
    },
    {
      "gen": 13.0,
      "best": 437.3,
      "mean": 436.9113636363638
    },
    {
      "gen": 14.0,
      "best": 437.3,
      "mean": 436.9113636363638
    },
    {
      "gen": 15.0,
      "best": 437.3,
      "mean": 436.9113636363638
    },
    {
      "gen": 16.0,
      "best": 437.3,
      "mean": 436.9113636363638
    },
    {
      "gen": 17.0,
      "best": 437.3,
      "mean": 436.9113636363638
    },
    {
      "gen": 18.0,
      "best": 437.45,
      "mean": 436.9522727272728
    },
    {
      "gen": 19.0,
      "best": 437.45,
      "mean": 436.9522727272728
    },
    {
      "gen": 20.0,
      "best": 437.45,
      "mean": 436.9522727272728
    },
    {
      "gen": 21.0,
      "best": 437.45,
      "mean": 436.9522727272728
    },
    {
      "gen": 22.0,
      "best": 437.45,
      "mean": 436.9522727272728
    },
    {
      "gen": 23.0,
      "best": 437.45,
      "mean": 436.97272727272735
    },
    {
      "gen": 24.0,
      "best": 437.45,
      "mean": 436.97272727272735
    },
    {
      "gen": 25.0,
      "best": 437.45,