{
  "algo": "pso",
  "hparams": {
    "generations": 100,
    "popsize": 22,
    "fix_last_gene": true,
    "seed": 808,
    "verbosity": 1,
    "log_every": 1,
    "evals_cap": 10000,
    "w": 0.8015156281751157,
    "c1": 0.9139346393882458,
    "c2": 1.2037666557740363
  },
  "metrics": {
    "best_final": 438.35,
    "auc_best": 43350.824999999946,
    "auc_best_norm": 437.8871212121207,
    "runtime_sec": 68.40556502342224,
    "evals_total": -1,
    "budget_triggered": false,
    "stop_reason": "None"
  },
  "diagnostics": {
    "best": {
      "start": 437.0,
      "end": 438.35,
      "delta_abs": 1.3500000000000227,
      "delta_rel": 0.003089244851258633,
      "max_val": 438.35,
      "argmax": 81,
      "auc_raw": 43350.824999999946,
      "auc_norm": 437.8871212121207
    },
    "mean": {
      "start": -Infinity,
      "end": 438.0159090909092,
      "delta_abs": Infinity,
      "delta_rel": NaN,
      "max_val": 438.0159090909092,
      "argmax": 86,
      "auc_raw": -Infinity,
      "auc_norm": -Infinity
    }
  },
  "genomes": {
    "best_genome": [
      0,
      0,
      0,
      0,
      1,
      1,
      1,
      1,
      1,
      1,
      1,
      1,
      0,
      0,
      0,
      1,
      0,
      0,
      0,
      0,
      0,
      0,
      0,
      1,
      0,
      0,
      0,
      0,
      0,
      0,
      0,
      0,
      1
    ],
    "all_best_genomes": null
  },
  "raw": {
    "curves": {
      "best": [
        437.0,
        437.0,
        437.0,
        437.0,
        437.0,
        437.0,
        437.0,
        437.0,
        437.0,
        437.0,
        437.0,
        437.0,
        437.0,
        437.0,
        437.0,
        437.0,
        437.0,
        437.0,
        437.15,
        437.15,
        437.15,
        437.15,
        438.05,
        438.05,
        438.05,
        438.05,
        438.05,
        438.05,
        438.05,
        438.05,
        438.05,
        438.05,
        438.05,
        438.05,
        438.05,
        438.05,
        438.05,
        438.05,
        438.05,
        438.05,
        438.05,
        438.05,
        438.05,
        438.05,
        438.05,
        438.05,
        438.05,
        438.05,
        438.05,
        438.05,
        438.05,
        438.05,
        438.05,
        438.05,
        438.05,
        438.05,
        438.05,
        438.05,
        438.05,
        438.05,
        438.05,
        438.05,
        438.05,
        438.05,
        438.05,
        438.05,
        438.05,
        438.05,
        438.05,
        438.05,
        438.05,
        438.05,
        438.05,
        438.05,
        438.05,
        438.05,
        438.05,
        438.05,
        438.2,
        438.2,
        438.2,
        438.35,
        438.35,
        438.35,
        438.35,
        438.35,
        438.35,
        438.35,
        438.35,
        438.35,
        438.35,
        438.2,
        438.35,
        438.35,
        438.35,
        438.35,
        438.35,
        438.35,
        438.35,
        438.35
      ],
      "mean": [
        -Infinity,
        421.0318181818182,
        421.0318181818182,
        421.35909090909087,
        427.0045454545454,
        427.19545454545454,
        427.19545454545454,
        434.3954545454546,
        435.3431818181818,
        435.5,
        435.5,
        435.5,
        435.5068181818182,
        435.56818181818176,
        435.575,
        435.5954545454546,
        435.5954545454546,
        435.5954545454546,
        435.68409090909086,
        436.30454545454546,
        436.30454545454546,
        436.35227272727275,
        436.57045454545454,
        436.6181818181818,
        436.6181818181818,
        436.6181818181818,
        436.925,
        436.925,
        436.925,
        436.925,
        436.925,
        436.925,
        436.9318181818182,
        436.93863636363636,
        437.0068181818182,
        437.03409090909093,
        437.7295454545454,
        437.7295454545454,
        437.7295454545454,
        437.7295454545454,
        437.7295454545454,
        437.7363636363636,
        437.74999999999994,
        437.74999999999994,
        437.74999999999994,
        437.74999999999994,
        437.74999999999994,
        437.74999999999994,
        437.74999999999994,
        437.74999999999994,
        437.74999999999994,
        437.74999999999994,
        437.74999999999994,
        437.74999999999994,
        437.74999999999994,
        437.74999999999994,
        437.74999999999994,
        437.74999999999994,
        437.74999999999994,
        437.74999999999994,
        437.74999999999994,
        437.74999999999994,
        437.74999999999994,
        437.74999999999994,
        437.74999999999994,
        437.74999999999994,
        437.74999999999994,
        437.74999999999994,
        437.7568181818182,
        437.7568181818182,
        437.7568181818182,
        437.7568181818182,
        437.7568181818182,
        437.7840909090908,
        437.790909090909,
        437.790909090909,
        437.790909090909,
        437.790909090909,
        437.83863636363634,
        437.83863636363634,
        437.83863636363634,
        437.94090909090914,
        437.94090909090914,
        437.9681818181818,
        437.9681818181818,
        437.9681818181818,
        438.0159090909092,
        438.0159090909092,
        438.0159090909092,
        438.0159090909092,
        438.0159090909092,
        438.0159090909092,
        438.0159090909092,
        438.0159090909092,
        438.0159090909092,
        438.0159090909092,
        438.0159090909092,
        438.0159090909092,
        438.0159090909092,
        438.0159090909092
      ]
    }
  },
  "per_generation": [
    {
      "gen": 0.0,
      "best": 437.0,
      "mean": -Infinity
    },
    {
      "gen": 1.0,
      "best": 437.0,
      "mean": 421.0318181818182
    },
    {
      "gen": 2.0,
      "best": 437.0,
      "mean": 421.0318181818182
    },
    {
      "gen": 3.0,
      "best": 437.0,
      "mean": 421.35909090909087
    },
    {
      "gen": 4.0,
      "best": 437.0,
      "mean": 427.0045454545454
    },
    {
      "gen": 5.0,
      "best": 437.0,
      "mean": 427.19545454545454
    },
    {
      "gen": 6.0,
      "best": 437.0,
      "mean": 427.19545454545454
    },
    {
      "gen": 7.0,
      "best": 437.0,
      "mean": 434.3954545454546
    },
    {
      "gen": 8.0,
      "best": 437.0,
      "mean": 435.3431818181818
    },
    {
      "gen": 9.0,
      "best": 437.0,
      "mean": 435.5
    },
    {
      "gen": 10.0,
      "best": 437.0,
      "mean": 435.5
    },
    {
      "gen": 11.0,
      "best": 437.0,
      "mean": 435.5
    },
    {
      "gen": 12.0,
      "best": 437.0,
      "mean": 435.5068181818182
    },
    {
      "gen": 13.0,
      "best": 437.0,
      "mean": 435.56818181818176
    },
    {
      "gen": 14.0,
      "best": 437.0,
      "mean": 435.575
    },
    {
      "gen": 15.0,
      "best": 437.0,
      "mean": 435.5954545454546
    },
    {
      "gen": 16.0,
      "best": 437.0,
      "mean": 435.5954545454546
    },
    {
      "gen": 17.0,
      "best": 437.0,
      "mean": 435.5954545454546
    },
    {
      "gen": 18.0,
      "best": 437.15,
      "mean": 435.68409090909086
    },
    {
      "gen": 19.0,
      "best": 437.15,
      "mean": 436.30454545454546
    },
    {
      "gen": 20.0,
      "best": 437.15,
      "mean": 436.30454545454546
    },
    {
      "gen": 21.0,
      "best": 437.15,
      "mean": 436.35227272727275
    },
    {
      "gen": 22.0,
      "best": 438.05,
      "mean": 436.57045454545454
    },
    {
      "gen": 23.0,
      "best": 438.05,
      "mean": 436.6181818181818
    },
    {
      "gen": 24.0,
      "best": 438.05,
      "mean": 436.6181818181818
    },
    {
      "gen": 25.0,
      "best": 438.05,
      "mean": 436.6181818181818
    },
    {
      "gen": 26.0,
      "best": 438.05,
      "mean": 436.925
    },
    {
      "gen": 27.0,