{
  "algo": "pso",
  "hparams": {
    "generations": 100,
    "popsize": 22,
    "fix_last_gene": true,
    "seed": 909,
    "verbosity": 1,
    "log_every": 1,
    "evals_cap": 10000,
    "w": 0.9446921644354112,
    "c1": 1.2059627718795185,
    "c2": 2.2
  },
  "metrics": {
    "best_final": 438.65,
    "auc_best": 43394.17500000008,
    "auc_best_norm": 438.32500000000084,
    "runtime_sec": 86.97926545143127,
    "evals_total": -1,
    "budget_triggered": false,
    "stop_reason": "None"
  },
  "diagnostics": {
    "best": {
      "start": 436.7,
      "end": 438.65,
      "delta_abs": 1.9499999999999886,
      "delta_rel": 0.004465307991756329,
      "max_val": 438.65,
      "argmax": 34,
      "auc_raw": 43394.17500000008,
      "auc_norm": 438.32500000000084
    },
    "mean": {
      "start": -Infinity,
      "end": 438.64999999999986,
      "delta_abs": Infinity,
      "delta_rel": NaN,
      "max_val": 438.64999999999986,
      "argmax": 77,
      "auc_raw": -Infinity,
      "auc_norm": -Infinity
    }
  },
  "genomes": {
    "best_genome": [
      1,
      0,
      1,
      1,
      0,
      0,
      0,
      1,
      1,
      1,
      1,
      1,
      1,
      1,
      1,
      0,
      0,
      0,
      0,
      0,
      0,
      0,
      0,
      0,
      0,
      0,
      0,
      0,
      0,
      0,
      0,
      0,
      1
    ],
    "all_best_genomes": null
  },
  "raw": {
    "curves": {
      "best": [
        436.7,
        436.7,
        436.7,
        436.7,
        436.7,
        436.7,
        436.7,
        436.7,
        436.85,
        437.3,
        437.3,
        437.3,
        438.05,
        438.05,
        438.05,
        438.05,
        438.05,
        438.05,
        438.05,
        438.05,
        438.05,
        438.05,
        438.05,
        438.05,
        438.05,
        438.05,
        438.05,
        438.05,
        438.2,
        438.2,
        438.35,
        438.35,
        438.35,
        438.35,
        438.65,
        438.65,
        438.65,
        438.65,
        438.65,
        438.65,
        438.65,
        438.65,
        438.65,
        438.65,
        438.65,
        438.65,
        438.65,
        438.65,
        438.65,
        438.65,
        438.65,
        438.65,
        438.65,
        438.65,
        438.65,
        438.65,
        438.65,
        438.65,
        438.65,
        438.65,
        438.65,
        438.65,
        438.65,
        438.65,
        438.65,
        438.65,
        438.65,
        438.65,
        438.65,
        438.65,
        438.65,
        438.65,
        438.65,
        438.65,
        438.65,
        438.65,
        438.65,
        438.65,
        438.65,
        438.65,
        438.65,
        438.65,
        438.65,
        438.65,
        438.65,
        438.65,
        438.65,
        438.65,
        438.65,
        438.65,
        438.65,
        438.65,
        438.65,
        438.65,
        438.65,
        438.65,
        438.65,
        438.65,
        438.65,
        438.65
      ],
      "mean": [
        -Infinity,
        -Infinity,
        418.1818181818182,
        433.95227272727266,
        434.01363636363635,
        434.01363636363635,
        435.465909090909,
        435.49999999999994,
        435.52045454545447,
        436.3318181818182,
        436.4136363636364,
        436.475,
        436.8227272727272,
        436.85681818181814,
        436.95227272727266,
        436.95227272727266,
        437.12954545454545,
        437.6477272727272,
        437.74318181818177,
        437.77727272727265,
        437.77727272727265,
        437.83181818181816,
        437.83181818181816,
        437.83181818181816,
        437.87954545454545,
        437.87954545454545,
        437.87954545454545,
        437.87954545454545,
        437.93409090909097,
        437.94090909090914,
        437.96818181818185,
        437.9954545454546,
        437.9954545454546,
        437.9954545454546,
        438.20681818181816,
        438.20681818181816,
        438.2886363636364,
        438.31590909090914,
        438.31590909090914,
        438.31590909090914,
        438.39772727272725,
        438.40454545454554,
        438.41818181818184,
        438.5068181818182,
        438.5068181818182,
        438.5068181818182,
        438.51363636363635,
        438.52045454545447,
        438.52045454545447,
        438.54090909090905,
        438.54090909090905,
        438.56818181818176,
        438.58863636363634,
        438.59545454545446,
        438.60227272727263,
        438.6090909090908,
        438.6090909090908,
        438.615909090909,
        438.615909090909,
        438.615909090909,
        438.615909090909,
        438.615909090909,
        438.615909090909,
        438.615909090909,
        438.615909090909,
        438.615909090909,
        438.615909090909,
        438.615909090909,
        438.615909090909,
        438.6295454545453,
        438.6295454545453,
        438.6295454545453,
        438.6295454545453,
        438.6295454545453,
        438.64318181818174,
        438.64318181818174,
        438.64318181818174,
        438.64999999999986,
        438.64999999999986,
        438.64999999999986,
        438.64999999999986,
        438.64999999999986,
        438.64999999999986,
        438.64999999999986,
        438.64999999999986,
        438.64999999999986,
        438.64999999999986,
        438.64999999999986,
        438.64999999999986,
        438.64999999999986,
        438.64999999999986,
        438.64999999999986,
        438.64999999999986,
        438.64999999999986,
        438.64999999999986,
        438.64999999999986,
        438.64999999999986,
        438.64999999999986,
        438.64999999999986,
        438.64999999999986
      ]
    }
  },
  "per_generation": [
    {
      "gen": 0.0,
      "best": 436.7,
      "mean": -Infinity
    },
    {
      "gen": 1.0,
      "best": 436.7,
      "mean": -Infinity
    },
    {
      "gen": 2.0,
      "best": 436.7,
      "mean": 418.1818181818182
    },
    {
      "gen": 3.0,
      "best": 436.7,
      "mean": 433.95227272727266
    },
    {
      "gen": 4.0,
      "best": 436.7,
      "mean": 434.01363636363635
    },
    {
      "gen": 5.0,
      "best": 436.7,
      "mean": 434.01363636363635
    },
    {
      "gen": 6.0,
      "best": 436.7,
      "mean": 435.465909090909
    },
    {
      "gen": 7.0,
      "best": 436.7,
      "mean": 435.49999999999994
    },
    {
      "gen": 8.0,
      "best": 436.85,
      "mean": 435.52045454545447
    },
    {
      "gen": 9.0,
      "best": 437.3,
      "mean": 436.3318181818182
    },
    {
      "gen": 10.0,
      "best": 437.3,
      "mean": 436.4136363636364
    },
    {
      "gen": 11.0,
      "best": 437.3,
      "mean": 436.475
    },
    {
      "gen": 12.0,
      "best": 438.05,
      "mean": 436.8227272727272
    },
    {
      "gen": 13.0,
      "best": 438.05,
      "mean": 436.85681818181814
    },
    {
      "gen": 14.0,
      "best": 438.05,
      "mean": 436.95227272727266
    },
    {
      "gen": 15.0,
      "best": 438.05,
      "mean": 436.95227272727266
    },
    {
      "gen": 16.0,
      "best": 438.05,
      "mean": 437.12954545454545
    },
    {
      "gen": 17.0,
      "best": 438.05,
      "mean": 437.6477272727272
    },
    {
      "gen": 18.0,
      "best": 438.05,
      "mean": 437.74318181818177
    },
    {
      "gen": 19.0,
      "best": 438.05,
      "mean": 437.77727272727265
    },
    {
      "gen": 20.0,
      "best": 438.05,
      "mean": 437.77727272727265
    },
    {
      "gen": 21.0,
      "best": 438.05,
      "mean": 437.83181818181816
    },
    {
      "gen": 22.0,
      "best": 438.05,
      "mean": 437.83181818181816
    },
    {
      "gen": 23.0,
      "best": 438.05,
      "mean": 437.83181818181816
    },
    {
      "gen": 24.0,
      "best": 438.05,
      "mean": 437.87954545454545
    },
    {
      "gen": 25.0,
      "best": 438.05,