{
  "algo": "pso",
  "hparams": {
    "generations": 100,
    "popsize": 22,
    "fix_last_gene": true,
    "seed": 1102,
    "verbosity": 1,
    "log_every": 1,
    "evals_cap": 10000,
    "w": 0.5207419402307208,
    "c1": 0.8,
    "c2": 1.4888980467225323
  },
  "metrics": {
    "best_final": 438.05,
    "auc_best": 43358.32500000003,
    "auc_best_norm": 437.9628787878791,
    "runtime_sec": 69.60572648048401,
    "evals_total": -1,
    "budget_triggered": false,
    "stop_reason": "None"
  },
  "diagnostics": {
    "best": {
      "start": 437.3,
      "end": 438.05,
      "delta_abs": 0.75,
      "delta_rel": 0.0017150697461696775,
      "max_val": 438.05,
      "argmax": 12,
      "auc_raw": 43358.32500000003,
      "auc_norm": 437.9628787878791
    },
    "mean": {
      "start": -Infinity,
      "end": 437.65454545454554,
      "delta_abs": Infinity,
      "delta_rel": NaN,
      "max_val": 437.65454545454554,
      "argmax": 92,
      "auc_raw": -Infinity,
      "auc_norm": -Infinity
    }
  },
  "genomes": {
    "best_genome": [
      0,
      0,
      0,
      0,
      1,
      1,
      0,
      1,
      1,
      0,
      0,
      0,
      0,
      1,
      0,
      1,
      0,
      0,
      0,
      1,
      0,
      0,
      0,
      1,
      0,
      0,
      0,
      0,
      0,
      0,
      0,
      0,
      1
    ],
    "all_best_genomes": null
  },
  "raw": {
    "curves": {
      "best": [
        437.3,
        437.3,
        437.3,
        437.3,
        437.3,
        437.3,
        437.3,
        437.3,
        437.3,
        437.3,
        437.3,
        437.3,
        438.05,
        438.05,
        438.05,
        438.05,
        438.05,
        438.05,
        438.05,
        438.05,
        438.05,
        438.05,
        438.05,
        438.05,
        438.05,
        438.05,
        438.05,
        438.05,
        438.05,
        438.05,
        438.05,
        438.05,
        438.05,
        438.05,
        438.05,
        438.05,
        438.05,
        438.05,
        438.05,
        438.05,
        438.05,
        438.05,
        438.05,
        438.05,
        438.05,
        438.05,
        438.05,
        438.05,
        438.05,
        438.05,
        438.05,
        438.05,
        438.05,
        438.05,
        438.05,
        438.05,
        438.05,
        438.05,
        438.05,
        438.05,
        438.05,
        438.05,
        438.05,
        438.05,
        438.05,
        438.05,
        438.05,
        438.05,
        438.05,
        438.05,
        438.05,
        438.05,
        438.05,
        438.05,
        438.05,
        438.05,
        438.05,
        438.05,
        438.05,
        438.05,
        438.05,
        438.05,
        438.05,
        438.05,
        438.05,
        438.05,
        438.05,
        438.05,
        438.05,
        438.05,
        438.05,
        438.05,
        438.05,
        438.05,
        438.05,
        438.05,
        438.05,
        438.05,
        438.05,
        438.05
      ],
      "mean": [
        -Infinity,
        433.44090909090914,
        434.62045454545455,
        434.6818181818182,
        434.79772727272723,
        434.79772727272723,
        434.79772727272723,
        434.8113636363636,
        434.95454545454555,
        436.2840909090908,
        436.2840909090908,
        436.2840909090908,
        436.9318181818181,
        436.9318181818181,
        436.9318181818181,
        436.9863636363636,
        436.9863636363636,
        436.99999999999994,
        437.1090909090908,
        437.1090909090908,
        437.1090909090908,
        437.1090909090908,
        437.1090909090908,
        437.1090909090908,
        437.1090909090908,
        437.1090909090908,
        437.1090909090908,
        437.1090909090908,
        437.1090909090908,
        437.1090909090908,
        437.1090909090908,
        437.1090909090908,
        437.1090909090908,
        437.19090909090903,
        437.19090909090903,
        437.19090909090903,
        437.19090909090903,
        437.20454545454544,
        437.4704545454546,
        437.4704545454546,
        437.47727272727275,
        437.47727272727275,
        437.47727272727275,
        437.5318181818182,
        437.5318181818182,
        437.5318181818182,
        437.5318181818182,
        437.5318181818182,
        437.5318181818182,
        437.5318181818182,
        437.5318181818182,
        437.5318181818182,
        437.5318181818182,
        437.5318181818182,
        437.5318181818182,
        437.5318181818182,
        437.5386363636364,
        437.5386363636364,
        437.5386363636364,
        437.5386363636364,
        437.5386363636364,
        437.5386363636364,
        437.5386363636364,
        437.5386363636364,
        437.5386363636364,
        437.6068181818182,
        437.6068181818182,
        437.6068181818182,
        437.6068181818182,
        437.6068181818182,
        437.6068181818182,
        437.6068181818182,
        437.6068181818182,
        437.6068181818182,
        437.6068181818182,
        437.6068181818182,
        437.6068181818182,
        437.6068181818182,
        437.6068181818182,
        437.6068181818182,
        437.6068181818182,
        437.6068181818182,
        437.6068181818182,
        437.6068181818182,
        437.6068181818182,
        437.6068181818182,
        437.6068181818182,
        437.6068181818182,
        437.6068181818182,
        437.6068181818182,
        437.6068181818182,
        437.6068181818182,
        437.65454545454554,
        437.65454545454554,
        437.65454545454554,
        437.65454545454554,
        437.65454545454554,
        437.65454545454554,
        437.65454545454554,
        437.65454545454554
      ]
    }
  },
  "per_generation": [
    {
      "gen": 0.0,
      "best": 437.3,
      "mean": -Infinity
    },
    {
      "gen": 1.0,
      "best": 437.3,
      "mean": 433.44090909090914
    },
    {
      "gen": 2.0,
      "best": 437.3,
      "mean": 434.62045454545455
    },
    {
      "gen": 3.0,
      "best": 437.3,
      "mean": 434.6818181818182
    },
    {
      "gen": 4.0,
      "best": 437.3,
      "mean": 434.79772727272723
    },
    {
      "gen": 5.0,
      "best": 437.3,
      "mean": 434.79772727272723
    },
    {
      "gen": 6.0,
      "best": 437.3,
      "mean": 434.79772727272723
    },
    {
      "gen": 7.0,
      "best": 437.3,
      "mean": 434.8113636363636
    },
    {
      "gen": 8.0,
      "best": 437.3,
      "mean": 434.95454545454555
    },
    {
      "gen": 9.0,
      "best": 437.3,
      "mean": 436.2840909090908
    },
    {
      "gen": 10.0,
      "best": 437.3,
      "mean": 436.2840909090908
    },
    {
      "gen": 11.0,
      "best": 437.3,
      "mean": 436.2840909090908
    },
    {
      "gen": 12.0,
      "best": 438.05,
      "mean": 436.9318181818181
    },
    {
      "gen": 13.0,
      "best": 438.05,
      "mean": 436.9318181818181
    },
    {
      "gen": 14.0,
      "best": 438.05,
      "mean": 436.9318181818181
    },
    {
      "gen": 15.0,
      "best": 438.05,
      "mean": 436.9863636363636
    },
    {
      "gen": 16.0,
      "best": 438.05,
      "mean": 436.9863636363636
    },
    {
      "gen": 17.0,
      "best": 438.05,
      "mean": 436.99999999999994
    },
    {
      "gen": 18.0,
      "best": 438.05,
      "mean": 437.1090909090908
    },
    {
      "gen": 19.0,
      "best": 438.05,
      "mean": 437.1090909090908
    },
    {
      "gen": 20.0,
      "best": 438.05,
      "mean": 437.1090909090908
    },
    {
      "gen": 21.0,
      "best": 438.05,
      "mean": 437.1090909090908
    },
    {
      "gen": 22.0,
      "best": 438.05,
      "mean": 437.1090909090908
    },
    {
      "gen": 23.0,
      "best": 438.05,
      "mean": 437.1090909090908
    },
    {
      "gen": 24.0,
      "best": 438.05,
      "mean": 437.1090909090908
    },
    {
      "gen": 25.0,
      "best": 438.05,