{
  "algo": "pso",
  "hparams": {
    "generations": 100,
    "popsize": 22,
    "fix_last_gene": true,
    "seed": 808,
    "verbosity": 1,
    "log_every": 1,
    "evals_cap": 10000,
    "w": 0.6995626522629022,
    "c1": 1.3152797116528587,
    "c2": 1.3778845825775292
  },
  "metrics": {
    "best_final": 438.35,
    "auc_best": 43364.92499999999,
    "auc_best_norm": 438.0295454545453,
    "runtime_sec": 68.17807507514954,
    "evals_total": -1,
    "budget_triggered": false,
    "stop_reason": "None"
  },
  "diagnostics": {
    "best": {
      "start": 437.0,
      "end": 438.35,
      "delta_abs": 1.3500000000000227,
      "delta_rel": 0.003089244851258633,
      "max_val": 438.35,
      "argmax": 78,
      "auc_raw": 43364.92499999999,
      "auc_norm": 438.0295454545453
    },
    "mean": {
      "start": -Infinity,
      "end": 438.0431818181818,
      "delta_abs": Infinity,
      "delta_rel": NaN,
      "max_val": 438.0431818181818,
      "argmax": 86,
      "auc_raw": -Infinity,
      "auc_norm": -Infinity
    }
  },
  "genomes": {
    "best_genome": [
      0,
      1,
      0,
      1,
      1,
      1,
      1,
      0,
      0,
      1,
      0,
      1,
      0,
      0,
      1,
      0,
      0,
      0,
      0,
      0,
      1,
      0,
      0,
      0,
      0,
      0,
      0,
      0,
      0,
      0,
      0,
      0,
      1
    ],
    "all_best_genomes": null
  },
  "raw": {
    "curves": {
      "best": [
        437.0,
        437.0,
        437.0,
        437.0,
        437.75,
        437.75,
        437.75,
        437.75,
        437.75,
        437.75,
        437.75,
        437.75,
        437.75,
        437.75,
        437.75,
        437.75,
        437.75,
        437.75,
        437.75,
        437.75,
        437.75,
        437.75,
        437.75,
        437.75,
        437.75,
        437.75,
        437.75,
        437.75,
        437.75,
        437.75,
        437.75,
        437.75,
        437.75,
        437.75,
        437.75,
        437.75,
        437.9,
        437.9,
        437.9,
        437.9,
        437.9,
        438.2,
        438.2,
        438.2,
        438.2,
        438.2,
        438.2,
        438.2,
        438.2,
        438.2,
        438.2,
        438.2,
        438.2,
        438.2,
        438.2,
        438.2,
        438.2,
        438.2,
        438.2,
        438.2,
        438.2,
        438.2,
        438.2,
        438.2,
        438.2,
        438.2,
        438.2,
        438.2,
        438.2,
        438.2,
        438.2,
        438.2,
        438.2,
        438.2,
        438.2,
        438.2,
        438.2,
        438.2,
        438.35,
        438.35,
        438.35,
        438.35,
        438.35,
        438.35,
        438.35,
        438.35,
        438.35,
        438.35,
        438.35,
        438.35,
        438.35,
        438.35,
        438.35,
        438.35,
        438.35,
        438.35,
        438.35,
        438.35,
        438.35,
        438.35
      ],
      "mean": [
        -Infinity,
        422.20454545454544,
        422.20454545454544,
        422.6272727272728,
        430.359090909091,
        430.53636363636366,
        430.53636363636366,
        435.03636363636366,
        435.875,
        435.8818181818182,
        435.8818181818182,
        435.8818181818182,
        435.8818181818182,
        435.9704545454546,
        435.9704545454546,
        435.9704545454546,
        435.9704545454546,
        435.9704545454546,
        435.98409090909087,
        436.475,
        436.475,
        436.49545454545455,
        436.49545454545455,
        436.590909090909,
        436.590909090909,
        436.590909090909,
        437.02727272727276,
        437.02727272727276,
        437.02727272727276,
        437.02727272727276,
        437.02727272727276,
        437.02727272727276,
        437.02727272727276,
        437.02727272727276,
        437.02727272727276,
        437.02727272727276,
        437.52500000000003,
        437.52500000000003,
        437.52500000000003,
        437.52500000000003,
        437.52500000000003,
        437.60681818181826,
        437.6409090909092,
        437.6409090909092,
        437.6409090909092,
        437.6409090909092,
        437.6409090909092,
        437.6409090909092,
        437.6409090909092,
        437.6409090909092,
        437.6409090909092,
        437.6409090909092,
        437.6409090909092,
        437.6409090909092,
        437.6409090909092,
        437.6409090909092,
        437.6409090909092,
        437.6409090909092,
        437.6409090909092,
        437.6409090909092,
        437.6409090909092,
        437.64772727272737,
        437.64772727272737,
        437.64772727272737,
        437.64772727272737,
        437.64772727272737,
        437.64772727272737,
        437.64772727272737,
        437.65454545454554,
        437.65454545454554,
        437.65454545454554,
        437.65454545454554,
        437.65454545454554,
        437.66136363636366,
        437.66136363636366,
        437.66136363636366,
        437.66136363636366,
        437.66818181818184,
        437.7295454545456,
        437.7295454545456,
        437.7295454545456,
        437.91363636363644,
        437.91363636363644,
        438.00909090909096,
        438.00909090909096,
        438.00909090909096,
        438.0431818181818,
        438.0431818181818,
        438.0431818181818,
        438.0431818181818,
        438.0431818181818,
        438.0431818181818,
        438.0431818181818,
        438.0431818181818,
        438.0431818181818,
        438.0431818181818,
        438.0431818181818,
        438.0431818181818,
        438.0431818181818,
        438.0431818181818
      ]
    }
  },
  "per_generation": [
    {
      "gen": 0.0,
      "best": 437.0,
      "mean": -Infinity
    },
    {
      "gen": 1.0,
      "best": 437.0,
      "mean": 422.20454545454544
    },
    {
      "gen": 2.0,
      "best": 437.0,
      "mean": 422.20454545454544
    },
    {
      "gen": 3.0,
      "best": 437.0,
      "mean": 422.6272727272728
    },
    {
      "gen": 4.0,
      "best": 437.75,
      "mean": 430.359090909091
    },
    {
      "gen": 5.0,
      "best": 437.75,
      "mean": 430.53636363636366
    },
    {
      "gen": 6.0,
      "best": 437.75,
      "mean": 430.53636363636366
    },
    {
      "gen": 7.0,
      "best": 437.75,
      "mean": 435.03636363636366
    },
    {
      "gen": 8.0,
      "best": 437.75,
      "mean": 435.875
    },
    {
      "gen": 9.0,
      "best": 437.75,
      "mean": 435.8818181818182
    },
    {
      "gen": 10.0,
      "best": 437.75,
      "mean": 435.8818181818182
    },
    {
      "gen": 11.0,
      "best": 437.75,
      "mean": 435.8818181818182
    },
    {
      "gen": 12.0,
      "best": 437.75,
      "mean": 435.8818181818182
    },
    {
      "gen": 13.0,
      "best": 437.75,
      "mean": 435.9704545454546
    },
    {
      "gen": 14.0,
      "best": 437.75,
      "mean": 435.9704545454546
    },
    {
      "gen": 15.0,
      "best": 437.75,
      "mean": 435.9704545454546
    },
    {
      "gen": 16.0,
      "best": 437.75,
      "mean": 435.9704545454546
    },
    {
      "gen": 17.0,
      "best": 437.75,
      "mean": 435.9704545454546
    },
    {
      "gen": 18.0,
      "best": 437.75,
      "mean": 435.98409090909087
    },
    {
      "gen": 19.0,
      "best": 437.75,
      "mean": 436.475
    },
    {
      "gen": 20.0,
      "best": 437.75,
      "mean": 436.475
    },
    {
      "gen": 21.0,
      "best": 437.75,
      "mean": 436.49545454545455
    },
    {
      "gen": 22.0,
      "best": 437.75,
      "mean": 436.49545454545455
    },
    {
      "gen": 23.0,
      "best": 437.75,
      "mean": 436.590909090909
    },
    {
      "gen": 24.0,
      "best": 437.75,
      "mean": 436.590909090909
    },
    {
      "gen": 25.0,
      "best": 437.75,
      "mean": 436.590909090909
    },
    {
      "gen": 26.0,