{
  "algo": "pso",
  "hparams": {
    "generations": 100,
    "popsize": 22,
    "fix_last_gene": true,
    "seed": 505,
    "verbosity": 1,
    "log_every": 1,
    "evals_cap": 10000,
    "w": 0.9689230561530664,
    "c1": 1.4243080799588501,
    "c2": 2.196502234658871
  },
  "metrics": {
    "best_final": 438.65,
    "auc_best": 43403.100000000086,
    "auc_best_norm": 438.4151515151524,
    "runtime_sec": 106.13997602462769,
    "evals_total": -1,
    "budget_triggered": false,
    "stop_reason": "None"
  },
  "diagnostics": {
    "best": {
      "start": 435.95,
      "end": 438.65,
      "delta_abs": 2.6999999999999886,
      "delta_rel": 0.006193370799403576,
      "max_val": 438.65,
      "argmax": 31,
      "auc_raw": 43403.100000000086,
      "auc_norm": 438.4151515151524
    },
    "mean": {
      "start": -Infinity,
      "end": 438.64999999999986,
      "delta_abs": Infinity,
      "delta_rel": NaN,
      "max_val": 438.64999999999986,
      "argmax": 72,
      "auc_raw": -Infinity,
      "auc_norm": -Infinity
    }
  },
  "genomes": {
    "best_genome": [
      0,
      0,
      0,
      1,
      1,
      1,
      1,
      1,
      1,
      1,
      1,
      1,
      0,
      1,
      0,
      0,
      0,
      0,
      0,
      0,
      0,
      0,
      0,
      0,
      0,
      0,
      0,
      0,
      0,
      0,
      0,
      0,
      1
    ],
    "all_best_genomes": null
  },
  "raw": {
    "curves": {
      "best": [
        435.95,
        435.95,
        435.95,
        435.95,
        435.95,
        437.9,
        437.9,
        437.9,
        437.9,
        437.9,
        438.2,
        438.2,
        438.2,
        438.2,
        438.2,
        438.2,
        438.2,
        438.2,
        438.2,
        438.2,
        438.2,
        438.2,
        438.35,
        438.35,
        438.35,
        438.35,
        438.5,
        438.5,
        438.5,
        438.5,
        438.5,
        438.65,
        438.65,
        438.65,
        438.65,
        438.65,
        438.65,
        438.65,
        438.65,
        438.65,
        438.65,
        438.65,
        438.65,
        438.65,
        438.65,
        438.65,
        438.65,
        438.65,
        438.65,
        438.65,
        438.65,
        438.65,
        438.65,
        438.65,
        438.65,
        438.65,
        438.65,
        438.65,
        438.65,
        438.65,
        438.65,
        438.65,
        438.65,
        438.65,
        438.65,
        438.65,
        438.65,
        438.65,
        438.65,
        438.65,
        438.65,
        438.65,
        438.65,
        438.65,
        438.65,
        438.65,
        438.65,
        438.65,
        438.65,
        438.65,
        438.65,
        438.65,
        438.65,
        438.65,
        438.65,
        438.65,
        438.65,
        438.65,
        438.65,
        438.65,
        438.65,
        438.65,
        438.65,
        438.65,
        438.65,
        438.65,
        438.65,
        438.65,
        438.65,
        438.65
      ],
      "mean": [
        -Infinity,
        -Infinity,
        420.4113636363636,
        420.70454545454544,
        434.55227272727274,
        435.73181818181814,
        436.2568181818182,
        436.43409090909086,
        436.82954545454555,
        436.82954545454555,
        436.90454545454554,
        436.9386363636364,
        436.9386363636364,
        437.07500000000005,
        437.19090909090914,
        437.5181818181818,
        437.5181818181818,
        437.5181818181818,
        437.6681818181818,
        437.70909090909083,
        437.70909090909083,
        437.7840909090908,
        437.91363636363644,
        437.94090909090914,
        437.94090909090914,
        437.94090909090914,
        438.09772727272735,
        438.125,
        438.17954545454546,
        438.18636363636364,
        438.2,
        438.32954545454544,
        438.32954545454544,
        438.32954545454544,
        438.3431818181818,
        438.3568181818182,
        438.38409090909096,
        438.39772727272725,
        438.39772727272725,
        438.39772727272725,
        438.49999999999994,
        438.49999999999994,
        438.50681818181806,
        438.50681818181806,
        438.50681818181806,
        438.5613636363636,
        438.5613636363636,
        438.58181818181816,
        438.58181818181816,
        438.58181818181816,
        438.58181818181816,
        438.58181818181816,
        438.59545454545446,
        438.60227272727263,
        438.60227272727263,
        438.60227272727263,
        438.60227272727263,
        438.6295454545454,
        438.6295454545454,
        438.6295454545454,
        438.6295454545454,
        438.6295454545454,
        438.6295454545454,
        438.6295454545454,
        438.6295454545454,
        438.6295454545454,
        438.6295454545454,
        438.6295454545454,
        438.6295454545454,
        438.64318181818174,
        438.64318181818174,
        438.64318181818174,
        438.64999999999986,
        438.64999999999986,
        438.64999999999986,
        438.64999999999986,
        438.64999999999986,
        438.64999999999986,
        438.64999999999986,
        438.64999999999986,
        438.64999999999986,
        438.64999999999986,
        438.64999999999986,
        438.64999999999986,
        438.64999999999986,
        438.64999999999986,
        438.64999999999986,
        438.64999999999986,
        438.64999999999986,
        438.64999999999986,
        438.64999999999986,
        438.64999999999986,
        438.64999999999986,
        438.64999999999986,
        438.64999999999986,
        438.64999999999986,
        438.64999999999986,
        438.64999999999986,
        438.64999999999986,
        438.64999999999986
      ]
    }
  },
  "per_generation": [
    {
      "gen": 0.0,
      "best": 435.95,
      "mean": -Infinity
    },
    {
      "gen": 1.0,
      "best": 435.95,
      "mean": -Infinity
    },
    {
      "gen": 2.0,
      "best": 435.95,
      "mean": 420.4113636363636
    },
    {
      "gen": 3.0,
      "best": 435.95,
      "mean": 420.70454545454544
    },
    {
      "gen": 4.0,
      "best": 435.95,
      "mean": 434.55227272727274
    },
    {
      "gen": 5.0,
      "best": 437.9,
      "mean": 435.73181818181814
    },
    {
      "gen": 6.0,
      "best": 437.9,
      "mean": 436.2568181818182
    },
    {
      "gen": 7.0,
      "best": 437.9,
      "mean": 436.43409090909086
    },
    {
      "gen": 8.0,
      "best": 437.9,
      "mean": 436.82954545454555
    },
    {
      "gen": 9.0,
      "best": 437.9,
      "mean": 436.82954545454555
    },
    {
      "gen": 10.0,
      "best": 438.2,
      "mean": 436.90454545454554
    },
    {
      "gen": 11.0,
      "best": 438.2,
      "mean": 436.9386363636364
    },
    {
      "gen": 12.0,
      "best": 438.2,
      "mean": 436.9386363636364
    },
    {
      "gen": 13.0,
      "best": 438.2,
      "mean": 437.07500000000005
    },
    {
      "gen": 14.0,
      "best": 438.2,
      "mean": 437.19090909090914
    },
    {
      "gen": 15.0,
      "best": 438.2,
      "mean": 437.5181818181818
    },
    {
      "gen": 16.0,
      "best": 438.2,
      "mean": 437.5181818181818
    },
    {
      "gen": 17.0,
      "best": 438.2,
      "mean": 437.5181818181818
    },
    {
      "gen": 18.0,
      "best": 438.2,
      "mean": 437.6681818181818
    },
    {
      "gen": 19.0,
      "best": 438.2,
      "mean": 437.70909090909083
    },
    {
      "gen": 20.0,
      "best": 438.2,
      "mean": 437.70909090909083
    },
    {
      "gen": 21.0,
      "best": 438.2,
      "mean": 437.7840909090908
    },
    {
      "gen": 22.0,
      "best": 438.35,
      "mean": 437.91363636363644
    },
    {
      "gen": 23.0,
      "best": 438.35,
      "mean": 437.94090909090914
    },
    {
      "gen": 24.0,
      "best": 438.35,
      "mean": 437.94090909090914
    },
    {
      "gen": 25.0,