{
  "algo": "pso",
  "hparams": {
    "generations": 100,
    "popsize": 22,
    "fix_last_gene": true,
    "seed": 202,
    "verbosity": 1,
    "log_every": 1,
    "evals_cap": 10000,
    "w": 0.9298918638278264,
    "c1": 2.2,
    "c2": 0.8205814677121972
  },
  "metrics": {
    "best_final": 438.65,
    "auc_best": 43400.17500000008,
    "auc_best_norm": 438.3856060606069,
    "runtime_sec": 83.1892352104187,
    "evals_total": -1,
    "budget_triggered": false,
    "stop_reason": "None"
  },
  "diagnostics": {
    "best": {
      "start": 436.1,
      "end": 438.65,
      "delta_abs": 2.5499999999999545,
      "delta_rel": 0.005847282733317942,
      "max_val": 438.65,
      "argmax": 28,
      "auc_raw": 43400.17500000008,
      "auc_norm": 438.3856060606069
    },
    "mean": {
      "start": -Infinity,
      "end": 438.64999999999986,
      "delta_abs": Infinity,
      "delta_rel": NaN,
      "max_val": 438.64999999999986,
      "argmax": 85,
      "auc_raw": -Infinity,
      "auc_norm": -Infinity
    }
  },
  "genomes": {
    "best_genome": [
      1,
      0,
      0,
      1,
      1,
      1,
      1,
      0,
      0,
      1,
      0,
      0,
      0,
      0,
      0,
      0,
      0,
      0,
      0,
      0,
      0,
      0,
      0,
      0,
      0,
      0,
      0,
      0,
      0,
      0,
      0,
      0,
      1
    ],
    "all_best_genomes": null
  },
  "raw": {
    "curves": {
      "best": [
        436.1,
        436.1,
        436.1,
        436.1,
        436.1,
        436.55,
        437.3,
        437.9,
        437.9,
        437.9,
        437.9,
        437.9,
        437.9,
        437.9,
        437.9,
        437.9,
        437.9,
        437.9,
        438.35,
        438.35,
        438.35,
        438.35,
        438.35,
        438.35,
        438.35,
        438.35,
        438.35,
        438.35,
        438.65,
        438.65,
        438.65,
        438.65,
        438.65,
        438.65,
        438.65,
        438.65,
        438.65,
        438.65,
        438.65,
        438.65,
        438.65,
        438.65,
        438.65,
        438.65,
        438.65,
        438.65,
        438.65,
        438.65,
        438.65,
        438.65,
        438.65,
        438.65,
        438.65,
        438.65,
        438.65,
        438.65,
        438.65,
        438.65,
        438.65,
        438.65,
        438.65,
        438.65,
        438.65,
        438.65,
        438.65,
        438.65,
        438.65,
        438.65,
        438.65,
        438.65,
        438.65,
        438.65,
        438.65,
        438.65,
        438.65,
        438.65,
        438.65,
        438.65,
        438.65,
        438.65,
        438.65,
        438.65,
        438.65,
        438.65,
        438.65,
        438.65,
        438.65,
        438.65,
        438.65,
        438.65,
        438.65,
        438.65,
        438.65,
        438.65,
        438.65,
        438.65,
        438.65,
        438.65,
        438.65,
        438.65
      ],
      "mean": [
        -Infinity,
        416.7636363636364,
        416.7636363636364,
        418.7954545454546,
        418.7954545454546,
        419.98181818181826,
        423.125,
        436.91136363636366,
        436.91818181818184,
        436.91818181818184,
        437.0136363636364,
        437.02727272727276,
        437.02727272727276,
        437.02727272727276,
        437.04772727272734,
        437.0954545454546,
        437.0954545454546,
        437.2454545454546,
        437.54545454545456,
        437.54545454545456,
        437.54545454545456,
        437.76363636363635,
        437.76363636363635,
        437.790909090909,
        437.790909090909,
        437.8727272727272,
        437.8727272727272,
        437.8727272727272,
        438.02272727272725,
        438.02272727272725,
        438.0295454545454,
        438.0431818181818,
        438.0431818181818,
        438.0431818181818,
        438.0431818181818,
        438.1045454545454,
        438.1045454545454,
        438.1045454545454,
        438.1318181818182,
        438.1318181818182,
        438.1318181818182,
        438.1318181818182,
        438.2409090909092,
        438.2409090909092,
        438.2409090909092,
        438.32954545454555,
        438.34318181818185,
        438.35000000000014,
        438.35681818181826,
        438.35681818181826,
        438.35681818181826,
        438.3772727272728,
        438.384090909091,
        438.384090909091,
        438.384090909091,
        438.425,
        438.425,
        438.425,
        438.425,
        438.44545454545454,
        438.5,
        438.5,
        438.54090909090905,
        438.56818181818176,
        438.5749999999999,
        438.6090909090908,
        438.6090909090908,
        438.6090909090908,
        438.6090909090908,
        438.6090909090908,
        438.6090909090908,
        438.6090909090908,
        438.6090909090908,
        438.6090909090908,
        438.6090909090908,
        438.6090909090908,
        438.6090909090908,
        438.6090909090908,
        438.6090909090908,
        438.6090909090908,
        438.6090909090908,
        438.6090909090908,
        438.6090909090908,
        438.6090909090908,
        438.6090909090908,
        438.64999999999986,
        438.64999999999986,
        438.64999999999986,
        438.64999999999986,
        438.64999999999986,
        438.64999999999986,
        438.64999999999986,
        438.64999999999986,
        438.64999999999986,
        438.64999999999986,
        438.64999999999986,
        438.64999999999986,
        438.64999999999986,
        438.64999999999986,
        438.64999999999986
      ]
    }
  },
  "per_generation": [
    {
      "gen": 0.0,
      "best": 436.1,
      "mean": -Infinity
    },
    {
      "gen": 1.0,
      "best": 436.1,
      "mean": 416.7636363636364
    },
    {
      "gen": 2.0,
      "best": 436.1,
      "mean": 416.7636363636364
    },
    {
      "gen": 3.0,
      "best": 436.1,
      "mean": 418.7954545454546
    },
    {
      "gen": 4.0,
      "best": 436.1,
      "mean": 418.7954545454546
    },
    {
      "gen": 5.0,
      "best": 436.55,
      "mean": 419.98181818181826
    },
    {
      "gen": 6.0,
      "best": 437.3,
      "mean": 423.125
    },
    {
      "gen": 7.0,
      "best": 437.9,
      "mean": 436.91136363636366
    },
    {
      "gen": 8.0,
      "best": 437.9,
      "mean": 436.91818181818184
    },
    {
      "gen": 9.0,
      "best": 437.9,
      "mean": 436.91818181818184
    },
    {
      "gen": 10.0,
      "best": 437.9,
      "mean": 437.0136363636364
    },
    {
      "gen": 11.0,
      "best": 437.9,
      "mean": 437.02727272727276
    },
    {
      "gen": 12.0,
      "best": 437.9,
      "mean": 437.02727272727276
    },
    {
      "gen": 13.0,
      "best": 437.9,
      "mean": 437.02727272727276
    },
    {
      "gen": 14.0,
      "best": 437.9,
      "mean": 437.04772727272734
    },
    {
      "gen": 15.0,
      "best": 437.9,
      "mean": 437.0954545454546
    },
    {
      "gen": 16.0,
      "best": 437.9,
      "mean": 437.0954545454546
    },
    {
      "gen": 17.0,
      "best": 437.9,
      "mean": 437.2454545454546
    },
    {
      "gen": 18.0,
      "best": 438.35,
      "mean": 437.54545454545456
    },
    {
      "gen": 19.0,
      "best": 438.35,
      "mean": 437.54545454545456
    },
    {
      "gen": 20.0,
      "best": 438.35,
      "mean": 437.54545454545456
    },
    {
      "gen": 21.0,
      "best": 438.35,
      "mean": 437.76363636363635
    },
    {
      "gen": 22.0,
      "best": 438.35,
      "mean": 437.76363636363635
    },
    {
      "gen": 23.0,
      "best": 438.35,
      "mean": 437.790909090909
    },
    {
      "gen": 24.0,
      "best": 438.35,
      "mean": 437.790909090909
    },
    {
      "gen": 25.0,
      "best": 438.35,
      "mean": 437.8727272727272
    },
    {
      "gen": 26.0,
      "best": 438.35,