{
  "algo": "pso",
  "hparams": {
    "generations": 100,
    "popsize": 22,
    "fix_last_gene": true,
    "seed": 202,
    "verbosity": 1,
    "log_every": 1,
    "evals_cap": 10000,
    "w": 0.8389905920165952,
    "c1": 1.6736352159050651,
    "c2": 2.089482031173722
  },
  "metrics": {
    "best_final": 438.65,
    "auc_best": 43393.87500000005,
    "auc_best_norm": 438.3219696969702,
    "runtime_sec": 77.77352452278137,
    "evals_total": -1,
    "budget_triggered": false,
    "stop_reason": "None"
  },
  "diagnostics": {
    "best": {
      "start": 436.1,
      "end": 438.65,
      "delta_abs": 2.5499999999999545,
      "delta_rel": 0.005847282733317942,
      "max_val": 438.65,
      "argmax": 65,
      "auc_raw": 43393.87500000005,
      "auc_norm": 438.3219696969702
    },
    "mean": {
      "start": -Infinity,
      "end": 438.4863636363636,
      "delta_abs": Infinity,
      "delta_rel": NaN,
      "max_val": 438.4863636363636,
      "argmax": 99,
      "auc_raw": -Infinity,
      "auc_norm": -Infinity
    }
  },
  "genomes": {
    "best_genome": [
      0,
      0,
      0,
      1,
      0,
      1,
      0,
      1,
      1,
      0,
      0,
      0,
      1,
      1,
      1,
      0,
      0,
      0,
      0,
      0,
      0,
      0,
      0,
      0,
      0,
      0,
      0,
      0,
      0,
      0,
      0,
      0,
      1
    ],
    "all_best_genomes": null
  },
  "raw": {
    "curves": {
      "best": [
        436.1,
        436.1,
        436.1,
        436.1,
        436.1,
        436.85,
        436.85,
        437.9,
        437.9,
        437.9,
        437.9,
        437.9,
        437.9,
        437.9,
        437.9,
        437.9,
        437.9,
        438.2,
        438.2,
        438.2,
        438.2,
        438.2,
        438.2,
        438.2,
        438.2,
        438.2,
        438.5,
        438.5,
        438.5,
        438.5,
        438.5,
        438.5,
        438.5,
        438.5,
        438.5,
        438.5,
        438.5,
        438.5,
        438.5,
        438.5,
        438.5,
        438.5,
        438.5,
        438.5,
        438.5,
        438.5,
        438.5,
        438.5,
        438.5,
        438.5,
        438.5,
        438.5,
        438.5,
        438.5,
        438.5,
        438.5,
        438.5,
        438.5,
        438.5,
        438.5,
        438.5,
        438.5,
        438.5,
        438.5,
        438.5,
        438.65,
        438.65,
        438.65,
        438.65,
        438.65,
        438.65,
        438.65,
        438.65,
        438.65,
        438.65,
        438.65,
        438.65,
        438.65,
        438.65,
        438.65,
        438.65,
        438.65,
        438.65,
        438.65,
        438.65,
        438.65,
        438.65,
        438.65,
        438.65,
        438.65,
        438.65,
        438.65,
        438.65,
        438.65,
        438.65,
        438.65,
        438.65,
        438.65,
        438.65,
        438.65
      ],
      "mean": [
        -Infinity,
        416.9613636363637,
        416.9613636363637,
        426.234090909091,
        426.234090909091,
        430.27727272727276,
        434.49090909090916,
        436.72727272727275,
        436.8363636363636,
        436.84318181818185,
        436.93181818181824,
        436.9659090909092,
        436.9659090909092,
        436.98636363636365,
        437.07500000000005,
        437.07500000000005,
        437.07500000000005,
        437.5113636363636,
        437.79772727272723,
        437.79772727272723,
        437.79772727272723,
        437.92727272727274,
        437.92727272727274,
        437.92727272727274,
        437.92727272727274,
        437.92727272727274,
        437.9681818181818,
        437.9681818181818,
        437.98863636363626,
        437.98863636363626,
        437.98863636363626,
        438.00909090909084,
        438.00909090909084,
        438.00909090909084,
        438.00909090909084,
        438.0295454545454,
        438.0295454545454,
        438.0363636363636,
        438.04999999999995,
        438.0568181818181,
        438.0568181818181,
        438.0568181818181,
        438.08409090909083,
        438.08409090909083,
        438.08409090909083,
        438.15909090909093,
        438.15909090909093,
        438.15909090909093,
        438.17272727272723,
        438.17272727272723,
        438.17272727272723,
        438.1863636363636,
        438.1863636363636,
        438.1863636363636,
        438.1863636363636,
        438.26136363636374,
        438.26136363636374,
        438.26136363636374,
        438.26136363636374,
        438.31590909090914,
        438.31590909090914,
        438.31590909090914,
        438.34318181818196,
        438.36363636363643,
        438.36363636363643,
        438.3704545454546,
        438.3704545454546,
        438.3704545454546,
        438.3704545454546,
        438.3704545454546,
        438.3704545454546,
        438.3704545454546,
        438.3704545454546,
        438.3704545454546,
        438.3704545454546,
        438.3704545454546,
        438.3704545454546,
        438.3704545454546,
        438.3704545454546,
        438.3704545454546,
        438.3704545454546,
        438.39772727272737,
        438.39772727272737,
        438.39772727272737,
        438.4795454545454,
        438.4795454545454,
        438.4795454545454,
        438.4795454545454,
        438.4795454545454,
        438.4795454545454,
        438.4795454545454,
        438.4795454545454,
        438.4795454545454,
        438.4795454545454,
        438.4795454545454,
        438.4795454545454,
        438.4795454545454,
        438.4795454545454,
        438.4795454545454,
        438.4863636363636
      ]
    }
  },
  "per_generation": [
    {
      "gen": 0.0,
      "best": 436.1,
      "mean": -Infinity
    },
    {
      "gen": 1.0,
      "best": 436.1,
      "mean": 416.9613636363637
    },
    {
      "gen": 2.0,
      "best": 436.1,
      "mean": 416.9613636363637
    },
    {
      "gen": 3.0,
      "best": 436.1,
      "mean": 426.234090909091
    },
    {
      "gen": 4.0,
      "best": 436.1,
      "mean": 426.234090909091
    },
    {
      "gen": 5.0,
      "best": 436.85,
      "mean": 430.27727272727276
    },
    {
      "gen": 6.0,
      "best": 436.85,
      "mean": 434.49090909090916
    },
    {
      "gen": 7.0,
      "best": 437.9,
      "mean": 436.72727272727275
    },
    {
      "gen": 8.0,
      "best": 437.9,
      "mean": 436.8363636363636
    },
    {
      "gen": 9.0,
      "best": 437.9,
      "mean": 436.84318181818185
    },
    {
      "gen": 10.0,
      "best": 437.9,
      "mean": 436.93181818181824
    },
    {
      "gen": 11.0,
      "best": 437.9,
      "mean": 436.9659090909092
    },
    {
      "gen": 12.0,
      "best": 437.9,
      "mean": 436.9659090909092
    },
    {
      "gen": 13.0,
      "best": 437.9,
      "mean": 436.98636363636365
    },
    {
      "gen": 14.0,
      "best": 437.9,
      "mean": 437.07500000000005
    },
    {
      "gen": 15.0,
      "best": 437.9,
      "mean": 437.07500000000005
    },
    {
      "gen": 16.0,
      "best": 437.9,
      "mean": 437.07500000000005
    },
    {
      "gen": 17.0,
      "best": 438.2,
      "mean": 437.5113636363636
    },
    {
      "gen": 18.0,
      "best": 438.2,
      "mean": 437.79772727272723
    },
    {
      "gen": 19.0,
      "best": 438.2,
      "mean": 437.79772727272723
    },
    {
      "gen": 20.0,
      "best": 438.2,
      "mean": 437.79772727272723
    },
    {
      "gen": 21.0,
      "best": 438.2,
      "mean": 437.92727272727274
    },
    {
      "gen": 22.0,
      "best": 438.2,
      "mean": 437.92727272727274
    },
    {
      "gen": 23.0,
      "best": 438.2,
      "mean": 437.92727272727274
    },
    {
      "gen": 24.0,
      "best": 438.2,
      "mean": 437.92727272727274
    },
    {
      "gen": 25.0,
      "best": 438.2,