{
  "algo": "pso",
  "hparams": {
    "generations": 100,
    "popsize": 22,
    "fix_last_gene": true,
    "seed": 707,
    "verbosity": 1,
    "log_every": 1,
    "evals_cap": 10000,
    "w": 0.5684553981925328,
    "c1": 1.5592708297559037,
    "c2": 0.8
  },
  "metrics": {
    "best_final": 438.05,
    "auc_best": 43335.30000000007,
    "auc_best_norm": 437.73030303030373,
    "runtime_sec": 66.53027009963989,
    "evals_total": -1,
    "budget_triggered": false,
    "stop_reason": "None"
  },
  "diagnostics": {
    "best": {
      "start": 437.15,
      "end": 438.05,
      "delta_abs": 0.9000000000000341,
      "delta_rel": 0.0020587898890541785,
      "max_val": 438.05,
      "argmax": 49,
      "auc_raw": 43335.30000000007,
      "auc_norm": 437.73030303030373
    },
    "mean": {
      "start": -Infinity,
      "end": 437.68863636363625,
      "delta_abs": Infinity,
      "delta_rel": NaN,
      "max_val": 437.68863636363625,
      "argmax": 72,
      "auc_raw": -Infinity,
      "auc_norm": -Infinity
    }
  },
  "genomes": {
    "best_genome": [
      1,
      1,
      0,
      1,
      1,
      1,
      0,
      1,
      1,
      1,
      1,
      1,
      0,
      0,
      0,
      0,
      0,
      1,
      0,
      1,
      0,
      0,
      0,
      0,
      0,
      0,
      0,
      0,
      0,
      0,
      0,
      0,
      1
    ],
    "all_best_genomes": null
  },
  "raw": {
    "curves": {
      "best": [
        437.15,
        437.15,
        437.15,
        437.15,
        437.15,
        437.15,
        437.15,
        437.15,
        437.15,
        437.45,
        437.45,
        437.45,
        437.45,
        437.45,
        437.45,
        437.45,
        437.45,
        437.45,
        437.45,
        437.45,
        437.45,
        437.45,
        437.45,
        437.45,
        437.45,
        437.45,
        437.45,
        437.45,
        437.45,
        437.45,
        437.45,
        437.45,
        437.45,
        437.45,
        437.45,
        437.45,
        437.45,
        437.45,
        437.45,
        437.45,
        437.45,
        437.45,
        437.45,
        437.45,
        437.45,
        437.45,
        437.45,
        437.45,
        437.45,
        438.05,
        438.05,
        438.05,
        438.05,
        438.05,
        438.05,
        438.05,
        438.05,
        438.05,
        438.05,
        438.05,
        438.05,
        438.05,
        438.05,
        438.05,
        438.05,
        438.05,
        438.05,
        438.05,
        438.05,
        438.05,
        438.05,
        438.05,
        438.05,
        438.05,
        438.05,
        438.05,
        438.05,
        438.05,
        438.05,
        438.05,
        438.05,
        438.05,
        438.05,
        438.05,
        438.05,
        438.05,
        438.05,
        438.05,
        438.05,
        438.05,
        438.05,
        438.05,
        438.05,
        438.05,
        438.05,
        438.05,
        438.05,
        438.05,
        438.05,
        438.05
      ],
      "mean": [
        -Infinity,
        -Infinity,
        431.7363636363636,
        431.7363636363636,
        431.7363636363636,
        433.45454545454544,
        433.45454545454544,
        433.45454545454544,
        433.45454545454544,
        435.75909090909084,
        435.765909090909,
        435.765909090909,
        435.765909090909,
        435.765909090909,
        435.765909090909,
        435.765909090909,
        436.1068181818182,
        436.1068181818182,
        436.1068181818182,
        436.1068181818182,
        436.1068181818182,
        436.1136363636364,
        436.1136363636364,
        436.31136363636364,
        436.6045454545454,
        436.6045454545454,
        436.6045454545454,
        436.6045454545454,
        436.6045454545454,
        436.6045454545454,
        436.7136363636364,
        436.7136363636364,
        436.7136363636364,
        436.7136363636364,
        436.7136363636364,
        436.93863636363636,
        436.93863636363636,
        436.93863636363636,
        437.0,
        437.0,
        437.0,
        437.04090909090905,
        437.04772727272723,
        437.04772727272723,
        437.04772727272723,
        437.04772727272723,
        437.04772727272723,
        437.04772727272723,
        437.04772727272723,
        437.64772727272725,
        437.64772727272725,
        437.64772727272725,
        437.64772727272725,
        437.64772727272725,
        437.64772727272725,
        437.64772727272725,
        437.64772727272725,
        437.64772727272725,
        437.64772727272725,
        437.64772727272725,
        437.64772727272725,
        437.64772727272725,
        437.64772727272725,
        437.64772727272725,
        437.64772727272725,
        437.64772727272725,
        437.64772727272725,
        437.64772727272725,
        437.64772727272725,
        437.64772727272725,
        437.64772727272725,
        437.64772727272725,
        437.68863636363625,
        437.68863636363625,
        437.68863636363625,
        437.68863636363625,
        437.68863636363625,
        437.68863636363625,
        437.68863636363625,
        437.68863636363625,
        437.68863636363625,
        437.68863636363625,
        437.68863636363625,
        437.68863636363625,
        437.68863636363625,
        437.68863636363625,
        437.68863636363625,
        437.68863636363625,
        437.68863636363625,
        437.68863636363625,
        437.68863636363625,
        437.68863636363625,
        437.68863636363625,
        437.68863636363625,
        437.68863636363625,
        437.68863636363625,
        437.68863636363625,
        437.68863636363625,
        437.68863636363625,
        437.68863636363625
      ]
    }
  },
  "per_generation": [
    {
      "gen": 0.0,
      "best": 437.15,
      "mean": -Infinity
    },
    {
      "gen": 1.0,
      "best": 437.15,
      "mean": -Infinity
    },
    {
      "gen": 2.0,
      "best": 437.15,
      "mean": 431.7363636363636
    },
    {
      "gen": 3.0,
      "best": 437.15,
      "mean": 431.7363636363636
    },
    {
      "gen": 4.0,
      "best": 437.15,
      "mean": 431.7363636363636
    },
    {
      "gen": 5.0,
      "best": 437.15,
      "mean": 433.45454545454544
    },
    {
      "gen": 6.0,
      "best": 437.15,
      "mean": 433.45454545454544
    },
    {
      "gen": 7.0,
      "best": 437.15,
      "mean": 433.45454545454544
    },
    {
      "gen": 8.0,
      "best": 437.15,
      "mean": 433.45454545454544
    },
    {
      "gen": 9.0,
      "best": 437.45,
      "mean": 435.75909090909084
    },
    {
      "gen": 10.0,
      "best": 437.45,
      "mean": 435.765909090909
    },
    {
      "gen": 11.0,
      "best": 437.45,
      "mean": 435.765909090909
    },
    {
      "gen": 12.0,
      "best": 437.45,
      "mean": 435.765909090909
    },
    {
      "gen": 13.0,
      "best": 437.45,
      "mean": 435.765909090909
    },
    {
      "gen": 14.0,
      "best": 437.45,
      "mean": 435.765909090909
    },
    {
      "gen": 15.0,
      "best": 437.45,
      "mean": 435.765909090909
    },
    {
      "gen": 16.0,
      "best": 437.45,
      "mean": 436.1068181818182
    },
    {
      "gen": 17.0,
      "best": 437.45,
      "mean": 436.1068181818182
    },
    {
      "gen": 18.0,
      "best": 437.45,
      "mean": 436.1068181818182
    },
    {
      "gen": 19.0,
      "best": 437.45,
      "mean": 436.1068181818182
    },
    {
      "gen": 20.0,
      "best": 437.45,
      "mean": 436.1068181818182
    },
    {
      "gen": 21.0,
      "best": 437.45,
      "mean": 436.1136363636364
    },
    {
      "gen": 22.0,
      "best": 437.45,
      "mean": 436.1136363636364
    },
    {
      "gen": 23.0,
      "best": 437.45,
      "mean": 436.31136363636364
    },
    {
      "gen": 24.0,
      "best": 437.45,
      "mean": 436.6045454545454
    },
    {
      "gen": 25.0,
      "best": 437.45,