{
  "algo": "pso",
  "hparams": {
    "generations": 100,
    "popsize": 22,
    "fix_last_gene": true,
    "seed": 505,
    "verbosity": 1,
    "log_every": 1,
    "evals_cap": 10000,
    "w": 0.8918267528073103,
    "c1": 2.2,
    "c2": 1.0062173134288523
  },
  "metrics": {
    "best_final": 438.65,
    "auc_best": 43396.80000000009,
    "auc_best_norm": 438.3515151515161,
    "runtime_sec": 81.84877181053162,
    "evals_total": -1,
    "budget_triggered": false,
    "stop_reason": "None"
  },
  "diagnostics": {
    "best": {
      "start": 435.95,
      "end": 438.65,
      "delta_abs": 2.6999999999999886,
      "delta_rel": 0.006193370799403576,
      "max_val": 438.65,
      "argmax": 36,
      "auc_raw": 43396.80000000009,
      "auc_norm": 438.3515151515161
    },
    "mean": {
      "start": -Infinity,
      "end": 438.6227272727272,
      "delta_abs": Infinity,
      "delta_rel": NaN,
      "max_val": 438.6227272727272,
      "argmax": 90,
      "auc_raw": -Infinity,
      "auc_norm": -Infinity
    }
  },
  "genomes": {
    "best_genome": [
      1,
      0,
      1,
      0,
      1,
      1,
      1,
      0,
      1,
      1,
      0,
      0,
      0,
      0,
      0,
      0,
      0,
      0,
      0,
      0,
      0,
      0,
      0,
      0,
      0,
      0,
      0,
      0,
      0,
      0,
      0,
      0,
      1
    ],
    "all_best_genomes": null
  },
  "raw": {
    "curves": {
      "best": [
        435.95,
        435.95,
        435.95,
        435.95,
        435.95,
        437.9,
        437.9,
        437.9,
        437.9,
        437.9,
        437.9,
        437.9,
        437.9,
        437.9,
        437.9,
        437.9,
        437.9,
        437.9,
        437.9,
        438.2,
        438.2,
        438.2,
        438.2,
        438.2,
        438.2,
        438.2,
        438.2,
        438.2,
        438.2,
        438.2,
        438.2,
        438.35,
        438.35,
        438.35,
        438.35,
        438.35,
        438.65,
        438.65,
        438.65,
        438.65,
        438.65,
        438.65,
        438.65,
        438.65,
        438.65,
        438.65,
        438.65,
        438.65,
        438.65,
        438.65,
        438.65,
        438.65,
        438.65,
        438.65,
        438.65,
        438.65,
        438.65,
        438.65,
        438.65,
        438.65,
        438.65,
        438.65,
        438.65,
        438.65,
        438.65,
        438.65,
        438.65,
        438.65,
        438.65,
        438.65,
        438.65,
        438.65,
        438.65,
        438.65,
        438.65,
        438.65,
        438.65,
        438.65,
        438.65,
        438.65,
        438.65,
        438.65,
        438.65,
        438.65,
        438.65,
        438.65,
        438.65,
        438.65,
        438.65,
        438.65,
        438.65,
        438.65,
        438.65,
        438.65,
        438.65,
        438.65,
        438.65,
        438.65,
        438.65,
        438.65
      ],
      "mean": [
        -Infinity,
        -Infinity,
        419.29318181818167,
        419.87954545454545,
        428.55227272727274,
        430.3454545454546,
        431.90000000000003,
        434.93409090909086,
        435.234090909091,
        436.3045454545456,
        436.3045454545456,
        436.37954545454556,
        436.39318181818186,
        436.54318181818184,
        436.5636363636364,
        436.7204545454546,
        436.77500000000003,
        436.77500000000003,
        437.0,
        437.02727272727276,
        437.04090909090905,
        437.29318181818167,
        437.3068181818182,
        437.52500000000003,
        437.52500000000003,
        437.52500000000003,
        437.52500000000003,
        437.5863636363637,
        437.61363636363643,
        437.6272727272728,
        437.70909090909095,
        437.9204545454546,
        437.9204545454546,
        437.9204545454546,
        437.95454545454555,
        437.95454545454555,
        438.2068181818182,
        438.2204545454546,
        438.2204545454546,
        438.2204545454546,
        438.37727272727267,
        438.37727272727267,
        438.38409090909096,
        438.38409090909096,
        438.38409090909096,
        438.39772727272725,
        438.39772727272725,
        438.43863636363636,
        438.45909090909095,
        438.46590909090907,
        438.46590909090907,
        438.46590909090907,
        438.46590909090907,
        438.46590909090907,
        438.46590909090907,
        438.46590909090907,
        438.46590909090907,
        438.51363636363635,
        438.51363636363635,
        438.51363636363635,
        438.51363636363635,
        438.51363636363635,
        438.51363636363635,
        438.51363636363635,
        438.5545454545454,
        438.5545454545454,
        438.5545454545454,
        438.5545454545454,
        438.5545454545454,
        438.60227272727263,
        438.60227272727263,
        438.60227272727263,
        438.60227272727263,
        438.60227272727263,
        438.60227272727263,
        438.60227272727263,
        438.60227272727263,
        438.60227272727263,
        438.60227272727263,
        438.60227272727263,
        438.60227272727263,
        438.60227272727263,
        438.60227272727263,
        438.60909090909087,
        438.60909090909087,
        438.60909090909087,
        438.60909090909087,
        438.60909090909087,
        438.60909090909087,
        438.60909090909087,
        438.6227272727272,
        438.6227272727272,
        438.6227272727272,
        438.6227272727272,
        438.6227272727272,
        438.6227272727272,
        438.6227272727272,
        438.6227272727272,
        438.6227272727272,
        438.6227272727272
      ]
    }
  },
  "per_generation": [
    {
      "gen": 0.0,
      "best": 435.95,
      "mean": -Infinity
    },
    {
      "gen": 1.0,
      "best": 435.95,
      "mean": -Infinity
    },
    {
      "gen": 2.0,
      "best": 435.95,
      "mean": 419.29318181818167
    },
    {
      "gen": 3.0,
      "best": 435.95,
      "mean": 419.87954545454545
    },
    {
      "gen": 4.0,
      "best": 435.95,
      "mean": 428.55227272727274
    },
    {
      "gen": 5.0,
      "best": 437.9,
      "mean": 430.3454545454546
    },
    {
      "gen": 6.0,
      "best": 437.9,
      "mean": 431.90000000000003
    },
    {
      "gen": 7.0,
      "best": 437.9,
      "mean": 434.93409090909086
    },
    {
      "gen": 8.0,
      "best": 437.9,
      "mean": 435.234090909091
    },
    {
      "gen": 9.0,
      "best": 437.9,
      "mean": 436.3045454545456
    },
    {
      "gen": 10.0,
      "best": 437.9,
      "mean": 436.3045454545456
    },
    {
      "gen": 11.0,
      "best": 437.9,
      "mean": 436.37954545454556
    },
    {
      "gen": 12.0,
      "best": 437.9,
      "mean": 436.39318181818186
    },
    {
      "gen": 13.0,
      "best": 437.9,
      "mean": 436.54318181818184
    },
    {
      "gen": 14.0,
      "best": 437.9,
      "mean": 436.5636363636364
    },
    {
      "gen": 15.0,
      "best": 437.9,
      "mean": 436.7204545454546
    },
    {
      "gen": 16.0,
      "best": 437.9,
      "mean": 436.77500000000003
    },
    {
      "gen": 17.0,
      "best": 437.9,
      "mean": 436.77500000000003
    },
    {
      "gen": 18.0,
      "best": 437.9,
      "mean": 437.0
    },
    {
      "gen": 19.0,
      "best": 438.2,
      "mean": 437.02727272727276
    },
    {
      "gen": 20.0,
      "best": 438.2,
      "mean": 437.04090909090905
    },
    {
      "gen": 21.0,
      "best": 438.2,
      "mean": 437.29318181818167
    },
    {
      "gen": 22.0,
      "best": 438.2,
      "mean": 437.3068181818182
    },
    {
      "gen": 23.0,
      "best": 438.2,
      "mean": 437.52500000000003
    },
    {
      "gen": 24.0,
      "best": 438.2,
      "mean": 437.52500000000003
    },
    {
      "gen": 25.0,
      "best": 438.2,