{
  "algo": "pso",
  "hparams": {
    "generations": 100,
    "popsize": 22,
    "fix_last_gene": true,
    "seed": 707,
    "verbosity": 1,
    "log_every": 1,
    "evals_cap": 10000,
    "w": 0.48585103504221666,
    "c1": 0.8034579681117525,
    "c2": 1.9681029438302997
  },
  "metrics": {
    "best_final": 438.05,
    "auc_best": 43326.15000000003,
    "auc_best_norm": 437.6378787878791,
    "runtime_sec": 70.48726892471313,
    "evals_total": -1,
    "budget_triggered": false,
    "stop_reason": "None"
  },
  "diagnostics": {
    "best": {
      "start": 437.15,
      "end": 438.05,
      "delta_abs": 0.9000000000000341,
      "delta_rel": 0.0020587898890541785,
      "max_val": 438.05,
      "argmax": 49,
      "auc_raw": 43326.15000000003,
      "auc_norm": 437.6378787878791
    },
    "mean": {
      "start": -Infinity,
      "end": 437.6818181818181,
      "delta_abs": Infinity,
      "delta_rel": NaN,
      "max_val": 437.6818181818181,
      "argmax": 72,
      "auc_raw": -Infinity,
      "auc_norm": -Infinity
    }
  },
  "genomes": {
    "best_genome": [
      1,
      1,
      0,
      1,
      1,
      1,
      1,
      1,
      1,
      0,
      0,
      0,
      0,
      1,
      1,
      0,
      0,
      1,
      0,
      1,
      0,
      0,
      0,
      0,
      0,
      0,
      0,
      0,
      0,
      0,
      0,
      0,
      1
    ],
    "all_best_genomes": null
  },
  "raw": {
    "curves": {
      "best": [
        437.15,
        437.15,
        437.15,
        437.15,
        437.15,
        437.15,
        437.15,
        437.15,
        437.15,
        437.15,
        437.15,
        437.15,
        437.15,
        437.15,
        437.15,
        437.15,
        437.15,
        437.15,
        437.15,
        437.15,
        437.15,
        437.15,
        437.15,
        437.15,
        437.15,
        437.15,
        437.15,
        437.15,
        437.15,
        437.15,
        437.3,
        437.3,
        437.3,
        437.3,
        437.3,
        437.3,
        437.3,
        437.3,
        437.3,
        437.3,
        437.3,
        437.3,
        437.3,
        437.3,
        437.3,
        437.3,
        437.3,
        437.3,
        437.3,
        438.05,
        438.05,
        438.05,
        438.05,
        438.05,
        438.05,
        438.05,
        438.05,
        438.05,
        438.05,
        438.05,
        438.05,
        438.05,
        438.05,
        438.05,
        438.05,
        438.05,
        438.05,
        438.05,
        438.05,
        438.05,
        438.05,
        438.05,
        438.05,
        438.05,
        438.05,
        438.05,
        438.05,
        438.05,
        438.05,
        438.05,
        438.05,
        438.05,
        438.05,
        438.05,
        438.05,
        438.05,
        438.05,
        438.05,
        438.05,
        438.05,
        438.05,
        438.05,
        438.05,
        438.05,
        438.05,
        438.05,
        438.05,
        438.05,
        438.05,
        438.05
      ],
      "mean": [
        -Infinity,
        -Infinity,
        433.93863636363636,
        433.93863636363636,
        433.93863636363636,
        435.60227272727275,
        435.60227272727275,
        435.60227272727275,
        435.60909090909087,
        435.82727272727277,
        435.82727272727277,
        435.82727272727277,
        435.82727272727277,
        435.82727272727277,
        435.82727272727277,
        435.82727272727277,
        436.02500000000003,
        436.02500000000003,
        436.02500000000003,
        436.02500000000003,
        436.02500000000003,
        436.05227272727274,
        436.05227272727274,
        436.13409090909096,
        436.50227272727284,
        436.50227272727284,
        436.50227272727284,
        436.50227272727284,
        436.52272727272737,
        436.52272727272737,
        436.7204545454546,
        436.7204545454546,
        436.7204545454546,
        436.7204545454546,
        436.7204545454546,
        436.97272727272735,
        436.97272727272735,
        436.97272727272735,
        437.0749999999999,
        437.0749999999999,
        437.0749999999999,
        437.0749999999999,
        437.0749999999999,
        437.0749999999999,
        437.0749999999999,
        437.0749999999999,
        437.0749999999999,
        437.0749999999999,
        437.0749999999999,
        437.60681818181814,
        437.60681818181814,
        437.60681818181814,
        437.60681818181814,
        437.60681818181814,
        437.60681818181814,
        437.60681818181814,
        437.60681818181814,
        437.60681818181814,
        437.60681818181814,
        437.60681818181814,
        437.60681818181814,
        437.60681818181814,
        437.60681818181814,
        437.60681818181814,
        437.60681818181814,
        437.60681818181814,
        437.6340909090908,
        437.6340909090908,
        437.6340909090908,
        437.6340909090908,
        437.6340909090908,
        437.6340909090908,
        437.6818181818181,
        437.6818181818181,
        437.6818181818181,
        437.6818181818181,
        437.6818181818181,
        437.6818181818181,
        437.6818181818181,
        437.6818181818181,
        437.6818181818181,
        437.6818181818181,
        437.6818181818181,
        437.6818181818181,
        437.6818181818181,
        437.6818181818181,
        437.6818181818181,
        437.6818181818181,
        437.6818181818181,
        437.6818181818181,
        437.6818181818181,
        437.6818181818181,
        437.6818181818181,
        437.6818181818181,
        437.6818181818181,
        437.6818181818181,
        437.6818181818181,
        437.6818181818181,
        437.6818181818181,
        437.6818181818181
      ]
    }
  },
  "per_generation": [
    {
      "gen": 0.0,
      "best": 437.15,
      "mean": -Infinity
    },
    {
      "gen": 1.0,
      "best": 437.15,
      "mean": -Infinity
    },
    {
      "gen": 2.0,
      "best": 437.15,
      "mean": 433.93863636363636
    },
    {
      "gen": 3.0,
      "best": 437.15,
      "mean": 433.93863636363636
    },
    {
      "gen": 4.0,
      "best": 437.15,
      "mean": 433.93863636363636
    },
    {
      "gen": 5.0,
      "best": 437.15,
      "mean": 435.60227272727275
    },
    {
      "gen": 6.0,
      "best": 437.15,
      "mean": 435.60227272727275
    },
    {
      "gen": 7.0,
      "best": 437.15,
      "mean": 435.60227272727275
    },
    {
      "gen": 8.0,
      "best": 437.15,
      "mean": 435.60909090909087
    },
    {
      "gen": 9.0,
      "best": 437.15,
      "mean": 435.82727272727277
    },
    {
      "gen": 10.0,
      "best": 437.15,
      "mean": 435.82727272727277
    },
    {
      "gen": 11.0,
      "best": 437.15,
      "mean": 435.82727272727277
    },
    {
      "gen": 12.0,
      "best": 437.15,
      "mean": 435.82727272727277
    },
    {
      "gen": 13.0,
      "best": 437.15,
      "mean": 435.82727272727277
    },
    {
      "gen": 14.0,
      "best": 437.15,
      "mean": 435.82727272727277
    },
    {
      "gen": 15.0,
      "best": 437.15,
      "mean": 435.82727272727277
    },
    {
      "gen": 16.0,
      "best": 437.15,
      "mean": 436.02500000000003
    },
    {
      "gen": 17.0,
      "best": 437.15,
      "mean": 436.02500000000003
    },
    {
      "gen": 18.0,
      "best": 437.15,
      "mean": 436.02500000000003
    },
    {
      "gen": 19.0,
      "best": 437.15,
      "mean": 436.02500000000003
    },
    {
      "gen": 20.0,
      "best": 437.15,
      "mean": 436.02500000000003
    },
    {
      "gen": 21.0,
      "best": 437.15,
      "mean": 436.05227272727274
    },
    {
      "gen": 22.0,
      "best": 437.15,
      "mean": 436.05227272727274
    },
    {
      "gen": 23.0,
      "best": 437.15,
      "mean": 436.13409090909096
    },
    {
      "gen": 24.0,
      "best": 437.15,