{
  "algo": "pso",
  "hparams": {
    "generations": 100,
    "popsize": 22,
    "fix_last_gene": true,
    "seed": 303,
    "verbosity": 1,
    "log_every": 1,
    "evals_cap": 10000,
    "w": 0.9384889212196196,
    "c1": 2.2,
    "c2": 1.295792253615866
  },
  "metrics": {
    "best_final": 438.65,
    "auc_best": 43396.725000000086,
    "auc_best_norm": 438.35075757575845,
    "runtime_sec": 84.79005670547485,
    "evals_total": -1,
    "budget_triggered": false,
    "stop_reason": "None"
  },
  "diagnostics": {
    "best": {
      "start": 436.1,
      "end": 438.65,
      "delta_abs": 2.5499999999999545,
      "delta_rel": 0.005847282733317942,
      "max_val": 438.65,
      "argmax": 38,
      "auc_raw": 43396.725000000086,
      "auc_norm": 438.35075757575845
    },
    "mean": {
      "start": -Infinity,
      "end": 438.64999999999986,
      "delta_abs": Infinity,
      "delta_rel": NaN,
      "max_val": 438.64999999999986,
      "argmax": 94,
      "auc_raw": -Infinity,
      "auc_norm": -Infinity
    }
  },
  "genomes": {
    "best_genome": [
      1,
      0,
      0,
      1,
      1,
      0,
      0,
      0,
      0,
      1,
      0,
      0,
      0,
      1,
      0,
      0,
      0,
      0,
      0,
      0,
      0,
      0,
      0,
      0,
      0,
      0,
      0,
      0,
      0,
      0,
      0,
      0,
      1
    ],
    "all_best_genomes": null
  },
  "raw": {
    "curves": {
      "best": [
        436.1,
        436.1,
        436.1,
        436.1,
        436.85,
        436.85,
        436.85,
        436.85,
        436.85,
        437.6,
        437.6,
        437.6,
        437.6,
        437.6,
        438.2,
        438.2,
        438.2,
        438.2,
        438.2,
        438.2,
        438.35,
        438.35,
        438.35,
        438.35,
        438.35,
        438.35,
        438.35,
        438.5,
        438.5,
        438.5,
        438.5,
        438.5,
        438.5,
        438.5,
        438.5,
        438.5,
        438.5,
        438.5,
        438.65,
        438.65,
        438.65,
        438.65,
        438.65,
        438.65,
        438.65,
        438.65,
        438.65,
        438.65,
        438.65,
        438.65,
        438.65,
        438.65,
        438.65,
        438.65,
        438.65,
        438.65,
        438.65,
        438.65,
        438.65,
        438.65,
        438.65,
        438.65,
        438.65,
        438.65,
        438.65,
        438.65,
        438.65,
        438.65,
        438.65,
        438.65,
        438.65,
        438.65,
        438.65,
        438.65,
        438.65,
        438.65,
        438.65,
        438.65,
        438.65,
        438.65,
        438.65,
        438.65,
        438.65,
        438.65,
        438.65,
        438.65,
        438.65,
        438.65,
        438.65,
        438.65,
        438.65,
        438.65,
        438.65,
        438.65,
        438.65,
        438.65,
        438.65,
        438.65,
        438.65,
        438.65
      ],
      "mean": [
        -Infinity,
        -Infinity,
        424.0181818181818,
        424.5295454545454,
        429.10454545454553,
        429.16590909090905,
        429.16590909090905,
        431.4568181818182,
        431.47045454545463,
        434.1363636363636,
        434.27272727272725,
        434.27272727272725,
        434.27272727272725,
        434.32727272727277,
        437.1568181818182,
        437.16363636363644,
        437.27272727272725,
        437.5931818181818,
        437.62045454545455,
        437.640909090909,
        437.6681818181818,
        437.67499999999995,
        437.715909090909,
        437.72272727272724,
        437.75681818181823,
        437.8386363636364,
        437.8386363636364,
        438.05,
        438.1045454545454,
        438.11818181818177,
        438.11818181818177,
        438.19318181818176,
        438.19318181818176,
        438.19318181818176,
        438.2613636363636,
        438.2613636363636,
        438.2613636363636,
        438.2613636363636,
        438.28863636363644,
        438.28863636363644,
        438.3159090909092,
        438.3568181818182,
        438.42499999999995,
        438.42499999999995,
        438.47272727272724,
        438.5,
        438.58181818181816,
        438.58181818181816,
        438.58181818181816,
        438.58181818181816,
        438.58181818181816,
        438.58863636363634,
        438.58863636363634,
        438.58863636363634,
        438.58863636363634,
        438.62272727272716,
        438.62272727272716,
        438.62272727272716,
        438.63636363636357,
        438.63636363636357,
        438.63636363636357,
        438.63636363636357,
        438.63636363636357,
        438.63636363636357,
        438.63636363636357,
        438.63636363636357,
        438.63636363636357,
        438.63636363636357,
        438.63636363636357,
        438.63636363636357,
        438.63636363636357,
        438.63636363636357,
        438.63636363636357,
        438.63636363636357,
        438.63636363636357,
        438.63636363636357,
        438.63636363636357,
        438.63636363636357,
        438.63636363636357,
        438.63636363636357,
        438.63636363636357,
        438.63636363636357,
        438.64318181818174,
        438.64318181818174,
        438.64318181818174,
        438.64318181818174,
        438.64318181818174,
        438.64318181818174,
        438.64318181818174,
        438.64318181818174,
        438.64318181818174,
        438.64318181818174,
        438.64318181818174,
        438.64318181818174,
        438.64999999999986,
        438.64999999999986,
        438.64999999999986,
        438.64999999999986,
        438.64999999999986,
        438.64999999999986
      ]
    }
  },
  "per_generation": [
    {
      "gen": 0.0,
      "best": 436.1,
      "mean": -Infinity
    },
    {
      "gen": 1.0,
      "best": 436.1,
      "mean": -Infinity
    },
    {
      "gen": 2.0,
      "best": 436.1,
      "mean": 424.0181818181818
    },
    {
      "gen": 3.0,
      "best": 436.1,
      "mean": 424.5295454545454
    },
    {
      "gen": 4.0,
      "best": 436.85,
      "mean": 429.10454545454553
    },
    {
      "gen": 5.0,
      "best": 436.85,
      "mean": 429.16590909090905
    },
    {
      "gen": 6.0,
      "best": 436.85,
      "mean": 429.16590909090905
    },
    {
      "gen": 7.0,
      "best": 436.85,
      "mean": 431.4568181818182
    },
    {
      "gen": 8.0,
      "best": 436.85,
      "mean": 431.47045454545463
    },
    {
      "gen": 9.0,
      "best": 437.6,
      "mean": 434.1363636363636
    },
    {
      "gen": 10.0,
      "best": 437.6,
      "mean": 434.27272727272725
    },
    {
      "gen": 11.0,
      "best": 437.6,
      "mean": 434.27272727272725
    },
    {
      "gen": 12.0,
      "best": 437.6,
      "mean": 434.27272727272725
    },
    {
      "gen": 13.0,
      "best": 437.6,
      "mean": 434.32727272727277
    },
    {
      "gen": 14.0,
      "best": 438.2,
      "mean": 437.1568181818182
    },
    {
      "gen": 15.0,
      "best": 438.2,
      "mean": 437.16363636363644
    },
    {
      "gen": 16.0,
      "best": 438.2,
      "mean": 437.27272727272725
    },
    {
      "gen": 17.0,
      "best": 438.2,
      "mean": 437.5931818181818
    },
    {
      "gen": 18.0,
      "best": 438.2,
      "mean": 437.62045454545455
    },
    {
      "gen": 19.0,
      "best": 438.2,
      "mean": 437.640909090909
    },
    {
      "gen": 20.0,
      "best": 438.35,
      "mean": 437.6681818181818
    },
    {
      "gen": 21.0,
      "best": 438.35,
      "mean": 437.67499999999995
    },
    {
      "gen": 22.0,
      "best": 438.35,
      "mean": 437.715909090909
    },
    {
      "gen": 23.0,
      "best": 438.35,
      "mean": 437.72272727272724
    },
    {
      "gen": 24.0,
      "best": 438.35,
      "mean": 437.75681818181823
    },
    {
      "gen": 25.0,
      "best": 438.35,