{
  "algo": "pso",
  "hparams": {
    "generations": 100,
    "popsize": 22,
    "fix_last_gene": true,
    "seed": 202,
    "verbosity": 1,
    "log_every": 1,
    "evals_cap": 10000,
    "w": 0.6089495188486848,
    "c1": 1.0044769961343718,
    "c2": 1.6327247378555922
  },
  "metrics": {
    "best_final": 438.2,
    "auc_best": 43353.89999999994,
    "auc_best_norm": 437.91818181818127,
    "runtime_sec": 62.844789028167725,
    "evals_total": -1,
    "budget_triggered": false,
    "stop_reason": "None"
  },
  "diagnostics": {
    "best": {
      "start": 436.1,
      "end": 438.2,
      "delta_abs": 2.099999999999966,
      "delta_rel": 0.004815409309791254,
      "max_val": 438.2,
      "argmax": 51,
      "auc_raw": 43353.89999999994,
      "auc_norm": 437.91818181818127
    },
    "mean": {
      "start": -Infinity,
      "end": 437.81136363636364,
      "delta_abs": Infinity,
      "delta_rel": NaN,
      "max_val": 437.81136363636364,
      "argmax": 70,
      "auc_raw": -Infinity,
      "auc_norm": -Infinity
    }
  },
  "genomes": {
    "best_genome": [
      1,
      1,
      1,
      1,
      1,
      1,
      0,
      1,
      1,
      1,
      1,
      1,
      0,
      1,
      1,
      0,
      1,
      0,
      1,
      0,
      0,
      0,
      0,
      0,
      0,
      0,
      0,
      0,
      0,
      0,
      0,
      0,
      1
    ],
    "all_best_genomes": null
  },
  "raw": {
    "curves": {
      "best": [
        436.1,
        436.1,
        436.1,
        436.1,
        436.1,
        436.55,
        436.55,
        437.6,
        437.6,
        437.6,
        437.6,
        437.6,
        437.6,
        437.6,
        437.6,
        437.6,
        437.6,
        437.6,
        437.9,
        437.9,
        437.9,
        437.9,
        437.9,
        437.9,
        437.9,
        437.9,
        437.9,
        437.9,
        437.9,
        437.9,
        437.9,
        437.9,
        437.9,
        437.9,
        437.9,
        437.9,
        437.9,
        437.9,
        437.9,
        437.9,
        437.9,
        437.9,
        438.05,
        438.05,
        438.05,
        438.05,
        438.05,
        438.05,
        438.05,
        438.05,
        438.05,
        438.2,
        438.2,
        438.2,
        438.2,
        438.2,
        438.2,
        438.2,
        438.2,
        438.2,
        438.2,
        438.2,
        438.2,
        438.2,
        438.2,
        438.2,
        438.2,
        438.2,
        438.2,
        438.2,
        438.2,
        438.2,
        438.2,
        438.2,
        438.2,
        438.2,
        438.2,
        438.2,
        438.2,
        438.2,
        438.2,
        438.2,
        438.2,
        438.2,
        438.2,
        438.2,
        438.2,
        438.2,
        438.2,
        438.2,
        438.2,
        438.2,
        438.2,
        438.2,
        438.2,
        438.2,
        438.2,
        438.2,
        438.2,
        438.2
      ],
      "mean": [
        -Infinity,
        417.05,
        417.05,
        428.34772727272735,
        428.34772727272735,
        435.44545454545454,
        435.44545454545454,
        436.16818181818195,
        436.16818181818195,
        436.16818181818195,
        436.16818181818195,
        436.22954545454553,
        436.22954545454553,
        436.22954545454553,
        436.32500000000005,
        436.32500000000005,
        436.32500000000005,
        436.57727272727277,
        436.8363636363637,
        436.8363636363637,
        436.8363636363637,
        436.90454545454554,
        436.97272727272724,
        436.97272727272724,
        437.04090909090917,
        437.04090909090917,
        437.04090909090917,
        437.04090909090917,
        437.04090909090917,
        437.04090909090917,
        437.04090909090917,
        437.04090909090917,
        437.04090909090917,
        437.04090909090917,
        437.04090909090917,
        437.04090909090917,
        437.04090909090917,
        437.04090909090917,
        437.04090909090917,
        437.04090909090917,
        437.04090909090917,
        437.04090909090917,
        437.42272727272723,
        437.42272727272723,
        437.43636363636364,
        437.43636363636364,
        437.43636363636364,
        437.43636363636364,
        437.49090909090916,
        437.49090909090916,
        437.49090909090916,
        437.59999999999997,
        437.59999999999997,
        437.59999999999997,
        437.59999999999997,
        437.59999999999997,
        437.59999999999997,
        437.59999999999997,
        437.59999999999997,
        437.6136363636364,
        437.6136363636364,
        437.6136363636364,
        437.77045454545447,
        437.77045454545447,
        437.77045454545447,
        437.77045454545447,
        437.77045454545447,
        437.79090909090905,
        437.79772727272723,
        437.79772727272723,
        437.81136363636364,
        437.81136363636364,
        437.81136363636364,
        437.81136363636364,
        437.81136363636364,
        437.81136363636364,
        437.81136363636364,
        437.81136363636364,
        437.81136363636364,
        437.81136363636364,
        437.81136363636364,
        437.81136363636364,
        437.81136363636364,
        437.81136363636364,
        437.81136363636364,
        437.81136363636364,
        437.81136363636364,
        437.81136363636364,
        437.81136363636364,
        437.81136363636364,
        437.81136363636364,
        437.81136363636364,
        437.81136363636364,
        437.81136363636364,
        437.81136363636364,
        437.81136363636364,
        437.81136363636364,
        437.81136363636364,
        437.81136363636364,
        437.81136363636364
      ]
    }
  },
  "per_generation": [
    {
      "gen": 0.0,
      "best": 436.1,
      "mean": -Infinity
    },
    {
      "gen": 1.0,
      "best": 436.1,
      "mean": 417.05
    },
    {
      "gen": 2.0,
      "best": 436.1,
      "mean": 417.05
    },
    {
      "gen": 3.0,
      "best": 436.1,
      "mean": 428.34772727272735
    },
    {
      "gen": 4.0,
      "best": 436.1,
      "mean": 428.34772727272735
    },
    {
      "gen": 5.0,
      "best": 436.55,
      "mean": 435.44545454545454
    },
    {
      "gen": 6.0,
      "best": 436.55,
      "mean": 435.44545454545454
    },
    {
      "gen": 7.0,
      "best": 437.6,
      "mean": 436.16818181818195
    },
    {
      "gen": 8.0,
      "best": 437.6,
      "mean": 436.16818181818195
    },
    {
      "gen": 9.0,
      "best": 437.6,
      "mean": 436.16818181818195
    },
    {
      "gen": 10.0,
      "best": 437.6,
      "mean": 436.16818181818195
    },
    {
      "gen": 11.0,
      "best": 437.6,
      "mean": 436.22954545454553
    },
    {
      "gen": 12.0,
      "best": 437.6,
      "mean": 436.22954545454553
    },
    {
      "gen": 13.0,
      "best": 437.6,
      "mean": 436.22954545454553
    },
    {
      "gen": 14.0,
      "best": 437.6,
      "mean": 436.32500000000005
    },
    {
      "gen": 15.0,
      "best": 437.6,
      "mean": 436.32500000000005
    },
    {
      "gen": 16.0,
      "best": 437.6,
      "mean": 436.32500000000005
    },
    {
      "gen": 17.0,
      "best": 437.6,
      "mean": 436.57727272727277
    },
    {
      "gen": 18.0,
      "best": 437.9,
      "mean": 436.8363636363637
    },
    {
      "gen": 19.0,
      "best": 437.9,
      "mean": 436.8363636363637
    },
    {
      "gen": 20.0,
      "best": 437.9,
      "mean": 436.8363636363637
    },
    {
      "gen": 21.0,
      "best": 437.9,
      "mean": 436.90454545454554
    },
    {
      "gen": 22.0,
      "best": 437.9,
      "mean": 436.97272727272724
    },
    {
      "gen": 23.0,
      "best": 437.9,
      "mean": 436.97272727272724
    },
    {
      "gen": 24.0,
      "best": 437.9,
      "mean": 437.04090909090917
    },
    {
      "gen": 25.0,
      "best": 437.9,