{
  "algo": "pso",
  "hparams": {
    "generations": 100,
    "popsize": 22,
    "fix_last_gene": true,
    "seed": 606,
    "verbosity": 1,
    "log_every": 1,
    "evals_cap": 10000,
    "w": 0.5633411098745666,
    "c1": 1.4969021606936583,
    "c2": 1.5453438180426464
  },
  "metrics": {
    "best_final": 438.65,
    "auc_best": 43398.75000000008,
    "auc_best_norm": 438.3712121212129,
    "runtime_sec": 72.10194849967957,
    "evals_total": -1,
    "budget_triggered": false,
    "stop_reason": "None"
  },
  "diagnostics": {
    "best": {
      "start": 435.35,
      "end": 438.65,
      "delta_abs": 3.2999999999999545,
      "delta_rel": 0.007580107959113252,
      "max_val": 438.65,
      "argmax": 18,
      "auc_raw": 43398.75000000008,
      "auc_norm": 438.3712121212129
    },
    "mean": {
      "start": -Infinity,
      "end": 438.4181818181818,
      "delta_abs": Infinity,
      "delta_rel": NaN,
      "max_val": 438.4181818181818,
      "argmax": 95,
      "auc_raw": -Infinity,
      "auc_norm": -Infinity
    }
  },
  "genomes": {
    "best_genome": [
      0,
      1,
      1,
      1,
      0,
      0,
      1,
      1,
      0,
      0,
      0,
      0,
      0,
      0,
      0,
      0,
      0,
      0,
      0,
      0,
      0,
      0,
      0,
      0,
      0,
      0,
      0,
      0,
      0,
      0,
      0,
      0,
      1
    ],
    "all_best_genomes": null
  },
  "raw": {
    "curves": {
      "best": [
        435.35,
        435.5,
        435.5,
        435.5,
        436.25,
        436.25,
        437.15,
        437.15,
        437.15,
        437.15,
        437.15,
        437.15,
        438.2,
        438.2,
        438.2,
        438.2,
        438.2,
        438.2,
        438.65,
        438.65,
        438.65,
        438.65,
        438.65,
        438.65,
        438.65,
        438.65,
        438.65,
        438.65,
        438.65,
        438.65,
        438.65,
        438.65,
        438.65,
        438.65,
        438.65,
        438.65,
        438.65,
        438.65,
        438.65,
        438.65,
        438.65,
        438.65,
        438.65,
        438.65,
        438.65,
        438.65,
        438.65,
        438.65,
        438.65,
        438.65,
        438.65,
        438.65,
        438.65,
        438.65,
        438.65,
        438.65,
        438.65,
        438.65,
        438.65,
        438.65,
        438.65,
        438.65,
        438.65,
        438.65,
        438.65,
        438.65,
        438.65,
        438.65,
        438.65,
        438.65,
        438.65,
        438.65,
        438.65,
        438.65,
        438.65,
        438.65,
        438.65,
        438.65,
        438.65,
        438.65,
        438.65,
        438.65,
        438.65,
        438.65,
        438.65,
        438.65,
        438.65,
        438.65,
        438.65,
        438.65,
        438.65,
        438.65,
        438.65,
        438.65,
        438.65,
        438.65,
        438.65,
        438.65,
        438.65,
        438.65
      ],
      "mean": [
        -Infinity,
        432.8477272727272,
        433.9318181818182,
        435.07727272727277,
        435.31590909090914,
        435.38409090909096,
        435.92272727272723,
        436.05909090909086,
        436.05909090909086,
        436.0931818181818,
        436.0931818181818,
        436.2363636363636,
        436.7613636363638,
        436.7613636363638,
        436.8909090909092,
        437.06136363636375,
        437.184090909091,
        437.184090909091,
        437.8181818181818,
        437.8181818181818,
        437.8181818181818,
        437.87954545454556,
        437.87954545454556,
        437.87954545454556,
        437.87954545454556,
        437.87954545454556,
        437.87954545454556,
        437.87954545454556,
        437.87954545454556,
        437.87954545454556,
        437.87954545454556,
        437.87954545454556,
        437.87954545454556,
        437.87954545454556,
        437.87954545454556,
        437.96818181818196,
        437.96818181818196,
        437.96818181818196,
        437.96818181818196,
        437.96818181818196,
        437.96818181818196,
        437.96818181818196,
        437.96818181818196,
        437.96818181818196,
        437.96818181818196,
        437.96818181818196,
        437.97500000000014,
        437.97500000000014,
        437.97500000000014,
        438.02954545454554,
        438.02954545454554,
        438.02954545454554,
        438.02954545454554,
        438.02954545454554,
        438.02954545454554,
        438.02954545454554,
        438.02954545454554,
        438.02954545454554,
        438.02954545454554,
        438.02954545454554,
        438.02954545454554,
        438.0500000000001,
        438.0500000000001,
        438.0500000000001,
        438.0500000000001,
        438.0500000000001,
        438.0500000000001,
        438.0500000000001,
        438.0500000000001,
        438.0500000000001,
        438.0500000000001,
        438.0500000000001,
        438.0500000000001,
        438.0500000000001,
        438.0500000000001,
        438.0500000000001,
        438.084090909091,
        438.084090909091,
        438.084090909091,
        438.084090909091,
        438.084090909091,
        438.084090909091,
        438.084090909091,
        438.084090909091,
        438.084090909091,
        438.084090909091,
        438.084090909091,
        438.084090909091,
        438.084090909091,
        438.084090909091,
        438.084090909091,
        438.09772727272735,
        438.09772727272735,
        438.09772727272735,
        438.09772727272735,
        438.4181818181818,
        438.4181818181818,
        438.4181818181818,
        438.4181818181818,
        438.4181818181818
      ]
    }
  },
  "per_generation": [
    {
      "gen": 0.0,
      "best": 435.35,
      "mean": -Infinity
    },
    {
      "gen": 1.0,
      "best": 435.5,
      "mean": 432.8477272727272
    },
    {
      "gen": 2.0,
      "best": 435.5,
      "mean": 433.9318181818182
    },
    {
      "gen": 3.0,
      "best": 435.5,
      "mean": 435.07727272727277
    },
    {
      "gen": 4.0,
      "best": 436.25,
      "mean": 435.31590909090914
    },
    {
      "gen": 5.0,
      "best": 436.25,
      "mean": 435.38409090909096
    },
    {
      "gen": 6.0,
      "best": 437.15,
      "mean": 435.92272727272723
    },
    {
      "gen": 7.0,
      "best": 437.15,
      "mean": 436.05909090909086
    },
    {
      "gen": 8.0,
      "best": 437.15,
      "mean": 436.05909090909086
    },
    {
      "gen": 9.0,
      "best": 437.15,
      "mean": 436.0931818181818
    },
    {
      "gen": 10.0,
      "best": 437.15,
      "mean": 436.0931818181818
    },
    {
      "gen": 11.0,
      "best": 437.15,
      "mean": 436.2363636363636
    },
    {
      "gen": 12.0,
      "best": 438.2,
      "mean": 436.7613636363638
    },
    {
      "gen": 13.0,
      "best": 438.2,
      "mean": 436.7613636363638
    },
    {
      "gen": 14.0,
      "best": 438.2,
      "mean": 436.8909090909092
    },
    {
      "gen": 15.0,
      "best": 438.2,
      "mean": 437.06136363636375
    },
    {
      "gen": 16.0,
      "best": 438.2,
      "mean": 437.184090909091
    },
    {
      "gen": 17.0,
      "best": 438.2,
      "mean": 437.184090909091
    },
    {
      "gen": 18.0,
      "best": 438.65,
      "mean": 437.8181818181818
    },
    {
      "gen": 19.0,
      "best": 438.65,
      "mean": 437.8181818181818
    },
    {
      "gen": 20.0,
      "best": 438.65,
      "mean": 437.8181818181818
    },
    {
      "gen": 21.0,
      "best": 438.65,
      "mean": 437.87954545454556
    },
    {
      "gen": 22.0,
      "best": 438.65,
      "mean": 437.87954545454556
    },
    {
      "gen": 23.0,
      "best": 438.65,
      "mean": 437.87954545454556
    },
    {
      "gen": 24.0,
      "best": 438.65,
      "mean": 437.87954545454556
    },
    {
      "gen": 25.0,