{
  "algo": "pso",
  "hparams": {
    "generations": 100,
    "popsize": 22,
    "fix_last_gene": true,
    "seed": 202,
    "verbosity": 1,
    "log_every": 1,
    "evals_cap": 10000,
    "w": 0.5856095971139506,
    "c1": 0.9646227467726096,
    "c2": 2.2
  },
  "metrics": {
    "best_final": 438.2,
    "auc_best": 43350.599999999955,
    "auc_best_norm": 437.884848484848,
    "runtime_sec": 63.38016057014465,
    "evals_total": -1,
    "budget_triggered": false,
    "stop_reason": "None"
  },
  "diagnostics": {
    "best": {
      "start": 436.1,
      "end": 438.2,
      "delta_abs": 2.099999999999966,
      "delta_rel": 0.004815409309791254,
      "max_val": 438.2,
      "argmax": 84,
      "auc_raw": 43350.599999999955,
      "auc_norm": 437.884848484848
    },
    "mean": {
      "start": -Infinity,
      "end": 437.8113636363636,
      "delta_abs": Infinity,
      "delta_rel": NaN,
      "max_val": 437.8113636363636,
      "argmax": 84,
      "auc_raw": -Infinity,
      "auc_norm": -Infinity
    }
  },
  "genomes": {
    "best_genome": [
      1,
      0,
      0,
      1,
      0,
      1,
      1,
      0,
      1,
      1,
      0,
      0,
      0,
      0,
      1,
      1,
      0,
      1,
      0,
      0,
      0,
      0,
      0,
      0,
      0,
      0,
      0,
      0,
      0,
      0,
      0,
      0,
      1
    ],
    "all_best_genomes": null
  },
  "raw": {
    "curves": {
      "best": [
        436.1,
        436.1,
        436.1,
        436.1,
        436.1,
        436.55,
        436.55,
        437.75,
        437.75,
        437.75,
        437.75,
        437.75,
        437.75,
        437.75,
        437.75,
        437.75,
        437.75,
        437.75,
        437.9,
        437.9,
        437.9,
        437.9,
        437.9,
        437.9,
        437.9,
        437.9,
        437.9,
        437.9,
        437.9,
        437.9,
        437.9,
        437.9,
        437.9,
        437.9,
        437.9,
        437.9,
        437.9,
        437.9,
        437.9,
        437.9,
        437.9,
        437.9,
        438.05,
        438.05,
        438.05,
        438.05,
        438.05,
        438.05,
        438.05,
        438.05,
        438.05,
        438.05,
        438.05,
        438.05,
        438.05,
        438.05,
        438.05,
        438.05,
        438.05,
        438.05,
        438.05,
        438.05,
        438.05,
        438.05,
        438.05,
        438.05,
        438.05,
        438.05,
        438.05,
        438.05,
        438.05,
        438.05,
        438.05,
        438.05,
        438.05,
        438.05,
        438.05,
        438.05,
        438.05,
        438.05,
        438.05,
        438.05,
        438.05,
        438.05,
        438.2,
        438.2,
        438.2,
        438.2,
        438.2,
        438.2,
        438.2,
        438.2,
        438.2,
        438.2,
        438.2,
        438.2,
        438.2,
        438.2,
        438.2,
        438.2
      ],
      "mean": [
        -Infinity,
        417.0704545454546,
        417.0704545454546,
        428.1431818181818,
        428.1431818181818,
        435.5681818181818,
        435.5681818181818,
        436.34545454545446,
        436.34545454545446,
        436.34545454545446,
        436.34545454545446,
        436.34545454545446,
        436.34545454545446,
        436.34545454545446,
        436.3727272727272,
        436.3727272727272,
        436.3727272727272,
        436.48863636363626,
        436.70681818181816,
        436.70681818181816,
        436.70681818181816,
        436.7886363636363,
        436.95909090909083,
        436.95909090909083,
        436.965909090909,
        436.965909090909,
        436.965909090909,
        436.965909090909,
        436.965909090909,
        436.965909090909,
        436.965909090909,
        436.99999999999994,
        436.99999999999994,
        437.00681818181806,
        437.00681818181806,
        437.00681818181806,
        437.00681818181806,
        437.00681818181806,
        437.00681818181806,
        437.00681818181806,
        437.00681818181806,
        437.00681818181806,
        437.27272727272725,
        437.27272727272725,
        437.2863636363636,
        437.2863636363636,
        437.2863636363636,
        437.2863636363636,
        437.3068181818182,
        437.3204545454546,
        437.3204545454546,
        437.36136363636365,
        437.36136363636365,
        437.36136363636365,
        437.36136363636365,
        437.36136363636365,
        437.36136363636365,
        437.36136363636365,
        437.36136363636365,
        437.41590909090917,
        437.5181818181818,
        437.5181818181818,
        437.75681818181806,
        437.75681818181806,
        437.75681818181806,
        437.75681818181806,
        437.75681818181806,
        437.7840909090908,
        437.7840909090908,
        437.7840909090908,
        437.79090909090905,
        437.79090909090905,
        437.79090909090905,
        437.79090909090905,
        437.79090909090905,
        437.79090909090905,
        437.79090909090905,
        437.79090909090905,
        437.79090909090905,
        437.79090909090905,
        437.79090909090905,
        437.79090909090905,
        437.79090909090905,
        437.79090909090905,
        437.8113636363636,
        437.8113636363636,
        437.8113636363636,
        437.8113636363636,
        437.8113636363636,
        437.8113636363636,
        437.8113636363636,
        437.8113636363636,
        437.8113636363636,
        437.8113636363636,
        437.8113636363636,
        437.8113636363636,
        437.8113636363636,
        437.8113636363636,
        437.8113636363636,
        437.8113636363636
      ]
    }
  },
  "per_generation": [
    {
      "gen": 0.0,
      "best": 436.1,
      "mean": -Infinity
    },
    {
      "gen": 1.0,
      "best": 436.1,
      "mean": 417.0704545454546
    },
    {
      "gen": 2.0,
      "best": 436.1,
      "mean": 417.0704545454546
    },
    {
      "gen": 3.0,
      "best": 436.1,
      "mean": 428.1431818181818
    },
    {
      "gen": 4.0,
      "best": 436.1,
      "mean": 428.1431818181818
    },
    {
      "gen": 5.0,
      "best": 436.55,
      "mean": 435.5681818181818
    },
    {
      "gen": 6.0,
      "best": 436.55,
      "mean": 435.5681818181818
    },
    {
      "gen": 7.0,
      "best": 437.75,
      "mean": 436.34545454545446
    },
    {
      "gen": 8.0,
      "best": 437.75,
      "mean": 436.34545454545446
    },
    {
      "gen": 9.0,
      "best": 437.75,
      "mean": 436.34545454545446
    },
    {
      "gen": 10.0,
      "best": 437.75,
      "mean": 436.34545454545446
    },
    {
      "gen": 11.0,
      "best": 437.75,
      "mean": 436.34545454545446
    },
    {
      "gen": 12.0,
      "best": 437.75,
      "mean": 436.34545454545446
    },
    {
      "gen": 13.0,
      "best": 437.75,
      "mean": 436.34545454545446
    },
    {
      "gen": 14.0,
      "best": 437.75,
      "mean": 436.3727272727272
    },
    {
      "gen": 15.0,
      "best": 437.75,
      "mean": 436.3727272727272
    },
    {
      "gen": 16.0,
      "best": 437.75,
      "mean": 436.3727272727272
    },
    {
      "gen": 17.0,
      "best": 437.75,
      "mean": 436.48863636363626
    },
    {
      "gen": 18.0,
      "best": 437.9,
      "mean": 436.70681818181816
    },
    {
      "gen": 19.0,
      "best": 437.9,
      "mean": 436.70681818181816
    },
    {
      "gen": 20.0,
      "best": 437.9,
      "mean": 436.70681818181816
    },
    {
      "gen": 21.0,
      "best": 437.9,
      "mean": 436.7886363636363
    },
    {
      "gen": 22.0,
      "best": 437.9,
      "mean": 436.95909090909083
    },
    {
      "gen": 23.0,
      "best": 437.9,
      "mean": 436.95909090909083
    },
    {
      "gen": 24.0,
      "best": 437.9,
      "mean": 436.965909090909
    },
    {
      "gen": 25.0,
      "best": 437.9,