{
  "algo": "pso",
  "hparams": {
    "generations": 100,
    "popsize": 22,
    "fix_last_gene": true,
    "seed": 303,
    "verbosity": 1,
    "log_every": 1,
    "evals_cap": 10000,
    "w": 0.9134362982182256,
    "c1": 0.8,
    "c2": 1.7731672505526852
  },
  "metrics": {
    "best_final": 438.65,
    "auc_best": 43395.37500000007,
    "auc_best_norm": 438.33712121212193,
    "runtime_sec": 103.65351057052612,
    "evals_total": -1,
    "budget_triggered": false,
    "stop_reason": "None"
  },
  "diagnostics": {
    "best": {
      "start": 436.1,
      "end": 438.65,
      "delta_abs": 2.5499999999999545,
      "delta_rel": 0.005847282733317942,
      "max_val": 438.65,
      "argmax": 45,
      "auc_raw": 43395.37500000007,
      "auc_norm": 438.33712121212193
    },
    "mean": {
      "start": -Infinity,
      "end": 438.64318181818174,
      "delta_abs": Infinity,
      "delta_rel": NaN,
      "max_val": 438.64318181818174,
      "argmax": 97,
      "auc_raw": -Infinity,
      "auc_norm": -Infinity
    }
  },
  "genomes": {
    "best_genome": [
      0,
      1,
      1,
      1,
      0,
      0,
      1,
      0,
      0,
      0,
      0,
      0,
      1,
      0,
      1,
      0,
      0,
      0,
      0,
      0,
      0,
      0,
      0,
      0,
      0,
      0,
      0,
      0,
      0,
      0,
      0,
      0,
      1
    ],
    "all_best_genomes": null
  },
  "raw": {
    "curves": {
      "best": [
        436.1,
        436.1,
        436.1,
        436.1,
        436.85,
        436.85,
        436.85,
        436.85,
        436.85,
        437.15,
        437.15,
        437.15,
        437.15,
        437.15,
        438.2,
        438.2,
        438.2,
        438.5,
        438.5,
        438.5,
        438.5,
        438.5,
        438.5,
        438.5,
        438.5,
        438.5,
        438.5,
        438.5,
        438.5,
        438.5,
        438.5,
        438.5,
        438.5,
        438.5,
        438.5,
        438.5,
        438.5,
        438.5,
        438.5,
        438.5,
        438.5,
        438.5,
        438.5,
        438.5,
        438.5,
        438.65,
        438.65,
        438.65,
        438.65,
        438.65,
        438.65,
        438.65,
        438.65,
        438.65,
        438.65,
        438.65,
        438.65,
        438.65,
        438.65,
        438.65,
        438.65,
        438.65,
        438.65,
        438.65,
        438.65,
        438.65,
        438.65,
        438.65,
        438.65,
        438.65,
        438.65,
        438.65,
        438.65,
        438.65,
        438.65,
        438.65,
        438.65,
        438.65,
        438.65,
        438.65,
        438.65,
        438.65,
        438.65,
        438.65,
        438.65,
        438.65,
        438.65,
        438.65,
        438.65,
        438.65,
        438.65,
        438.65,
        438.65,
        438.65,
        438.65,
        438.65,
        438.65,
        438.65,
        438.65,
        438.65
      ],
      "mean": [
        -Infinity,
        -Infinity,
        426.92272727272734,
        427.25681818181823,
        433.18863636363636,
        433.43409090909086,
        433.43409090909086,
        434.7295454545454,
        434.7295454545454,
        436.52272727272725,
        436.5568181818182,
        436.5568181818182,
        436.5568181818182,
        436.60454545454553,
        437.29318181818184,
        437.3068181818182,
        437.3068181818182,
        437.5386363636363,
        437.5386363636363,
        437.61363636363626,
        437.71590909090907,
        437.71590909090907,
        437.7363636363636,
        437.7568181818182,
        437.79772727272734,
        437.8454545454546,
        437.8454545454546,
        437.8727272727274,
        437.8727272727274,
        437.9409090909092,
        437.9409090909092,
        438.0909090909092,
        438.0909090909092,
        438.0909090909092,
        438.1454545454546,
        438.1454545454546,
        438.17954545454546,
        438.17954545454546,
        438.17954545454546,
        438.17954545454546,
        438.20681818181833,
        438.20681818181833,
        438.3704545454546,
        438.3704545454546,
        438.3704545454546,
        438.3772727272728,
        438.54772727272723,
        438.54772727272723,
        438.54772727272723,
        438.54772727272723,
        438.54772727272723,
        438.54772727272723,
        438.54772727272723,
        438.54772727272723,
        438.54772727272723,
        438.54772727272723,
        438.54772727272723,
        438.54772727272723,
        438.5613636363636,
        438.5613636363636,
        438.5613636363636,
        438.5613636363636,
        438.5613636363636,
        438.5613636363636,
        438.5613636363636,
        438.5681818181818,
        438.5681818181818,
        438.5681818181818,
        438.5681818181818,
        438.5681818181818,
        438.5681818181818,
        438.5681818181818,
        438.5681818181818,
        438.5681818181818,
        438.575,
        438.575,
        438.575,
        438.63636363636357,
        438.63636363636357,
        438.63636363636357,
        438.63636363636357,
        438.63636363636357,
        438.63636363636357,
        438.63636363636357,
        438.63636363636357,
        438.63636363636357,
        438.63636363636357,
        438.63636363636357,
        438.63636363636357,
        438.63636363636357,
        438.63636363636357,
        438.63636363636357,
        438.63636363636357,
        438.63636363636357,
        438.63636363636357,
        438.63636363636357,
        438.63636363636357,
        438.64318181818174,
        438.64318181818174,
        438.64318181818174
      ]
    }
  },
  "per_generation": [
    {
      "gen": 0.0,
      "best": 436.1,
      "mean": -Infinity
    },
    {
      "gen": 1.0,
      "best": 436.1,
      "mean": -Infinity
    },
    {
      "gen": 2.0,
      "best": 436.1,
      "mean": 426.92272727272734
    },
    {
      "gen": 3.0,
      "best": 436.1,
      "mean": 427.25681818181823
    },
    {
      "gen": 4.0,
      "best": 436.85,
      "mean": 433.18863636363636
    },
    {
      "gen": 5.0,
      "best": 436.85,
      "mean": 433.43409090909086
    },
    {
      "gen": 6.0,
      "best": 436.85,
      "mean": 433.43409090909086
    },
    {
      "gen": 7.0,
      "best": 436.85,
      "mean": 434.7295454545454
    },
    {
      "gen": 8.0,
      "best": 436.85,
      "mean": 434.7295454545454
    },
    {
      "gen": 9.0,
      "best": 437.15,
      "mean": 436.52272727272725
    },
    {
      "gen": 10.0,
      "best": 437.15,
      "mean": 436.5568181818182
    },
    {
      "gen": 11.0,
      "best": 437.15,
      "mean": 436.5568181818182
    },
    {
      "gen": 12.0,
      "best": 437.15,
      "mean": 436.5568181818182
    },
    {
      "gen": 13.0,
      "best": 437.15,
      "mean": 436.60454545454553
    },
    {
      "gen": 14.0,
      "best": 438.2,
      "mean": 437.29318181818184
    },
    {
      "gen": 15.0,
      "best": 438.2,
      "mean": 437.3068181818182
    },
    {
      "gen": 16.0,
      "best": 438.2,
      "mean": 437.3068181818182
    },
    {
      "gen": 17.0,
      "best": 438.5,
      "mean": 437.5386363636363
    },
    {
      "gen": 18.0,
      "best": 438.5,
      "mean": 437.5386363636363
    },
    {
      "gen": 19.0,
      "best": 438.5,
      "mean": 437.61363636363626
    },
    {
      "gen": 20.0,
      "best": 438.5,
      "mean": 437.71590909090907
    },
    {
      "gen": 21.0,
      "best": 438.5,
      "mean": 437.71590909090907
    },
    {
      "gen": 22.0,
      "best": 438.5,
      "mean": 437.7363636363636
    },
    {
      "gen": 23.0,
      "best": 438.5,
      "mean": 437.7568181818182
    },
    {
      "gen": 24.0,
      "best": 438.5,
      "mean": 437.79772727272734
    },
    {
      "gen": 25.0,
      "best": 438.5,