{
  "algo": "pso",
  "hparams": {
    "generations": 100,
    "popsize": 22,
    "fix_last_gene": true,
    "seed": 101,
    "verbosity": 1,
    "log_every": 1,
    "evals_cap": 10000,
    "w": 0.9446921644354112,
    "c1": 1.2059627718795185,
    "c2": 2.2
  },
  "metrics": {
    "best_final": 438.65,
    "auc_best": 43407.90000000008,
    "auc_best_norm": 438.4636363636372,
    "runtime_sec": 87.26605463027954,
    "evals_total": -1,
    "budget_triggered": false,
    "stop_reason": "None"
  },
  "diagnostics": {
    "best": {
      "start": 436.55,
      "end": 438.65,
      "delta_abs": 2.099999999999966,
      "delta_rel": 0.004810445538884356,
      "max_val": 438.65,
      "argmax": 19,
      "auc_raw": 43407.90000000008,
      "auc_norm": 438.4636363636372
    },
    "mean": {
      "start": -Infinity,
      "end": 438.64999999999986,
      "delta_abs": Infinity,
      "delta_rel": NaN,
      "max_val": 438.64999999999986,
      "argmax": 59,
      "auc_raw": -Infinity,
      "auc_norm": -Infinity
    }
  },
  "genomes": {
    "best_genome": [
      0,
      1,
      0,
      0,
      0,
      1,
      0,
      0,
      1,
      0,
      1,
      0,
      1,
      0,
      0,
      0,
      0,
      0,
      0,
      0,
      0,
      0,
      0,
      0,
      0,
      0,
      0,
      0,
      0,
      0,
      0,
      0,
      1
    ],
    "all_best_genomes": null
  },
  "raw": {
    "curves": {
      "best": [
        436.55,
        436.55,
        436.55,
        437.0,
        437.0,
        437.0,
        437.0,
        437.6,
        437.6,
        437.6,
        437.6,
        437.9,
        437.9,
        438.5,
        438.5,
        438.5,
        438.5,
        438.5,
        438.5,
        438.65,
        438.65,
        438.65,
        438.65,
        438.65,
        438.65,
        438.65,
        438.65,
        438.65,
        438.65,
        438.65,
        438.65,
        438.65,
        438.65,
        438.65,
        438.65,
        438.65,
        438.65,
        438.65,
        438.65,
        438.65,
        438.65,
        438.65,
        438.65,
        438.65,
        438.65,
        438.65,
        438.65,
        438.65,
        438.65,
        438.65,
        438.65,
        438.65,
        438.65,
        438.65,
        438.65,
        438.65,
        438.65,
        438.65,
        438.65,
        438.65,
        438.65,
        438.65,
        438.65,
        438.65,
        438.65,
        438.65,
        438.65,
        438.65,
        438.65,
        438.65,
        438.65,
        438.65,
        438.65,
        438.65,
        438.65,
        438.65,
        438.65,
        438.65,
        438.65,
        438.65,
        438.65,
        438.65,
        438.65,
        438.65,
        438.65,
        438.65,
        438.65,
        438.65,
        438.65,
        438.65,
        438.65,
        438.65,
        438.65,
        438.65,
        438.65,
        438.65,
        438.65,
        438.65,
        438.65,
        438.65
      ],
      "mean": [
        -Infinity,
        422.62727272727267,
        429.50681818181823,
        429.67045454545456,
        435.13181818181823,
        435.13181818181823,
        435.24772727272733,
        435.62954545454556,
        435.65000000000003,
        436.1886363636364,
        436.1886363636364,
        437.05454545454546,
        437.05454545454546,
        437.36136363636365,
        437.375,
        437.6068181818182,
        437.6068181818182,
        437.70227272727277,
        437.70227272727277,
        438.4181818181818,
        438.4181818181818,
        438.4181818181818,
        438.4318181818182,
        438.4318181818182,
        438.4318181818182,
        438.4795454545454,
        438.4863636363636,
        438.4863636363636,
        438.4863636363636,
        438.5545454545454,
        438.58181818181805,
        438.58863636363634,
        438.58863636363634,
        438.58863636363634,
        438.58863636363634,
        438.59545454545446,
        438.6090909090908,
        438.6090909090908,
        438.6090909090908,
        438.6090909090908,
        438.6090909090908,
        438.615909090909,
        438.62272727272716,
        438.62272727272716,
        438.63636363636357,
        438.63636363636357,
        438.63636363636357,
        438.63636363636357,
        438.63636363636357,
        438.64318181818174,
        438.64318181818174,
        438.64318181818174,
        438.64318181818174,
        438.64318181818174,
        438.64318181818174,
        438.64318181818174,
        438.64318181818174,
        438.64318181818174,
        438.64318181818174,
        438.64999999999986,
        438.64999999999986,
        438.64999999999986,
        438.64999999999986,
        438.64999999999986,
        438.64999999999986,
        438.64999999999986,
        438.64999999999986,
        438.64999999999986,
        438.64999999999986,
        438.64999999999986,
        438.64999999999986,
        438.64999999999986,
        438.64999999999986,
        438.64999999999986,
        438.64999999999986,
        438.64999999999986,
        438.64999999999986,
        438.64999999999986,
        438.64999999999986,
        438.64999999999986,
        438.64999999999986,
        438.64999999999986,
        438.64999999999986,
        438.64999999999986,
        438.64999999999986,
        438.64999999999986,
        438.64999999999986,
        438.64999999999986,
        438.64999999999986,
        438.64999999999986,
        438.64999999999986,
        438.64999999999986,
        438.64999999999986,
        438.64999999999986,
        438.64999999999986,
        438.64999999999986,
        438.64999999999986,
        438.64999999999986,
        438.64999999999986,
        438.64999999999986
      ]
    }
  },
  "per_generation": [
    {
      "gen": 0.0,
      "best": 436.55,
      "mean": -Infinity
    },
    {
      "gen": 1.0,
      "best": 436.55,
      "mean": 422.62727272727267
    },
    {
      "gen": 2.0,
      "best": 436.55,
      "mean": 429.50681818181823
    },
    {
      "gen": 3.0,
      "best": 437.0,
      "mean": 429.67045454545456
    },
    {
      "gen": 4.0,
      "best": 437.0,
      "mean": 435.13181818181823
    },
    {
      "gen": 5.0,
      "best": 437.0,
      "mean": 435.13181818181823
    },
    {
      "gen": 6.0,
      "best": 437.0,
      "mean": 435.24772727272733
    },
    {
      "gen": 7.0,
      "best": 437.6,
      "mean": 435.62954545454556
    },
    {
      "gen": 8.0,
      "best": 437.6,
      "mean": 435.65000000000003
    },
    {
      "gen": 9.0,
      "best": 437.6,
      "mean": 436.1886363636364
    },
    {
      "gen": 10.0,
      "best": 437.6,
      "mean": 436.1886363636364
    },
    {
      "gen": 11.0,
      "best": 437.9,
      "mean": 437.05454545454546
    },
    {
      "gen": 12.0,
      "best": 437.9,
      "mean": 437.05454545454546
    },
    {
      "gen": 13.0,
      "best": 438.5,
      "mean": 437.36136363636365
    },
    {
      "gen": 14.0,
      "best": 438.5,
      "mean": 437.375
    },
    {
      "gen": 15.0,
      "best": 438.5,
      "mean": 437.6068181818182
    },
    {
      "gen": 16.0,
      "best": 438.5,
      "mean": 437.6068181818182
    },
    {
      "gen": 17.0,
      "best": 438.5,
      "mean": 437.70227272727277
    },
    {
      "gen": 18.0,
      "best": 438.5,
      "mean": 437.70227272727277
    },
    {
      "gen": 19.0,
      "best": 438.65,
      "mean": 438.4181818181818
    },
    {
      "gen": 20.0,
      "best": 438.65,
      "mean": 438.4181818181818
    },
    {
      "gen": 21.0,
      "best": 438.65,
      "mean": 438.4181818181818
    },
    {
      "gen": 22.0,
      "best": 438.65,
      "mean": 438.4318181818182
    },
    {
      "gen": 23.0,
      "best": 438.65,
      "mean": 438.4318181818182
    },
    {
      "gen": 24.0,
      "best": 438.65,
      "mean": 438.4318181818182
    },
    {
      "gen": 25.0,