{
  "algo": "pso",
  "hparams": {
    "generations": 100,
    "popsize": 22,
    "fix_last_gene": true,
    "seed": 101,
    "verbosity": 1,
    "log_every": 1,
    "evals_cap": 10000,
    "w": 0.7523158550213409,
    "c1": 2.161878009981579,
    "c2": 1.2788237333498866
  },
  "metrics": {
    "best_final": 438.65,
    "auc_best": 43394.700000000084,
    "auc_best_norm": 438.33030303030387,
    "runtime_sec": 78.95911860466003,
    "evals_total": -1,
    "budget_triggered": false,
    "stop_reason": "None"
  },
  "diagnostics": {
    "best": {
      "start": 436.55,
      "end": 438.65,
      "delta_abs": 2.099999999999966,
      "delta_rel": 0.004810445538884356,
      "max_val": 438.65,
      "argmax": 19,
      "auc_raw": 43394.700000000084,
      "auc_norm": 438.33030303030387
    },
    "mean": {
      "start": -Infinity,
      "end": 438.58181818181816,
      "delta_abs": Infinity,
      "delta_rel": NaN,
      "max_val": 438.58181818181816,
      "argmax": 84,
      "auc_raw": -Infinity,
      "auc_norm": -Infinity
    }
  },
  "genomes": {
    "best_genome": [
      1,
      1,
      1,
      1,
      0,
      1,
      1,
      1,
      1,
      0,
      1,
      0,
      0,
      0,
      0,
      0,
      0,
      0,
      0,
      0,
      0,
      0,
      0,
      0,
      0,
      0,
      0,
      0,
      0,
      0,
      0,
      0,
      1
    ],
    "all_best_genomes": null
  },
  "raw": {
    "curves": {
      "best": [
        436.55,
        436.55,
        436.55,
        436.55,
        436.55,
        436.55,
        436.55,
        436.55,
        436.55,
        436.55,
        436.55,
        437.3,
        437.3,
        437.3,
        437.3,
        437.6,
        437.6,
        437.6,
        437.6,
        438.65,
        438.65,
        438.65,
        438.65,
        438.65,
        438.65,
        438.65,
        438.65,
        438.65,
        438.65,
        438.65,
        438.65,
        438.65,
        438.65,
        438.65,
        438.65,
        438.65,
        438.65,
        438.65,
        438.65,
        438.65,
        438.65,
        438.65,
        438.65,
        438.65,
        438.65,
        438.65,
        438.65,
        438.65,
        438.65,
        438.65,
        438.65,
        438.65,
        438.65,
        438.65,
        438.65,
        438.65,
        438.65,
        438.65,
        438.65,
        438.65,
        438.65,
        438.65,
        438.65,
        438.65,
        438.65,
        438.65,
        438.65,
        438.65,
        438.65,
        438.65,
        438.65,
        438.65,
        438.65,
        438.65,
        438.65,
        438.65,
        438.65,
        438.65,
        438.65,
        438.65,
        438.65,
        438.65,
        438.65,
        438.65,
        438.65,
        438.65,
        438.65,
        438.65,
        438.65,
        438.65,
        438.65,
        438.65,
        438.65,
        438.65,
        438.65,
        438.65,
        438.65,
        438.65,
        438.65,
        438.65
      ],
      "mean": [
        -Infinity,
        421.61818181818194,
        426.58181818181816,
        426.82727272727266,
        435.3022727272726,
        435.3022727272726,
        435.39772727272725,
        435.39772727272725,
        435.4113636363636,
        435.6363636363636,
        435.6431818181818,
        436.66590909090905,
        436.66590909090905,
        436.66590909090905,
        436.66590909090905,
        436.85,
        436.85,
        436.85,
        436.8568181818182,
        437.62727272727267,
        437.62727272727267,
        437.62727272727267,
        437.6613636363636,
        437.6681818181818,
        437.6681818181818,
        437.6954545454546,
        437.6954545454546,
        437.71590909090907,
        437.72954545454553,
        438.0568181818181,
        438.0568181818181,
        438.0568181818181,
        438.0568181818181,
        438.0568181818181,
        438.0568181818181,
        438.0568181818181,
        438.0568181818181,
        438.0568181818181,
        438.07727272727266,
        438.07727272727266,
        438.07727272727266,
        438.2477272727272,
        438.2477272727272,
        438.2477272727272,
        438.2477272727272,
        438.2477272727272,
        438.2477272727272,
        438.2477272727272,
        438.2477272727272,
        438.275,
        438.275,
        438.275,
        438.275,
        438.275,
        438.275,
        438.31590909090914,
        438.31590909090914,
        438.31590909090914,
        438.31590909090914,
        438.31590909090914,
        438.31590909090914,
        438.3568181818182,
        438.3568181818182,
        438.3568181818182,
        438.3704545454546,
        438.3704545454546,
        438.3704545454546,
        438.3704545454546,
        438.3704545454546,
        438.3704545454546,
        438.3704545454546,
        438.3704545454546,
        438.3704545454546,
        438.3704545454546,
        438.3704545454546,
        438.3772727272728,
        438.3772727272728,
        438.3772727272728,
        438.39772727272737,
        438.39772727272737,
        438.39772727272737,
        438.39772727272737,
        438.39772727272737,
        438.39772727272737,
        438.58181818181816,
        438.58181818181816,
        438.58181818181816,
        438.58181818181816,
        438.58181818181816,
        438.58181818181816,
        438.58181818181816,
        438.58181818181816,
        438.58181818181816,
        438.58181818181816,
        438.58181818181816,
        438.58181818181816,
        438.58181818181816,
        438.58181818181816,
        438.58181818181816,
        438.58181818181816
      ]
    }
  },
  "per_generation": [
    {
      "gen": 0.0,
      "best": 436.55,
      "mean": -Infinity
    },
    {
      "gen": 1.0,
      "best": 436.55,
      "mean": 421.61818181818194
    },
    {
      "gen": 2.0,
      "best": 436.55,
      "mean": 426.58181818181816
    },
    {
      "gen": 3.0,
      "best": 436.55,
      "mean": 426.82727272727266
    },
    {
      "gen": 4.0,
      "best": 436.55,
      "mean": 435.3022727272726
    },
    {
      "gen": 5.0,
      "best": 436.55,
      "mean": 435.3022727272726
    },
    {
      "gen": 6.0,
      "best": 436.55,
      "mean": 435.39772727272725
    },
    {
      "gen": 7.0,
      "best": 436.55,
      "mean": 435.39772727272725
    },
    {
      "gen": 8.0,
      "best": 436.55,
      "mean": 435.4113636363636
    },
    {
      "gen": 9.0,
      "best": 436.55,
      "mean": 435.6363636363636
    },
    {
      "gen": 10.0,
      "best": 436.55,
      "mean": 435.6431818181818
    },
    {
      "gen": 11.0,
      "best": 437.3,
      "mean": 436.66590909090905
    },
    {
      "gen": 12.0,
      "best": 437.3,
      "mean": 436.66590909090905
    },
    {
      "gen": 13.0,
      "best": 437.3,
      "mean": 436.66590909090905
    },
    {
      "gen": 14.0,
      "best": 437.3,
      "mean": 436.66590909090905
    },
    {
      "gen": 15.0,
      "best": 437.6,
      "mean": 436.85
    },
    {
      "gen": 16.0,
      "best": 437.6,
      "mean": 436.85
    },
    {
      "gen": 17.0,
      "best": 437.6,
      "mean": 436.85
    },
    {
      "gen": 18.0,
      "best": 437.6,
      "mean": 436.8568181818182
    },
    {
      "gen": 19.0,
      "best": 438.65,
      "mean": 437.62727272727267
    },
    {
      "gen": 20.0,
      "best": 438.65,
      "mean": 437.62727272727267
    },
    {
      "gen": 21.0,
      "best": 438.65,
      "mean": 437.62727272727267
    },
    {
      "gen": 22.0,
      "best": 438.65,
      "mean": 437.6613636363636
    },
    {
      "gen": 23.0,
      "best": 438.65,
      "mean": 437.6681818181818
    },
    {
      "gen": 24.0,
      "best": 438.65,
      "mean": 437.6681818181818
    },
    {
      "gen": 25.0,
      "best": 438.65,
      "mean": 437.6954545454546
    },
    {
      "gen": 26.0,