{
  "algo": "pso",
  "hparams": {
    "generations": 100,
    "popsize": 22,
    "fix_last_gene": true,
    "seed": 101,
    "verbosity": 1,
    "log_every": 1,
    "evals_cap": 10000,
    "w": 0.5838427159005384,
    "c1": 2.0478148495951216,
    "c2": 1.6619810128862689
  },
  "metrics": {
    "best_final": 438.65,
    "auc_best": 43398.90000000008,
    "auc_best_norm": 438.37272727272807,
    "runtime_sec": 75.85855317115784,
    "evals_total": -1,
    "budget_triggered": false,
    "stop_reason": "None"
  },
  "diagnostics": {
    "best": {
      "start": 436.55,
      "end": 438.65,
      "delta_abs": 2.099999999999966,
      "delta_rel": 0.004810445538884356,
      "max_val": 438.65,
      "argmax": 19,
      "auc_raw": 43398.90000000008,
      "auc_norm": 438.37272727272807
    },
    "mean": {
      "start": -Infinity,
      "end": 438.2613636363636,
      "delta_abs": Infinity,
      "delta_rel": NaN,
      "max_val": 438.2613636363636,
      "argmax": 97,
      "auc_raw": -Infinity,
      "auc_norm": -Infinity
    }
  },
  "genomes": {
    "best_genome": [
      1,
      0,
      1,
      1,
      1,
      1,
      1,
      1,
      1,
      0,
      1,
      0,
      0,
      0,
      0,
      0,
      0,
      0,
      0,
      0,
      0,
      0,
      0,
      0,
      0,
      0,
      0,
      0,
      0,
      0,
      0,
      0,
      1
    ],
    "all_best_genomes": null
  },
  "raw": {
    "curves": {
      "best": [
        436.55,
        436.55,
        436.55,
        436.55,
        436.55,
        436.55,
        436.55,
        436.55,
        436.55,
        436.85,
        436.85,
        437.9,
        437.9,
        437.9,
        437.9,
        437.9,
        437.9,
        437.9,
        437.9,
        438.65,
        438.65,
        438.65,
        438.65,
        438.65,
        438.65,
        438.65,
        438.65,
        438.65,
        438.65,
        438.65,
        438.65,
        438.65,
        438.65,
        438.65,
        438.65,
        438.65,
        438.65,
        438.65,
        438.65,
        438.65,
        438.65,
        438.65,
        438.65,
        438.65,
        438.65,
        438.65,
        438.65,
        438.65,
        438.65,
        438.65,
        438.65,
        438.65,
        438.65,
        438.65,
        438.65,
        438.65,
        438.65,
        438.65,
        438.65,
        438.65,
        438.65,
        438.65,
        438.65,
        438.65,
        438.65,
        438.65,
        438.65,
        438.65,
        438.65,
        438.65,
        438.65,
        438.65,
        438.65,
        438.65,
        438.65,
        438.65,
        438.65,
        438.65,
        438.65,
        438.65,
        438.65,
        438.65,
        438.65,
        438.65,
        438.65,
        438.65,
        438.65,
        438.65,
        438.65,
        438.65,
        438.65,
        438.65,
        438.65,
        438.65,
        438.65,
        438.65,
        438.65,
        438.65,
        438.65,
        438.65
      ],
      "mean": [
        -Infinity,
        422.81136363636375,
        427.74090909090904,
        427.89090909090913,
        435.3772727272728,
        435.3772727272728,
        435.6022727272728,
        435.6022727272728,
        435.6022727272728,
        435.84090909090907,
        435.84090909090907,
        436.71363636363634,
        436.71363636363634,
        436.71363636363634,
        436.7204545454546,
        436.96590909090907,
        436.96590909090907,
        436.96590909090907,
        436.96590909090907,
        437.2795454545454,
        437.2795454545454,
        437.2795454545454,
        437.2795454545454,
        437.32727272727277,
        437.32727272727277,
        437.32727272727277,
        437.32727272727277,
        437.32727272727277,
        437.3886363636364,
        437.3886363636364,
        437.3886363636364,
        437.3886363636364,
        437.3886363636364,
        437.3886363636364,
        437.3886363636364,
        437.3886363636364,
        437.3886363636364,
        437.3886363636364,
        437.4704545454546,
        437.4704545454546,
        437.484090909091,
        437.4977272727274,
        437.52500000000003,
        437.52500000000003,
        437.52500000000003,
        437.52500000000003,
        437.52500000000003,
        437.52500000000003,
        437.52500000000003,
        437.5454545454546,
        437.5454545454546,
        437.5522727272728,
        437.5522727272728,
        437.5522727272728,
        437.5522727272728,
        437.68863636363636,
        437.68863636363636,
        437.70227272727266,
        437.75,
        437.75,
        437.75,
        437.9136363636363,
        437.9136363636363,
        437.9136363636363,
        437.9477272727272,
        437.9477272727272,
        437.98863636363626,
        437.98863636363626,
        437.98863636363626,
        437.98863636363626,
        437.98863636363626,
        437.98863636363626,
        437.98863636363626,
        437.98863636363626,
        437.98863636363626,
        438.015909090909,
        438.015909090909,
        438.015909090909,
        438.04999999999995,
        438.04999999999995,
        438.04999999999995,
        438.04999999999995,
        438.04999999999995,
        438.04999999999995,
        438.23409090909087,
        438.23409090909087,
        438.23409090909087,
        438.23409090909087,
        438.23409090909087,
        438.23409090909087,
        438.23409090909087,
        438.23409090909087,
        438.23409090909087,
        438.23409090909087,
        438.23409090909087,
        438.23409090909087,
        438.23409090909087,
        438.2613636363636,
        438.2613636363636,
        438.2613636363636
      ]
    }
  },
  "per_generation": [
    {
      "gen": 0.0,
      "best": 436.55,
      "mean": -Infinity
    },
    {
      "gen": 1.0,
      "best": 436.55,
      "mean": 422.81136363636375
    },
    {
      "gen": 2.0,
      "best": 436.55,
      "mean": 427.74090909090904
    },
    {
      "gen": 3.0,
      "best": 436.55,
      "mean": 427.89090909090913
    },
    {
      "gen": 4.0,
      "best": 436.55,
      "mean": 435.3772727272728
    },
    {
      "gen": 5.0,
      "best": 436.55,
      "mean": 435.3772727272728
    },
    {
      "gen": 6.0,
      "best": 436.55,
      "mean": 435.6022727272728
    },
    {
      "gen": 7.0,
      "best": 436.55,
      "mean": 435.6022727272728
    },
    {
      "gen": 8.0,
      "best": 436.55,
      "mean": 435.6022727272728
    },
    {
      "gen": 9.0,
      "best": 436.85,
      "mean": 435.84090909090907
    },
    {
      "gen": 10.0,
      "best": 436.85,
      "mean": 435.84090909090907
    },
    {
      "gen": 11.0,
      "best": 437.9,
      "mean": 436.71363636363634
    },
    {
      "gen": 12.0,
      "best": 437.9,
      "mean": 436.71363636363634
    },
    {
      "gen": 13.0,
      "best": 437.9,
      "mean": 436.71363636363634
    },
    {
      "gen": 14.0,
      "best": 437.9,
      "mean": 436.7204545454546
    },
    {
      "gen": 15.0,
      "best": 437.9,
      "mean": 436.96590909090907
    },
    {
      "gen": 16.0,
      "best": 437.9,
      "mean": 436.96590909090907
    },
    {
      "gen": 17.0,
      "best": 437.9,
      "mean": 436.96590909090907
    },
    {
      "gen": 18.0,
      "best": 437.9,
      "mean": 436.96590909090907
    },
    {
      "gen": 19.0,
      "best": 438.65,
      "mean": 437.2795454545454
    },
    {
      "gen": 20.0,
      "best": 438.65,
      "mean": 437.2795454545454
    },
    {
      "gen": 21.0,
      "best": 438.65,
      "mean": 437.2795454545454
    },
    {
      "gen": 22.0,
      "best": 438.65,
      "mean": 437.2795454545454
    },
    {
      "gen": 23.0,
      "best": 438.65,
      "mean": 437.32727272727277
    },
    {
      "gen": 24.0,
      "best": 438.65,
      "mean": 437.32727272727277
    },
    {
      "gen": 25.0,