{
  "algo": "pso",
  "hparams": {
    "generations": 100,
    "popsize": 22,
    "fix_last_gene": true,
    "seed": 505,
    "verbosity": 1,
    "log_every": 1,
    "evals_cap": 10000,
    "w": 0.40703086445163245,
    "c1": 2.037378265193422,
    "c2": 1.541187644604054
  },
  "metrics": {
    "best_final": 438.65,
    "auc_best": 43371.0,
    "auc_best_norm": 438.09090909090907,
    "runtime_sec": 67.5492353439331,
    "evals_total": -1,
    "budget_triggered": false,
    "stop_reason": "None"
  },
  "diagnostics": {
    "best": {
      "start": 435.95,
      "end": 438.65,
      "delta_abs": 2.6999999999999886,
      "delta_rel": 0.006193370799403576,
      "max_val": 438.65,
      "argmax": 69,
      "auc_raw": 43371.0,
      "auc_norm": 438.09090909090907
    },
    "mean": {
      "start": -Infinity,
      "end": 438.05,
      "delta_abs": Infinity,
      "delta_rel": NaN,
      "max_val": 438.05,
      "argmax": 90,
      "auc_raw": -Infinity,
      "auc_norm": -Infinity
    }
  },
  "genomes": {
    "best_genome": [
      0,
      1,
      0,
      0,
      1,
      1,
      0,
      1,
      0,
      1,
      1,
      1,
      1,
      0,
      0,
      0,
      0,
      0,
      0,
      0,
      0,
      0,
      0,
      0,
      0,
      0,
      0,
      0,
      0,
      0,
      0,
      0,
      1
    ],
    "all_best_genomes": null
  },
  "raw": {
    "curves": {
      "best": [
        435.95,
        434.45,
        435.95,
        436.25,
        436.25,
        437.45,
        437.45,
        437.45,
        437.45,
        437.45,
        437.45,
        437.45,
        437.45,
        437.45,
        437.45,
        437.45,
        437.45,
        437.45,
        437.6,
        437.6,
        437.6,
        437.6,
        437.6,
        438.05,
        438.05,
        438.05,
        438.05,
        438.05,
        438.05,
        438.05,
        438.05,
        438.05,
        438.05,
        438.05,
        438.05,
        438.05,
        438.05,
        438.05,
        438.05,
        438.05,
        438.05,
        438.05,
        438.05,
        438.05,
        438.05,
        438.05,
        438.05,
        438.05,
        438.35,
        438.35,
        438.35,
        438.35,
        438.35,
        438.35,
        438.2,
        438.35,
        438.35,
        438.35,
        438.35,
        438.35,
        438.35,
        438.35,
        438.35,
        438.35,
        438.35,
        438.35,
        438.35,
        438.35,
        438.35,
        438.65,
        438.65,
        438.65,
        438.65,
        438.65,
        438.65,
        438.65,
        438.65,
        438.65,
        438.65,
        438.65,
        438.65,
        438.65,
        438.65,
        438.65,
        438.65,
        438.65,
        438.65,
        438.65,
        438.65,
        438.65,
        438.65,
        438.65,
        438.65,
        438.65,
        438.65,
        438.65,
        438.65,
        438.65,
        438.65,
        438.65
      ],
      "mean": [
        -Infinity,
        -Infinity,
        420.44545454545454,
        421.36590909090904,
        421.36590909090904,
        421.9863636363636,
        429.14545454545447,
        431.2318181818182,
        436.44090909090903,
        436.44090909090903,
        436.44090909090903,
        436.50227272727267,
        436.50227272727267,
        436.50227272727267,
        436.50227272727267,
        436.50227272727267,
        436.50227272727267,
        436.50227272727267,
        436.9113636363636,
        436.9113636363636,
        436.9113636363636,
        436.93863636363636,
        437.0,
        437.340909090909,
        437.340909090909,
        437.340909090909,
        437.340909090909,
        437.340909090909,
        437.340909090909,
        437.340909090909,
        437.3477272727272,
        437.3954545454544,
        437.3954545454544,
        437.3954545454544,
        437.3954545454544,
        437.3954545454544,
        437.3954545454544,
        437.3954545454544,
        437.3954545454544,
        437.3954545454544,
        437.3954545454544,
        437.3954545454544,
        437.3954545454544,
        437.3954545454544,
        437.3954545454544,
        437.3954545454544,
        437.3954545454544,
        437.3954545454544,
        437.51818181818174,
        437.51818181818174,
        437.51818181818174,
        437.51818181818174,
        437.51818181818174,
        437.525,
        437.525,
        437.525,
        437.525,
        437.525,
        437.525,
        437.525,
        437.525,
        437.525,
        437.525,
        437.525,
        437.57954545454555,
        437.57954545454555,
        437.57954545454555,
        437.57954545454555,
        437.57954545454555,
        438.02272727272725,
        438.02272727272725,
        438.02272727272725,
        438.02272727272725,
        438.02272727272725,
        438.02272727272725,
        438.02272727272725,
        438.02272727272725,
        438.02272727272725,
        438.02272727272725,
        438.02272727272725,
        438.02272727272725,
        438.02272727272725,
        438.02272727272725,
        438.02272727272725,
        438.02272727272725,
        438.02272727272725,
        438.02272727272725,
        438.02272727272725,
        438.02272727272725,
        438.02272727272725,
        438.05,
        438.05,
        438.05,
        438.05,
        438.05,
        438.05,
        438.05,
        438.05,
        438.05,
        438.05
      ]
    }
  },
  "per_generation": [
    {
      "gen": 0.0,
      "best": 435.95,
      "mean": -Infinity
    },
    {
      "gen": 1.0,
      "best": 434.45,
      "mean": -Infinity
    },
    {
      "gen": 2.0,
      "best": 435.95,
      "mean": 420.44545454545454
    },
    {
      "gen": 3.0,
      "best": 436.25,
      "mean": 421.36590909090904
    },
    {
      "gen": 4.0,
      "best": 436.25,
      "mean": 421.36590909090904
    },
    {
      "gen": 5.0,
      "best": 437.45,
      "mean": 421.9863636363636
    },
    {
      "gen": 6.0,
      "best": 437.45,
      "mean": 429.14545454545447
    },
    {
      "gen": 7.0,
      "best": 437.45,
      "mean": 431.2318181818182
    },
    {
      "gen": 8.0,
      "best": 437.45,
      "mean": 436.44090909090903
    },
    {
      "gen": 9.0,
      "best": 437.45,
      "mean": 436.44090909090903
    },
    {
      "gen": 10.0,
      "best": 437.45,
      "mean": 436.44090909090903
    },
    {
      "gen": 11.0,
      "best": 437.45,
      "mean": 436.50227272727267
    },
    {
      "gen": 12.0,
      "best": 437.45,
      "mean": 436.50227272727267
    },
    {
      "gen": 13.0,
      "best": 437.45,
      "mean": 436.50227272727267
    },
    {
      "gen": 14.0,
      "best": 437.45,
      "mean": 436.50227272727267
    },
    {
      "gen": 15.0,
      "best": 437.45,
      "mean": 436.50227272727267
    },
    {
      "gen": 16.0,
      "best": 437.45,
      "mean": 436.50227272727267
    },
    {
      "gen": 17.0,
      "best": 437.45,
      "mean": 436.50227272727267
    },
    {
      "gen": 18.0,
      "best": 437.6,
      "mean": 436.9113636363636
    },
    {
      "gen": 19.0,
      "best": 437.6,
      "mean": 436.9113636363636
    },
    {
      "gen": 20.0,
      "best": 437.6,
      "mean": 436.9113636363636
    },
    {
      "gen": 21.0,
      "best": 437.6,
      "mean": 436.93863636363636
    },
    {
      "gen": 22.0,
      "best": 437.6,
      "mean": 437.0
    },
    {
      "gen": 23.0,
      "best": 438.05,
      "mean": 437.340909090909
    },
    {
      "gen": 24.0,
      "best": 438.05,
      "mean": 437.340909090909
    },
    {
      "gen": 25.0,
      "best": 438.05,
      "mean": 437.340909090909
    },
    {
      "gen": 26.0,
      "best": 438.05,
      "mean": 437.340909090909
    },
    {
      "gen": 27.0,
      "best": 438.05,
      "mean": 437.340909090909
    },
    {
      "gen": 28.0,
      "best": 438.05,