{
  "algo": "pso",
  "hparams": {
    "generations": 100,
    "popsize": 22,
    "fix_last_gene": true,
    "seed": 606,
    "verbosity": 1,
    "log_every": 1,
    "evals_cap": 10000,
    "w": 0.5684553981925328,
    "c1": 1.5592708297559037,
    "c2": 0.8
  },
  "metrics": {
    "best_final": 438.5,
    "auc_best": 43350.22499999994,
    "auc_best_norm": 437.88106060606,
    "runtime_sec": 68.96758556365967,
    "evals_total": -1,
    "budget_triggered": false,
    "stop_reason": "None"
  },
  "diagnostics": {
    "best": {
      "start": 435.35,
      "end": 438.5,
      "delta_abs": 3.1499999999999773,
      "delta_rel": 0.007235557597335424,
      "max_val": 438.5,
      "argmax": 95,
      "auc_raw": 43350.22499999994,
      "auc_norm": 437.88106060606
    },
    "mean": {
      "start": -Infinity,
      "end": 438.18636363636375,
      "delta_abs": Infinity,
      "delta_rel": NaN,
      "max_val": 438.18636363636375,
      "argmax": 95,
      "auc_raw": -Infinity,
      "auc_norm": -Infinity
    }
  },
  "genomes": {
    "best_genome": [
      0,
      1,
      1,
      1,
      0,
      0,
      1,
      1,
      0,
      1,
      1,
      0,
      1,
      1,
      0,
      1,
      0,
      0,
      0,
      0,
      0,
      0,
      0,
      0,
      0,
      0,
      0,
      0,
      0,
      0,
      0,
      0,
      1
    ],
    "all_best_genomes": null
  },
  "raw": {
    "curves": {
      "best": [
        435.35,
        435.5,
        435.5,
        435.5,
        436.25,
        436.25,
        436.7,
        436.7,
        436.7,
        436.7,
        436.7,
        436.7,
        437.15,
        437.15,
        437.15,
        437.3,
        437.3,
        437.3,
        438.05,
        438.05,
        438.05,
        438.05,
        438.05,
        438.05,
        438.05,
        438.05,
        438.05,
        438.05,
        438.05,
        438.05,
        438.05,
        438.05,
        438.05,
        438.05,
        438.05,
        438.05,
        438.05,
        438.05,
        438.05,
        438.05,
        438.05,
        438.05,
        438.05,
        438.05,
        438.05,
        438.05,
        438.05,
        438.05,
        438.05,
        438.2,
        438.2,
        438.2,
        438.2,
        438.2,
        438.2,
        438.2,
        438.2,
        438.2,
        438.2,
        438.2,
        438.2,
        438.2,
        438.2,
        438.2,
        438.2,
        438.2,
        438.2,
        438.2,
        438.2,
        438.2,
        438.2,
        438.2,
        438.2,
        438.2,
        438.2,
        438.2,
        438.2,
        438.2,
        438.2,
        438.2,
        438.2,
        438.2,
        438.2,
        438.2,
        438.2,
        438.2,
        438.2,
        438.2,
        438.2,
        438.2,
        438.2,
        438.2,
        438.2,
        438.2,
        438.2,
        438.5,
        438.5,
        438.5,
        438.5,
        438.5
      ],
      "mean": [
        -Infinity,
        434.02045454545447,
        434.0545454545454,
        435.07727272727277,
        435.24772727272733,
        435.29545454545456,
        435.6568181818183,
        435.8136363636364,
        435.8136363636364,
        435.8136363636364,
        435.8136363636364,
        435.9568181818182,
        436.09318181818185,
        436.09318181818185,
        436.2431818181818,
        436.59772727272735,
        436.77500000000003,
        436.77500000000003,
        437.12272727272733,
        437.12272727272733,
        437.12272727272733,
        437.32727272727277,
        437.32727272727277,
        437.32727272727277,
        437.34090909090907,
        437.34090909090907,
        437.34090909090907,
        437.34090909090907,
        437.34090909090907,
        437.34090909090907,
        437.34090909090907,
        437.34090909090907,
        437.34090909090907,
        437.34090909090907,
        437.34090909090907,
        437.5318181818182,
        437.5318181818182,
        437.5318181818182,
        437.5318181818182,
        437.5318181818182,
        437.5318181818182,
        437.5318181818182,
        437.5318181818182,
        437.5318181818182,
        437.5318181818182,
        437.5318181818182,
        437.57272727272726,
        437.57272727272726,
        437.57272727272726,
        437.6818181818182,
        437.6818181818182,
        437.6818181818182,
        437.6818181818182,
        437.6818181818182,
        437.6818181818182,
        437.6818181818182,
        437.6818181818182,
        437.6818181818182,
        437.6818181818182,
        437.6818181818182,
        437.6818181818182,
        437.7636363636364,
        437.7636363636364,
        437.7636363636364,
        437.7636363636364,
        437.7636363636364,
        437.7636363636364,
        437.7636363636364,
        437.7636363636364,
        437.7636363636364,
        437.7636363636364,
        437.7636363636364,
        437.7636363636364,
        437.7636363636364,
        437.7636363636364,
        437.7636363636364,
        437.8318181818182,
        437.8318181818182,
        437.8318181818182,
        437.8318181818182,
        437.8318181818182,
        437.8318181818182,
        437.8318181818182,
        437.8318181818182,
        437.8318181818182,
        437.8318181818182,
        437.8318181818182,
        437.8318181818182,
        437.8318181818182,
        437.8318181818182,
        437.8318181818182,
        437.85909090909087,
        437.85909090909087,
        437.85909090909087,
        437.85909090909087,
        438.18636363636375,
        438.18636363636375,
        438.18636363636375,
        438.18636363636375,
        438.18636363636375
      ]
    }
  },
  "per_generation": [
    {
      "gen": 0.0,
      "best": 435.35,
      "mean": -Infinity
    },
    {
      "gen": 1.0,
      "best": 435.5,
      "mean": 434.02045454545447
    },
    {
      "gen": 2.0,
      "best": 435.5,
      "mean": 434.0545454545454
    },
    {
      "gen": 3.0,
      "best": 435.5,
      "mean": 435.07727272727277
    },
    {
      "gen": 4.0,
      "best": 436.25,
      "mean": 435.24772727272733
    },
    {
      "gen": 5.0,
      "best": 436.25,
      "mean": 435.29545454545456
    },
    {
      "gen": 6.0,
      "best": 436.7,
      "mean": 435.6568181818183
    },
    {
      "gen": 7.0,
      "best": 436.7,
      "mean": 435.8136363636364
    },
    {
      "gen": 8.0,
      "best": 436.7,
      "mean": 435.8136363636364
    },
    {
      "gen": 9.0,
      "best": 436.7,
      "mean": 435.8136363636364
    },
    {
      "gen": 10.0,
      "best": 436.7,
      "mean": 435.8136363636364
    },
    {
      "gen": 11.0,
      "best": 436.7,
      "mean": 435.9568181818182
    },
    {
      "gen": 12.0,
      "best": 437.15,
      "mean": 436.09318181818185
    },
    {
      "gen": 13.0,
      "best": 437.15,
      "mean": 436.09318181818185
    },
    {
      "gen": 14.0,
      "best": 437.15,
      "mean": 436.2431818181818
    },
    {
      "gen": 15.0,
      "best": 437.3,
      "mean": 436.59772727272735
    },
    {
      "gen": 16.0,
      "best": 437.3,
      "mean": 436.77500000000003
    },
    {
      "gen": 17.0,
      "best": 437.3,
      "mean": 436.77500000000003
    },
    {
      "gen": 18.0,
      "best": 438.05,
      "mean": 437.12272727272733
    },
    {
      "gen": 19.0,
      "best": 438.05,
      "mean": 437.12272727272733
    },
    {
      "gen": 20.0,
      "best": 438.05,
      "mean": 437.12272727272733
    },
    {
      "gen": 21.0,
      "best": 438.05,
      "mean": 437.32727272727277
    },
    {
      "gen": 22.0,
      "best": 438.05,
      "mean": 437.32727272727277
    },
    {
      "gen": 23.0,
      "best": 438.05,
      "mean": 437.32727272727277
    },
    {
      "gen": 24.0,
      "best": 438.05,
      "mean": 437.34090909090907
    },
    {
      "gen": 25.0,
      "best": 438.05,