{
  "algo": "pso",
  "hparams": {
    "generations": 100,
    "popsize": 22,
    "fix_last_gene": true,
    "seed": 1001,
    "verbosity": 1,
    "log_every": 1,
    "evals_cap": 10000,
    "w": 0.9384889212196196,
    "c1": 2.2,
    "c2": 1.295792253615866
  },
  "metrics": {
    "best_final": 438.65,
    "auc_best": 43398.00000000009,
    "auc_best_norm": 438.3636363636372,
    "runtime_sec": 87.26629567146301,
    "evals_total": -1,
    "budget_triggered": false,
    "stop_reason": "None"
  },
  "diagnostics": {
    "best": {
      "start": 436.55,
      "end": 438.65,
      "delta_abs": 2.099999999999966,
      "delta_rel": 0.004810445538884356,
      "max_val": 438.65,
      "argmax": 39,
      "auc_raw": 43398.00000000009,
      "auc_norm": 438.3636363636372
    },
    "mean": {
      "start": -Infinity,
      "end": 438.62272727272716,
      "delta_abs": Infinity,
      "delta_rel": NaN,
      "max_val": 438.62272727272716,
      "argmax": 93,
      "auc_raw": -Infinity,
      "auc_norm": -Infinity
    }
  },
  "genomes": {
    "best_genome": [
      1,
      1,
      0,
      1,
      1,
      1,
      0,
      1,
      0,
      1,
      1,
      0,
      1,
      0,
      0,
      0,
      0,
      0,
      0,
      0,
      0,
      0,
      0,
      0,
      0,
      0,
      0,
      0,
      0,
      0,
      0,
      0,
      1
    ],
    "all_best_genomes": null
  },
  "raw": {
    "curves": {
      "best": [
        436.55,
        436.55,
        436.55,
        437.15,
        437.15,
        437.15,
        437.15,
        437.15,
        437.15,
        437.15,
        437.15,
        437.15,
        437.15,
        438.2,
        438.2,
        438.2,
        438.2,
        438.2,
        438.2,
        438.2,
        438.2,
        438.2,
        438.2,
        438.35,
        438.35,
        438.35,
        438.35,
        438.35,
        438.35,
        438.35,
        438.35,
        438.5,
        438.5,
        438.5,
        438.5,
        438.5,
        438.5,
        438.5,
        438.5,
        438.65,
        438.65,
        438.65,
        438.65,
        438.65,
        438.65,
        438.65,
        438.65,
        438.65,
        438.65,
        438.65,
        438.65,
        438.65,
        438.65,
        438.65,
        438.65,
        438.65,
        438.65,
        438.65,
        438.65,
        438.65,
        438.65,
        438.65,
        438.65,
        438.65,
        438.65,
        438.65,
        438.65,
        438.65,
        438.65,
        438.65,
        438.65,
        438.65,
        438.65,
        438.65,
        438.65,
        438.65,
        438.65,
        438.65,
        438.65,
        438.65,
        438.65,
        438.65,
        438.65,
        438.65,
        438.65,
        438.65,
        438.65,
        438.65,
        438.65,
        438.65,
        438.65,
        438.65,
        438.65,
        438.65,
        438.65,
        438.65,
        438.65,
        438.65,
        438.65,
        438.65
      ],
      "mean": [
        -Infinity,
        420.1318181818182,
        420.29545454545456,
        420.875,
        421.2431818181818,
        429.17272727272734,
        429.2,
        429.5613636363636,
        429.56818181818176,
        431.49090909090904,
        432.77272727272725,
        432.8068181818182,
        436.06590909090903,
        436.6318181818182,
        436.9113636363636,
        436.9113636363636,
        436.97272727272735,
        437.06136363636375,
        437.12272727272733,
        437.2318181818182,
        437.2318181818182,
        437.27272727272737,
        437.3681818181818,
        437.72954545454553,
        437.72954545454553,
        437.75681818181823,
        437.75681818181823,
        437.75681818181823,
        437.9068181818182,
        437.93409090909086,
        437.93409090909086,
        438.0704545454546,
        438.0704545454546,
        438.0704545454546,
        438.09772727272735,
        438.09772727272735,
        438.18636363636375,
        438.18636363636375,
        438.2068181818182,
        438.35000000000014,
        438.35000000000014,
        438.35000000000014,
        438.35000000000014,
        438.35000000000014,
        438.36363636363643,
        438.36363636363643,
        438.36363636363643,
        438.36363636363643,
        438.3704545454546,
        438.3704545454546,
        438.3704545454546,
        438.3704545454546,
        438.39772727272737,
        438.39772727272737,
        438.39772727272737,
        438.41136363636366,
        438.41136363636366,
        438.425,
        438.45227272727277,
        438.47954545454553,
        438.4931818181818,
        438.4931818181818,
        438.5068181818182,
        438.5068181818182,
        438.51363636363635,
        438.51363636363635,
        438.51363636363635,
        438.51363636363635,
        438.51363636363635,
        438.54090909090905,
        438.59545454545446,
        438.59545454545446,
        438.59545454545446,
        438.59545454545446,
        438.59545454545446,
        438.59545454545446,
        438.59545454545446,
        438.60227272727263,
        438.60227272727263,
        438.60227272727263,
        438.615909090909,
        438.615909090909,
        438.615909090909,
        438.615909090909,
        438.615909090909,
        438.615909090909,
        438.615909090909,
        438.615909090909,
        438.615909090909,
        438.615909090909,
        438.615909090909,
        438.615909090909,
        438.615909090909,
        438.62272727272716,
        438.62272727272716,
        438.62272727272716,
        438.62272727272716,
        438.62272727272716,
        438.62272727272716,
        438.62272727272716
      ]
    }
  },
  "per_generation": [
    {
      "gen": 0.0,
      "best": 436.55,
      "mean": -Infinity
    },
    {
      "gen": 1.0,
      "best": 436.55,
      "mean": 420.1318181818182
    },
    {
      "gen": 2.0,
      "best": 436.55,
      "mean": 420.29545454545456
    },
    {
      "gen": 3.0,
      "best": 437.15,
      "mean": 420.875
    },
    {
      "gen": 4.0,
      "best": 437.15,
      "mean": 421.2431818181818
    },
    {
      "gen": 5.0,
      "best": 437.15,
      "mean": 429.17272727272734
    },
    {
      "gen": 6.0,
      "best": 437.15,
      "mean": 429.2
    },
    {
      "gen": 7.0,
      "best": 437.15,
      "mean": 429.5613636363636
    },
    {
      "gen": 8.0,
      "best": 437.15,
      "mean": 429.56818181818176
    },
    {
      "gen": 9.0,
      "best": 437.15,
      "mean": 431.49090909090904
    },
    {
      "gen": 10.0,
      "best": 437.15,
      "mean": 432.77272727272725
    },
    {
      "gen": 11.0,
      "best": 437.15,
      "mean": 432.8068181818182
    },
    {
      "gen": 12.0,
      "best": 437.15,
      "mean": 436.06590909090903
    },
    {
      "gen": 13.0,
      "best": 438.2,
      "mean": 436.6318181818182
    },
    {
      "gen": 14.0,
      "best": 438.2,
      "mean": 436.9113636363636
    },
    {
      "gen": 15.0,
      "best": 438.2,
      "mean": 436.9113636363636
    },
    {
      "gen": 16.0,
      "best": 438.2,
      "mean": 436.97272727272735
    },
    {
      "gen": 17.0,
      "best": 438.2,
      "mean": 437.06136363636375
    },
    {
      "gen": 18.0,
      "best": 438.2,
      "mean": 437.12272727272733
    },
    {
      "gen": 19.0,
      "best": 438.2,
      "mean": 437.2318181818182
    },
    {
      "gen": 20.0,
      "best": 438.2,
      "mean": 437.2318181818182
    },
    {
      "gen": 21.0,
      "best": 438.2,
      "mean": 437.27272727272737
    },
    {
      "gen": 22.0,
      "best": 438.2,
      "mean": 437.3681818181818
    },
    {
      "gen": 23.0,
      "best": 438.35,
      "mean": 437.72954545454553
    },
    {
      "gen": 24.0,
      "best": 438.35,
      "mean": 437.72954545454553
    },
    {
      "gen": 25.0,
      "best": 438.35,