{
  "algo": "pso",
  "hparams": {
    "generations": 100,
    "popsize": 22,
    "fix_last_gene": true,
    "seed": 606,
    "verbosity": 1,
    "log_every": 1,
    "evals_cap": 10000,
    "w": 0.6089495188486848,
    "c1": 1.0044769961343718,
    "c2": 1.6327247378555922
  },
  "metrics": {
    "best_final": 438.65,
    "auc_best": 43391.40000000008,
    "auc_best_norm": 438.2969696969705,
    "runtime_sec": 69.05068826675415,
    "evals_total": -1,
    "budget_triggered": false,
    "stop_reason": "None"
  },
  "diagnostics": {
    "best": {
      "start": 435.35,
      "end": 438.65,
      "delta_abs": 3.2999999999999545,
      "delta_rel": 0.007580107959113252,
      "max_val": 438.65,
      "argmax": 18,
      "auc_raw": 43391.40000000008,
      "auc_norm": 438.2969696969705
    },
    "mean": {
      "start": -Infinity,
      "end": 438.3363636363636,
      "delta_abs": Infinity,
      "delta_rel": NaN,
      "max_val": 438.3363636363636,
      "argmax": 95,
      "auc_raw": -Infinity,
      "auc_norm": -Infinity
    }
  },
  "genomes": {
    "best_genome": [
      1,
      1,
      1,
      0,
      0,
      0,
      0,
      1,
      0,
      0,
      0,
      0,
      1,
      1,
      0,
      0,
      0,
      0,
      0,
      0,
      0,
      0,
      0,
      0,
      0,
      0,
      0,
      0,
      0,
      0,
      0,
      0,
      1
    ],
    "all_best_genomes": null
  },
  "raw": {
    "curves": {
      "best": [
        435.35,
        435.5,
        435.5,
        435.5,
        435.95,
        435.95,
        437.0,
        437.0,
        437.0,
        437.0,
        437.0,
        437.0,
        437.15,
        437.15,
        437.15,
        437.3,
        437.3,
        437.3,
        438.65,
        438.65,
        438.65,
        438.65,
        438.65,
        438.65,
        438.65,
        438.65,
        438.65,
        438.65,
        438.65,
        438.65,
        438.65,
        438.65,
        438.65,
        438.65,
        438.65,
        438.65,
        438.65,
        438.65,
        438.65,
        438.65,
        438.65,
        438.65,
        438.65,
        438.65,
        438.65,
        438.65,
        438.65,
        438.65,
        438.65,
        438.65,
        438.65,
        438.65,
        438.65,
        438.65,
        438.65,
        438.65,
        438.65,
        438.65,
        438.65,
        438.65,
        438.65,
        438.65,
        438.65,
        438.65,
        438.65,
        438.65,
        438.65,
        438.65,
        438.65,
        438.65,
        438.65,
        438.65,
        438.65,
        438.65,
        438.65,
        438.65,
        438.65,
        438.65,
        438.65,
        438.65,
        438.65,
        438.65,
        438.65,
        438.65,
        438.65,
        438.65,
        438.65,
        438.65,
        438.65,
        438.65,
        438.65,
        438.65,
        438.65,
        438.65,
        438.65,
        438.65,
        438.65,
        438.65,
        438.65,
        438.65
      ],
      "mean": [
        -Infinity,
        429.61590909090904,
        432.7727272727272,
        435.02272727272725,
        435.17272727272734,
        435.17272727272734,
        435.5272727272728,
        435.66363636363644,
        435.66363636363644,
        435.7113636363637,
        435.7113636363637,
        435.99090909090904,
        436.1613636363636,
        436.1613636363636,
        436.20909090909083,
        436.7545454545454,
        436.91818181818184,
        436.91818181818184,
        437.4295454545454,
        437.4295454545454,
        437.4295454545454,
        437.70909090909095,
        437.70909090909095,
        437.70909090909095,
        437.71590909090907,
        437.71590909090907,
        437.71590909090907,
        437.72272727272735,
        437.72272727272735,
        437.72272727272735,
        437.72272727272735,
        437.72272727272735,
        437.72272727272735,
        437.72272727272735,
        437.72272727272735,
        437.87272727272733,
        437.87272727272733,
        437.87272727272733,
        437.87272727272733,
        437.87272727272733,
        437.87272727272733,
        437.87272727272733,
        437.87272727272733,
        437.87272727272733,
        437.87272727272733,
        437.87272727272733,
        437.92045454545456,
        437.92045454545456,
        437.92045454545456,
        437.95454545454544,
        437.95454545454544,
        437.95454545454544,
        437.95454545454544,
        437.95454545454544,
        437.95454545454544,
        437.95454545454544,
        437.95454545454544,
        437.95454545454544,
        437.95454545454544,
        437.95454545454544,
        437.95454545454544,
        437.97499999999997,
        437.97499999999997,
        437.97499999999997,
        437.97499999999997,
        437.97499999999997,
        437.97499999999997,
        437.97499999999997,
        437.97499999999997,
        437.97499999999997,
        437.97499999999997,
        437.97499999999997,
        437.97499999999997,
        437.97499999999997,
        437.97499999999997,
        437.97499999999997,
        437.97499999999997,
        437.97499999999997,
        437.97499999999997,
        437.97499999999997,
        437.97499999999997,
        437.97499999999997,
        437.97499999999997,
        437.97499999999997,
        437.97499999999997,
        437.97499999999997,
        437.97499999999997,
        437.97499999999997,
        437.97499999999997,
        437.97499999999997,
        437.97499999999997,
        438.00227272727267,
        438.00227272727267,
        438.00227272727267,
        438.00227272727267,
        438.3363636363636,
        438.3363636363636,
        438.3363636363636,
        438.3363636363636,
        438.3363636363636
      ]
    }
  },
  "per_generation": [
    {
      "gen": 0.0,
      "best": 435.35,
      "mean": -Infinity
    },
    {
      "gen": 1.0,
      "best": 435.5,
      "mean": 429.61590909090904
    },
    {
      "gen": 2.0,
      "best": 435.5,
      "mean": 432.7727272727272
    },
    {
      "gen": 3.0,
      "best": 435.5,
      "mean": 435.02272727272725
    },
    {
      "gen": 4.0,
      "best": 435.95,
      "mean": 435.17272727272734
    },
    {
      "gen": 5.0,
      "best": 435.95,
      "mean": 435.17272727272734
    },
    {
      "gen": 6.0,
      "best": 437.0,
      "mean": 435.5272727272728
    },
    {
      "gen": 7.0,
      "best": 437.0,
      "mean": 435.66363636363644
    },
    {
      "gen": 8.0,
      "best": 437.0,
      "mean": 435.66363636363644
    },
    {
      "gen": 9.0,
      "best": 437.0,
      "mean": 435.7113636363637
    },
    {
      "gen": 10.0,
      "best": 437.0,
      "mean": 435.7113636363637
    },
    {
      "gen": 11.0,
      "best": 437.0,
      "mean": 435.99090909090904
    },
    {
      "gen": 12.0,
      "best": 437.15,
      "mean": 436.1613636363636
    },
    {
      "gen": 13.0,
      "best": 437.15,
      "mean": 436.1613636363636
    },
    {
      "gen": 14.0,
      "best": 437.15,
      "mean": 436.20909090909083
    },
    {
      "gen": 15.0,
      "best": 437.3,
      "mean": 436.7545454545454
    },
    {
      "gen": 16.0,
      "best": 437.3,
      "mean": 436.91818181818184
    },
    {
      "gen": 17.0,
      "best": 437.3,
      "mean": 436.91818181818184
    },
    {
      "gen": 18.0,
      "best": 438.65,
      "mean": 437.4295454545454
    },
    {
      "gen": 19.0,
      "best": 438.65,
      "mean": 437.4295454545454
    },
    {
      "gen": 20.0,
      "best": 438.65,
      "mean": 437.4295454545454
    },
    {
      "gen": 21.0,
      "best": 438.65,
      "mean": 437.70909090909095
    },
    {
      "gen": 22.0,
      "best": 438.65,
      "mean": 437.70909090909095
    },
    {
      "gen": 23.0,
      "best": 438.65,
      "mean": 437.70909090909095
    },
    {
      "gen": 24.0,
      "best": 438.65,