{
  "algo": "pso",
  "hparams": {
    "generations": 100,
    "popsize": 22,
    "fix_last_gene": true,
    "seed": 202,
    "verbosity": 1,
    "log_every": 1,
    "evals_cap": 10000,
    "w": 0.7241008669258236,
    "c1": 1.397248579970598,
    "c2": 2.2
  },
  "metrics": {
    "best_final": 438.65,
    "auc_best": 43383.97500000008,
    "auc_best_norm": 438.2219696969705,
    "runtime_sec": 74.61533331871033,
    "evals_total": -1,
    "budget_triggered": false,
    "stop_reason": "None"
  },
  "diagnostics": {
    "best": {
      "start": 436.1,
      "end": 438.65,
      "delta_abs": 2.5499999999999545,
      "delta_rel": 0.005847282733317942,
      "max_val": 438.65,
      "argmax": 60,
      "auc_raw": 43383.97500000008,
      "auc_norm": 438.2219696969705
    },
    "mean": {
      "start": -Infinity,
      "end": 438.1931818181818,
      "delta_abs": Infinity,
      "delta_rel": NaN,
      "max_val": 438.1931818181818,
      "argmax": 87,
      "auc_raw": -Infinity,
      "auc_norm": -Infinity
    }
  },
  "genomes": {
    "best_genome": [
      0,
      1,
      0,
      1,
      1,
      0,
      0,
      0,
      1,
      1,
      1,
      0,
      1,
      1,
      1,
      0,
      0,
      0,
      0,
      0,
      0,
      0,
      0,
      0,
      0,
      0,
      0,
      0,
      0,
      0,
      0,
      0,
      1
    ],
    "all_best_genomes": null
  },
  "raw": {
    "curves": {
      "best": [
        436.1,
        436.1,
        436.1,
        436.1,
        436.1,
        436.85,
        436.85,
        437.75,
        437.75,
        437.75,
        437.75,
        437.75,
        437.75,
        437.75,
        437.75,
        437.75,
        437.75,
        437.75,
        438.2,
        438.2,
        438.2,
        438.2,
        438.2,
        438.2,
        438.2,
        438.2,
        438.2,
        438.2,
        438.2,
        438.2,
        438.2,
        438.2,
        438.2,
        438.2,
        438.2,
        438.2,
        438.2,
        438.2,
        438.2,
        438.2,
        438.2,
        438.2,
        438.2,
        438.2,
        438.2,
        438.2,
        438.2,
        438.2,
        438.2,
        438.2,
        438.2,
        438.2,
        438.2,
        438.2,
        438.2,
        438.5,
        438.5,
        438.5,
        438.5,
        438.5,
        438.65,
        438.65,
        438.65,
        438.65,
        438.65,
        438.65,
        438.65,
        438.65,
        438.65,
        438.65,
        438.65,
        438.65,
        438.65,
        438.65,
        438.65,
        438.65,
        438.65,
        438.65,
        438.65,
        438.65,
        438.65,
        438.65,
        438.65,
        438.65,
        438.65,
        438.65,
        438.65,
        438.65,
        438.65,
        438.65,
        438.65,
        438.65,
        438.65,
        438.65,
        438.65,
        438.65,
        438.65,
        438.65,
        438.65,
        438.65
      ],
      "mean": [
        -Infinity,
        417.01590909090913,
        417.01590909090913,
        426.24090909090916,
        426.24090909090916,
        432.39772727272725,
        433.48863636363626,
        436.60454545454553,
        436.61818181818194,
        436.61818181818194,
        436.6386363636364,
        436.72727272727275,
        436.72727272727275,
        436.72727272727275,
        436.7886363636364,
        436.7886363636364,
        436.7886363636364,
        437.0,
        437.62045454545455,
        437.62045454545455,
        437.62045454545455,
        437.76363636363635,
        437.76363636363635,
        437.76363636363635,
        437.76363636363635,
        437.77045454545447,
        437.7840909090908,
        437.7840909090908,
        437.7840909090908,
        437.7840909090908,
        437.7840909090908,
        437.7840909090908,
        437.7840909090908,
        437.7840909090908,
        437.7840909090908,
        437.7840909090908,
        437.7840909090908,
        437.7840909090908,
        437.7840909090908,
        437.7840909090908,
        437.7840909090908,
        437.7840909090908,
        437.90681818181815,
        437.90681818181815,
        437.90681818181815,
        437.90681818181815,
        437.90681818181815,
        437.90681818181815,
        437.95454545454544,
        437.95454545454544,
        437.95454545454544,
        437.9613636363636,
        437.9681818181818,
        437.9681818181818,
        437.9681818181818,
        437.98181818181814,
        437.98181818181814,
        437.98181818181814,
        437.98181818181814,
        437.99545454545455,
        438.0363636363636,
        438.0363636363636,
        438.05,
        438.05,
        438.05,
        438.05,
        438.05,
        438.09772727272724,
        438.09772727272724,
        438.09772727272724,
        438.1045454545454,
        438.1045454545454,
        438.1045454545454,
        438.1045454545454,
        438.1045454545454,
        438.1045454545454,
        438.1045454545454,
        438.1045454545454,
        438.1045454545454,
        438.1045454545454,
        438.1045454545454,
        438.1045454545454,
        438.1045454545454,
        438.1045454545454,
        438.18636363636364,
        438.18636363636364,
        438.18636363636364,
        438.1931818181818,
        438.1931818181818,
        438.1931818181818,
        438.1931818181818,
        438.1931818181818,
        438.1931818181818,
        438.1931818181818,
        438.1931818181818,
        438.1931818181818,
        438.1931818181818,
        438.1931818181818,
        438.1931818181818,
        438.1931818181818
      ]
    }
  },
  "per_generation": [
    {
      "gen": 0.0,
      "best": 436.1,
      "mean": -Infinity
    },
    {
      "gen": 1.0,
      "best": 436.1,
      "mean": 417.01590909090913
    },
    {
      "gen": 2.0,
      "best": 436.1,
      "mean": 417.01590909090913
    },
    {
      "gen": 3.0,
      "best": 436.1,
      "mean": 426.24090909090916
    },
    {
      "gen": 4.0,
      "best": 436.1,
      "mean": 426.24090909090916
    },
    {
      "gen": 5.0,
      "best": 436.85,
      "mean": 432.39772727272725
    },
    {
      "gen": 6.0,
      "best": 436.85,
      "mean": 433.48863636363626
    },
    {
      "gen": 7.0,
      "best": 437.75,
      "mean": 436.60454545454553
    },
    {
      "gen": 8.0,
      "best": 437.75,
      "mean": 436.61818181818194
    },
    {
      "gen": 9.0,
      "best": 437.75,
      "mean": 436.61818181818194
    },
    {
      "gen": 10.0,
      "best": 437.75,
      "mean": 436.6386363636364
    },
    {
      "gen": 11.0,
      "best": 437.75,
      "mean": 436.72727272727275
    },
    {
      "gen": 12.0,
      "best": 437.75,
      "mean": 436.72727272727275
    },
    {
      "gen": 13.0,
      "best": 437.75,
      "mean": 436.72727272727275
    },
    {
      "gen": 14.0,
      "best": 437.75,
      "mean": 436.7886363636364
    },
    {
      "gen": 15.0,
      "best": 437.75,
      "mean": 436.7886363636364
    },
    {
      "gen": 16.0,
      "best": 437.75,
      "mean": 436.7886363636364
    },
    {
      "gen": 17.0,
      "best": 437.75,
      "mean": 437.0
    },
    {
      "gen": 18.0,
      "best": 438.2,
      "mean": 437.62045454545455
    },
    {
      "gen": 19.0,
      "best": 438.2,
      "mean": 437.62045454545455
    },
    {
      "gen": 20.0,
      "best": 438.2,
      "mean": 437.62045454545455
    },
    {
      "gen": 21.0,
      "best": 438.2,
      "mean": 437.76363636363635
    },
    {
      "gen": 22.0,
      "best": 438.2,
      "mean": 437.76363636363635
    },
    {
      "gen": 23.0,
      "best": 438.2,
      "mean": 437.76363636363635
    },
    {
      "gen": 24.0,
      "best": 438.2,
      "mean": 437.76363636363635
    },
    {
      "gen": 25.0,
      "best": 438.2,
      "mean": 437.77045454545447
    },
    {
      "gen": 26.0,
      "best": 438.2,