{
  "algo": "pso",
  "hparams": {
    "generations": 100,
    "popsize": 22,
    "fix_last_gene": true,
    "seed": 707,
    "verbosity": 1,
    "log_every": 1,
    "evals_cap": 10000,
    "w": 0.9689230561530664,
    "c1": 1.4243080799588501,
    "c2": 2.196502234658871
  },
  "metrics": {
    "best_final": 438.65,
    "auc_best": 43404.45000000008,
    "auc_best_norm": 438.4287878787887,
    "runtime_sec": 92.07729744911194,
    "evals_total": -1,
    "budget_triggered": false,
    "stop_reason": "None"
  },
  "diagnostics": {
    "best": {
      "start": 437.15,
      "end": 438.65,
      "delta_abs": 1.5,
      "delta_rel": 0.0034313164817568343,
      "max_val": 438.65,
      "argmax": 18,
      "auc_raw": 43404.45000000008,
      "auc_norm": 438.4287878787887
    },
    "mean": {
      "start": -Infinity,
      "end": 438.64999999999986,
      "delta_abs": Infinity,
      "delta_rel": NaN,
      "max_val": 438.64999999999986,
      "argmax": 48,
      "auc_raw": -Infinity,
      "auc_norm": -Infinity
    }
  },
  "genomes": {
    "best_genome": [
      0,
      0,
      0,
      1,
      1,
      0,
      1,
      1,
      1,
      1,
      0,
      0,
      1,
      1,
      0,
      0,
      0,
      0,
      0,
      0,
      0,
      0,
      0,
      0,
      0,
      0,
      0,
      0,
      0,
      0,
      0,
      0,
      1
    ],
    "all_best_genomes": null
  },
  "raw": {
    "curves": {
      "best": [
        437.15,
        437.15,
        437.15,
        437.15,
        437.15,
        437.15,
        437.15,
        437.15,
        437.15,
        437.15,
        437.15,
        437.15,
        437.45,
        437.45,
        437.45,
        437.9,
        438.5,
        438.5,
        438.65,
        438.65,
        438.65,
        438.65,
        438.65,
        438.65,
        438.65,
        438.65,
        438.65,
        438.65,
        438.65,
        438.65,
        438.65,
        438.65,
        438.65,
        438.65,
        438.65,
        438.65,
        438.65,
        438.65,
        438.65,
        438.65,
        438.65,
        438.65,
        438.65,
        438.65,
        438.65,
        438.65,
        438.65,
        438.65,
        438.65,
        438.65,
        438.65,
        438.65,
        438.65,
        438.65,
        438.65,
        438.65,
        438.65,
        438.65,
        438.65,
        438.65,
        438.65,
        438.65,
        438.65,
        438.65,
        438.65,
        438.65,
        438.65,
        438.65,
        438.65,
        438.65,
        438.65,
        438.65,
        438.65,
        438.65,
        438.65,
        438.65,
        438.65,
        438.65,
        438.65,
        438.65,
        438.65,
        438.65,
        438.65,
        438.65,
        438.65,
        438.65,
        438.65,
        438.65,
        438.65,
        438.65,
        438.65,
        438.65,
        438.65,
        438.65,
        438.65,
        438.65,
        438.65,
        438.65,
        438.65,
        438.65
      ],
      "mean": [
        -Infinity,
        -Infinity,
        434.4704545454546,
        434.49772727272733,
        434.49772727272733,
        435.63636363636374,
        435.63636363636374,
        435.63636363636374,
        435.75909090909084,
        436.23636363636376,
        436.23636363636376,
        436.25681818181823,
        436.35227272727275,
        436.44772727272726,
        436.4886363636364,
        436.7613636363636,
        437.17045454545456,
        437.17045454545456,
        437.47727272727263,
        437.4977272727272,
        437.5386363636363,
        437.63409090909084,
        437.63409090909084,
        437.80454545454535,
        437.94772727272726,
        437.94772727272726,
        438.06363636363636,
        438.0704545454546,
        438.0704545454546,
        438.1454545454546,
        438.2068181818182,
        438.3431818181817,
        438.34999999999997,
        438.3977272727272,
        438.4727272727272,
        438.4727272727272,
        438.4727272727272,
        438.56136363636364,
        438.6227272727272,
        438.6227272727272,
        438.6227272727272,
        438.6227272727272,
        438.6227272727272,
        438.6227272727272,
        438.6227272727272,
        438.6295454545454,
        438.6295454545454,
        438.6295454545454,
        438.64999999999986,
        438.64999999999986,
        438.64999999999986,
        438.64999999999986,
        438.64999999999986,
        438.64999999999986,
        438.64999999999986,
        438.64999999999986,
        438.64999999999986,
        438.64999999999986,
        438.64999999999986,
        438.64999999999986,
        438.64999999999986,
        438.64999999999986,
        438.64999999999986,
        438.64999999999986,
        438.64999999999986,
        438.64999999999986,
        438.64999999999986,
        438.64999999999986,
        438.64999999999986,
        438.64999999999986,
        438.64999999999986,
        438.64999999999986,
        438.64999999999986,
        438.64999999999986,
        438.64999999999986,
        438.64999999999986,
        438.64999999999986,
        438.64999999999986,
        438.64999999999986,
        438.64999999999986,
        438.64999999999986,
        438.64999999999986,
        438.64999999999986,
        438.64999999999986,
        438.64999999999986,
        438.64999999999986,
        438.64999999999986,
        438.64999999999986,
        438.64999999999986,
        438.64999999999986,
        438.64999999999986,
        438.64999999999986,
        438.64999999999986,
        438.64999999999986,
        438.64999999999986,
        438.64999999999986,
        438.64999999999986,
        438.64999999999986,
        438.64999999999986,
        438.64999999999986
      ]
    }
  },
  "per_generation": [
    {
      "gen": 0.0,
      "best": 437.15,
      "mean": -Infinity
    },
    {
      "gen": 1.0,
      "best": 437.15,
      "mean": -Infinity
    },
    {
      "gen": 2.0,
      "best": 437.15,
      "mean": 434.4704545454546
    },
    {
      "gen": 3.0,
      "best": 437.15,
      "mean": 434.49772727272733
    },
    {
      "gen": 4.0,
      "best": 437.15,
      "mean": 434.49772727272733
    },
    {
      "gen": 5.0,
      "best": 437.15,
      "mean": 435.63636363636374
    },
    {
      "gen": 6.0,
      "best": 437.15,
      "mean": 435.63636363636374
    },
    {
      "gen": 7.0,
      "best": 437.15,
      "mean": 435.63636363636374
    },
    {
      "gen": 8.0,
      "best": 437.15,
      "mean": 435.75909090909084
    },
    {
      "gen": 9.0,
      "best": 437.15,
      "mean": 436.23636363636376
    },
    {
      "gen": 10.0,
      "best": 437.15,
      "mean": 436.23636363636376
    },
    {
      "gen": 11.0,
      "best": 437.15,
      "mean": 436.25681818181823
    },
    {
      "gen": 12.0,
      "best": 437.45,
      "mean": 436.35227272727275
    },
    {
      "gen": 13.0,
      "best": 437.45,
      "mean": 436.44772727272726
    },
    {
      "gen": 14.0,
      "best": 437.45,
      "mean": 436.4886363636364
    },
    {
      "gen": 15.0,
      "best": 437.9,
      "mean": 436.7613636363636
    },
    {
      "gen": 16.0,
      "best": 438.5,
      "mean": 437.17045454545456
    },
    {
      "gen": 17.0,
      "best": 438.5,
      "mean": 437.17045454545456
    },
    {
      "gen": 18.0,
      "best": 438.65,
      "mean": 437.47727272727263
    },
    {
      "gen": 19.0,
      "best": 438.65,
      "mean": 437.4977272727272
    },
    {
      "gen": 20.0,
      "best": 438.65,
      "mean": 437.5386363636363
    },
    {
      "gen": 21.0,
      "best": 438.65,
      "mean": 437.63409090909084
    },
    {
      "gen": 22.0,
      "best": 438.65,
      "mean": 437.63409090909084
    },
    {
      "gen": 23.0,
      "best": 438.65,
      "mean": 437.80454545454535
    },
    {
      "gen": 24.0,
      "best": 438.65,