{
  "algo": "pso",
  "hparams": {
    "generations": 100,
    "popsize": 22,
    "fix_last_gene": true,
    "seed": 303,
    "verbosity": 1,
    "log_every": 1,
    "evals_cap": 10000,
    "w": 0.49220136507804507,
    "c1": 1.9676484806306802,
    "c2": 1.337784828159975
  },
  "metrics": {
    "best_final": 438.65,
    "auc_best": 43374.37500000007,
    "auc_best_norm": 438.12500000000074,
    "runtime_sec": 69.73555946350098,
    "evals_total": -1,
    "budget_triggered": false,
    "stop_reason": "None"
  },
  "diagnostics": {
    "best": {
      "start": 436.1,
      "end": 438.65,
      "delta_abs": 2.5499999999999545,
      "delta_rel": 0.005847282733317942,
      "max_val": 438.65,
      "argmax": 77,
      "auc_raw": 43374.37500000007,
      "auc_norm": 438.12500000000074
    },
    "mean": {
      "start": -Infinity,
      "end": 438.25454545454545,
      "delta_abs": Infinity,
      "delta_rel": NaN,
      "max_val": 438.25454545454545,
      "argmax": 95,
      "auc_raw": -Infinity,
      "auc_norm": -Infinity
    }
  },
  "genomes": {
    "best_genome": [
      1,
      1,
      0,
      0,
      0,
      0,
      1,
      0,
      0,
      0,
      0,
      0,
      1,
      1,
      1,
      0,
      0,
      0,
      0,
      0,
      0,
      0,
      0,
      0,
      0,
      0,
      0,
      0,
      0,
      0,
      0,
      0,
      1
    ],
    "all_best_genomes": null
  },
  "raw": {
    "curves": {
      "best": [
        436.1,
        436.1,
        436.1,
        436.1,
        436.55,
        436.1,
        436.55,
        436.55,
        436.55,
        437.9,
        437.9,
        437.9,
        437.9,
        437.9,
        438.2,
        438.2,
        438.2,
        438.2,
        438.2,
        438.2,
        438.2,
        438.2,
        438.2,
        438.2,
        438.2,
        438.2,
        438.2,
        438.2,
        438.2,
        438.2,
        438.2,
        438.2,
        438.2,
        438.2,
        438.2,
        438.2,
        438.2,
        438.2,
        438.2,
        438.2,
        438.2,
        438.2,
        438.2,
        438.2,
        438.2,
        438.2,
        438.2,
        438.2,
        438.2,
        438.2,
        438.2,
        438.2,
        438.2,
        438.2,
        438.2,
        438.2,
        438.2,
        438.2,
        438.2,
        438.2,
        438.2,
        438.2,
        438.2,
        438.2,
        438.2,
        438.2,
        438.2,
        438.2,
        438.2,
        438.2,
        438.2,
        438.2,
        438.2,
        438.2,
        438.2,
        438.2,
        438.2,
        438.65,
        438.65,
        438.65,
        438.65,
        438.65,
        438.65,
        438.65,
        438.65,
        438.65,
        438.65,
        438.65,
        438.65,
        438.65,
        438.65,
        438.65,
        438.65,
        438.65,
        438.65,
        438.65,
        438.65,
        438.65,
        438.65,
        438.65
      ],
      "mean": [
        -Infinity,
        -Infinity,
        422.3818181818182,
        422.94090909090914,
        432.4045454545454,
        432.4045454545454,
        432.4045454545454,
        433.7136363636364,
        433.7136363636364,
        436.7613636363636,
        436.82272727272726,
        436.82272727272726,
        436.82272727272726,
        436.8636363636364,
        437.3545454545454,
        437.3545454545454,
        437.3545454545454,
        437.3545454545454,
        437.3545454545454,
        437.3545454545454,
        437.3545454545454,
        437.3545454545454,
        437.38863636363635,
        437.38863636363635,
        437.38863636363635,
        437.38863636363635,
        437.38863636363635,
        437.38863636363635,
        437.38863636363635,
        437.41590909090905,
        437.41590909090905,
        437.41590909090905,
        437.41590909090905,
        437.41590909090905,
        437.44318181818176,
        437.47045454545446,
        437.5045454545454,
        437.5045454545454,
        437.5045454545454,
        437.5045454545454,
        437.52499999999986,
        437.52499999999986,
        437.54545454545445,
        437.54545454545445,
        437.54545454545445,
        437.54545454545445,
        437.70227272727277,
        437.70227272727277,
        437.70227272727277,
        437.70227272727277,
        437.70227272727277,
        437.70227272727277,
        437.70227272727277,
        437.70227272727277,
        437.70227272727277,
        437.70227272727277,
        437.70227272727277,
        437.70227272727277,
        437.70227272727277,
        437.70227272727277,
        437.70227272727277,
        437.70227272727277,
        437.70227272727277,
        437.70227272727277,
        437.70227272727277,
        437.7431818181818,
        437.7431818181818,
        437.7431818181818,
        437.7431818181818,
        437.7431818181818,
        437.7431818181818,
        437.7431818181818,
        437.7431818181818,
        437.7431818181818,
        437.7431818181818,
        437.7431818181818,
        437.7431818181818,
        438.0909090909092,
        438.0909090909092,
        438.0909090909092,
        438.0909090909092,
        438.0909090909092,
        438.0909090909092,
        438.0909090909092,
        438.0909090909092,
        438.09772727272735,
        438.09772727272735,
        438.09772727272735,
        438.10454545454553,
        438.10454545454553,
        438.10454545454553,
        438.10454545454553,
        438.18636363636364,
        438.18636363636364,
        438.18636363636364,
        438.25454545454545,
        438.25454545454545,
        438.25454545454545,
        438.25454545454545,
        438.25454545454545
      ]
    }
  },
  "per_generation": [
    {
      "gen": 0.0,
      "best": 436.1,
      "mean": -Infinity
    },
    {
      "gen": 1.0,
      "best": 436.1,
      "mean": -Infinity
    },
    {
      "gen": 2.0,
      "best": 436.1,
      "mean": 422.3818181818182
    },
    {
      "gen": 3.0,
      "best": 436.1,
      "mean": 422.94090909090914
    },
    {
      "gen": 4.0,
      "best": 436.55,
      "mean": 432.4045454545454
    },
    {
      "gen": 5.0,
      "best": 436.1,
      "mean": 432.4045454545454
    },
    {
      "gen": 6.0,
      "best": 436.55,
      "mean": 432.4045454545454
    },
    {
      "gen": 7.0,
      "best": 436.55,
      "mean": 433.7136363636364
    },
    {
      "gen": 8.0,
      "best": 436.55,
      "mean": 433.7136363636364
    },
    {
      "gen": 9.0,
      "best": 437.9,
      "mean": 436.7613636363636
    },
    {
      "gen": 10.0,
      "best": 437.9,
      "mean": 436.82272727272726
    },
    {
      "gen": 11.0,
      "best": 437.9,
      "mean": 436.82272727272726
    },
    {
      "gen": 12.0,
      "best": 437.9,
      "mean": 436.82272727272726
    },
    {
      "gen": 13.0,
      "best": 437.9,
      "mean": 436.8636363636364
    },
    {
      "gen": 14.0,
      "best": 438.2,
      "mean": 437.3545454545454
    },
    {
      "gen": 15.0,
      "best": 438.2,
      "mean": 437.3545454545454
    },
    {
      "gen": 16.0,
      "best": 438.2,
      "mean": 437.3545454545454
    },
    {
      "gen": 17.0,
      "best": 438.2,
      "mean": 437.3545454545454
    },
    {
      "gen": 18.0,
      "best": 438.2,
      "mean": 437.3545454545454
    },
    {
      "gen": 19.0,
      "best": 438.2,
      "mean": 437.3545454545454
    },
    {
      "gen": 20.0,
      "best": 438.2,
      "mean": 437.3545454545454
    },
    {
      "gen": 21.0,
      "best": 438.2,
      "mean": 437.3545454545454
    },
    {
      "gen": 22.0,
      "best": 438.2,
      "mean": 437.38863636363635
    },
    {
      "gen": 23.0,
      "best": 438.2,
      "mean": 437.38863636363635
    },
    {
      "gen": 24.0,
      "best": 438.2,
      "mean": 437.38863636363635
    },
    {
      "gen": 25.0,
      "best": 438.2,