{
  "algo": "pso",
  "hparams": {
    "generations": 100,
    "popsize": 22,
    "fix_last_gene": true,
    "seed": 1001,
    "verbosity": 1,
    "log_every": 1,
    "evals_cap": 10000,
    "w": 0.7649536565554249,
    "c1": 0.8647615656924663,
    "c2": 1.4474583404683392
  },
  "metrics": {
    "best_final": 438.2,
    "auc_best": 43348.874999999905,
    "auc_best_norm": 437.8674242424233,
    "runtime_sec": 70.14478158950806,
    "evals_total": -1,
    "budget_triggered": false,
    "stop_reason": "None"
  },
  "diagnostics": {
    "best": {
      "start": 436.55,
      "end": 438.2,
      "delta_abs": 1.6499999999999773,
      "delta_rel": 0.0037796357805520036,
      "max_val": 438.2,
      "argmax": 69,
      "auc_raw": 43348.874999999905,
      "auc_norm": 437.8674242424233
    },
    "mean": {
      "start": -Infinity,
      "end": 438.10454545454553,
      "delta_abs": Infinity,
      "delta_rel": NaN,
      "max_val": 438.10454545454553,
      "argmax": 88,
      "auc_raw": -Infinity,
      "auc_norm": -Infinity
    }
  },
  "genomes": {
    "best_genome": [
      0,
      1,
      0,
      1,
      0,
      1,
      0,
      1,
      0,
      0,
      1,
      1,
      1,
      1,
      1,
      1,
      0,
      0,
      0,
      0,
      1,
      0,
      0,
      0,
      0,
      0,
      0,
      0,
      0,
      0,
      0,
      0,
      1
    ],
    "all_best_genomes": null
  },
  "raw": {
    "curves": {
      "best": [
        436.55,
        436.55,
        436.55,
        436.55,
        436.55,
        436.55,
        436.55,
        436.55,
        436.55,
        436.55,
        436.55,
        436.55,
        437.15,
        437.6,
        437.6,
        437.6,
        437.6,
        437.6,
        437.6,
        437.6,
        437.6,
        437.6,
        437.6,
        438.05,
        438.05,
        438.05,
        438.05,
        438.05,
        438.05,
        438.05,
        438.05,
        438.05,
        438.05,
        438.05,
        438.05,
        438.05,
        438.05,
        438.05,
        438.05,
        438.05,
        438.05,
        438.05,
        438.05,
        438.05,
        438.05,
        438.05,
        438.05,
        438.05,
        438.05,
        438.05,
        438.05,
        438.05,
        438.05,
        438.05,
        438.05,
        438.05,
        438.05,
        438.05,
        438.05,
        438.05,
        438.05,
        438.05,
        438.05,
        438.05,
        438.05,
        438.05,
        438.05,
        438.05,
        438.05,
        438.2,
        438.2,
        438.2,
        438.2,
        438.2,
        438.2,
        438.2,
        438.2,
        438.2,
        438.2,
        438.2,
        438.2,
        438.2,
        438.2,
        438.2,
        438.2,
        438.2,
        438.2,
        438.2,
        438.2,
        438.2,
        438.2,
        438.2,
        438.2,
        438.2,
        438.2,
        438.2,
        438.2,
        438.2,
        438.2,
        438.2
      ],
      "mean": [
        -Infinity,
        420.20000000000005,
        421.38636363636374,
        421.9250000000001,
        421.99318181818194,
        425.00681818181823,
        425.02045454545464,
        425.39545454545447,
        425.39545454545447,
        425.39545454545447,
        427.49545454545455,
        427.6113636363636,
        433.2568181818182,
        436.58409090909095,
        436.58409090909095,
        436.58409090909095,
        436.58409090909095,
        436.58409090909095,
        436.59090909090907,
        436.59772727272724,
        436.59772727272724,
        436.59772727272724,
        436.70000000000005,
        437.0136363636364,
        437.0136363636364,
        437.03409090909093,
        437.03409090909093,
        437.03409090909093,
        437.03409090909093,
        437.04090909090905,
        437.18409090909097,
        437.18409090909097,
        437.18409090909097,
        437.18409090909097,
        437.18409090909097,
        437.18409090909097,
        437.18409090909097,
        437.18409090909097,
        437.18409090909097,
        437.1909090909092,
        437.4704545454546,
        437.49772727272733,
        437.49772727272733,
        437.49772727272733,
        437.66818181818184,
        437.66818181818184,
        437.66818181818184,
        437.66818181818184,
        437.6886363636364,
        437.6886363636364,
        437.75,
        437.75,
        437.7704545454546,
        437.7704545454546,
        437.7704545454546,
        437.7704545454546,
        437.7704545454546,
        437.7704545454546,
        437.7704545454546,
        437.7704545454546,
        437.7704545454546,
        437.7704545454546,
        437.7704545454546,
        437.7704545454546,
        437.7704545454546,
        437.7704545454546,
        437.7704545454546,
        437.7704545454546,
        437.7704545454546,
        437.82500000000005,
        437.86590909090904,
        437.86590909090904,
        437.86590909090904,
        437.86590909090904,
        437.86590909090904,
        437.86590909090904,
        437.86590909090904,
        437.86590909090904,
        437.86590909090904,
        437.86590909090904,
        437.90681818181815,
        437.90681818181815,
        437.90681818181815,
        437.90681818181815,
        437.90681818181815,
        438.07045454545454,
        438.07045454545454,
        438.07045454545454,
        438.10454545454553,
        438.10454545454553,
        438.10454545454553,
        438.10454545454553,
        438.10454545454553,
        438.10454545454553,
        438.10454545454553,
        438.10454545454553,
        438.10454545454553,
        438.10454545454553,
        438.10454545454553,
        438.10454545454553
      ]
    }
  },
  "per_generation": [
    {
      "gen": 0.0,
      "best": 436.55,
      "mean": -Infinity
    },
    {
      "gen": 1.0,
      "best": 436.55,
      "mean": 420.20000000000005
    },
    {
      "gen": 2.0,
      "best": 436.55,
      "mean": 421.38636363636374
    },
    {
      "gen": 3.0,
      "best": 436.55,
      "mean": 421.9250000000001
    },
    {
      "gen": 4.0,
      "best": 436.55,
      "mean": 421.99318181818194
    },
    {
      "gen": 5.0,
      "best": 436.55,
      "mean": 425.00681818181823
    },
    {
      "gen": 6.0,
      "best": 436.55,
      "mean": 425.02045454545464
    },
    {
      "gen": 7.0,
      "best": 436.55,
      "mean": 425.39545454545447
    },
    {
      "gen": 8.0,
      "best": 436.55,
      "mean": 425.39545454545447
    },
    {
      "gen": 9.0,
      "best": 436.55,
      "mean": 425.39545454545447
    },
    {
      "gen": 10.0,
      "best": 436.55,
      "mean": 427.49545454545455
    },
    {
      "gen": 11.0,
      "best": 436.55,
      "mean": 427.6113636363636
    },
    {
      "gen": 12.0,
      "best": 437.15,
      "mean": 433.2568181818182
    },
    {
      "gen": 13.0,
      "best": 437.6,
      "mean": 436.58409090909095
    },
    {
      "gen": 14.0,
      "best": 437.6,
      "mean": 436.58409090909095
    },
    {
      "gen": 15.0,
      "best": 437.6,
      "mean": 436.58409090909095
    },
    {
      "gen": 16.0,
      "best": 437.6,
      "mean": 436.58409090909095
    },
    {
      "gen": 17.0,
      "best": 437.6,
      "mean": 436.58409090909095
    },
    {
      "gen": 18.0,
      "best": 437.6,
      "mean": 436.59090909090907
    },
    {
      "gen": 19.0,
      "best": 437.6,
      "mean": 436.59772727272724
    },
    {
      "gen": 20.0,
      "best": 437.6,
      "mean": 436.59772727272724
    },
    {
      "gen": 21.0,
      "best": 437.6,
      "mean": 436.59772727272724
    },
    {
      "gen": 22.0,
      "best": 437.6,
      "mean": 436.70000000000005
    },
    {
      "gen": 23.0,
      "best": 438.05,
      "mean": 437.0136363636364
    },
    {
      "gen": 24.0,
      "best": 438.05,
      "mean": 437.0136363636364
    },
    {
      "gen": 25.0,