{
  "algo": "pso",
  "hparams": {
    "generations": 100,
    "popsize": 22,
    "fix_last_gene": true,
    "seed": 202,
    "verbosity": 1,
    "log_every": 1,
    "evals_cap": 10000,
    "w": 0.8212906096340626,
    "c1": 2.2,
    "c2": 1.0675445762230726
  },
  "metrics": {
    "best_final": 438.65,
    "auc_best": 43391.775000000045,
    "auc_best_norm": 438.30075757575804,
    "runtime_sec": 75.41471910476685,
    "evals_total": -1,
    "budget_triggered": false,
    "stop_reason": "None"
  },
  "diagnostics": {
    "best": {
      "start": 436.1,
      "end": 438.65,
      "delta_abs": 2.5499999999999545,
      "delta_rel": 0.005847282733317942,
      "max_val": 438.65,
      "argmax": 62,
      "auc_raw": 43391.775000000045,
      "auc_norm": 438.30075757575804
    },
    "mean": {
      "start": -Infinity,
      "end": 438.22727272727275,
      "delta_abs": Infinity,
      "delta_rel": NaN,
      "max_val": 438.22727272727275,
      "argmax": 83,
      "auc_raw": -Infinity,
      "auc_norm": -Infinity
    }
  },
  "genomes": {
    "best_genome": [
      0,
      0,
      0,
      1,
      0,
      1,
      0,
      1,
      0,
      0,
      1,
      0,
      1,
      0,
      1,
      0,
      0,
      0,
      0,
      0,
      0,
      0,
      0,
      0,
      0,
      0,
      0,
      0,
      0,
      0,
      0,
      0,
      1
    ],
    "all_best_genomes": null
  },
  "raw": {
    "curves": {
      "best": [
        436.1,
        436.1,
        436.1,
        436.1,
        436.1,
        436.55,
        436.55,
        437.9,
        437.9,
        437.9,
        437.9,
        437.9,
        437.9,
        437.9,
        437.9,
        437.9,
        437.9,
        438.35,
        438.35,
        438.35,
        438.35,
        438.35,
        438.35,
        438.35,
        438.35,
        438.35,
        438.35,
        438.35,
        438.35,
        438.35,
        438.35,
        438.35,
        438.35,
        438.35,
        438.35,
        438.35,
        438.35,
        438.35,
        438.35,
        438.35,
        438.35,
        438.35,
        438.35,
        438.35,
        438.35,
        438.35,
        438.35,
        438.35,
        438.5,
        438.5,
        438.5,
        438.5,
        438.5,
        438.5,
        438.5,
        438.5,
        438.5,
        438.5,
        438.5,
        438.5,
        438.5,
        438.5,
        438.65,
        438.65,
        438.65,
        438.65,
        438.65,
        438.65,
        438.65,
        438.65,
        438.65,
        438.65,
        438.65,
        438.65,
        438.65,
        438.65,
        438.65,
        438.65,
        438.65,
        438.65,
        438.65,
        438.65,
        438.65,
        438.65,
        438.65,
        438.65,
        438.65,
        438.65,
        438.65,
        438.65,
        438.65,
        438.65,
        438.65,
        438.65,
        438.65,
        438.65,
        438.65,
        438.65,
        438.65,
        438.65
      ],
      "mean": [
        -Infinity,
        416.84545454545463,
        416.84545454545463,
        419.90000000000003,
        419.90000000000003,
        421.1,
        426.1999999999999,
        436.97272727272724,
        437.0068181818182,
        437.0068181818182,
        437.075,
        437.0954545454546,
        437.0954545454546,
        437.10227272727275,
        437.1431818181818,
        437.1431818181818,
        437.1431818181818,
        437.36136363636365,
        437.74999999999994,
        437.74999999999994,
        437.74999999999994,
        437.81818181818176,
        437.81818181818176,
        437.81818181818176,
        437.81818181818176,
        437.81818181818176,
        437.83181818181816,
        437.83181818181816,
        437.84545454545446,
        437.84545454545446,
        437.84545454545446,
        437.8590909090908,
        437.8590909090908,
        437.8590909090908,
        437.8590909090908,
        437.8590909090908,
        437.8590909090908,
        437.8590909090908,
        437.8590909090908,
        437.88636363636346,
        437.88636363636346,
        437.88636363636346,
        437.99545454545455,
        437.99545454545455,
        437.99545454545455,
        438.01590909090913,
        438.01590909090913,
        438.01590909090913,
        438.04318181818184,
        438.04318181818184,
        438.04318181818184,
        438.05681818181824,
        438.05681818181824,
        438.05681818181824,
        438.05681818181824,
        438.08409090909095,
        438.08409090909095,
        438.08409090909095,
        438.08409090909095,
        438.08409090909095,
        438.11136363636365,
        438.11136363636365,
        438.17954545454546,
        438.17954545454546,
        438.17954545454546,
        438.17954545454546,
        438.17954545454546,
        438.18636363636364,
        438.18636363636364,
        438.18636363636364,
        438.1931818181818,
        438.1931818181818,
        438.1931818181818,
        438.1931818181818,
        438.1931818181818,
        438.1931818181818,
        438.1931818181818,
        438.1931818181818,
        438.1931818181818,
        438.1931818181818,
        438.1931818181818,
        438.2204545454546,
        438.2204545454546,
        438.22727272727275,
        438.22727272727275,
        438.22727272727275,
        438.22727272727275,
        438.22727272727275,
        438.22727272727275,
        438.22727272727275,
        438.22727272727275,
        438.22727272727275,
        438.22727272727275,
        438.22727272727275,
        438.22727272727275,
        438.22727272727275,
        438.22727272727275,
        438.22727272727275,
        438.22727272727275,
        438.22727272727275
      ]
    }
  },
  "per_generation": [
    {
      "gen": 0.0,
      "best": 436.1,
      "mean": -Infinity
    },
    {
      "gen": 1.0,
      "best": 436.1,
      "mean": 416.84545454545463
    },
    {
      "gen": 2.0,
      "best": 436.1,
      "mean": 416.84545454545463
    },
    {
      "gen": 3.0,
      "best": 436.1,
      "mean": 419.90000000000003
    },
    {
      "gen": 4.0,
      "best": 436.1,
      "mean": 419.90000000000003
    },
    {
      "gen": 5.0,
      "best": 436.55,
      "mean": 421.1
    },
    {
      "gen": 6.0,
      "best": 436.55,
      "mean": 426.1999999999999
    },
    {
      "gen": 7.0,
      "best": 437.9,
      "mean": 436.97272727272724
    },
    {
      "gen": 8.0,
      "best": 437.9,
      "mean": 437.0068181818182
    },
    {
      "gen": 9.0,
      "best": 437.9,
      "mean": 437.0068181818182
    },
    {
      "gen": 10.0,
      "best": 437.9,
      "mean": 437.075
    },
    {
      "gen": 11.0,
      "best": 437.9,
      "mean": 437.0954545454546
    },
    {
      "gen": 12.0,
      "best": 437.9,
      "mean": 437.0954545454546
    },
    {
      "gen": 13.0,
      "best": 437.9,
      "mean": 437.10227272727275
    },
    {
      "gen": 14.0,
      "best": 437.9,
      "mean": 437.1431818181818
    },
    {
      "gen": 15.0,
      "best": 437.9,
      "mean": 437.1431818181818
    },
    {
      "gen": 16.0,
      "best": 437.9,
      "mean": 437.1431818181818
    },
    {
      "gen": 17.0,
      "best": 438.35,
      "mean": 437.36136363636365
    },
    {
      "gen": 18.0,
      "best": 438.35,
      "mean": 437.74999999999994
    },
    {
      "gen": 19.0,
      "best": 438.35,
      "mean": 437.74999999999994
    },
    {
      "gen": 20.0,
      "best": 438.35,
      "mean": 437.74999999999994
    },
    {
      "gen": 21.0,
      "best": 438.35,
      "mean": 437.81818181818176
    },
    {
      "gen": 22.0,
      "best": 438.35,
      "mean": 437.81818181818176
    },
    {
      "gen": 23.0,
      "best": 438.35,
      "mean": 437.81818181818176
    },
    {
      "gen": 24.0,
      "best": 438.35,
      "mean": 437.81818181818176
    },
    {
      "gen": 25.0,
      "best": 438.35,