{
  "algo": "pso",
  "hparams": {
    "generations": 100,
    "popsize": 22,
    "fix_last_gene": true,
    "seed": 1001,
    "verbosity": 1,
    "log_every": 1,
    "evals_cap": 10000,
    "w": 0.5478548704585731,
    "c1": 1.8092392799638073,
    "c2": 1.5647151418015632
  },
  "metrics": {
    "best_final": 438.5,
    "auc_best": 43375.874999999935,
    "auc_best_norm": 438.1401515151509,
    "runtime_sec": 86.6124677658081,
    "evals_total": -1,
    "budget_triggered": false,
    "stop_reason": "None"
  },
  "diagnostics": {
    "best": {
      "start": 436.55,
      "end": 438.5,
      "delta_abs": 1.9499999999999886,
      "delta_rel": 0.004466842286106949,
      "max_val": 438.5,
      "argmax": 88,
      "auc_raw": 43375.874999999935,
      "auc_norm": 438.1401515151509
    },
    "mean": {
      "start": -Infinity,
      "end": 438.17272727272723,
      "delta_abs": Infinity,
      "delta_rel": NaN,
      "max_val": 438.17272727272723,
      "argmax": 88,
      "auc_raw": -Infinity,
      "auc_norm": -Infinity
    }
  },
  "genomes": {
    "best_genome": [
      1,
      0,
      0,
      1,
      1,
      1,
      0,
      1,
      0,
      1,
      1,
      0,
      0,
      1,
      1,
      0,
      0,
      0,
      0,
      0,
      0,
      0,
      0,
      1,
      0,
      0,
      0,
      0,
      0,
      0,
      0,
      0,
      1
    ],
    "all_best_genomes": null
  },
  "raw": {
    "curves": {
      "best": [
        436.55,
        436.55,
        436.55,
        437.45,
        437.45,
        437.45,
        437.45,
        437.45,
        437.45,
        437.45,
        437.45,
        437.45,
        437.45,
        437.45,
        437.45,
        437.45,
        437.45,
        437.45,
        437.45,
        437.45,
        437.45,
        437.45,
        437.45,
        438.35,
        438.35,
        438.35,
        438.35,
        438.35,
        438.35,
        438.35,
        438.35,
        438.35,
        438.35,
        438.35,
        438.35,
        438.35,
        438.35,
        438.35,
        438.35,
        438.35,
        438.35,
        438.35,
        438.35,
        438.35,
        438.35,
        438.35,
        438.35,
        438.35,
        438.35,
        438.35,
        438.35,
        438.35,
        438.35,
        438.35,
        438.35,
        438.35,
        438.35,
        438.35,
        438.35,
        438.35,
        438.35,
        438.35,
        438.35,
        438.35,
        438.35,
        438.35,
        438.35,
        438.35,
        438.35,
        438.35,
        438.35,
        438.35,
        438.35,
        438.35,
        438.35,
        438.35,
        438.35,
        438.35,
        438.35,
        438.35,
        438.35,
        438.35,
        438.35,
        438.35,
        438.35,
        438.35,
        438.35,
        438.35,
        438.5,
        438.5,
        438.5,
        438.5,
        438.5,
        438.5,
        438.5,
        438.5,
        438.5,
        438.5,
        438.5,
        438.5
      ],
      "mean": [
        -Infinity,
        420.27500000000003,
        425.57272727272726,
        425.9681818181818,
        426.00909090909084,
        426.00909090909084,
        426.1045454545454,
        426.5068181818182,
        426.52045454545447,
        426.52045454545447,
        426.54772727272723,
        426.6636363636363,
        434.1295454545454,
        436.37954545454545,
        436.37954545454545,
        436.37954545454545,
        436.37954545454545,
        436.4068181818182,
        436.5568181818182,
        436.5568181818182,
        436.5568181818182,
        436.5568181818182,
        436.58409090909095,
        436.9454545454546,
        436.9454545454546,
        437.0204545454546,
        437.0204545454546,
        437.0204545454546,
        437.0204545454546,
        437.02727272727276,
        437.2045454545454,
        437.2045454545454,
        437.2045454545454,
        437.2045454545454,
        437.21136363636356,
        437.23181818181814,
        437.23181818181814,
        437.23181818181814,
        437.23181818181814,
        437.25909090909084,
        437.25909090909084,
        437.25909090909084,
        437.25909090909084,
        437.25909090909084,
        437.44318181818176,
        437.44318181818176,
        437.44318181818176,
        437.44318181818176,
        437.44318181818176,
        437.44318181818176,
        437.5045454545454,
        437.5045454545454,
        437.5931818181818,
        437.5931818181818,
        437.5931818181818,
        437.5931818181818,
        437.5931818181818,
        437.5931818181818,
        437.5931818181818,
        437.5931818181818,
        437.60681818181814,
        437.60681818181814,
        437.62045454545444,
        437.62045454545444,
        437.62045454545444,
        437.62045454545444,
        437.62045454545444,
        437.62045454545444,
        437.62045454545444,
        437.62045454545444,
        437.62045454545444,
        437.62045454545444,
        437.62045454545444,
        437.62045454545444,
        437.62045454545444,
        437.62045454545444,
        437.62045454545444,
        437.63409090909084,
        437.63409090909084,
        437.63409090909084,
        437.8454545454546,
        437.8454545454546,
        437.8454545454546,
        437.8454545454546,
        437.8454545454546,
        438.06363636363625,
        438.06363636363625,
        438.06363636363625,
        438.17272727272723,
        438.17272727272723,
        438.17272727272723,
        438.17272727272723,
        438.17272727272723,
        438.17272727272723,
        438.17272727272723,
        438.17272727272723,
        438.17272727272723,
        438.17272727272723,
        438.17272727272723,
        438.17272727272723
      ]
    }
  },
  "per_generation": [
    {
      "gen": 0.0,
      "best": 436.55,
      "mean": -Infinity
    },
    {
      "gen": 1.0,
      "best": 436.55,
      "mean": 420.27500000000003
    },
    {
      "gen": 2.0,
      "best": 436.55,
      "mean": 425.57272727272726
    },
    {
      "gen": 3.0,
      "best": 437.45,
      "mean": 425.9681818181818
    },
    {
      "gen": 4.0,
      "best": 437.45,
      "mean": 426.00909090909084
    },
    {
      "gen": 5.0,
      "best": 437.45,
      "mean": 426.00909090909084
    },
    {
      "gen": 6.0,
      "best": 437.45,
      "mean": 426.1045454545454
    },
    {
      "gen": 7.0,
      "best": 437.45,
      "mean": 426.5068181818182
    },
    {
      "gen": 8.0,
      "best": 437.45,
      "mean": 426.52045454545447
    },
    {
      "gen": 9.0,
      "best": 437.45,
      "mean": 426.52045454545447
    },
    {
      "gen": 10.0,
      "best": 437.45,
      "mean": 426.54772727272723
    },
    {
      "gen": 11.0,
      "best": 437.45,
      "mean": 426.6636363636363
    },
    {
      "gen": 12.0,
      "best": 437.45,
      "mean": 434.1295454545454
    },
    {
      "gen": 13.0,
      "best": 437.45,
      "mean": 436.37954545454545
    },
    {
      "gen": 14.0,
      "best": 437.45,
      "mean": 436.37954545454545
    },
    {
      "gen": 15.0,
      "best": 437.45,
      "mean": 436.37954545454545
    },
    {
      "gen": 16.0,
      "best": 437.45,
      "mean": 436.37954545454545
    },
    {
      "gen": 17.0,
      "best": 437.45,
      "mean": 436.4068181818182
    },
    {
      "gen": 18.0,
      "best": 437.45,
      "mean": 436.5568181818182
    },
    {
      "gen": 19.0,
      "best": 437.45,
      "mean": 436.5568181818182
    },
    {
      "gen": 20.0,
      "best": 437.45,
      "mean": 436.5568181818182
    },
    {
      "gen": 21.0,
      "best": 437.45,
      "mean": 436.5568181818182
    },
    {
      "gen": 22.0,
      "best": 437.45,
      "mean": 436.58409090909095
    },
    {
      "gen": 23.0,
      "best": 438.35,
      "mean": 436.9454545454546
    },
    {
      "gen": 24.0,
      "best": 438.35,