{
  "algo": "pso",
  "hparams": {
    "generations": 100,
    "popsize": 22,
    "fix_last_gene": true,
    "seed": 909,
    "verbosity": 1,
    "log_every": 1,
    "evals_cap": 10000,
    "w": 0.8169531084421852,
    "c1": 1.0973751321528338,
    "c2": 2.2
  },
  "metrics": {
    "best_final": 438.65,
    "auc_best": 43388.17500000007,
    "auc_best_norm": 438.2643939393946,
    "runtime_sec": 97.40672850608826,
    "evals_total": -1,
    "budget_triggered": false,
    "stop_reason": "None"
  },
  "diagnostics": {
    "best": {
      "start": 436.7,
      "end": 438.65,
      "delta_abs": 1.9499999999999886,
      "delta_rel": 0.004465307991756329,
      "max_val": 438.65,
      "argmax": 51,
      "auc_raw": 43388.17500000007,
      "auc_norm": 438.2643939393946
    },
    "mean": {
      "start": -Infinity,
      "end": 438.425,
      "delta_abs": Infinity,
      "delta_rel": NaN,
      "max_val": 438.425,
      "argmax": 78,
      "auc_raw": -Infinity,
      "auc_norm": -Infinity
    }
  },
  "genomes": {
    "best_genome": [
      0,
      0,
      1,
      1,
      0,
      0,
      1,
      1,
      0,
      0,
      1,
      1,
      1,
      0,
      1,
      0,
      0,
      0,
      0,
      0,
      0,
      0,
      0,
      0,
      0,
      0,
      0,
      0,
      0,
      0,
      0,
      0,
      1
    ],
    "all_best_genomes": null
  },
  "raw": {
    "curves": {
      "best": [
        436.7,
        436.7,
        436.7,
        436.7,
        436.7,
        436.7,
        436.7,
        436.7,
        436.7,
        437.9,
        437.9,
        437.9,
        437.9,
        437.9,
        437.9,
        437.9,
        437.9,
        437.9,
        437.9,
        437.9,
        437.9,
        437.9,
        438.2,
        438.2,
        438.2,
        438.2,
        438.2,
        438.2,
        438.2,
        438.2,
        438.2,
        438.2,
        438.2,
        438.2,
        438.2,
        438.2,
        438.2,
        438.2,
        438.2,
        438.2,
        438.2,
        438.2,
        438.2,
        438.35,
        438.35,
        438.35,
        438.35,
        438.35,
        438.35,
        438.35,
        438.35,
        438.65,
        438.65,
        438.65,
        438.65,
        438.65,
        438.65,
        438.65,
        438.65,
        438.65,
        438.65,
        438.65,
        438.65,
        438.65,
        438.65,
        438.65,
        438.65,
        438.65,
        438.65,
        438.65,
        438.65,
        438.65,
        438.65,
        438.65,
        438.65,
        438.65,
        438.65,
        438.65,
        438.65,
        438.65,
        438.65,
        438.65,
        438.65,
        438.65,
        438.65,
        438.65,
        438.65,
        438.65,
        438.65,
        438.65,
        438.65,
        438.65,
        438.65,
        438.65,
        438.65,
        438.65,
        438.65,
        438.65,
        438.65,
        438.65
      ],
      "mean": [
        -Infinity,
        -Infinity,
        418.43409090909086,
        434.0886363636364,
        434.17727272727274,
        434.17727272727274,
        435.84090909090907,
        435.84090909090907,
        435.84090909090907,
        436.76818181818186,
        436.809090909091,
        436.8909090909092,
        437.0681818181818,
        437.0886363636364,
        437.0886363636364,
        437.0886363636364,
        437.0954545454546,
        437.30681818181824,
        437.3409090909092,
        437.34772727272735,
        437.34772727272735,
        437.56590909090903,
        437.62045454545444,
        437.62045454545444,
        437.66818181818184,
        437.66818181818184,
        437.6818181818182,
        437.6818181818182,
        437.7363636363635,
        437.8045454545454,
        437.8045454545454,
        437.82500000000005,
        437.82500000000005,
        437.82500000000005,
        437.82500000000005,
        437.82500000000005,
        437.82500000000005,
        437.8454545454546,
        437.8454545454546,
        437.8454545454546,
        437.8454545454546,
        437.8454545454546,
        437.8454545454546,
        437.9613636363636,
        437.9613636363636,
        437.9613636363636,
        437.9613636363636,
        437.9613636363636,
        437.9613636363636,
        438.0227272727272,
        438.0227272727272,
        438.06363636363636,
        438.06363636363636,
        438.06363636363636,
        438.07045454545454,
        438.090909090909,
        438.090909090909,
        438.1045454545454,
        438.1113636363636,
        438.1113636363636,
        438.1113636363636,
        438.1113636363636,
        438.1113636363636,
        438.1113636363636,
        438.15909090909093,
        438.15909090909093,
        438.15909090909093,
        438.15909090909093,
        438.15909090909093,
        438.15909090909093,
        438.15909090909093,
        438.15909090909093,
        438.15909090909093,
        438.17272727272723,
        438.1795454545454,
        438.1795454545454,
        438.1999999999999,
        438.1999999999999,
        438.425,
        438.425,
        438.425,
        438.425,
        438.425,
        438.425,
        438.425,
        438.425,
        438.425,
        438.425,
        438.425,
        438.425,
        438.425,
        438.425,
        438.425,
        438.425,
        438.425,
        438.425,
        438.425,
        438.425,
        438.425,
        438.425
      ]
    }
  },
  "per_generation": [
    {
      "gen": 0.0,
      "best": 436.7,
      "mean": -Infinity
    },
    {
      "gen": 1.0,
      "best": 436.7,
      "mean": -Infinity
    },
    {
      "gen": 2.0,
      "best": 436.7,
      "mean": 418.43409090909086
    },
    {
      "gen": 3.0,
      "best": 436.7,
      "mean": 434.0886363636364
    },
    {
      "gen": 4.0,
      "best": 436.7,
      "mean": 434.17727272727274
    },
    {
      "gen": 5.0,
      "best": 436.7,
      "mean": 434.17727272727274
    },
    {
      "gen": 6.0,
      "best": 436.7,
      "mean": 435.84090909090907
    },
    {
      "gen": 7.0,
      "best": 436.7,
      "mean": 435.84090909090907
    },
    {
      "gen": 8.0,
      "best": 436.7,
      "mean": 435.84090909090907
    },
    {
      "gen": 9.0,
      "best": 437.9,
      "mean": 436.76818181818186
    },
    {
      "gen": 10.0,
      "best": 437.9,
      "mean": 436.809090909091
    },
    {
      "gen": 11.0,
      "best": 437.9,
      "mean": 436.8909090909092
    },
    {
      "gen": 12.0,
      "best": 437.9,
      "mean": 437.0681818181818
    },
    {
      "gen": 13.0,
      "best": 437.9,
      "mean": 437.0886363636364
    },
    {
      "gen": 14.0,
      "best": 437.9,
      "mean": 437.0886363636364
    },
    {
      "gen": 15.0,
      "best": 437.9,
      "mean": 437.0886363636364
    },
    {
      "gen": 16.0,
      "best": 437.9,
      "mean": 437.0954545454546
    },
    {
      "gen": 17.0,
      "best": 437.9,
      "mean": 437.30681818181824
    },
    {
      "gen": 18.0,
      "best": 437.9,
      "mean": 437.3409090909092
    },
    {
      "gen": 19.0,
      "best": 437.9,
      "mean": 437.34772727272735
    },
    {
      "gen": 20.0,
      "best": 437.9,
      "mean": 437.34772727272735
    },
    {
      "gen": 21.0,
      "best": 437.9,
      "mean": 437.56590909090903
    },
    {
      "gen": 22.0,
      "best": 438.2,
      "mean": 437.62045454545444
    },
    {
      "gen": 23.0,
      "best": 438.2,
      "mean": 437.62045454545444
    },
    {
      "gen": 24.0,
      "best": 438.2,
      "mean": 437.66818181818184
    },
    {
      "gen": 25.0,
      "best": 438.2,
      "mean": 437.66818181818184
    },
    {
      "gen": 26.0,
      "best": 438.2,
      "mean": 437.6818181818182
    },
    {
      "gen": 27.0,
      "best": 438.2,
      "mean": 437.6818181818182
    },
    {
      "gen": 28.0,
      "best": 438.2,