{
  "algo": "pso",
  "hparams": {
    "generations": 100,
    "popsize": 22,
    "fix_last_gene": true,
    "seed": 404,
    "verbosity": 1,
    "log_every": 1,
    "evals_cap": 10000,
    "w": 0.4252602774282314,
    "c1": 1.3794381284856188,
    "c2": 1.0262281931730837
  },
  "metrics": {
    "best_final": 437.9,
    "auc_best": 43309.724999999955,
    "auc_best_norm": 437.47196969696927,
    "runtime_sec": 60.229631662368774,
    "evals_total": -1,
    "budget_triggered": false,
    "stop_reason": "None"
  },
  "diagnostics": {
    "best": {
      "start": 436.25,
      "end": 437.9,
      "delta_abs": 1.6499999999999773,
      "delta_rel": 0.003782234957020005,
      "max_val": 437.9,
      "argmax": 88,
      "auc_raw": 43309.724999999955,
      "auc_norm": 437.47196969696927
    },
    "mean": {
      "start": -Infinity,
      "end": 437.5318181818182,
      "delta_abs": Infinity,
      "delta_rel": NaN,
      "max_val": 437.5318181818182,
      "argmax": 95,
      "auc_raw": -Infinity,
      "auc_norm": -Infinity
    }
  },
  "genomes": {
    "best_genome": [
      0,
      0,
      1,
      1,
      0,
      0,
      1,
      1,
      1,
      0,
      1,
      1,
      0,
      1,
      0,
      1,
      1,
      0,
      0,
      0,
      0,
      1,
      0,
      1,
      0,
      0,
      0,
      0,
      0,
      0,
      0,
      0,
      1
    ],
    "all_best_genomes": null
  },
  "raw": {
    "curves": {
      "best": [
        436.25,
        434.9,
        436.25,
        436.25,
        436.25,
        436.25,
        436.25,
        436.25,
        436.25,
        436.25,
        436.25,
        437.0,
        437.6,
        437.6,
        437.6,
        437.6,
        437.6,
        437.6,
        437.6,
        437.6,
        437.6,
        437.6,
        437.6,
        437.6,
        437.6,
        437.6,
        437.6,
        437.6,
        437.6,
        437.6,
        437.6,
        437.6,
        437.6,
        437.6,
        437.6,
        437.6,
        437.6,
        437.6,
        437.6,
        437.6,
        437.6,
        437.6,
        437.6,
        437.6,
        437.6,
        437.6,
        437.6,
        437.6,
        437.6,
        437.6,
        437.6,
        437.6,
        437.6,
        437.6,
        437.6,
        437.6,
        437.6,
        437.6,
        437.6,
        437.6,
        437.6,
        437.6,
        437.6,
        437.6,
        437.6,
        437.6,
        437.6,
        437.6,
        437.6,
        437.6,
        437.6,
        437.6,
        437.6,
        437.6,
        437.6,
        437.6,
        437.6,
        437.6,
        437.6,
        437.6,
        437.6,
        437.6,
        437.6,
        437.6,
        437.6,
        437.6,
        437.6,
        437.6,
        437.9,
        437.9,
        437.9,
        437.9,
        437.9,
        437.9,
        437.9,
        437.9,
        437.9,
        437.9,
        437.9,
        437.9
      ],
      "mean": [
        -Infinity,
        -Infinity,
        -Infinity,
        425.7568181818182,
        425.7568181818182,
        425.7568181818182,
        429.1386363636364,
        429.1386363636364,
        429.1386363636364,
        431.18409090909097,
        431.24545454545455,
        435.45909090909083,
        437.2863636363636,
        437.2863636363636,
        437.2863636363636,
        437.2863636363636,
        437.2863636363636,
        437.2863636363636,
        437.2863636363636,
        437.2863636363636,
        437.2863636363636,
        437.2863636363636,
        437.2863636363636,
        437.2863636363636,
        437.2863636363636,
        437.2863636363636,
        437.2863636363636,
        437.2863636363636,
        437.2863636363636,
        437.2863636363636,
        437.2863636363636,
        437.2863636363636,
        437.2863636363636,
        437.2931818181818,
        437.2931818181818,
        437.2931818181818,
        437.2931818181818,
        437.2931818181818,
        437.2931818181818,
        437.2931818181818,
        437.2931818181818,
        437.2931818181818,
        437.2931818181818,
        437.2931818181818,
        437.2931818181818,
        437.2931818181818,
        437.2931818181818,
        437.2931818181818,
        437.2931818181818,
        437.2931818181818,
        437.2931818181818,
        437.2931818181818,
        437.2931818181818,
        437.42954545454546,
        437.42954545454546,
        437.42954545454546,
        437.42954545454546,
        437.42954545454546,
        437.42954545454546,
        437.42954545454546,
        437.42954545454546,
        437.42954545454546,
        437.42954545454546,
        437.42954545454546,
        437.42954545454546,
        437.42954545454546,
        437.42954545454546,
        437.42954545454546,
        437.43636363636364,
        437.43636363636364,
        437.43636363636364,
        437.43636363636364,
        437.43636363636364,
        437.43636363636364,
        437.43636363636364,
        437.43636363636364,
        437.43636363636364,
        437.43636363636364,
        437.43636363636364,
        437.43636363636364,
        437.43636363636364,
        437.43636363636364,
        437.43636363636364,
        437.43636363636364,
        437.43636363636364,
        437.43636363636364,
        437.43636363636364,
        437.43636363636364,
        437.4704545454546,
        437.4704545454546,
        437.4704545454546,
        437.4704545454546,
        437.4704545454546,
        437.4704545454546,
        437.4704545454546,
        437.5318181818182,
        437.5318181818182,
        437.5318181818182,
        437.5318181818182,
        437.5318181818182
      ]
    }
  },
  "per_generation": [
    {
      "gen": 0.0,
      "best": 436.25,
      "mean": -Infinity
    },
    {
      "gen": 1.0,
      "best": 434.9,
      "mean": -Infinity
    },
    {
      "gen": 2.0,
      "best": 436.25,
      "mean": -Infinity
    },
    {
      "gen": 3.0,
      "best": 436.25,
      "mean": 425.7568181818182
    },
    {
      "gen": 4.0,
      "best": 436.25,
      "mean": 425.7568181818182
    },
    {
      "gen": 5.0,
      "best": 436.25,
      "mean": 425.7568181818182
    },
    {
      "gen": 6.0,
      "best": 436.25,
      "mean": 429.1386363636364
    },
    {
      "gen": 7.0,
      "best": 436.25,
      "mean": 429.1386363636364
    },
    {
      "gen": 8.0,
      "best": 436.25,
      "mean": 429.1386363636364
    },
    {
      "gen": 9.0,
      "best": 436.25,
      "mean": 431.18409090909097
    },
    {
      "gen": 10.0,
      "best": 436.25,
      "mean": 431.24545454545455
    },
    {
      "gen": 11.0,
      "best": 437.0,
      "mean": 435.45909090909083
    },
    {
      "gen": 12.0,
      "best": 437.6,
      "mean": 437.2863636363636
    },
    {
      "gen": 13.0,
      "best": 437.6,
      "mean": 437.2863636363636
    },
    {
      "gen": 14.0,
      "best": 437.6,
      "mean": 437.2863636363636
    },
    {
      "gen": 15.0,
      "best": 437.6,
      "mean": 437.2863636363636
    },
    {
      "gen": 16.0,
      "best": 437.6,
      "mean": 437.2863636363636
    },
    {
      "gen": 17.0,
      "best": 437.6,
      "mean": 437.2863636363636
    },
    {
      "gen": 18.0,
      "best": 437.6,
      "mean": 437.2863636363636
    },
    {
      "gen": 19.0,
      "best": 437.6,
      "mean": 437.2863636363636
    },
    {
      "gen": 20.0,
      "best": 437.6,
      "mean": 437.2863636363636
    },
    {
      "gen": 21.0,
      "best": 437.6,
      "mean": 437.2863636363636
    },
    {
      "gen": 22.0,
      "best": 437.6,
      "mean": 437.2863636363636
    },
    {
      "gen": 23.0,
      "best": 437.6,
      "mean": 437.2863636363636
    },
    {
      "gen": 24.0,
      "best": 437.6,
      "mean": 437.2863636363636
    },
    {
      "gen": 25.0,
      "best": 437.6,
      "mean": 437.2863636363636
    },
    {
      "gen": 26.0,
      "best": 437.6,