{
  "algo": "pso",
  "hparams": {
    "generations": 100,
    "popsize": 22,
    "fix_last_gene": true,
    "seed": 909,
    "verbosity": 1,
    "log_every": 1,
    "evals_cap": 10000,
    "w": 0.886921163372696,
    "c1": 1.3736070343179063,
    "c2": 0.8
  },
  "metrics": {
    "best_final": 438.65,
    "auc_best": 43358.925000000054,
    "auc_best_norm": 437.96893939393993,
    "runtime_sec": 80.49513912200928,
    "evals_total": -1,
    "budget_triggered": false,
    "stop_reason": "None"
  },
  "diagnostics": {
    "best": {
      "start": 436.7,
      "end": 438.65,
      "delta_abs": 1.9499999999999886,
      "delta_rel": 0.004465307991756329,
      "max_val": 438.65,
      "argmax": 78,
      "auc_raw": 43358.925000000054,
      "auc_norm": 437.96893939393993
    },
    "mean": {
      "start": -Infinity,
      "end": 438.3363636363637,
      "delta_abs": Infinity,
      "delta_rel": NaN,
      "max_val": 438.3363636363637,
      "argmax": 85,
      "auc_raw": -Infinity,
      "auc_norm": -Infinity
    }
  },
  "genomes": {
    "best_genome": [
      1,
      0,
      1,
      1,
      1,
      1,
      0,
      0,
      0,
      1,
      0,
      1,
      0,
      0,
      1,
      0,
      0,
      0,
      0,
      0,
      0,
      0,
      0,
      0,
      0,
      0,
      0,
      0,
      0,
      0,
      0,
      0,
      1
    ],
    "all_best_genomes": null
  },
  "raw": {
    "curves": {
      "best": [
        436.7,
        436.7,
        436.7,
        436.7,
        436.7,
        436.7,
        436.7,
        436.7,
        436.7,
        437.0,
        437.0,
        437.3,
        437.3,
        437.3,
        437.3,
        437.3,
        437.3,
        437.45,
        437.6,
        437.6,
        437.6,
        437.6,
        437.6,
        437.6,
        437.6,
        437.6,
        437.6,
        437.6,
        437.6,
        437.75,
        437.75,
        437.75,
        437.75,
        437.75,
        437.75,
        437.75,
        437.75,
        437.9,
        437.9,
        437.9,
        437.9,
        437.9,
        437.9,
        438.2,
        438.2,
        438.2,
        438.2,
        438.2,
        438.2,
        438.2,
        438.2,
        438.2,
        438.2,
        438.2,
        438.2,
        438.2,
        438.2,
        438.2,
        438.2,
        438.2,
        438.2,
        438.2,
        438.2,
        438.2,
        438.2,
        438.2,
        438.2,
        438.2,
        438.2,
        438.2,
        438.2,
        438.2,
        438.2,
        438.35,
        438.35,
        438.35,
        438.35,
        438.35,
        438.65,
        438.65,
        438.65,
        438.65,
        438.65,
        438.65,
        438.65,
        438.65,
        438.65,
        438.65,
        438.65,
        438.65,
        438.65,
        438.65,
        438.65,
        438.65,
        438.65,
        438.65,
        438.65,
        438.65,
        438.65,
        438.65
      ],
      "mean": [
        -Infinity,
        -Infinity,
        418.14772727272725,
        429.45227272727277,
        429.6636363636363,
        429.6636363636363,
        430.2840909090908,
        430.29772727272723,
        430.29772727272723,
        431.78409090909093,
        434.79772727272723,
        435.88863636363635,
        436.13409090909084,
        436.1818181818182,
        436.19545454545454,
        436.19545454545454,
        436.27727272727265,
        436.74090909090916,
        436.90454545454554,
        436.93181818181824,
        436.93181818181824,
        437.0681818181819,
        437.0681818181819,
        437.0681818181819,
        437.0681818181819,
        437.0681818181819,
        437.0681818181819,
        437.0818181818182,
        437.0818181818182,
        437.3,
        437.3,
        437.43636363636375,
        437.43636363636375,
        437.43636363636375,
        437.43636363636375,
        437.43636363636375,
        437.47045454545463,
        437.51136363636374,
        437.51136363636374,
        437.51136363636374,
        437.51136363636374,
        437.51136363636374,
        437.53863636363644,
        437.6886363636364,
        437.6886363636364,
        437.6886363636364,
        437.709090909091,
        437.709090909091,
        437.709090909091,
        437.75681818181823,
        437.75681818181823,
        437.75681818181823,
        437.8181818181819,
        437.8181818181819,
        437.8181818181819,
        437.8181818181819,
        437.82500000000005,
        437.859090909091,
        437.86590909090916,
        437.86590909090916,
        437.86590909090916,
        437.86590909090916,
        437.86590909090916,
        437.87954545454545,
        437.975,
        437.975,
        437.975,
        437.975,
        437.975,
        438.02272727272725,
        438.02272727272725,
        438.02272727272725,
        438.02272727272725,
        438.0704545454546,
        438.0704545454546,
        438.0704545454546,
        438.0704545454546,
        438.0704545454546,
        438.32954545454555,
        438.32954545454555,
        438.32954545454555,
        438.32954545454555,
        438.32954545454555,
        438.32954545454555,
        438.32954545454555,
        438.3363636363637,
        438.3363636363637,
        438.3363636363637,
        438.3363636363637,
        438.3363636363637,
        438.3363636363637,
        438.3363636363637,
        438.3363636363637,
        438.3363636363637,
        438.3363636363637,
        438.3363636363637,
        438.3363636363637,
        438.3363636363637,
        438.3363636363637,
        438.3363636363637
      ]
    }
  },
  "per_generation": [
    {
      "gen": 0.0,
      "best": 436.7,
      "mean": -Infinity
    },
    {
      "gen": 1.0,
      "best": 436.7,
      "mean": -Infinity
    },
    {
      "gen": 2.0,
      "best": 436.7,
      "mean": 418.14772727272725
    },
    {
      "gen": 3.0,
      "best": 436.7,
      "mean": 429.45227272727277
    },
    {
      "gen": 4.0,
      "best": 436.7,
      "mean": 429.6636363636363
    },
    {
      "gen": 5.0,
      "best": 436.7,
      "mean": 429.6636363636363
    },
    {
      "gen": 6.0,
      "best": 436.7,
      "mean": 430.2840909090908
    },
    {
      "gen": 7.0,
      "best": 436.7,
      "mean": 430.29772727272723
    },
    {
      "gen": 8.0,
      "best": 436.7,
      "mean": 430.29772727272723
    },
    {
      "gen": 9.0,
      "best": 437.0,
      "mean": 431.78409090909093
    },
    {
      "gen": 10.0,
      "best": 437.0,
      "mean": 434.79772727272723
    },
    {
      "gen": 11.0,
      "best": 437.3,
      "mean": 435.88863636363635
    },
    {
      "gen": 12.0,
      "best": 437.3,
      "mean": 436.13409090909084
    },
    {
      "gen": 13.0,
      "best": 437.3,
      "mean": 436.1818181818182
    },
    {
      "gen": 14.0,
      "best": 437.3,
      "mean": 436.19545454545454
    },
    {
      "gen": 15.0,
      "best": 437.3,
      "mean": 436.19545454545454
    },
    {
      "gen": 16.0,
      "best": 437.3,
      "mean": 436.27727272727265
    },
    {
      "gen": 17.0,
      "best": 437.45,
      "mean": 436.74090909090916
    },
    {
      "gen": 18.0,
      "best": 437.6,
      "mean": 436.90454545454554
    },
    {
      "gen": 19.0,
      "best": 437.6,
      "mean": 436.93181818181824
    },
    {
      "gen": 20.0,
      "best": 437.6,
      "mean": 436.93181818181824
    },
    {
      "gen": 21.0,
      "best": 437.6,
      "mean": 437.0681818181819
    },
    {
      "gen": 22.0,
      "best": 437.6,
      "mean": 437.0681818181819
    },
    {
      "gen": 23.0,
      "best": 437.6,
      "mean": 437.0681818181819
    },
    {
      "gen": 24.0,
      "best": 437.6,
      "mean": 437.0681818181819
    },
    {
      "gen": 25.0,
      "best": 437.6,
      "mean": 437.0681818181819
    },
    {
      "gen": 26.0,
      "best": 437.6,