{
  "algo": "pso",
  "hparams": {
    "generations": 100,
    "popsize": 22,
    "fix_last_gene": true,
    "seed": 1102,
    "verbosity": 1,
    "log_every": 1,
    "evals_cap": 10000,
    "w": 0.5534281504473338,
    "c1": 1.5567170297995132,
    "c2": 1.9272740208879597
  },
  "metrics": {
    "best_final": 438.2,
    "auc_best": 43359.00000000001,
    "auc_best_norm": 437.96969696969705,
    "runtime_sec": 74.28134036064148,
    "evals_total": -1,
    "budget_triggered": false,
    "stop_reason": "None"
  },
  "diagnostics": {
    "best": {
      "start": 437.3,
      "end": 438.2,
      "delta_abs": 0.8999999999999773,
      "delta_rel": 0.002058083695403561,
      "max_val": 438.2,
      "argmax": 95,
      "auc_raw": 43359.00000000001,
      "auc_norm": 437.96969696969705
    },
    "mean": {
      "start": -Infinity,
      "end": 437.77045454545447,
      "delta_abs": Infinity,
      "delta_rel": NaN,
      "max_val": 437.77045454545447,
      "argmax": 95,
      "auc_raw": -Infinity,
      "auc_norm": -Infinity
    }
  },
  "genomes": {
    "best_genome": [
      1,
      0,
      0,
      0,
      1,
      1,
      0,
      0,
      0,
      0,
      1,
      1,
      1,
      1,
      0,
      0,
      0,
      0,
      0,
      1,
      0,
      0,
      0,
      1,
      0,
      0,
      0,
      0,
      0,
      0,
      0,
      0,
      1
    ],
    "all_best_genomes": null
  },
  "raw": {
    "curves": {
      "best": [
        437.3,
        437.3,
        437.3,
        437.3,
        437.3,
        437.3,
        437.3,
        437.3,
        437.3,
        437.3,
        437.3,
        437.3,
        438.05,
        438.05,
        438.05,
        438.05,
        438.05,
        438.05,
        438.05,
        438.05,
        438.05,
        438.05,
        438.05,
        438.05,
        438.05,
        438.05,
        438.05,
        438.05,
        438.05,
        438.05,
        438.05,
        438.05,
        438.05,
        438.05,
        438.05,
        438.05,
        438.05,
        438.05,
        438.05,
        438.05,
        438.05,
        438.05,
        438.05,
        438.05,
        438.05,
        438.05,
        438.05,
        438.05,
        438.05,
        438.05,
        438.05,
        438.05,
        438.05,
        438.05,
        438.05,
        438.05,
        438.05,
        438.05,
        438.05,
        438.05,
        438.05,
        438.05,
        438.05,
        438.05,
        438.05,
        438.05,
        438.05,
        438.05,
        438.05,
        438.05,
        438.05,
        438.05,
        438.05,
        438.05,
        438.05,
        438.05,
        438.05,
        438.05,
        438.05,
        438.05,
        438.05,
        438.05,
        438.05,
        438.05,
        438.05,
        438.05,
        438.05,
        438.05,
        438.05,
        438.05,
        438.05,
        438.05,
        438.05,
        438.05,
        438.05,
        438.2,
        438.2,
        438.2,
        438.2,
        438.2
      ],
      "mean": [
        -Infinity,
        433.42727272727274,
        434.79090909090917,
        434.92727272727274,
        435.0977272727272,
        435.0977272727272,
        435.0977272727272,
        435.20681818181816,
        435.4113636363636,
        436.39318181818186,
        436.39318181818186,
        436.39318181818186,
        436.9318181818182,
        436.98636363636365,
        436.98636363636365,
        436.98636363636365,
        436.98636363636365,
        437.06136363636364,
        437.2045454545454,
        437.2045454545454,
        437.2045454545454,
        437.2045454545454,
        437.2045454545454,
        437.2045454545454,
        437.2181818181818,
        437.2181818181818,
        437.2181818181818,
        437.2181818181818,
        437.2181818181818,
        437.2181818181818,
        437.2181818181818,
        437.2181818181818,
        437.2181818181818,
        437.2795454545454,
        437.2795454545454,
        437.2795454545454,
        437.2795454545454,
        437.2795454545454,
        437.59318181818185,
        437.59318181818185,
        437.59318181818185,
        437.59318181818185,
        437.59318181818185,
        437.6204545454546,
        437.6204545454546,
        437.6204545454546,
        437.6204545454546,
        437.6204545454546,
        437.6204545454546,
        437.6204545454546,
        437.6204545454546,
        437.6204545454546,
        437.6204545454546,
        437.6204545454546,
        437.63409090909096,
        437.63409090909096,
        437.63409090909096,
        437.63409090909096,
        437.63409090909096,
        437.63409090909096,
        437.63409090909096,
        437.63409090909096,
        437.63409090909096,
        437.63409090909096,
        437.63409090909096,
        437.66818181818184,
        437.66818181818184,
        437.66818181818184,
        437.66818181818184,
        437.66818181818184,
        437.66818181818184,
        437.66818181818184,
        437.66818181818184,
        437.66818181818184,
        437.66818181818184,
        437.66818181818184,
        437.66818181818184,
        437.66818181818184,
        437.66818181818184,
        437.66818181818184,
        437.66818181818184,
        437.66818181818184,
        437.66818181818184,
        437.70227272727277,
        437.70227272727277,
        437.70227272727277,
        437.70227272727277,
        437.70227272727277,
        437.72272727272735,
        437.72272727272735,
        437.72272727272735,
        437.72272727272735,
        437.72954545454553,
        437.72954545454553,
        437.7431818181818,
        437.77045454545447,
        437.77045454545447,
        437.77045454545447,
        437.77045454545447,
        437.77045454545447
      ]
    }
  },
  "per_generation": [
    {
      "gen": 0.0,
      "best": 437.3,
      "mean": -Infinity
    },
    {
      "gen": 1.0,
      "best": 437.3,
      "mean": 433.42727272727274
    },
    {
      "gen": 2.0,
      "best": 437.3,
      "mean": 434.79090909090917
    },
    {
      "gen": 3.0,
      "best": 437.3,
      "mean": 434.92727272727274
    },
    {
      "gen": 4.0,
      "best": 437.3,
      "mean": 435.0977272727272
    },
    {
      "gen": 5.0,
      "best": 437.3,
      "mean": 435.0977272727272
    },
    {
      "gen": 6.0,
      "best": 437.3,
      "mean": 435.0977272727272
    },
    {
      "gen": 7.0,
      "best": 437.3,
      "mean": 435.20681818181816
    },
    {
      "gen": 8.0,
      "best": 437.3,
      "mean": 435.4113636363636
    },
    {
      "gen": 9.0,
      "best": 437.3,
      "mean": 436.39318181818186
    },
    {
      "gen": 10.0,
      "best": 437.3,
      "mean": 436.39318181818186
    },
    {
      "gen": 11.0,
      "best": 437.3,
      "mean": 436.39318181818186
    },
    {
      "gen": 12.0,
      "best": 438.05,
      "mean": 436.9318181818182
    },
    {
      "gen": 13.0,
      "best": 438.05,
      "mean": 436.98636363636365
    },
    {
      "gen": 14.0,
      "best": 438.05,
      "mean": 436.98636363636365
    },
    {
      "gen": 15.0,
      "best": 438.05,
      "mean": 436.98636363636365
    },
    {
      "gen": 16.0,
      "best": 438.05,
      "mean": 436.98636363636365
    },
    {
      "gen": 17.0,
      "best": 438.05,
      "mean": 437.06136363636364
    },
    {
      "gen": 18.0,
      "best": 438.05,
      "mean": 437.2045454545454
    },
    {
      "gen": 19.0,
      "best": 438.05,
      "mean": 437.2045454545454
    },
    {
      "gen": 20.0,
      "best": 438.05,
      "mean": 437.2045454545454
    },
    {
      "gen": 21.0,
      "best": 438.05,
      "mean": 437.2045454545454
    },
    {
      "gen": 22.0,
      "best": 438.05,
      "mean": 437.2045454545454
    },
    {
      "gen": 23.0,
      "best": 438.05,
      "mean": 437.2045454545454
    },
    {
      "gen": 24.0,
      "best": 438.05,