{
  "algo": "pso",
  "hparams": {
    "generations": 100,
    "popsize": 22,
    "fix_last_gene": true,
    "seed": 101,
    "verbosity": 1,
    "log_every": 1,
    "evals_cap": 10000,
    "w": 0.9298918638278264,
    "c1": 2.2,
    "c2": 0.8205814677121972
  },
  "metrics": {
    "best_final": 438.65,
    "auc_best": 43403.40000000008,
    "auc_best_norm": 438.41818181818263,
    "runtime_sec": 104.32647585868835,
    "evals_total": -1,
    "budget_triggered": false,
    "stop_reason": "None"
  },
  "diagnostics": {
    "best": {
      "start": 436.55,
      "end": 438.65,
      "delta_abs": 2.099999999999966,
      "delta_rel": 0.004810445538884356,
      "max_val": 438.65,
      "argmax": 19,
      "auc_raw": 43403.40000000008,
      "auc_norm": 438.41818181818263
    },
    "mean": {
      "start": -Infinity,
      "end": 438.64999999999986,
      "delta_abs": Infinity,
      "delta_rel": NaN,
      "max_val": 438.64999999999986,
      "argmax": 80,
      "auc_raw": -Infinity,
      "auc_norm": -Infinity
    }
  },
  "genomes": {
    "best_genome": [
      1,
      1,
      1,
      1,
      0,
      1,
      0,
      0,
      1,
      1,
      1,
      0,
      1,
      1,
      0,
      0,
      0,
      0,
      0,
      0,
      0,
      0,
      0,
      0,
      0,
      0,
      0,
      0,
      0,
      0,
      0,
      0,
      1
    ],
    "all_best_genomes": null
  },
  "raw": {
    "curves": {
      "best": [
        436.55,
        436.55,
        436.55,
        436.55,
        436.55,
        436.55,
        436.55,
        437.3,
        437.3,
        437.3,
        437.3,
        437.6,
        437.6,
        438.35,
        438.35,
        438.35,
        438.35,
        438.35,
        438.35,
        438.65,
        438.65,
        438.65,
        438.65,
        438.65,
        438.65,
        438.65,
        438.65,
        438.65,
        438.65,
        438.65,
        438.65,
        438.65,
        438.65,
        438.65,
        438.65,
        438.65,
        438.65,
        438.65,
        438.65,
        438.65,
        438.65,
        438.65,
        438.65,
        438.65,
        438.65,
        438.65,
        438.65,
        438.65,
        438.65,
        438.65,
        438.65,
        438.65,
        438.65,
        438.65,
        438.65,
        438.65,
        438.65,
        438.65,
        438.65,
        438.65,
        438.65,
        438.65,
        438.65,
        438.65,
        438.65,
        438.65,
        438.65,
        438.65,
        438.65,
        438.65,
        438.65,
        438.65,
        438.65,
        438.65,
        438.65,
        438.65,
        438.65,
        438.65,
        438.65,
        438.65,
        438.65,
        438.65,
        438.65,
        438.65,
        438.65,
        438.65,
        438.65,
        438.65,
        438.65,
        438.65,
        438.65,
        438.65,
        438.65,
        438.65,
        438.65,
        438.65,
        438.65,
        438.65,
        438.65,
        438.65
      ],
      "mean": [
        -Infinity,
        421.50227272727267,
        427.44090909090914,
        427.45454545454544,
        433.8568181818182,
        434.8454545454546,
        434.9681818181818,
        435.3363636363637,
        435.3363636363637,
        435.73863636363643,
        435.73863636363643,
        436.4818181818182,
        436.4818181818182,
        436.61136363636365,
        436.6386363636364,
        436.82954545454555,
        436.82954545454555,
        437.04772727272734,
        437.04772727272734,
        437.68181818181824,
        437.68181818181824,
        437.68181818181824,
        437.6954545454546,
        437.6954545454546,
        437.71590909090907,
        437.73636363636365,
        437.73636363636365,
        437.7568181818182,
        437.7704545454546,
        437.98181818181814,
        438.015909090909,
        438.05,
        438.05,
        438.05,
        438.05,
        438.06363636363636,
        438.07727272727277,
        438.07727272727277,
        438.1590909090908,
        438.1590909090908,
        438.1590909090908,
        438.30227272727274,
        438.30909090909086,
        438.30909090909086,
        438.30909090909086,
        438.30909090909086,
        438.30909090909086,
        438.30909090909086,
        438.35681818181814,
        438.49318181818177,
        438.49318181818177,
        438.51363636363635,
        438.51363636363635,
        438.51363636363635,
        438.51363636363635,
        438.540909090909,
        438.54772727272723,
        438.54772727272723,
        438.54772727272723,
        438.54772727272723,
        438.54772727272723,
        438.54772727272723,
        438.54772727272723,
        438.54772727272723,
        438.6090909090908,
        438.6090909090908,
        438.6295454545453,
        438.6295454545453,
        438.6295454545453,
        438.6295454545453,
        438.6295454545453,
        438.6295454545453,
        438.6295454545453,
        438.6295454545453,
        438.6295454545453,
        438.6295454545453,
        438.6295454545453,
        438.6295454545453,
        438.6295454545453,
        438.6295454545453,
        438.64999999999986,
        438.64999999999986,
        438.64999999999986,
        438.64999999999986,
        438.64999999999986,
        438.64999999999986,
        438.64999999999986,
        438.64999999999986,
        438.64999999999986,
        438.64999999999986,
        438.64999999999986,
        438.64999999999986,
        438.64999999999986,
        438.64999999999986,
        438.64999999999986,
        438.64999999999986,
        438.64999999999986,
        438.64999999999986,
        438.64999999999986,
        438.64999999999986
      ]
    }
  },
  "per_generation": [
    {
      "gen": 0.0,
      "best": 436.55,
      "mean": -Infinity
    },
    {
      "gen": 1.0,
      "best": 436.55,
      "mean": 421.50227272727267
    },
    {
      "gen": 2.0,
      "best": 436.55,
      "mean": 427.44090909090914
    },
    {
      "gen": 3.0,
      "best": 436.55,
      "mean": 427.45454545454544
    },
    {
      "gen": 4.0,
      "best": 436.55,
      "mean": 433.8568181818182
    },
    {
      "gen": 5.0,
      "best": 436.55,
      "mean": 434.8454545454546
    },
    {
      "gen": 6.0,
      "best": 436.55,
      "mean": 434.9681818181818
    },
    {
      "gen": 7.0,
      "best": 437.3,
      "mean": 435.3363636363637
    },
    {
      "gen": 8.0,
      "best": 437.3,
      "mean": 435.3363636363637
    },
    {
      "gen": 9.0,
      "best": 437.3,
      "mean": 435.73863636363643
    },
    {
      "gen": 10.0,
      "best": 437.3,
      "mean": 435.73863636363643
    },
    {
      "gen": 11.0,
      "best": 437.6,
      "mean": 436.4818181818182
    },
    {
      "gen": 12.0,
      "best": 437.6,
      "mean": 436.4818181818182
    },
    {
      "gen": 13.0,
      "best": 438.35,
      "mean": 436.61136363636365
    },
    {
      "gen": 14.0,
      "best": 438.35,
      "mean": 436.6386363636364
    },
    {
      "gen": 15.0,
      "best": 438.35,
      "mean": 436.82954545454555
    },
    {
      "gen": 16.0,
      "best": 438.35,
      "mean": 436.82954545454555
    },
    {
      "gen": 17.0,
      "best": 438.35,
      "mean": 437.04772727272734
    },
    {
      "gen": 18.0,
      "best": 438.35,
      "mean": 437.04772727272734
    },
    {
      "gen": 19.0,
      "best": 438.65,
      "mean": 437.68181818181824
    },
    {
      "gen": 20.0,
      "best": 438.65,
      "mean": 437.68181818181824
    },
    {
      "gen": 21.0,
      "best": 438.65,
      "mean": 437.68181818181824
    },
    {
      "gen": 22.0,
      "best": 438.65,
      "mean": 437.6954545454546
    },
    {
      "gen": 23.0,
      "best": 438.65,
      "mean": 437.6954545454546
    },
    {
      "gen": 24.0,
      "best": 438.65,
      "mean": 437.71590909090907
    },
    {
      "gen": 25.0,