{
  "algo": "pso",
  "hparams": {
    "generations": 100,
    "popsize": 22,
    "fix_last_gene": true,
    "seed": 606,
    "verbosity": 1,
    "log_every": 1,
    "evals_cap": 10000,
    "w": 0.49484663440465376,
    "c1": 1.7819552530879519,
    "c2": 1.6477406483438384
  },
  "metrics": {
    "best_final": 438.65,
    "auc_best": 43375.49999999993,
    "auc_best_norm": 438.1363636363629,
    "runtime_sec": 70.4229884147644,
    "evals_total": -1,
    "budget_triggered": false,
    "stop_reason": "None"
  },
  "diagnostics": {
    "best": {
      "start": 435.35,
      "end": 438.65,
      "delta_abs": 3.2999999999999545,
      "delta_rel": 0.007580107959113252,
      "max_val": 438.65,
      "argmax": 95,
      "auc_raw": 43375.49999999993,
      "auc_norm": 438.1363636363629
    },
    "mean": {
      "start": -Infinity,
      "end": 438.22727272727275,
      "delta_abs": Infinity,
      "delta_rel": NaN,
      "max_val": 438.22727272727275,
      "argmax": 95,
      "auc_raw": -Infinity,
      "auc_norm": -Infinity
    }
  },
  "genomes": {
    "best_genome": [
      0,
      0,
      1,
      1,
      0,
      0,
      0,
      1,
      0,
      1,
      0,
      0,
      0,
      0,
      0,
      0,
      0,
      0,
      0,
      0,
      0,
      0,
      0,
      0,
      0,
      0,
      0,
      0,
      0,
      0,
      0,
      0,
      1
    ],
    "all_best_genomes": null
  },
  "raw": {
    "curves": {
      "best": [
        435.35,
        435.5,
        435.5,
        436.55,
        436.55,
        436.55,
        437.15,
        437.15,
        437.15,
        437.15,
        437.15,
        437.15,
        437.9,
        437.9,
        437.9,
        437.9,
        437.9,
        437.9,
        438.35,
        438.35,
        438.35,
        438.35,
        438.35,
        438.35,
        438.35,
        438.35,
        438.35,
        438.35,
        438.35,
        438.35,
        438.35,
        438.35,
        438.35,
        438.35,
        438.35,
        438.35,
        438.35,
        438.35,
        438.35,
        438.35,
        438.35,
        438.35,
        438.35,
        438.35,
        438.35,
        438.35,
        438.35,
        438.35,
        438.35,
        438.35,
        438.35,
        438.35,
        438.35,
        438.35,
        438.35,
        438.35,
        438.35,
        438.35,
        438.35,
        438.35,
        438.35,
        438.35,
        438.35,
        438.35,
        438.35,
        438.35,
        438.35,
        438.35,
        438.35,
        438.35,
        438.35,
        438.35,
        438.35,
        438.35,
        438.35,
        438.35,
        438.35,
        438.35,
        438.35,
        438.35,
        438.35,
        438.35,
        438.35,
        438.35,
        438.35,
        438.35,
        438.35,
        438.35,
        438.35,
        438.35,
        438.35,
        438.35,
        438.35,
        438.35,
        438.35,
        438.65,
        438.65,
        438.65,
        438.65,
        438.65
      ],
      "mean": [
        -Infinity,
        432.92272727272723,
        433.97272727272724,
        435.125,
        435.39090909090913,
        435.5068181818182,
        436.0863636363637,
        436.0863636363637,
        436.0863636363637,
        436.11363636363643,
        436.11363636363643,
        436.27045454545464,
        436.54318181818184,
        436.54318181818184,
        436.7136363636364,
        436.8431818181818,
        436.87727272727267,
        436.87727272727267,
        437.484090909091,
        437.484090909091,
        437.484090909091,
        437.65454545454554,
        437.65454545454554,
        437.65454545454554,
        437.65454545454554,
        437.65454545454554,
        437.65454545454554,
        437.65454545454554,
        437.65454545454554,
        437.65454545454554,
        437.65454545454554,
        437.65454545454554,
        437.65454545454554,
        437.65454545454554,
        437.65454545454554,
        437.73636363636365,
        437.73636363636365,
        437.73636363636365,
        437.73636363636365,
        437.73636363636365,
        437.73636363636365,
        437.73636363636365,
        437.73636363636365,
        437.73636363636365,
        437.73636363636365,
        437.73636363636365,
        437.8045454545456,
        437.8045454545456,
        437.8045454545456,
        437.859090909091,
        437.859090909091,
        437.859090909091,
        437.859090909091,
        437.859090909091,
        437.859090909091,
        437.859090909091,
        437.87954545454556,
        437.87954545454556,
        437.87954545454556,
        437.87954545454556,
        437.87954545454556,
        437.9068181818182,
        437.9068181818182,
        437.9068181818182,
        437.9068181818182,
        437.91363636363644,
        437.91363636363644,
        437.91363636363644,
        437.91363636363644,
        437.91363636363644,
        437.91363636363644,
        437.91363636363644,
        437.91363636363644,
        437.91363636363644,
        437.91363636363644,
        437.91363636363644,
        437.93409090909097,
        437.93409090909097,
        437.93409090909097,
        437.93409090909097,
        437.93409090909097,
        437.93409090909097,
        437.93409090909097,
        437.93409090909097,
        437.93409090909097,
        437.93409090909097,
        437.93409090909097,
        437.93409090909097,
        437.93409090909097,
        437.93409090909097,
        437.93409090909097,
        437.96818181818185,
        437.96818181818185,
        437.96818181818185,
        437.96818181818185,
        438.22727272727275,
        438.22727272727275,
        438.22727272727275,
        438.22727272727275,
        438.22727272727275
      ]
    }
  },
  "per_generation": [
    {
      "gen": 0.0,
      "best": 435.35,
      "mean": -Infinity
    },
    {
      "gen": 1.0,
      "best": 435.5,
      "mean": 432.92272727272723
    },
    {
      "gen": 2.0,
      "best": 435.5,
      "mean": 433.97272727272724
    },
    {
      "gen": 3.0,
      "best": 436.55,
      "mean": 435.125
    },
    {
      "gen": 4.0,
      "best": 436.55,
      "mean": 435.39090909090913
    },
    {
      "gen": 5.0,
      "best": 436.55,
      "mean": 435.5068181818182
    },
    {
      "gen": 6.0,
      "best": 437.15,
      "mean": 436.0863636363637
    },
    {
      "gen": 7.0,
      "best": 437.15,
      "mean": 436.0863636363637
    },
    {
      "gen": 8.0,
      "best": 437.15,
      "mean": 436.0863636363637
    },
    {
      "gen": 9.0,
      "best": 437.15,
      "mean": 436.11363636363643
    },
    {
      "gen": 10.0,
      "best": 437.15,
      "mean": 436.11363636363643
    },
    {
      "gen": 11.0,
      "best": 437.15,
      "mean": 436.27045454545464
    },
    {
      "gen": 12.0,
      "best": 437.9,
      "mean": 436.54318181818184
    },
    {
      "gen": 13.0,
      "best": 437.9,
      "mean": 436.54318181818184
    },
    {
      "gen": 14.0,
      "best": 437.9,
      "mean": 436.7136363636364
    },
    {
      "gen": 15.0,
      "best": 437.9,
      "mean": 436.8431818181818
    },
    {
      "gen": 16.0,
      "best": 437.9,
      "mean": 436.87727272727267
    },
    {
      "gen": 17.0,
      "best": 437.9,
      "mean": 436.87727272727267
    },
    {
      "gen": 18.0,
      "best": 438.35,
      "mean": 437.484090909091
    },
    {
      "gen": 19.0,
      "best": 438.35,
      "mean": 437.484090909091
    },
    {
      "gen": 20.0,
      "best": 438.35,
      "mean": 437.484090909091
    },
    {
      "gen": 21.0,
      "best": 438.35,
      "mean": 437.65454545454554
    },
    {
      "gen": 22.0,
      "best": 438.35,
      "mean": 437.65454545454554
    },
    {
      "gen": 23.0,
      "best": 438.35,
      "mean": 437.65454545454554
    },
    {
      "gen": 24.0,
      "best": 438.35,