{
  "algo": "pso",
  "hparams": {
    "generations": 100,
    "popsize": 22,
    "fix_last_gene": true,
    "seed": 707,
    "verbosity": 1,
    "log_every": 1,
    "evals_cap": 10000,
    "w": 0.6852706383131011,
    "c1": 2.0130350632435974,
    "c2": 1.9370443284894885
  },
  "metrics": {
    "best_final": 438.65,
    "auc_best": 43356.299999999996,
    "auc_best_norm": 437.9424242424242,
    "runtime_sec": 81.71502232551575,
    "evals_total": -1,
    "budget_triggered": false,
    "stop_reason": "None"
  },
  "diagnostics": {
    "best": {
      "start": 437.15,
      "end": 438.65,
      "delta_abs": 1.5,
      "delta_rel": 0.0034313164817568343,
      "max_val": 438.65,
      "argmax": 98,
      "auc_raw": 43356.299999999996,
      "auc_norm": 437.9424242424242
    },
    "mean": {
      "start": -Infinity,
      "end": 438.09090909090907,
      "delta_abs": Infinity,
      "delta_rel": NaN,
      "max_val": 438.09090909090907,
      "argmax": 98,
      "auc_raw": -Infinity,
      "auc_norm": -Infinity
    }
  },
  "genomes": {
    "best_genome": [
      1,
      1,
      0,
      0,
      0,
      1,
      0,
      0,
      1,
      1,
      1,
      1,
      0,
      0,
      0,
      0,
      0,
      0,
      0,
      0,
      0,
      0,
      0,
      0,
      0,
      0,
      0,
      0,
      0,
      0,
      0,
      0,
      1
    ],
    "all_best_genomes": null
  },
  "raw": {
    "curves": {
      "best": [
        437.15,
        437.15,
        437.15,
        437.15,
        437.15,
        437.15,
        437.15,
        437.15,
        437.15,
        437.15,
        437.15,
        437.15,
        437.15,
        437.15,
        437.15,
        437.15,
        437.75,
        437.75,
        437.75,
        437.75,
        437.75,
        437.75,
        437.75,
        437.75,
        437.75,
        437.75,
        437.75,
        437.75,
        437.75,
        437.75,
        437.75,
        437.75,
        437.75,
        437.75,
        437.75,
        437.75,
        437.9,
        437.9,
        437.9,
        437.9,
        437.9,
        437.9,
        437.9,
        437.9,
        437.9,
        437.9,
        437.9,
        437.9,
        437.9,
        438.2,
        438.2,
        438.2,
        438.2,
        438.2,
        438.2,
        438.2,
        438.2,
        438.2,
        438.2,
        438.2,
        438.2,
        438.2,
        438.2,
        438.2,
        438.2,
        438.2,
        438.2,
        438.2,
        438.2,
        438.2,
        438.2,
        438.2,
        438.2,
        438.2,
        438.2,
        438.2,
        438.2,
        438.2,
        438.35,
        438.35,
        438.35,
        438.35,
        438.35,
        438.35,
        438.35,
        438.35,
        438.35,
        438.35,
        438.35,
        438.35,
        438.35,
        438.35,
        438.35,
        438.35,
        438.35,
        438.35,
        438.35,
        438.35,
        438.65,
        438.65
      ],
      "mean": [
        -Infinity,
        -Infinity,
        433.69318181818176,
        433.69318181818176,
        434.5931818181818,
        435.75909090909096,
        435.75909090909096,
        435.75909090909096,
        435.75909090909096,
        436.14772727272737,
        436.14772727272737,
        436.14772727272737,
        436.33181818181816,
        436.33181818181816,
        436.33181818181816,
        436.33181818181816,
        436.74772727272733,
        436.74772727272733,
        436.74772727272733,
        436.76818181818186,
        436.76818181818186,
        436.9318181818182,
        436.9318181818182,
        437.0,
        437.0681818181818,
        437.0681818181818,
        437.0681818181818,
        437.0681818181818,
        437.0681818181818,
        437.0681818181818,
        437.12954545454545,
        437.1363636363636,
        437.1363636363636,
        437.1363636363636,
        437.23181818181826,
        437.25909090909096,
        437.34090909090907,
        437.3954545454546,
        437.3954545454546,
        437.3954545454546,
        437.3954545454546,
        437.3954545454546,
        437.41590909090917,
        437.42954545454546,
        437.42954545454546,
        437.42954545454546,
        437.42954545454546,
        437.42954545454546,
        437.42954545454546,
        437.85227272727263,
        437.85227272727263,
        437.8590909090908,
        437.8590909090908,
        437.8590909090908,
        437.8590909090908,
        437.8590909090908,
        437.8590909090908,
        437.8795454545454,
        437.8795454545454,
        437.8795454545454,
        437.8795454545454,
        437.8795454545454,
        437.8795454545454,
        437.8795454545454,
        437.8795454545454,
        437.8795454545454,
        437.90681818181815,
        437.9136363636363,
        437.9136363636363,
        437.9136363636363,
        437.9136363636363,
        437.9136363636363,
        437.9272727272726,
        437.9272727272726,
        437.9272727272726,
        437.9272727272726,
        437.9272727272726,
        437.9272727272726,
        437.9477272727272,
        437.9477272727272,
        437.9477272727272,
        437.9477272727272,
        437.9477272727272,
        437.9477272727272,
        437.9477272727272,
        437.9477272727272,
        437.9477272727272,
        437.9477272727272,
        437.9477272727272,
        437.9477272727272,
        437.9477272727272,
        437.9477272727272,
        437.9613636363636,
        437.9613636363636,
        437.9613636363636,
        437.9613636363636,
        437.9613636363636,
        437.9613636363636,
        438.09090909090907,
        438.09090909090907
      ]
    }
  },
  "per_generation": [
    {
      "gen": 0.0,
      "best": 437.15,
      "mean": -Infinity
    },
    {
      "gen": 1.0,
      "best": 437.15,
      "mean": -Infinity
    },
    {
      "gen": 2.0,
      "best": 437.15,
      "mean": 433.69318181818176
    },
    {
      "gen": 3.0,
      "best": 437.15,
      "mean": 433.69318181818176
    },
    {
      "gen": 4.0,
      "best": 437.15,
      "mean": 434.5931818181818
    },
    {
      "gen": 5.0,
      "best": 437.15,
      "mean": 435.75909090909096
    },
    {
      "gen": 6.0,
      "best": 437.15,
      "mean": 435.75909090909096
    },
    {
      "gen": 7.0,
      "best": 437.15,
      "mean": 435.75909090909096
    },
    {
      "gen": 8.0,
      "best": 437.15,
      "mean": 435.75909090909096
    },
    {
      "gen": 9.0,
      "best": 437.15,
      "mean": 436.14772727272737
    },
    {
      "gen": 10.0,
      "best": 437.15,
      "mean": 436.14772727272737
    },
    {
      "gen": 11.0,
      "best": 437.15,
      "mean": 436.14772727272737
    },
    {
      "gen": 12.0,
      "best": 437.15,
      "mean": 436.33181818181816
    },
    {
      "gen": 13.0,
      "best": 437.15,
      "mean": 436.33181818181816
    },
    {
      "gen": 14.0,
      "best": 437.15,
      "mean": 436.33181818181816
    },
    {
      "gen": 15.0,
      "best": 437.15,
      "mean": 436.33181818181816
    },
    {
      "gen": 16.0,
      "best": 437.75,
      "mean": 436.74772727272733
    },
    {
      "gen": 17.0,
      "best": 437.75,
      "mean": 436.74772727272733
    },
    {
      "gen": 18.0,
      "best": 437.75,
      "mean": 436.74772727272733
    },
    {
      "gen": 19.0,
      "best": 437.75,
      "mean": 436.76818181818186
    },
    {
      "gen": 20.0,
      "best": 437.75,
      "mean": 436.76818181818186
    },
    {
      "gen": 21.0,
      "best": 437.75,
      "mean": 436.9318181818182
    },
    {
      "gen": 22.0,
      "best": 437.75,
      "mean": 436.9318181818182
    },
    {
      "gen": 23.0,
      "best": 437.75,
      "mean": 437.0
    },
    {
      "gen": 24.0,
      "best": 437.75,
      "mean": 437.0681818181818
    },
    {
      "gen": 25.0,
      "best": 437.75,