{
  "algo": "pso",
  "hparams": {
    "generations": 100,
    "popsize": 22,
    "fix_last_gene": true,
    "seed": 707,
    "verbosity": 1,
    "log_every": 1,
    "evals_cap": 10000,
    "w": 0.7165497840622101,
    "c1": 1.9756197612918602,
    "c2": 1.539919077839151
  },
  "metrics": {
    "best_final": 438.5,
    "auc_best": 43342.72500000005,
    "auc_best_norm": 437.80530303030355,
    "runtime_sec": 86.83467173576355,
    "evals_total": -1,
    "budget_triggered": false,
    "stop_reason": "None"
  },
  "diagnostics": {
    "best": {
      "start": 437.15,
      "end": 438.5,
      "delta_abs": 1.3500000000000227,
      "delta_rel": 0.0030881848335812027,
      "max_val": 438.5,
      "argmax": 98,
      "auc_raw": 43342.72500000005,
      "auc_norm": 437.80530303030355
    },
    "mean": {
      "start": -Infinity,
      "end": 437.86590909090904,
      "delta_abs": Infinity,
      "delta_rel": NaN,
      "max_val": 437.86590909090904,
      "argmax": 98,
      "auc_raw": -Infinity,
      "auc_norm": -Infinity
    }
  },
  "genomes": {
    "best_genome": [
      1,
      0,
      0,
      1,
      0,
      1,
      0,
      1,
      1,
      1,
      1,
      1,
      0,
      1,
      0,
      1,
      0,
      0,
      0,
      0,
      0,
      0,
      0,
      0,
      0,
      0,
      0,
      0,
      0,
      0,
      0,
      0,
      1
    ],
    "all_best_genomes": null
  },
  "raw": {
    "curves": {
      "best": [
        437.15,
        437.15,
        437.15,
        437.15,
        437.15,
        437.15,
        437.15,
        437.15,
        437.15,
        437.15,
        437.15,
        437.15,
        437.15,
        437.15,
        437.15,
        437.15,
        437.6,
        437.6,
        437.6,
        437.6,
        437.6,
        437.6,
        437.6,
        437.75,
        437.75,
        437.75,
        437.75,
        437.75,
        437.75,
        437.75,
        437.75,
        437.75,
        437.75,
        437.75,
        437.75,
        437.75,
        437.75,
        437.75,
        437.75,
        437.75,
        437.75,
        437.75,
        437.75,
        437.75,
        437.75,
        437.75,
        437.75,
        437.75,
        437.75,
        438.05,
        438.05,
        438.05,
        438.05,
        438.05,
        438.05,
        438.05,
        438.05,
        438.05,
        438.05,
        438.05,
        438.05,
        438.05,
        438.05,
        438.05,
        438.05,
        438.05,
        438.05,
        438.05,
        438.05,
        438.05,
        438.05,
        438.05,
        438.05,
        438.05,
        438.05,
        438.05,
        438.05,
        438.05,
        438.05,
        438.05,
        438.05,
        438.05,
        438.05,
        438.05,
        438.05,
        438.05,
        438.05,
        438.05,
        438.05,
        438.05,
        438.05,
        438.05,
        438.05,
        438.05,
        438.05,
        438.05,
        438.05,
        438.05,
        438.5,
        438.5
      ],
      "mean": [
        -Infinity,
        -Infinity,
        433.6454545454544,
        433.6454545454544,
        434.5590909090908,
        435.61590909090916,
        435.61590909090916,
        435.61590909090916,
        435.65,
        435.9704545454546,
        435.9704545454546,
        435.9704545454546,
        436.05909090909086,
        436.05909090909086,
        436.05909090909086,
        436.05909090909086,
        436.61136363636376,
        436.61136363636376,
        436.61136363636376,
        436.63181818181823,
        436.63181818181823,
        436.70000000000005,
        436.70000000000005,
        436.77500000000003,
        436.7886363636364,
        436.7886363636364,
        436.8022727272728,
        436.8022727272728,
        436.8022727272728,
        436.8022727272728,
        436.90454545454554,
        437.06136363636375,
        437.06136363636375,
        437.06136363636375,
        437.11590909090916,
        437.1704545454546,
        437.1704545454546,
        437.1977272727274,
        437.21818181818185,
        437.21818181818185,
        437.21818181818185,
        437.21818181818185,
        437.3204545454546,
        437.3204545454546,
        437.3204545454546,
        437.3204545454546,
        437.3204545454546,
        437.3204545454546,
        437.3204545454546,
        437.62045454545455,
        437.62045454545455,
        437.64090909090913,
        437.64772727272725,
        437.64772727272725,
        437.64772727272725,
        437.64772727272725,
        437.64772727272725,
        437.70227272727266,
        437.70227272727266,
        437.70227272727266,
        437.70909090909095,
        437.72272727272724,
        437.72272727272724,
        437.72272727272724,
        437.72272727272724,
        437.72272727272724,
        437.74999999999994,
        437.74999999999994,
        437.74999999999994,
        437.74999999999994,
        437.74999999999994,
        437.74999999999994,
        437.77045454545447,
        437.77045454545447,
        437.77045454545447,
        437.77045454545447,
        437.77045454545447,
        437.77045454545447,
        437.77045454545447,
        437.77045454545447,
        437.77045454545447,
        437.77045454545447,
        437.77045454545447,
        437.77045454545447,
        437.77045454545447,
        437.79090909090905,
        437.79090909090905,
        437.79090909090905,
        437.79090909090905,
        437.79090909090905,
        437.79090909090905,
        437.79090909090905,
        437.79090909090905,
        437.79090909090905,
        437.79090909090905,
        437.79090909090905,
        437.79090909090905,
        437.79090909090905,
        437.86590909090904,
        437.86590909090904
      ]
    }
  },
  "per_generation": [
    {
      "gen": 0.0,
      "best": 437.15,
      "mean": -Infinity
    },
    {
      "gen": 1.0,
      "best": 437.15,
      "mean": -Infinity
    },
    {
      "gen": 2.0,
      "best": 437.15,
      "mean": 433.6454545454544
    },
    {
      "gen": 3.0,
      "best": 437.15,
      "mean": 433.6454545454544
    },
    {
      "gen": 4.0,
      "best": 437.15,
      "mean": 434.5590909090908
    },
    {
      "gen": 5.0,
      "best": 437.15,
      "mean": 435.61590909090916
    },
    {
      "gen": 6.0,
      "best": 437.15,
      "mean": 435.61590909090916
    },
    {
      "gen": 7.0,
      "best": 437.15,
      "mean": 435.61590909090916
    },
    {
      "gen": 8.0,
      "best": 437.15,
      "mean": 435.65
    },
    {
      "gen": 9.0,
      "best": 437.15,
      "mean": 435.9704545454546
    },
    {
      "gen": 10.0,
      "best": 437.15,
      "mean": 435.9704545454546
    },
    {
      "gen": 11.0,
      "best": 437.15,
      "mean": 435.9704545454546
    },
    {
      "gen": 12.0,
      "best": 437.15,
      "mean": 436.05909090909086
    },
    {
      "gen": 13.0,
      "best": 437.15,
      "mean": 436.05909090909086
    },
    {
      "gen": 14.0,
      "best": 437.15,
      "mean": 436.05909090909086
    },
    {
      "gen": 15.0,
      "best": 437.15,
      "mean": 436.05909090909086
    },
    {
      "gen": 16.0,
      "best": 437.6,
      "mean": 436.61136363636376
    },
    {
      "gen": 17.0,
      "best": 437.6,
      "mean": 436.61136363636376
    },
    {
      "gen": 18.0,
      "best": 437.6,
      "mean": 436.61136363636376
    },
    {
      "gen": 19.0,
      "best": 437.6,
      "mean": 436.63181818181823
    },
    {
      "gen": 20.0,
      "best": 437.6,
      "mean": 436.63181818181823
    },
    {
      "gen": 21.0,
      "best": 437.6,
      "mean": 436.70000000000005
    },
    {
      "gen": 22.0,
      "best": 437.6,
      "mean": 436.70000000000005
    },
    {
      "gen": 23.0,
      "best": 437.75,
      "mean": 436.77500000000003
    },
    {
      "gen": 24.0,
      "best": 437.75,