{
  "algo": "pso",
  "hparams": {
    "generations": 100,
    "popsize": 22,
    "fix_last_gene": true,
    "seed": 1001,
    "verbosity": 1,
    "log_every": 1,
    "evals_cap": 10000,
    "w": 0.9053597832710168,
    "c1": 2.0543582793678064,
    "c2": 1.4224711759820978
  },
  "metrics": {
    "best_final": 438.65,
    "auc_best": 43388.25000000009,
    "auc_best_norm": 438.2651515151524,
    "runtime_sec": 82.7298653125763,
    "evals_total": -1,
    "budget_triggered": false,
    "stop_reason": "None"
  },
  "diagnostics": {
    "best": {
      "start": 436.55,
      "end": 438.65,
      "delta_abs": 2.099999999999966,
      "delta_rel": 0.004810445538884356,
      "max_val": 438.65,
      "argmax": 39,
      "auc_raw": 43388.25000000009,
      "auc_norm": 438.2651515151524
    },
    "mean": {
      "start": -Infinity,
      "end": 438.58181818181805,
      "delta_abs": Infinity,
      "delta_rel": NaN,
      "max_val": 438.58181818181805,
      "argmax": 91,
      "auc_raw": -Infinity,
      "auc_norm": -Infinity
    }
  },
  "genomes": {
    "best_genome": [
      0,
      1,
      0,
      0,
      0,
      1,
      1,
      0,
      1,
      0,
      0,
      1,
      0,
      0,
      1,
      0,
      0,
      0,
      0,
      0,
      0,
      0,
      0,
      0,
      0,
      0,
      0,
      0,
      0,
      0,
      0,
      0,
      1
    ],
    "all_best_genomes": null
  },
  "raw": {
    "curves": {
      "best": [
        436.55,
        436.55,
        436.55,
        437.15,
        437.15,
        437.15,
        437.15,
        437.15,
        437.15,
        437.15,
        437.15,
        437.15,
        437.15,
        437.3,
        437.45,
        437.45,
        437.45,
        437.6,
        437.6,
        437.6,
        437.6,
        437.6,
        437.6,
        438.05,
        438.05,
        438.05,
        438.05,
        438.05,
        438.2,
        438.2,
        438.35,
        438.35,
        438.35,
        438.35,
        438.35,
        438.35,
        438.35,
        438.35,
        438.35,
        438.65,
        438.65,
        438.65,
        438.65,
        438.65,
        438.65,
        438.65,
        438.65,
        438.65,
        438.65,
        438.65,
        438.65,
        438.65,
        438.65,
        438.65,
        438.65,
        438.65,
        438.65,
        438.65,
        438.65,
        438.65,
        438.65,
        438.65,
        438.65,
        438.65,
        438.65,
        438.65,
        438.65,
        438.65,
        438.65,
        438.65,
        438.65,
        438.65,
        438.65,
        438.65,
        438.65,
        438.65,
        438.65,
        438.65,
        438.65,
        438.65,
        438.65,
        438.65,
        438.65,
        438.65,
        438.65,
        438.65,
        438.65,
        438.65,
        438.65,
        438.65,
        438.65,
        438.65,
        438.65,
        438.65,
        438.65,
        438.65,
        438.65,
        438.65,
        438.65,
        438.65
      ],
      "mean": [
        -Infinity,
        420.15227272727276,
        420.32954545454544,
        420.8954545454546,
        421.12727272727267,
        427.05227272727274,
        427.15454545454554,
        428.6,
        429.609090909091,
        430.55,
        431.72272727272735,
        431.7431818181818,
        436.0863636363637,
        436.49545454545455,
        436.79545454545456,
        436.79545454545456,
        436.8431818181818,
        436.99318181818194,
        437.00681818181823,
        437.1363636363636,
        437.1363636363636,
        437.1363636363636,
        437.19090909090914,
        437.5113636363636,
        437.5113636363636,
        437.5386363636364,
        437.5386363636364,
        437.5386363636364,
        437.6,
        437.6136363636364,
        437.69545454545454,
        437.825,
        437.825,
        437.825,
        437.89318181818174,
        437.89318181818174,
        437.95454545454544,
        437.95454545454544,
        437.9613636363636,
        438.1318181818182,
        438.15227272727276,
        438.15909090909093,
        438.15909090909093,
        438.15909090909093,
        438.17272727272723,
        438.17272727272723,
        438.17272727272723,
        438.17272727272723,
        438.17272727272723,
        438.17272727272723,
        438.2136363636364,
        438.2136363636364,
        438.2818181818182,
        438.2818181818182,
        438.30227272727274,
        438.30909090909097,
        438.30909090909097,
        438.31590909090914,
        438.34318181818185,
        438.4045454545454,
        438.41818181818184,
        438.41818181818184,
        438.41818181818184,
        438.41818181818184,
        438.41818181818184,
        438.41818181818184,
        438.41818181818184,
        438.41818181818184,
        438.41818181818184,
        438.425,
        438.53409090909093,
        438.53409090909093,
        438.53409090909093,
        438.54090909090905,
        438.54090909090905,
        438.54090909090905,
        438.54090909090905,
        438.54090909090905,
        438.54090909090905,
        438.54090909090905,
        438.54772727272723,
        438.54772727272723,
        438.54772727272723,
        438.54772727272723,
        438.54772727272723,
        438.56818181818176,
        438.56818181818176,
        438.56818181818176,
        438.56818181818176,
        438.56818181818176,
        438.56818181818176,
        438.58181818181805,
        438.58181818181805,
        438.58181818181805,
        438.58181818181805,
        438.58181818181805,
        438.58181818181805,
        438.58181818181805,
        438.58181818181805,
        438.58181818181805
      ]
    }
  },
  "per_generation": [
    {
      "gen": 0.0,
      "best": 436.55,
      "mean": -Infinity
    },
    {
      "gen": 1.0,
      "best": 436.55,
      "mean": 420.15227272727276
    },
    {
      "gen": 2.0,
      "best": 436.55,
      "mean": 420.32954545454544
    },
    {
      "gen": 3.0,
      "best": 437.15,
      "mean": 420.8954545454546
    },
    {
      "gen": 4.0,
      "best": 437.15,
      "mean": 421.12727272727267
    },
    {
      "gen": 5.0,
      "best": 437.15,
      "mean": 427.05227272727274
    },
    {
      "gen": 6.0,
      "best": 437.15,
      "mean": 427.15454545454554
    },
    {
      "gen": 7.0,
      "best": 437.15,
      "mean": 428.6
    },
    {
      "gen": 8.0,
      "best": 437.15,
      "mean": 429.609090909091
    },
    {
      "gen": 9.0,
      "best": 437.15,
      "mean": 430.55
    },
    {
      "gen": 10.0,
      "best": 437.15,
      "mean": 431.72272727272735
    },
    {
      "gen": 11.0,
      "best": 437.15,
      "mean": 431.7431818181818
    },
    {
      "gen": 12.0,
      "best": 437.15,
      "mean": 436.0863636363637
    },
    {
      "gen": 13.0,
      "best": 437.3,
      "mean": 436.49545454545455
    },
    {
      "gen": 14.0,
      "best": 437.45,
      "mean": 436.79545454545456
    },
    {
      "gen": 15.0,
      "best": 437.45,
      "mean": 436.79545454545456
    },
    {
      "gen": 16.0,
      "best": 437.45,
      "mean": 436.8431818181818
    },
    {
      "gen": 17.0,
      "best": 437.6,
      "mean": 436.99318181818194
    },
    {
      "gen": 18.0,
      "best": 437.6,
      "mean": 437.00681818181823
    },
    {
      "gen": 19.0,
      "best": 437.6,
      "mean": 437.1363636363636
    },
    {
      "gen": 20.0,
      "best": 437.6,
      "mean": 437.1363636363636
    },
    {
      "gen": 21.0,
      "best": 437.6,
      "mean": 437.1363636363636
    },
    {
      "gen": 22.0,
      "best": 437.6,
      "mean": 437.19090909090914
    },
    {
      "gen": 23.0,
      "best": 438.05,
      "mean": 437.5113636363636
    },
    {
      "gen": 24.0,
      "best": 438.05,
      "mean": 437.5113636363636
    },
    {
      "gen": 25.0,
      "best": 438.05,