{
  "algo": "pso",
  "hparams": {
    "generations": 100,
    "popsize": 22,
    "fix_last_gene": true,
    "seed": 808,
    "verbosity": 1,
    "log_every": 1,
    "evals_cap": 10000,
    "w": 0.5207419402307208,
    "c1": 0.8,
    "c2": 1.4888980467225323
  },
  "metrics": {
    "best_final": 438.2,
    "auc_best": 43344.899999999914,
    "auc_best_norm": 437.82727272727186,
    "runtime_sec": 60.06016492843628,
    "evals_total": -1,
    "budget_triggered": false,
    "stop_reason": "None"
  },
  "diagnostics": {
    "best": {
      "start": 437.0,
      "end": 438.2,
      "delta_abs": 1.1999999999999886,
      "delta_rel": 0.002745995423340935,
      "max_val": 438.2,
      "argmax": 57,
      "auc_raw": 43344.899999999914,
      "auc_norm": 437.82727272727186
    },
    "mean": {
      "start": -Infinity,
      "end": 438.0295454545454,
      "delta_abs": Infinity,
      "delta_rel": NaN,
      "max_val": 438.0295454545454,
      "argmax": 86,
      "auc_raw": -Infinity,
      "auc_norm": -Infinity
    }
  },
  "genomes": {
    "best_genome": [
      1,
      1,
      0,
      0,
      1,
      1,
      1,
      1,
      0,
      0,
      0,
      0,
      0,
      0,
      1,
      0,
      0,
      0,
      0,
      0,
      1,
      0,
      0,
      1,
      0,
      0,
      0,
      0,
      0,
      0,
      0,
      0,
      1
    ],
    "all_best_genomes": null
  },
  "raw": {
    "curves": {
      "best": [
        437.0,
        437.0,
        437.0,
        437.0,
        437.3,
        436.55,
        437.3,
        437.3,
        437.3,
        437.3,
        437.3,
        437.3,
        437.3,
        437.3,
        437.3,
        437.3,
        437.3,
        437.3,
        437.3,
        437.3,
        437.3,
        437.3,
        437.3,
        437.3,
        437.3,
        437.3,
        437.3,
        437.3,
        437.3,
        437.3,
        437.3,
        437.3,
        437.3,
        437.3,
        437.3,
        437.3,
        438.05,
        438.05,
        438.05,
        438.05,
        438.05,
        438.05,
        438.05,
        438.05,
        438.05,
        438.05,
        438.05,
        438.05,
        438.05,
        438.05,
        438.05,
        438.05,
        438.05,
        438.05,
        438.05,
        438.05,
        438.05,
        438.2,
        438.2,
        438.2,
        438.2,
        438.2,
        438.2,
        438.2,
        438.2,
        438.2,
        438.2,
        438.2,
        438.2,
        438.2,
        438.2,
        438.2,
        438.2,
        438.2,
        438.2,
        438.2,
        438.2,
        438.2,
        438.2,
        438.2,
        438.2,
        438.2,
        438.2,
        438.2,
        438.2,
        438.2,
        438.2,
        438.2,
        438.2,
        438.2,
        438.2,
        438.2,
        438.2,
        438.2,
        438.2,
        438.2,
        438.2,
        438.2,
        438.2,
        438.2
      ],
      "mean": [
        -Infinity,
        422.38181818181823,
        422.38181818181823,
        422.57954545454555,
        432.63636363636374,
        432.6772727272728,
        432.6772727272728,
        435.32954545454555,
        435.8545454545454,
        435.90909090909093,
        435.90909090909093,
        435.90909090909093,
        435.90909090909093,
        435.91590909090917,
        435.91590909090917,
        435.91590909090917,
        435.91590909090917,
        435.91590909090917,
        435.91590909090917,
        436.29090909090905,
        436.29090909090905,
        436.29090909090905,
        436.29090909090905,
        436.3181818181818,
        436.3181818181818,
        436.3181818181818,
        436.9113636363636,
        436.9113636363636,
        436.9113636363636,
        436.9113636363636,
        436.9113636363636,
        436.9113636363636,
        436.9113636363636,
        436.9113636363636,
        436.9113636363636,
        436.9113636363636,
        437.45000000000005,
        437.45000000000005,
        437.45000000000005,
        437.45000000000005,
        437.45000000000005,
        437.45000000000005,
        437.61363636363643,
        437.61363636363643,
        437.61363636363643,
        437.61363636363643,
        437.6272727272728,
        437.6272727272728,
        437.6272727272728,
        437.66136363636366,
        437.66136363636366,
        437.66136363636366,
        437.66136363636366,
        437.66136363636366,
        437.66136363636366,
        437.66136363636366,
        437.66136363636366,
        437.68863636363636,
        437.68863636363636,
        437.68863636363636,
        437.68863636363636,
        437.68863636363636,
        437.68863636363636,
        437.68863636363636,
        437.68863636363636,
        437.68863636363636,
        437.68863636363636,
        437.68863636363636,
        437.73636363636365,
        437.73636363636365,
        437.73636363636365,
        437.73636363636365,
        437.73636363636365,
        437.73636363636365,
        437.73636363636365,
        437.73636363636365,
        437.73636363636365,
        437.73636363636365,
        437.76363636363635,
        437.76363636363635,
        437.76363636363635,
        437.90681818181815,
        437.90681818181815,
        437.98181818181814,
        437.98181818181814,
        437.98181818181814,
        438.0295454545454,
        438.0295454545454,
        438.0295454545454,
        438.0295454545454,
        438.0295454545454,
        438.0295454545454,
        438.0295454545454,
        438.0295454545454,
        438.0295454545454,
        438.0295454545454,
        438.0295454545454,
        438.0295454545454,
        438.0295454545454,
        438.0295454545454
      ]
    }
  },
  "per_generation": [
    {
      "gen": 0.0,
      "best": 437.0,
      "mean": -Infinity
    },
    {
      "gen": 1.0,
      "best": 437.0,
      "mean": 422.38181818181823
    },
    {
      "gen": 2.0,
      "best": 437.0,
      "mean": 422.38181818181823
    },
    {
      "gen": 3.0,
      "best": 437.0,
      "mean": 422.57954545454555
    },
    {
      "gen": 4.0,
      "best": 437.3,
      "mean": 432.63636363636374
    },
    {
      "gen": 5.0,
      "best": 436.55,
      "mean": 432.6772727272728
    },
    {
      "gen": 6.0,
      "best": 437.3,
      "mean": 432.6772727272728
    },
    {
      "gen": 7.0,
      "best": 437.3,
      "mean": 435.32954545454555
    },
    {
      "gen": 8.0,
      "best": 437.3,
      "mean": 435.8545454545454
    },
    {
      "gen": 9.0,
      "best": 437.3,
      "mean": 435.90909090909093
    },
    {
      "gen": 10.0,
      "best": 437.3,
      "mean": 435.90909090909093
    },
    {
      "gen": 11.0,
      "best": 437.3,
      "mean": 435.90909090909093
    },
    {
      "gen": 12.0,
      "best": 437.3,
      "mean": 435.90909090909093
    },
    {
      "gen": 13.0,
      "best": 437.3,
      "mean": 435.91590909090917
    },
    {
      "gen": 14.0,
      "best": 437.3,
      "mean": 435.91590909090917
    },
    {
      "gen": 15.0,
      "best": 437.3,
      "mean": 435.91590909090917
    },
    {
      "gen": 16.0,
      "best": 437.3,
      "mean": 435.91590909090917
    },
    {
      "gen": 17.0,
      "best": 437.3,
      "mean": 435.91590909090917
    },
    {
      "gen": 18.0,
      "best": 437.3,
      "mean": 435.91590909090917
    },
    {
      "gen": 19.0,
      "best": 437.3,
      "mean": 436.29090909090905
    },
    {
      "gen": 20.0,
      "best": 437.3,
      "mean": 436.29090909090905
    },
    {
      "gen": 21.0,
      "best": 437.3,
      "mean": 436.29090909090905
    },
    {
      "gen": 22.0,
      "best": 437.3,
      "mean": 436.29090909090905
    },
    {
      "gen": 23.0,
      "best": 437.3,
      "mean": 436.3181818181818
    },
    {
      "gen": 24.0,
      "best": 437.3,
      "mean": 436.3181818181818
    },
    {
      "gen": 25.0,
      "best": 437.3,