{
  "algo": "pso",
  "hparams": {
    "generations": 100,
    "popsize": 22,
    "fix_last_gene": true,
    "seed": 404,
    "verbosity": 1,
    "log_every": 1,
    "evals_cap": 10000,
    "w": 0.9749548983769002,
    "c1": 0.8,
    "c2": 1.3967120726519275
  },
  "metrics": {
    "best_final": 438.65,
    "auc_best": 43400.10000000009,
    "auc_best_norm": 438.38484848484944,
    "runtime_sec": 100.33396649360657,
    "evals_total": -1,
    "budget_triggered": false,
    "stop_reason": "None"
  },
  "diagnostics": {
    "best": {
      "start": 436.25,
      "end": 438.65,
      "delta_abs": 2.3999999999999773,
      "delta_rel": 0.005501432664756395,
      "max_val": 438.65,
      "argmax": 34,
      "auc_raw": 43400.10000000009,
      "auc_norm": 438.38484848484944
    },
    "mean": {
      "start": -Infinity,
      "end": 438.64999999999986,
      "delta_abs": Infinity,
      "delta_rel": NaN,
      "max_val": 438.64999999999986,
      "argmax": 64,
      "auc_raw": -Infinity,
      "auc_norm": -Infinity
    }
  },
  "genomes": {
    "best_genome": [
      1,
      0,
      0,
      1,
      0,
      1,
      0,
      1,
      0,
      0,
      1,
      1,
      0,
      1,
      1,
      0,
      0,
      0,
      0,
      0,
      0,
      0,
      0,
      0,
      0,
      0,
      0,
      0,
      0,
      0,
      0,
      0,
      1
    ],
    "all_best_genomes": null
  },
  "raw": {
    "curves": {
      "best": [
        436.25,
        436.25,
        436.4,
        436.4,
        436.85,
        436.85,
        437.6,
        437.6,
        437.6,
        437.6,
        437.75,
        438.05,
        438.05,
        438.05,
        438.05,
        438.05,
        438.05,
        438.05,
        438.2,
        438.2,
        438.2,
        438.2,
        438.2,
        438.2,
        438.35,
        438.35,
        438.35,
        438.35,
        438.35,
        438.35,
        438.35,
        438.5,
        438.5,
        438.5,
        438.65,
        438.65,
        438.65,
        438.65,
        438.65,
        438.65,
        438.65,
        438.65,
        438.65,
        438.65,
        438.65,
        438.65,
        438.65,
        438.65,
        438.65,
        438.65,
        438.65,
        438.65,
        438.65,
        438.65,
        438.65,
        438.65,
        438.65,
        438.65,
        438.65,
        438.65,
        438.65,
        438.65,
        438.65,
        438.65,
        438.65,
        438.65,
        438.65,
        438.65,
        438.65,
        438.65,
        438.65,
        438.65,
        438.65,
        438.65,
        438.65,
        438.65,
        438.65,
        438.65,
        438.65,
        438.65,
        438.65,
        438.65,
        438.65,
        438.65,
        438.65,
        438.65,
        438.65,
        438.65,
        438.65,
        438.65,
        438.65,
        438.65,
        438.65,
        438.65,
        438.65,
        438.65,
        438.65,
        438.65,
        438.65,
        438.65
      ],
      "mean": [
        -Infinity,
        -Infinity,
        -Infinity,
        430.74772727272733,
        432.2136363636364,
        432.2613636363636,
        436.30454545454546,
        436.30454545454546,
        436.30454545454546,
        436.32500000000005,
        436.81590909090914,
        437.2795454545454,
        437.39545454545464,
        437.39545454545464,
        437.39545454545464,
        437.4022727272728,
        437.4022727272728,
        437.4022727272728,
        437.6818181818181,
        437.6818181818181,
        437.6818181818181,
        437.70227272727266,
        437.71590909090907,
        437.71590909090907,
        437.87272727272733,
        437.87272727272733,
        437.92727272727274,
        437.92727272727274,
        437.94090909090903,
        438.0295454545454,
        438.0295454545454,
        438.090909090909,
        438.090909090909,
        438.09772727272724,
        438.24772727272716,
        438.24772727272716,
        438.24772727272716,
        438.24772727272716,
        438.275,
        438.275,
        438.34999999999997,
        438.46590909090907,
        438.46590909090907,
        438.47272727272724,
        438.47272727272724,
        438.4795454545454,
        438.4795454545454,
        438.4795454545454,
        438.49999999999994,
        438.49999999999994,
        438.56818181818176,
        438.56818181818176,
        438.63636363636357,
        438.63636363636357,
        438.63636363636357,
        438.63636363636357,
        438.63636363636357,
        438.63636363636357,
        438.63636363636357,
        438.63636363636357,
        438.63636363636357,
        438.63636363636357,
        438.63636363636357,
        438.63636363636357,
        438.64999999999986,
        438.64999999999986,
        438.64999999999986,
        438.64999999999986,
        438.64999999999986,
        438.64999999999986,
        438.64999999999986,
        438.64999999999986,
        438.64999999999986,
        438.64999999999986,
        438.64999999999986,
        438.64999999999986,
        438.64999999999986,
        438.64999999999986,
        438.64999999999986,
        438.64999999999986,
        438.64999999999986,
        438.64999999999986,
        438.64999999999986,
        438.64999999999986,
        438.64999999999986,
        438.64999999999986,
        438.64999999999986,
        438.64999999999986,
        438.64999999999986,
        438.64999999999986,
        438.64999999999986,
        438.64999999999986,
        438.64999999999986,
        438.64999999999986,
        438.64999999999986,
        438.64999999999986,
        438.64999999999986,
        438.64999999999986,
        438.64999999999986,
        438.64999999999986
      ]
    }
  },
  "per_generation": [
    {
      "gen": 0.0,
      "best": 436.25,
      "mean": -Infinity
    },
    {
      "gen": 1.0,
      "best": 436.25,
      "mean": -Infinity
    },
    {
      "gen": 2.0,
      "best": 436.4,
      "mean": -Infinity
    },
    {
      "gen": 3.0,
      "best": 436.4,
      "mean": 430.74772727272733
    },
    {
      "gen": 4.0,
      "best": 436.85,
      "mean": 432.2136363636364
    },
    {
      "gen": 5.0,
      "best": 436.85,
      "mean": 432.2613636363636
    },
    {
      "gen": 6.0,
      "best": 437.6,
      "mean": 436.30454545454546
    },
    {
      "gen": 7.0,
      "best": 437.6,
      "mean": 436.30454545454546
    },
    {
      "gen": 8.0,
      "best": 437.6,
      "mean": 436.30454545454546
    },
    {
      "gen": 9.0,
      "best": 437.6,
      "mean": 436.32500000000005
    },
    {
      "gen": 10.0,
      "best": 437.75,
      "mean": 436.81590909090914
    },
    {
      "gen": 11.0,
      "best": 438.05,
      "mean": 437.2795454545454
    },
    {
      "gen": 12.0,
      "best": 438.05,
      "mean": 437.39545454545464
    },
    {
      "gen": 13.0,
      "best": 438.05,
      "mean": 437.39545454545464
    },
    {
      "gen": 14.0,
      "best": 438.05,
      "mean": 437.39545454545464
    },
    {
      "gen": 15.0,
      "best": 438.05,
      "mean": 437.4022727272728
    },
    {
      "gen": 16.0,
      "best": 438.05,
      "mean": 437.4022727272728
    },
    {
      "gen": 17.0,
      "best": 438.05,
      "mean": 437.4022727272728
    },
    {
      "gen": 18.0,
      "best": 438.2,
      "mean": 437.6818181818181
    },
    {
      "gen": 19.0,
      "best": 438.2,
      "mean": 437.6818181818181
    },
    {
      "gen": 20.0,
      "best": 438.2,
      "mean": 437.6818181818181
    },
    {
      "gen": 21.0,
      "best": 438.2,
      "mean": 437.70227272727266
    },
    {
      "gen": 22.0,
      "best": 438.2,
      "mean": 437.71590909090907
    },
    {
      "gen": 23.0,
      "best": 438.2,
      "mean": 437.71590909090907
    },
    {
      "gen": 24.0,
      "best": 438.35,
      "mean": 437.87272727272733
    },
    {
      "gen": 25.0,
      "best": 438.35,