{
  "best_genome": [
    0,
    0,
    1,
    0,
    1,
    0,
    0,
    0,
    0,
    0,
    1,
    1
  ],
  "best_utility": -6.15,
  "all_best_genomes": [
    [
      0,
      0,
      1,
      0,
      1,
      0,
      0,
      0,
      0,
      0,
      1,
      1
    ]
  ],
  "curves": {
    "best": [
      -16.94,
      -7.02,
      -6.15,
      -6.15,
      -6.15,
      -6.15,
      -6.15,
      -6.15,
      -6.15,
      -6.15,
      -6.15,
      -6.15,
      -6.15,
      -6.15,
      -6.15,
      -6.15,
      -6.15,
      -6.15,
      -6.15,
      -6.15,
      -6.15,
      -6.15,
      -6.15,
      -6.15,
      -6.15,
      -6.15,
      -6.15,
      -6.15,
      -6.15,
      -6.15,
      -6.15,
      -6.15,
      -6.15,
      -6.15,
      -6.15,
      -6.15,
      -6.15,
      -6.15,
      -6.15,
      -6.15,
      -6.15,
      -6.15,
      -6.15,
      -6.15,
      -6.15,
      -6.15,
      -6.15,
      -6.15,
      -6.15,
      -6.15,
      -6.15
    ],
    "mean": [
      -115.9964,
      -47.9898,
      -34.8152,
      -10.112999999999998,
      -15.273800000000001,
      -10.376,
      -7.429999999999999,
      -7.576399999999999,
      -7.9624,
      -11.759600000000002,
      -8.501999999999999,
      -7.5448,
      -9.547999999999998,
      -7.2554,
      -11.637,
      -12.7938,
      -11.992799999999999,
      -13.835,
      -11.2552,
      -12.437999999999997,
      -13.6184,
      -11.7038,
      -11.326199999999998,
      -12.659,
      -8.837599999999998,
      -12.014800000000001,
      -13.765600000000001,
      -11.796399999999998,
      -7.617799999999999,
      -16.406,
      -8.5516,
      -17.921,
      -12.889,
      -9.107199999999999,
      -13.1762,
      -10.155399999999998,
      -8.6456,
      -13.315199999999999,
      -11.187000000000001,
      -13.105,
      -14.362600000000002,
      -14.2682,
      -12.959599999999998,
      -10.501399999999999,
      -12.9244,
      -10.913400000000001,
      -12.3344,
      -11.160000000000002,
      -13.9752,
      -10.7254,
      -16.078
    ],
    "median": [
      -99.64500000000001,
      -44.11,
      -32.91,
      -8.71,
      -6.96,
      -6.96,
      -6.15,
      -6.15,
      -6.15,
      -6.15,
      -6.15,
      -6.15,
      -6.15,
      -6.15,
      -6.15,
      -6.15,
      -6.15,
      -6.15,
      -6.15,
      -6.15,
      -6.15,
      -6.15,
      -6.15,
      -6.15,
      -6.15,
      -6.15,
      -6.15,
      -6.15,
      -6.15,
      -6.15,
      -6.15,
      -6.15,
      -6.15,
      -6.15,
      -6.15,
      -6.15,
      -6.15,
      -6.15,
      -6.15,
      -6.15,
      -6.15,
      -6.15,
      -6.15,
      -6.15,
      -6.15,
      -6.15,
      -6.15,
      -6.15,
      -6.15,
      -6.15,
      -6.15
    ]
  },
  "meta": {
    "genome_shape": 12,
    "generations": 50,
    "popsize": 50,
    "parents": 15,
    "mutation_rate": 0.03,
    "fix_last_gene": true,
    "seed": 42,
    "tie_tolerance": 1e-09,
    "evals_per_gen": [
      50,
      35,
      35,
      35,
      35,
      35,
      35,
      35,
      35,
      35,
      35,
      35,
      35,
      35,
      35,
      35,
      35,
      35,
      35,
      35,
      35,
      35,
      35,
      35,
      35,
      35,
      35,
      35,
      35,
      35,
      35,
      35,
      35,
      35,
      35,
      35,
      35,
      35,
      35,
      35,
      35,
      35,
      35,
      35,
      35,
      35,
      35,
      35,
      35,
      35,
      35
    ],
    "evals_cum": [
      50,
      85,
      120,
      155,
      190,
      225,
      260,
      295,
      330,
      365,
      400,
      435,
      470,
      505,
      540,
      575,
      610,
      645,
      680,
      715,
      750,
      785,
      820,
      855,
      890,
      925,
      960,
      995,
      1030,
      1065,
      1100,
      1135,
      1170,
      1205,
      1240,
      1275,
      1310,
      1345,
      1380,
      1415,
      1450,
      1485,
      1520,
      1555,
      1590,
      1625,
      1660,
      1695,
      1730,
      1765,
      1800
    ],
    "runtime_sec": 34.85994219779968,
    "budget": {
      "evals_cap": 150000,
      "time_limit_sec": 14400.0,
      "triggered": false,
      "reason": null,
      "evals_total": 1800,
      "time_total_sec": 34.85757827758789
    },
    "env_id": "g10_low_1"
  }
}