{
  "best_genome": [
    0,
    0,
    0,
    0,
    0,
    0,
    0,
    0,
    0,
    0,
    0,
    0,
    0,
    0,
    0,
    0,
    0,
    0,
    0,
    0,
    0,
    0,
    0,
    0,
    0,
    0,
    0,
    0,
    0,
    0,
    1,
    1,
    0,
    1,
    1,
    0,
    1,
    0,
    0,
    0,
    0,
    0,
    0,
    0,
    0,
    0,
    0,
    0,
    0,
    0,
    0,
    0,
    0,
    0,
    0,
    0,
    0,
    0,
    0,
    0,
    0,
    0,
    0,
    0,
    0,
    0,
    0,
    0,
    0,
    0,
    0,
    0,
    0,
    0,
    0,
    0,
    0,
    1,
    1,
    1,
    1,
    1,
    1,
    1,
    1,
    1,
    1,
    1,
    1
  ],
  "best_utility": 228.63,
  "all_best_genomes": [
    [
      0,
      0,
      0,
      0,
      0,
      0,
      0,
      0,
      0,
      0,
      0,
      0,
      0,
      0,
      0,
      0,
      0,
      0,
      0,
      0,
      0,
      0,
      0,
      0,
      0,
      0,
      0,
      0,
      0,
      0,
      1,
      1,
      0,
      1,
      1,
      0,
      1,
      0,
      0,
      0,
      0,
      0,
      0,
      0,
      0,
      0,
      0,
      0,
      0,
      0,
      0,
      0,
      0,
      0,
      0,
      0,
      0,
      0,
      0,
      0,
      0,
      0,
      0,
      0,
      0,
      0,
      0,
      0,
      0,
      0,
      0,
      0,
      0,
      0,
      0,
      0,
      0,
      1,
      1,
      1,
      1,
      1,
      1,
      1,
      1,
      1,
      1,
      1,
      1
    ]
  ],
  "curves": {
    "best": [
      72.5,
      75.8,
      95.31,
      95.31,
      108.05,
      108.89,
      121.51,
      130.18,
      132.03,
      133.04,
      147.08,
      158.83,
      162.77,
      168.32,
      169.05,
      174.56,
      189.08,
      189.08,
      192.2,
      192.2,
      192.2,
      204.64,
      204.64,
      205.69,
      213.54,
      213.54,
      213.54,
      213.54,
      213.54,
      213.54,
      213.54,
      216.55,
      219.05,
      219.05,
      219.05,
      219.05,
      219.05,
      219.05,
      223.12,
      223.12,
      223.12,
      223.12,
      225.24,
      225.24,
      225.24,
      225.24,
      225.24,
      225.24,
      225.24,
      225.24,
      228.63
    ],
    "mean": [
      -107.1884,
      7.989799999999998,
      37.500600000000006,
      50.554,
      68.229,
      80.149,
      87.6232,
      95.3978,
      100.83959999999999,
      114.06659999999998,
      115.80620000000003,
      120.9876,
      129.7414,
      143.4942,
      147.2134,
      147.3528,
      158.6,
      160.7092,
      159.0268,
      173.9368,
      170.5052,
      178.08539999999996,
      176.16379999999998,
      180.57420000000002,
      179.83980000000003,
      184.89239999999998,
      182.84439999999998,
      185.274,
      193.679,
      192.005,
      195.49880000000005,
      203.41740000000001,
      198.1924,
      202.58399999999997,
      199.86399999999998,
      199.3578,
      205.38640000000004,
      204.7152,
      206.12599999999998,
      208.2188,
      208.22459999999998,
      197.7028,
      207.0864,
      201.667,
      208.11700000000002,
      205.36739999999998,
      206.01940000000002,
      201.335,
      206.97300000000004,
      211.13440000000003,
      212.91860000000005
    ],
    "median": [
      -113.92,
      14.865,
      44.835,
      60.905,
      75.77,
      87.69999999999999,
      93.695,
      99.485,
      109.69,
      117.86,
      125.82499999999999,
      131.685,
      136.20499999999998,
      145.48,
      155.29500000000002,
      160.685,
      164.32,
      169.055,
      174.56,
      180.995,
      179.845,
      183.215,
      186.25,
      190.19,
      192.19,
      194.095,
      198.4,
      197.625,
      204.64,
      201.435,
      204.97000000000003,
      208.89,
      210.93,
      207.445,
      204.51,
      211.70499999999998,
      210.88,
      214.07,
      215.65,
      211.70499999999998,
      214.07,
      212.16000000000003,
      213.01,
      213.41000000000003,
      214.83,
      215.5,
      219.83499999999998,
      216.975,
      221.42000000000002,
      218.22,
      218.67000000000002
    ]
  },
  "meta": {
    "genome_shape": 89,
    "generations": 50,
    "popsize": 50,
    "parents": 15,
    "mutation_rate": 0.03,
    "fix_last_gene": true,
    "seed": 73,
    "tie_tolerance": 1e-09,
    "evals_per_gen": [
      50,
      35,
      35,
      35,
      35,
      35,
      35,
      35,
      35,
      35,
      35,
      35,
      35,
      35,
      35,
      35,
      35,
      35,
      35,
      35,
      35,
      35,
      35,
      35,
      35,
      35,
      35,
      35,
      35,
      35,
      35,
      35,
      35,
      35,
      35,
      35,
      35,
      35,
      35,
      35,
      35,
      35,
      35,
      35,
      35,
      35,
      35,
      35,
      35,
      35,
      35
    ],
    "evals_cum": [
      50,
      85,
      120,
      155,
      190,
      225,
      260,
      295,
      330,
      365,
      400,
      435,
      470,
      505,
      540,
      575,
      610,
      645,
      680,
      715,
      750,
      785,
      820,
      855,
      890,
      925,
      960,
      995,
      1030,
      1065,
      1100,
      1135,
      1170,
      1205,
      1240,
      1275,
      1310,
      1345,
      1380,
      1415,
      1450,
      1485,
      1520,
      1555,
      1590,
      1625,
      1660,
      1695,
      1730,
      1765,
      1800
    ],
    "runtime_sec": 80.70056629180908,
    "budget": {
      "evals_cap": 150000,
      "time_limit_sec": 14400.0,
      "triggered": false,
      "reason": null,
      "evals_total": 1800,
      "time_total_sec": 80.69649505615234
    },
    "env_id": "g10_high_0"
  }
}