{
  "best_genome": [
    0,
    0,
    0,
    0,
    0,
    0,
    0,
    0,
    0,
    0,
    0,
    1,
    1
  ],
  "best_utility": -247.82,
  "all_best_genomes": [
    [
      0,
      0,
      0,
      0,
      0,
      0,
      0,
      0,
      0,
      0,
      0,
      1,
      1
    ]
  ],
  "curves": {
    "best": [
      -252.0,
      -252.0,
      -248.92,
      -247.82,
      -247.82,
      -247.82,
      -247.82,
      -247.82,
      -247.82,
      -247.82,
      -247.82,
      -247.82,
      -247.82,
      -247.82,
      -247.82,
      -247.82,
      -247.82,
      -247.82,
      -247.82,
      -247.82,
      -247.82,
      -247.82,
      -247.82,
      -247.82,
      -247.82,
      -247.82,
      -247.82,
      -247.82,
      -247.82,
      -247.82,
      -247.82,
      -247.82,
      -247.82,
      -247.82,
      -247.82,
      -247.82,
      -247.82,
      -247.82,
      -247.82,
      -247.82,
      -247.82,
      -247.82,
      -247.82,
      -247.82,
      -247.82,
      -247.82,
      -247.82,
      -247.82,
      -247.82,
      -247.82,
      -247.82
    ],
    "mean": [
      -344.34119999999996,
      -279.3072,
      -266.9868,
      -259.5736,
      -255.7128,
      -250.40279999999998,
      -255.8698,
      -251.00799999999998,
      -256.845,
      -249.18959999999998,
      -255.5508,
      -258.4034,
      -252.54659999999996,
      -252.14419999999998,
      -249.00099999999998,
      -257.00159999999994,
      -253.27480000000003,
      -249.82399999999996,
      -250.44219999999999,
      -249.70379999999997,
      -250.4528,
      -252.73579999999995,
      -249.6432,
      -254.6548,
      -252.41539999999995,
      -251.33699999999996,
      -249.8678,
      -253.5184,
      -251.98919999999998,
      -252.80299999999997,
      -250.28979999999999,
      -251.581,
      -248.8192,
      -254.9668,
      -249.36899999999997,
      -252.86959999999996,
      -250.38299999999995,
      -253.90419999999997,
      -251.65179999999998,
      -254.0692,
      -253.7644,
      -251.73519999999996,
      -251.46759999999995,
      -253.87399999999997,
      -253.915,
      -250.0462,
      -248.9364,
      -250.06299999999996,
      -250.05039999999997,
      -252.45159999999998,
      -250.09359999999998
    ],
    "median": [
      -321.26,
      -278.53499999999997,
      -265.2,
      -253.25,
      -252.16,
      -248.92,
      -247.82,
      -247.82,
      -247.82,
      -247.82,
      -247.82,
      -247.82,
      -247.82,
      -247.82,
      -247.82,
      -247.82,
      -247.82,
      -247.82,
      -247.82,
      -247.82,
      -247.82,
      -247.82,
      -247.82,
      -247.82,
      -247.82,
      -247.82,
      -247.82,
      -247.82,
      -247.82,
      -247.82,
      -247.82,
      -247.82,
      -247.82,
      -247.82,
      -247.82,
      -247.82,
      -247.82,
      -247.82,
      -247.82,
      -247.82,
      -247.82,
      -247.82,
      -247.82,
      -247.82,
      -247.82,
      -247.82,
      -247.82,
      -247.82,
      -247.82,
      -247.82,
      -247.82
    ]
  },
  "meta": {
    "genome_shape": 13,
    "generations": 50,
    "popsize": 50,
    "parents": 15,
    "mutation_rate": 0.03,
    "fix_last_gene": true,
    "seed": 11,
    "tie_tolerance": 1e-09,
    "evals_per_gen": [
      50,
      35,
      35,
      35,
      35,
      35,
      35,
      35,
      35,
      35,
      35,
      35,
      35,
      35,
      35,
      35,
      35,
      35,
      35,
      35,
      35,
      35,
      35,
      35,
      35,
      35,
      35,
      35,
      35,
      35,
      35,
      35,
      35,
      35,
      35,
      35,
      35,
      35,
      35,
      35,
      35,
      35,
      35,
      35,
      35,
      35,
      35,
      35,
      35,
      35,
      35
    ],
    "evals_cum": [
      50,
      85,
      120,
      155,
      190,
      225,
      260,
      295,
      330,
      365,
      400,
      435,
      470,
      505,
      540,
      575,
      610,
      645,
      680,
      715,
      750,
      785,
      820,
      855,
      890,
      925,
      960,
      995,
      1030,
      1065,
      1100,
      1135,
      1170,
      1205,
      1240,
      1275,
      1310,
      1345,
      1380,
      1415,
      1450,
      1485,
      1520,
      1555,
      1590,
      1625,
      1660,
      1695,
      1730,
      1765,
      1800
    ],
    "runtime_sec": 34.804638385772705,
    "budget": {
      "evals_cap": 150000,
      "time_limit_sec": 14400.0,
      "triggered": false,
      "reason": null,
      "evals_total": 1800,
      "time_total_sec": 34.801729917526245
    },
    "env_id": "g10_low_0"
  }
}