{
  "best_genome": [
    0,
    0,
    0,
    0,
    0,
    0,
    0,
    0,
    1,
    0,
    0,
    0,
    0,
    0,
    0,
    0,
    0,
    0,
    0,
    0,
    0,
    0,
    0,
    0,
    0,
    0,
    0,
    0,
    1,
    0,
    0,
    0,
    1,
    0,
    0,
    1,
    1,
    0,
    0,
    0,
    0,
    0,
    0,
    0,
    0,
    0,
    0,
    0,
    0,
    0,
    0,
    0,
    0,
    0,
    0,
    0,
    0,
    0,
    0,
    0,
    0,
    0,
    0,
    0,
    0,
    0,
    0,
    0,
    0,
    0,
    0,
    0,
    0,
    0,
    0,
    0,
    0,
    1,
    1,
    1,
    1,
    1,
    1,
    1,
    1,
    1,
    1,
    1,
    1
  ],
  "best_utility": 228.63,
  "all_best_genomes": [
    [
      0,
      0,
      0,
      0,
      0,
      0,
      0,
      0,
      1,
      0,
      0,
      0,
      0,
      0,
      0,
      0,
      0,
      0,
      0,
      0,
      0,
      0,
      0,
      0,
      0,
      0,
      0,
      0,
      1,
      0,
      0,
      0,
      1,
      0,
      0,
      1,
      1,
      0,
      0,
      0,
      0,
      0,
      0,
      0,
      0,
      0,
      0,
      0,
      0,
      0,
      0,
      0,
      0,
      0,
      0,
      0,
      0,
      0,
      0,
      0,
      0,
      0,
      0,
      0,
      0,
      0,
      0,
      0,
      0,
      0,
      0,
      0,
      0,
      0,
      0,
      0,
      0,
      1,
      1,
      1,
      1,
      1,
      1,
      1,
      1,
      1,
      1,
      1,
      1
    ]
  ],
  "curves": {
    "best": [
      20.96,
      36.56,
      52.0,
      83.04,
      83.04,
      103.07,
      103.07,
      107.17,
      111.35,
      129.25,
      140.77,
      140.77,
      143.19,
      146.28,
      160.23,
      167.63,
      179.42,
      179.42,
      181.54,
      181.54,
      186.92,
      186.92,
      187.04,
      196.37,
      196.37,
      196.37,
      196.37,
      196.37,
      199.49,
      211.05,
      214.17,
      214.17,
      214.17,
      217.34,
      217.34,
      217.34,
      217.34,
      217.34,
      217.34,
      218.39,
      218.39,
      218.39,
      218.39,
      218.39,
      219.95,
      222.06,
      224.4,
      228.63,
      228.63,
      228.63,
      228.63
    ],
    "mean": [
      -130.9716,
      -29.103,
      4.8671999999999995,
      23.6558,
      42.68500000000001,
      47.296800000000005,
      66.5078,
      80.1688,
      91.0204,
      88.92599999999999,
      93.74980000000001,
      103.887,
      115.1628,
      125.234,
      129.45680000000002,
      132.6156,
      141.9832,
      143.2598,
      152.4366,
      161.314,
      164.4896,
      162.3348,
      169.38179999999997,
      167.664,
      177.03439999999998,
      170.8338,
      178.28900000000002,
      175.64679999999996,
      178.692,
      179.52020000000002,
      186.25160000000002,
      187.89300000000003,
      187.27400000000006,
      193.0384,
      193.1082,
      197.058,
      200.42,
      198.2722,
      198.94819999999999,
      201.49199999999996,
      201.02700000000004,
      202.52779999999998,
      201.1632,
      202.8868,
      204.5774,
      206.7144,
      201.46,
      204.92719999999997,
      208.2936,
      208.9668,
      205.331
    ],
    "median": [
      -134.985,
      -29.240000000000002,
      6.825,
      24.415,
      44.355000000000004,
      55.4,
      70.215,
      82.64500000000001,
      94.505,
      99.88499999999999,
      105.34,
      108.89500000000001,
      118.475,
      128.035,
      134.87,
      143.47,
      147.91,
      154.71,
      162.89,
      167.79500000000002,
      173.42,
      176.02,
      178.08499999999998,
      178.53,
      182.64499999999998,
      180.36,
      185.87,
      183.17000000000002,
      188.04,
      188.23,
      193.61,
      192.97,
      197.08499999999998,
      200.435,
      202.25,
      206.63,
      207.495,
      211.05,
      205.875,
      211.83,
      211.82999999999998,
      212.61,
      208.10500000000002,
      213.39,
      214.25,
      216.29,
      212.9,
      212.755,
      215.89499999999998,
      218.785,
      217.34
    ]
  },
  "meta": {
    "genome_shape": 89,
    "generations": 50,
    "popsize": 50,
    "parents": 15,
    "mutation_rate": 0.03,
    "fix_last_gene": true,
    "seed": 23,
    "tie_tolerance": 1e-09,
    "evals_per_gen": [
      50,
      35,
      35,
      35,
      35,
      35,
      35,
      35,
      35,
      35,
      35,
      35,
      35,
      35,
      35,
      35,
      35,
      35,
      35,
      35,
      35,
      35,
      35,
      35,
      35,
      35,
      35,
      35,
      35,
      35,
      35,
      35,
      35,
      35,
      35,
      35,
      35,
      35,
      35,
      35,
      35,
      35,
      35,
      35,
      35,
      35,
      35,
      35,
      35,
      35,
      35
    ],
    "evals_cum": [
      50,
      85,
      120,
      155,
      190,
      225,
      260,
      295,
      330,
      365,
      400,
      435,
      470,
      505,
      540,
      575,
      610,
      645,
      680,
      715,
      750,
      785,
      820,
      855,
      890,
      925,
      960,
      995,
      1030,
      1065,
      1100,
      1135,
      1170,
      1205,
      1240,
      1275,
      1310,
      1345,
      1380,
      1415,
      1450,
      1485,
      1520,
      1555,
      1590,
      1625,
      1660,
      1695,
      1730,
      1765,
      1800
    ],
    "runtime_sec": 81.07428574562073,
    "budget": {
      "evals_cap": 150000,
      "time_limit_sec": 14400.0,
      "triggered": false,
      "reason": null,
      "evals_total": 1800,
      "time_total_sec": 81.07045984268188
    },
    "env_id": "g10_high_0"
  }
}