{
  "best_genome": [
    1,
    1,
    1,
    1,
    1,
    1,
    1,
    1,
    1,
    1,
    1,
    1,
    1,
    1,
    1,
    1,
    1,
    1,
    1,
    1,
    1,
    1,
    1,
    1,
    0,
    0,
    0,
    0,
    0,
    0,
    0,
    0,
    0,
    0,
    1,
    1,
    1,
    1,
    1
  ],
  "best_utility": -180.67,
  "all_best_genomes": [
    [
      1,
      1,
      1,
      1,
      1,
      1,
      1,
      1,
      1,
      1,
      1,
      1,
      1,
      1,
      1,
      1,
      1,
      1,
      1,
      1,
      1,
      1,
      1,
      1,
      0,
      0,
      0,
      0,
      0,
      0,
      0,
      0,
      0,
      0,
      1,
      1,
      1,
      1,
      1
    ]
  ],
  "curves": {
    "best": [
      -240.75,
      -234.03,
      -233.02,
      -212.71,
      -202.44,
      -202.44,
      -196.96,
      -193.2,
      -189.18,
      -186.52,
      -186.52,
      -186.52,
      -185.71,
      -184.66,
      -184.66,
      -184.66,
      -183.06,
      -183.06,
      -182.79,
      -181.45,
      -181.45,
      -181.45,
      -180.93,
      -180.93,
      -180.93,
      -180.93,
      -180.93,
      -180.93,
      -180.93,
      -180.93,
      -180.93,
      -180.93,
      -180.67,
      -180.67,
      -180.67,
      -180.67,
      -180.67,
      -180.67,
      -180.67,
      -180.67,
      -180.67,
      -180.67,
      -180.67,
      -180.67,
      -180.67,
      -180.67,
      -180.67,
      -180.67,
      -180.67,
      -180.67,
      -180.67
    ],
    "mean": [
      -343.74159999999995,
      -285.3342,
      -258.26239999999996,
      -245.8472,
      -235.37440000000004,
      -229.46640000000002,
      -215.5636,
      -210.06220000000002,
      -204.2604,
      -204.71099999999998,
      -200.93419999999998,
      -195.59279999999998,
      -197.35139999999998,
      -191.29620000000003,
      -193.60020000000003,
      -188.851,
      -192.43,
      -193.64899999999997,
      -190.34420000000003,
      -189.2184,
      -188.0746,
      -194.93220000000002,
      -190.51960000000003,
      -188.81259999999997,
      -189.5034,
      -188.24199999999996,
      -184.99,
      -195.02560000000003,
      -191.99700000000004,
      -189.31279999999998,
      -186.7742,
      -191.90160000000003,
      -188.815,
      -185.82360000000006,
      -186.40619999999998,
      -185.486,
      -188.2616,
      -185.75360000000003,
      -184.2972,
      -190.45840000000004,
      -188.27700000000002,
      -185.7284,
      -189.28420000000003,
      -187.8544,
      -183.14419999999998,
      -185.06439999999998,
      -185.55720000000002,
      -190.53600000000003,
      -186.425,
      -186.0952,
      -187.06339999999997
    ],
    "median": [
      -356.855,
      -291.96000000000004,
      -250.215,
      -243.43,
      -235.64,
      -230.72,
      -212.45,
      -206.82,
      -202.77,
      -198.385,
      -194.66,
      -190.25,
      -188.91,
      -187.05,
      -186.79,
      -186.26,
      -185.05,
      -184.79,
      -184.66,
      -183.06,
      -183.06,
      -183.06,
      -182.79,
      -182.53,
      -181.72,
      -181.58499999999998,
      -181.45,
      -181.45,
      -180.93,
      -181.99,
      -180.93,
      -180.93,
      -180.93,
      -181.19,
      -180.93,
      -180.93,
      -180.93,
      -180.93,
      -180.67,
      -182.27,
      -180.67,
      -180.67,
      -180.93,
      -180.93,
      -180.67,
      -180.8,
      -180.8,
      -180.93,
      -180.67,
      -180.67,
      -181.60000000000002
    ]
  },
  "meta": {
    "genome_shape": 39,
    "generations": 50,
    "popsize": 50,
    "parents": 15,
    "mutation_rate": 0.03,
    "fix_last_gene": true,
    "seed": 17,
    "tie_tolerance": 1e-09,
    "evals_per_gen": [
      50,
      35,
      35,
      35,
      35,
      35,
      35,
      35,
      35,
      35,
      35,
      35,
      35,
      35,
      35,
      35,
      35,
      35,
      35,
      35,
      35,
      35,
      35,
      35,
      35,
      35,
      35,
      35,
      35,
      35,
      35,
      35,
      35,
      35,
      35,
      35,
      35,
      35,
      35,
      35,
      35,
      35,
      35,
      35,
      35,
      35,
      35,
      35,
      35,
      35,
      35
    ],
    "evals_cum": [
      50,
      85,
      120,
      155,
      190,
      225,
      260,
      295,
      330,
      365,
      400,
      435,
      470,
      505,
      540,
      575,
      610,
      645,
      680,
      715,
      750,
      785,
      820,
      855,
      890,
      925,
      960,
      995,
      1030,
      1065,
      1100,
      1135,
      1170,
      1205,
      1240,
      1275,
      1310,
      1345,
      1380,
      1415,
      1450,
      1485,
      1520,
      1555,
      1590,
      1625,
      1660,
      1695,
      1730,
      1765,
      1800
    ],
    "runtime_sec": 49.476011753082275,
    "budget": {
      "evals_cap": 150000,
      "time_limit_sec": 14400.0,
      "triggered": false,
      "reason": null,
      "evals_total": 1800,
      "time_total_sec": 49.47306537628174
    },
    "env_id": "g10_medium_2"
  }
}