{
  "best_genome": [
    0,
    0,
    0,
    0,
    0,
    0,
    0,
    0,
    0,
    0,
    0,
    0,
    0,
    0,
    0,
    0,
    0,
    0,
    0,
    0,
    0,
    0,
    0,
    0,
    0,
    0,
    0,
    0,
    0,
    0,
    0,
    0,
    0,
    0,
    0,
    0,
    1,
    0,
    1,
    1,
    1,
    1
  ],
  "best_utility": 10.31,
  "all_best_genomes": [
    [
      0,
      0,
      0,
      0,
      0,
      0,
      0,
      0,
      0,
      0,
      0,
      0,
      0,
      0,
      0,
      0,
      0,
      0,
      0,
      0,
      0,
      0,
      0,
      0,
      0,
      0,
      0,
      0,
      0,
      0,
      0,
      0,
      0,
      0,
      0,
      0,
      1,
      0,
      1,
      1,
      1,
      1
    ]
  ],
  "curves": {
    "best": [
      -41.76,
      -40.91,
      -36.84,
      -31.52,
      -27.65,
      -19.44,
      -16.26,
      -12.83,
      -9.74,
      -6.04,
      -1.51,
      -1.51,
      0.21,
      1.51,
      1.73,
      3.86,
      5.15,
      6.44,
      6.44,
      6.44,
      6.65,
      6.65,
      6.65,
      6.65,
      7.73,
      7.73,
      7.73,
      7.73,
      7.73,
      9.01,
      9.01,
      9.01,
      10.31,
      10.31,
      10.31,
      10.31,
      10.31,
      10.31,
      10.31,
      10.31,
      10.31,
      10.31,
      10.31,
      10.31,
      10.31,
      10.31,
      10.31,
      10.31,
      10.31,
      10.31,
      10.31
    ],
    "mean": [
      -130.33859999999999,
      -73.763,
      -53.81099999999999,
      -45.24839999999999,
      -45.5748,
      -33.709799999999994,
      -31.2788,
      -26.468000000000004,
      -23.4504,
      -18.014,
      -12.645199999999999,
      -17.7886,
      -8.6136,
      -12.3424,
      -7.175800000000001,
      -2.7834000000000003,
      -5.7334,
      -2.327,
      0.3284000000000002,
      -1.1028000000000002,
      1.6436000000000002,
      -0.5967999999999997,
      1.7882000000000002,
      -2.826399999999999,
      -3.0985999999999994,
      -1.7727999999999997,
      1.8188000000000004,
      0.3484000000000001,
      4.8584000000000005,
      4.5608,
      4.6,
      2.1510000000000007,
      0.6572,
      4.9758000000000004,
      4.9642,
      7.404400000000001,
      7.368800000000001,
      4.8288,
      3.1244,
      4.2338000000000005,
      6.978400000000001,
      8.445400000000001,
      6.686800000000001,
      3.1935999999999996,
      4.0566,
      4.5864,
      1.9840000000000009,
      5.353,
      3.0446000000000004,
      3.9158000000000004,
      3.2434
    ],
    "median": [
      -123.485,
      -72.63499999999999,
      -54.739999999999995,
      -42.515,
      -39.2,
      -33.605000000000004,
      -28.045,
      -23.08,
      -18.835,
      -14.65,
      -11.17,
      -9.82,
      -7.3149999999999995,
      -4.4,
      -2.9000000000000004,
      -1.51,
      -1.425,
      1.51,
      1.73,
      3.86,
      3.9749999999999996,
      3.9749999999999996,
      5.15,
      4.09,
      5.37,
      5.15,
      5.37,
      6.44,
      6.44,
      6.65,
      5.795,
      6.44,
      7.73,
      7.73,
      9.01,
      9.66,
      10.31,
      10.31,
      10.31,
      9.01,
      9.66,
      10.31,
      10.31,
      7.73,
      9.66,
      9.01,
      9.01,
      9.01,
      10.31,
      10.31,
      8.370000000000001
    ]
  },
  "meta": {
    "genome_shape": 42,
    "generations": 50,
    "popsize": 50,
    "parents": 15,
    "mutation_rate": 0.03,
    "fix_last_gene": true,
    "seed": 17,
    "tie_tolerance": 1e-09,
    "evals_per_gen": [
      50,
      35,
      35,
      35,
      35,
      35,
      35,
      35,
      35,
      35,
      35,
      35,
      35,
      35,
      35,
      35,
      35,
      35,
      35,
      35,
      35,
      35,
      35,
      35,
      35,
      35,
      35,
      35,
      35,
      35,
      35,
      35,
      35,
      35,
      35,
      35,
      35,
      35,
      35,
      35,
      35,
      35,
      35,
      35,
      35,
      35,
      35,
      35,
      35,
      35,
      35
    ],
    "evals_cum": [
      50,
      85,
      120,
      155,
      190,
      225,
      260,
      295,
      330,
      365,
      400,
      435,
      470,
      505,
      540,
      575,
      610,
      645,
      680,
      715,
      750,
      785,
      820,
      855,
      890,
      925,
      960,
      995,
      1030,
      1065,
      1100,
      1135,
      1170,
      1205,
      1240,
      1275,
      1310,
      1345,
      1380,
      1415,
      1450,
      1485,
      1520,
      1555,
      1590,
      1625,
      1660,
      1695,
      1730,
      1765,
      1800
    ],
    "runtime_sec": 50.37114191055298,
    "budget": {
      "evals_cap": 150000,
      "time_limit_sec": 14400.0,
      "triggered": false,
      "reason": null,
      "evals_total": 1800,
      "time_total_sec": 50.362836837768555
    },
    "env_id": "g10_high_1"
  }
}