{
  "best_genome": [
    0,
    0,
    0,
    0,
    0,
    0,
    0,
    0,
    0,
    0,
    0,
    0,
    0,
    0,
    0,
    0,
    1,
    1,
    1,
    1,
    1,
    1,
    1,
    1,
    1,
    1,
    1,
    1,
    1,
    1,
    1,
    1,
    1,
    1,
    1,
    1,
    1,
    1,
    0,
    0,
    0,
    0,
    0,
    0,
    0,
    0,
    0,
    0,
    0,
    0,
    0,
    0,
    0,
    0,
    0,
    0,
    1,
    0,
    1,
    1,
    0,
    1,
    1
  ],
  "best_utility": -312.0,
  "all_best_genomes": [
    [
      0,
      0,
      0,
      0,
      0,
      0,
      0,
      0,
      0,
      0,
      0,
      0,
      0,
      0,
      0,
      0,
      1,
      1,
      1,
      1,
      1,
      1,
      1,
      1,
      1,
      1,
      1,
      1,
      1,
      1,
      1,
      1,
      1,
      1,
      1,
      1,
      1,
      1,
      0,
      0,
      0,
      0,
      0,
      0,
      0,
      0,
      0,
      0,
      0,
      0,
      0,
      0,
      0,
      0,
      0,
      0,
      1,
      0,
      1,
      1,
      0,
      1,
      1
    ]
  ],
  "curves": {
    "best": [
      -388.69,
      -377.33,
      -366.51,
      -351.52,
      -348.49,
      -338.88,
      -338.88,
      -338.88,
      -338.72,
      -328.8,
      -325.45,
      -325.45,
      -325.45,
      -319.19,
      -316.82,
      -316.82,
      -316.82,
      -316.29,
      -315.8,
      -315.8,
      -315.8,
      -315.31,
      -315.31,
      -315.31,
      -314.33,
      -314.33,
      -314.33,
      -313.82,
      -313.82,
      -313.73,
      -313.73,
      -313.73,
      -313.73,
      -313.73,
      -313.33,
      -312.84,
      -312.84,
      -312.84,
      -312.84,
      -312.74,
      -312.74,
      -312.38,
      -312.38,
      -312.38,
      -312.38,
      -312.0,
      -312.0,
      -312.0,
      -312.0,
      -312.0,
      -312.0,
      -312.0,
      -312.0,
      -312.0,
      -312.0,
      -312.0,
      -312.0,
      -312.0,
      -312.0,
      -312.0,
      -312.0,
      -312.0,
      -312.0,
      -312.0,
      -312.0,
      -312.0,
      -312.0,
      -312.0,
      -312.0,
      -312.0,
      -312.0,
      -312.0,
      -312.0,
      -312.0,
      -312.0,
      -312.0
    ],
    "mean": [
      -607.9494,
      -449.88259999999997,
      -421.9594000000001,
      -399.6309000000001,
      -401.2130999999999,
      -369.93559999999997,
      -369.32559999999995,
      -364.926,
      -357.8068000000001,
      -362.81930000000006,
      -350.8279,
      -353.3629,
      -341.4849,
      -337.7991,
      -331.4487,
      -341.1504,
      -329.6469,
      -326.68,
      -328.5987,
      -334.4072,
      -328.3132,
      -333.48799999999994,
      -322.809,
      -329.96770000000004,
      -329.61830000000003,
      -324.121,
      -331.1614,
      -323.5269,
      -325.6321,
      -326.4713,
      -325.8456,
      -328.0997,
      -324.8137,
      -330.7159,
      -324.6376,
      -322.57649999999995,
      -327.7208,
      -327.69419999999997,
      -329.7243,
      -330.82620000000003,
      -323.91270000000003,
      -318.1008,
      -327.53860000000003,
      -327.6722,
      -321.1459,
      -321.30039999999997,
      -323.7132,
      -321.37770000000006,
      -321.2765,
      -320.0202000000001,
      -329.70429999999993,
      -318.0678,
      -322.45419999999996,
      -320.8349,
      -324.5886,
      -331.9818,
      -321.1265,
      -317.64,
      -325.2738,
      -323.55819999999994,
      -326.2712,
      -324.1039,
      -319.0707,
      -318.2198,
      -322.776,
      -325.6817,
      -319.7696,
      -320.8793,
      -323.8539,
      -321.81269999999995,
      -334.8736,
      -320.2257,
      -329.4595,
      -323.68140000000005,
      -329.4717,
      -317.0343
    ],
    "median": [
      -699.965,
      -437.68,
      -412.34000000000003,
      -397.995,
      -386.37,
      -371.485,
      -360.59,
      -354.2,
      -349.495,
      -347.72,
      -342.42,
      -339.96500000000003,
      -337.33,
      -332.02,
      -328.78,
      -327.28,
      -323.99,
      -320.67,
      -319.68,
      -320.17,
      -318.92499999999995,
      -317.32,
      -317.565,
      -317.32,
      -317.32,
      -316.555,
      -315.8,
      -316.505,
      -315.8,
      -317.09,
      -316.75,
      -316.33,
      -315.84,
      -315.34,
      -316.58,
      -316.58,
      -314.28,
      -315.04,
      -314.525,
      -315.045,
      -314.55,
      -314.735,
      -314.995,
      -315.685,
      -314.505,
      -314.26,
      -313.81,
      -313.745,
      -314.06,
      -312.74,
      -315.23,
      -313.935,
      -313.7,
      -314.85,
      -315.23,
      -314.85,
      -312.38,
      -313.51,
      -312.38,
      -314.85,
      -314.555,
      -314.37,
      -313.125,
      -314.85,
      -314.37,
      -312.99,
      -312.38,
      -313.51,
      -314.37,
      -312.38,
      -314.85,
      -312.38,
      -314.26,
      -312.38,
      -313.51,
      -313.89
    ]
  },
  "meta": {
    "genome_shape": 63,
    "generations": 75,
    "popsize": 100,
    "parents": 30,
    "mutation_rate": 0.03,
    "fix_last_gene": true,
    "seed": 42,
    "tie_tolerance": 1e-09,
    "evals_per_gen": [
      100,
      70,
      70,
      70,
      70,
      70,
      70,
      70,
      70,
      70,
      70,
      70,
      70,
      70,
      70,
      70,
      70,
      70,
      70,
      70,
      70,
      70,
      70,
      70,
      70,
      70,
      70,
      70,
      70,
      70,
      70,
      70,
      70,
      70,
      70,
      70,
      70,
      70,
      70,
      70,
      70,
      70,
      70,
      70,
      70,
      70,
      70,
      70,
      70,
      70,
      70,
      70,
      70,
      70,
      70,
      70,
      70,
      70,
      70,
      70,
      70,
      70,
      70,
      70,
      70,
      70,
      70,
      70,
      70,
      70,
      70,
      70,
      70,
      70,
      70,
      70
    ],
    "evals_cum": [
      100,
      170,
      240,
      310,
      380,
      450,
      520,
      590,
      660,
      730,
      800,
      870,
      940,
      1010,
      1080,
      1150,
      1220,
      1290,
      1360,
      1430,
      1500,
      1570,
      1640,
      1710,
      1780,
      1850,
      1920,
      1990,
      2060,
      2130,
      2200,
      2270,
      2340,
      2410,
      2480,
      2550,
      2620,
      2690,
      2760,
      2830,
      2900,
      2970,
      3040,
      3110,
      3180,
      3250,
      3320,
      3390,
      3460,
      3530,
      3600,
      3670,
      3740,
      3810,
      3880,
      3950,
      4020,
      4090,
      4160,
      4230,
      4300,
      4370,
      4440,
      4510,
      4580,
      4650,
      4720,
      4790,
      4860,
      4930,
      5000,
      5070,
      5140,
      5210,
      5280,
      5350
    ],
    "runtime_sec": 205.2478563785553,
    "budget": {
      "evals_cap": 150000,
      "time_limit_sec": 14400.0,
      "triggered": false,
      "reason": null,
      "evals_total": 5350,
      "time_total_sec": 205.24305200576782
    },
    "env_id": "g14_medium_0"
  }
}