{
  "best_genome": [
    0,
    0,
    0,
    0,
    0,
    0,
    0,
    0,
    0,
    0,
    0,
    0,
    0,
    0,
    0,
    0,
    1,
    1,
    1,
    1,
    1,
    1,
    1,
    1,
    1,
    1,
    1,
    1,
    1,
    1,
    1,
    1,
    1,
    1,
    1,
    1,
    1,
    1,
    0,
    0,
    0,
    0,
    0,
    0,
    0,
    0,
    0,
    0,
    0,
    0,
    0,
    0,
    0,
    0,
    0,
    0,
    1,
    0,
    1,
    1,
    0,
    1,
    1
  ],
  "best_utility": -312.0,
  "all_best_genomes": [
    [
      0,
      0,
      0,
      0,
      0,
      0,
      0,
      0,
      0,
      0,
      0,
      0,
      0,
      0,
      0,
      0,
      1,
      1,
      1,
      1,
      1,
      1,
      1,
      1,
      1,
      1,
      1,
      1,
      1,
      1,
      1,
      1,
      1,
      1,
      1,
      1,
      1,
      1,
      0,
      0,
      0,
      0,
      0,
      0,
      0,
      0,
      0,
      0,
      0,
      0,
      0,
      0,
      0,
      0,
      0,
      0,
      1,
      0,
      1,
      1,
      0,
      1,
      1
    ]
  ],
  "curves": {
    "best": [
      -387.91,
      -387.91,
      -376.57,
      -375.67,
      -362.38,
      -356.55,
      -354.2,
      -353.21,
      -346.97,
      -345.99,
      -335.71,
      -328.66,
      -327.62,
      -326.77,
      -324.76,
      -324.08,
      -321.69,
      -321.2,
      -317.85,
      -317.85,
      -317.85,
      -316.82,
      -315.84,
      -315.84,
      -315.84,
      -315.34,
      -315.34,
      -315.24,
      -314.33,
      -314.33,
      -313.82,
      -313.82,
      -313.33,
      -313.33,
      -313.33,
      -313.33,
      -313.24,
      -313.24,
      -312.74,
      -312.74,
      -312.74,
      -312.74,
      -312.74,
      -312.38,
      -312.38,
      -312.38,
      -312.38,
      -312.38,
      -312.38,
      -312.38,
      -312.38,
      -312.38,
      -312.38,
      -312.38,
      -312.38,
      -312.38,
      -312.0,
      -312.0,
      -312.0,
      -312.0,
      -312.0,
      -312.0,
      -312.0,
      -312.0,
      -312.0,
      -312.0,
      -312.0,
      -312.0,
      -312.0,
      -312.0,
      -312.0,
      -312.0,
      -312.0,
      -312.0,
      -312.0,
      -312.0
    ],
    "mean": [
      -593.0194000000001,
      -426.60170000000005,
      -416.6176000000001,
      -413.96950000000004,
      -402.888,
      -390.9112,
      -390.3881999999999,
      -371.3395,
      -371.72769999999997,
      -367.35799999999995,
      -355.0928,
      -356.51790000000005,
      -363.1086,
      -340.4789999999999,
      -345.5371,
      -340.45959999999997,
      -338.0899999999999,
      -337.24770000000007,
      -335.8304,
      -335.5565,
      -337.7645,
      -325.2158,
      -329.49080000000004,
      -337.5922999999999,
      -325.7887,
      -331.88219999999995,
      -322.4714,
      -323.75239999999997,
      -323.0132000000001,
      -321.0814,
      -326.7316,
      -323.16300000000007,
      -328.82449999999994,
      -332.15439999999995,
      -326.591,
      -328.3122,
      -327.2506,
      -321.6087,
      -324.9662,
      -329.6293,
      -318.28099999999995,
      -324.7711,
      -326.54269999999997,
      -329.64209999999997,
      -320.86310000000003,
      -322.79879999999997,
      -326.7174000000001,
      -320.71229999999997,
      -321.2087,
      -327.549,
      -323.5354,
      -323.7172,
      -326.9535,
      -325.0897,
      -323.5882000000001,
      -324.1175,
      -323.18530000000004,
      -323.7718,
      -324.46600000000007,
      -326.1361,
      -320.3408,
      -323.12379999999996,
      -317.0936,
      -323.2348,
      -319.8894,
      -334.6007,
      -322.9676,
      -328.4231,
      -316.79380000000003,
      -325.7975,
      -323.832,
      -322.92900000000003,
      -317.1288,
      -320.32449999999994,
      -321.99530000000004,
      -325.6138
    ],
    "median": [
      -675.6700000000001,
      -426.055,
      -409.66499999999996,
      -398.935,
      -391.82,
      -385.92,
      -375.805,
      -367.57,
      -361.71000000000004,
      -357.745,
      -352.86,
      -349.345,
      -346.26,
      -339.525,
      -334.855,
      -331.65,
      -329.11,
      -328.12,
      -326.78,
      -325.25,
      -323.91,
      -321.2,
      -320.88,
      -319.29,
      -318.945,
      -319.03,
      -317.76,
      -318.01,
      -316.33,
      -318.7,
      -316.33,
      -316.52,
      -316.85,
      -317.26,
      -315.53999999999996,
      -314.83500000000004,
      -316.19,
      -314.59000000000003,
      -316.19,
      -314.53999999999996,
      -314.59000000000003,
      -315.045,
      -314.075,
      -315.72,
      -313.775,
      -313.82,
      -315.46000000000004,
      -313.33,
      -314.305,
      -315.23,
      -313.855,
      -313.81,
      -314.26,
      -315.23,
      -314.075,
      -312.99,
      -314.075,
      -313.89,
      -315.23,
      -313.7,
      -313.565,
      -314.95,
      -313.51,
      -313.51,
      -312.38,
      -314.85,
      -313.51,
      -312.99,
      -313.51,
      -312.74,
      -314.37,
      -314.26,
      -314.85,
      -313.885,
      -312.38,
      -313.89
    ]
  },
  "meta": {
    "genome_shape": 63,
    "generations": 75,
    "popsize": 100,
    "parents": 30,
    "mutation_rate": 0.03,
    "fix_last_gene": true,
    "seed": 81,
    "tie_tolerance": 1e-09,
    "evals_per_gen": [
      100,
      70,
      70,
      70,
      70,
      70,
      70,
      70,
      70,
      70,
      70,
      70,
      70,
      70,
      70,
      70,
      70,
      70,
      70,
      70,
      70,
      70,
      70,
      70,
      70,
      70,
      70,
      70,
      70,
      70,
      70,
      70,
      70,
      70,
      70,
      70,
      70,
      70,
      70,
      70,
      70,
      70,
      70,
      70,
      70,
      70,
      70,
      70,
      70,
      70,
      70,
      70,
      70,
      70,
      70,
      70,
      70,
      70,
      70,
      70,
      70,
      70,
      70,
      70,
      70,
      70,
      70,
      70,
      70,
      70,
      70,
      70,
      70,
      70,
      70,
      70
    ],
    "evals_cum": [
      100,
      170,
      240,
      310,
      380,
      450,
      520,
      590,
      660,
      730,
      800,
      870,
      940,
      1010,
      1080,
      1150,
      1220,
      1290,
      1360,
      1430,
      1500,
      1570,
      1640,
      1710,
      1780,
      1850,
      1920,
      1990,
      2060,
      2130,
      2200,
      2270,
      2340,
      2410,
      2480,
      2550,
      2620,
      2690,
      2760,
      2830,
      2900,
      2970,
      3040,
      3110,
      3180,
      3250,
      3320,
      3390,
      3460,
      3530,
      3600,
      3670,
      3740,
      3810,
      3880,
      3950,
      4020,
      4090,
      4160,
      4230,
      4300,
      4370,
      4440,
      4510,
      4580,
      4650,
      4720,
      4790,
      4860,
      4930,
      5000,
      5070,
      5140,
      5210,
      5280,
      5350
    ],
    "runtime_sec": 204.62157344818115,
    "budget": {
      "evals_cap": 150000,
      "time_limit_sec": 14400.0,
      "triggered": false,
      "reason": null,
      "evals_total": 5350,
      "time_total_sec": 204.6175971031189
    },
    "env_id": "g14_medium_0"
  }
}