{
  "best_genome": [
    0,
    0,
    0,
    0,
    0,
    0,
    0,
    0,
    0,
    1,
    1,
    1,
    1,
    1,
    1,
    1,
    1,
    1,
    1,
    1,
    1,
    0,
    0,
    0,
    0,
    0,
    0,
    0,
    0,
    0,
    0,
    0,
    1,
    1
  ],
  "best_utility": -556.12,
  "all_best_genomes": [
    [
      0,
      0,
      0,
      0,
      0,
      0,
      0,
      0,
      0,
      1,
      1,
      1,
      1,
      1,
      1,
      1,
      1,
      1,
      1,
      1,
      1,
      0,
      0,
      0,
      0,
      0,
      0,
      0,
      0,
      0,
      0,
      0,
      1,
      1
    ]
  ],
  "curves": {
    "best": [
      -626.52,
      -625.55,
      -607.32,
      -593.37,
      -592.55,
      -587.05,
      -573.01,
      -566.05,
      -566.05,
      -562.73,
      -558.63,
      -558.63,
      -557.81,
      -557.12,
      -557.12,
      -557.12,
      -557.12,
      -557.12,
      -556.81,
      -556.12,
      -556.12,
      -556.12,
      -556.12,
      -556.12,
      -556.12,
      -556.12,
      -556.12,
      -556.12,
      -556.12,
      -556.12,
      -556.12,
      -556.12,
      -556.12,
      -556.12,
      -556.12,
      -556.12,
      -556.12,
      -556.12,
      -556.12,
      -556.12,
      -556.12,
      -556.12,
      -556.12,
      -556.12,
      -556.12,
      -556.12,
      -556.12,
      -556.12,
      -556.12,
      -556.12,
      -556.12,
      -556.12,
      -556.12,
      -556.12,
      -556.12,
      -556.12,
      -556.12,
      -556.12,
      -556.12,
      -556.12,
      -556.12,
      -556.12,
      -556.12,
      -556.12,
      -556.12,
      -556.12,
      -556.12,
      -556.12,
      -556.12,
      -556.12,
      -556.12,
      -556.12,
      -556.12,
      -556.12,
      -556.12,
      -556.12
    ],
    "mean": [
      -1022.9068000000001,
      -732.0301000000003,
      -701.5638,
      -650.3088,
      -634.1673000000001,
      -617.6906000000001,
      -614.1211,
      -617.7634,
      -614.1716,
      -599.9012000000001,
      -594.5750999999999,
      -578.2726999999999,
      -577.4364,
      -595.4754999999999,
      -582.7409,
      -581.2809,
      -594.6025,
      -577.3393,
      -570.0264,
      -583.3773,
      -570.581,
      -567.5836,
      -579.2493,
      -579.6954000000001,
      -592.737,
      -591.4129,
      -582.8226,
      -570.9258000000001,
      -580.061,
      -569.8102,
      -570.766,
      -587.9295000000001,
      -569.292,
      -578.0021,
      -566.984,
      -580.0024999999999,
      -580.7176000000001,
      -577.0898,
      -568.7651000000001,
      -561.5624,
      -569.2729999999999,
      -577.7042,
      -567.2452999999999,
      -578.0054,
      -570.0481,
      -572.2266000000001,
      -577.6803000000001,
      -574.8425000000001,
      -575.498,
      -580.811,
      -569.433,
      -573.3999,
      -570.6154000000001,
      -585.9802,
      -578.2123,
      -579.3817,
      -574.5636000000001,
      -589.6357,
      -568.2251,
      -562.5868999999999,
      -573.2320000000001,
      -574.5287,
      -569.6341000000001,
      -573.4552,
      -572.6568000000001,
      -577.7307,
      -575.3893,
      -567.2919999999999,
      -572.9575,
      -563.9937,
      -569.4001000000001,
      -565.5872,
      -572.3442,
      -568.4614,
      -574.8911,
      -569.0786
    ],
    "median": [
      -1165.5149999999999,
      -733.205,
      -691.8499999999999,
      -642.205,
      -625.55,
      -608.015,
      -602.51,
      -594.62,
      -588.49,
      -587.05,
      -576.235,
      -568.33,
      -566.005,
      -563.72,
      -562.73,
      -558.63,
      -557.81,
      -557.81,
      -557.81,
      -557.4649999999999,
      -557.12,
      -557.12,
      -557.12,
      -557.12,
      -556.81,
      -556.12,
      -556.12,
      -556.12,
      -556.12,
      -556.12,
      -556.12,
      -556.12,
      -556.12,
      -556.4649999999999,
      -556.12,
      -556.12,
      -556.12,
      -556.12,
      -556.12,
      -556.12,
      -556.12,
      -556.12,
      -556.12,
      -556.12,
      -556.4649999999999,
      -556.9649999999999,
      -556.12,
      -556.12,
      -556.12,
      -556.12,
      -556.12,
      -556.12,
      -556.12,
      -556.12,
      -556.12,
      -556.12,
      -556.9649999999999,
      -556.12,
      -556.12,
      -556.12,
      -556.4649999999999,
      -556.12,
      -556.12,
      -556.12,
      -556.12,
      -556.12,
      -556.81,
      -556.12,
      -556.12,
      -556.12,
      -556.12,
      -556.12,
      -556.12,
      -556.12,
      -556.12,
      -556.12
    ]
  },
  "meta": {
    "genome_shape": 34,
    "generations": 75,
    "popsize": 100,
    "parents": 30,
    "mutation_rate": 0.03,
    "fix_last_gene": true,
    "seed": 81,
    "tie_tolerance": 1e-09,
    "evals_per_gen": [
      100,
      70,
      70,
      70,
      70,
      70,
      70,
      70,
      70,
      70,
      70,
      70,
      70,
      70,
      70,
      70,
      70,
      70,
      70,
      70,
      70,
      70,
      70,
      70,
      70,
      70,
      70,
      70,
      70,
      70,
      70,
      70,
      70,
      70,
      70,
      70,
      70,
      70,
      70,
      70,
      70,
      70,
      70,
      70,
      70,
      70,
      70,
      70,
      70,
      70,
      70,
      70,
      70,
      70,
      70,
      70,
      70,
      70,
      70,
      70,
      70,
      70,
      70,
      70,
      70,
      70,
      70,
      70,
      70,
      70,
      70,
      70,
      70,
      70,
      70,
      70
    ],
    "evals_cum": [
      100,
      170,
      240,
      310,
      380,
      450,
      520,
      590,
      660,
      730,
      800,
      870,
      940,
      1010,
      1080,
      1150,
      1220,
      1290,
      1360,
      1430,
      1500,
      1570,
      1640,
      1710,
      1780,
      1850,
      1920,
      1990,
      2060,
      2130,
      2200,
      2270,
      2340,
      2410,
      2480,
      2550,
      2620,
      2690,
      2760,
      2830,
      2900,
      2970,
      3040,
      3110,
      3180,
      3250,
      3320,
      3390,
      3460,
      3530,
      3600,
      3670,
      3740,
      3810,
      3880,
      3950,
      4020,
      4090,
      4160,
      4230,
      4300,
      4370,
      4440,
      4510,
      4580,
      4650,
      4720,
      4790,
      4860,
      4930,
      5000,
      5070,
      5140,
      5210,
      5280,
      5350
    ],
    "runtime_sec": 158.62980771064758,
    "budget": {
      "evals_cap": 150000,
      "time_limit_sec": 14400.0,
      "triggered": false,
      "reason": null,
      "evals_total": 5350,
      "time_total_sec": 158.62673950195312
    },
    "env_id": "g18_low_1"
  }
}