{
  "best_genome": [
    1,
    1,
    1,
    0,
    0,
    0,
    0,
    0,
    0,
    0,
    0,
    0,
    1,
    1,
    1,
    1,
    1,
    1,
    1,
    0,
    0,
    0,
    0,
    1,
    1,
    1,
    0,
    0,
    0,
    1,
    0,
    1,
    0,
    1,
    1,
    1
  ],
  "best_utility": -1644.12,
  "all_best_genomes": [
    [
      1,
      1,
      1,
      0,
      0,
      0,
      0,
      0,
      0,
      0,
      0,
      0,
      1,
      1,
      1,
      1,
      1,
      1,
      1,
      0,
      0,
      0,
      0,
      1,
      1,
      1,
      0,
      0,
      0,
      1,
      0,
      1,
      0,
      1,
      1,
      1
    ]
  ],
  "curves": {
    "best": [
      -1797.6,
      -1744.87,
      -1726.71,
      -1685.65,
      -1685.65,
      -1673.27,
      -1671.94,
      -1654.89,
      -1653.91,
      -1647.58,
      -1646.61,
      -1645.27,
      -1645.27,
      -1644.63,
      -1644.63,
      -1644.63,
      -1644.63,
      -1644.63,
      -1644.12,
      -1644.12,
      -1644.12,
      -1644.12,
      -1644.12,
      -1644.12,
      -1644.12,
      -1644.12,
      -1644.12,
      -1644.12,
      -1644.12,
      -1644.12,
      -1644.12,
      -1644.12,
      -1644.12,
      -1644.12,
      -1644.12,
      -1644.12,
      -1644.12,
      -1644.12,
      -1644.12,
      -1644.12,
      -1644.12,
      -1644.12,
      -1644.12,
      -1644.12,
      -1644.12,
      -1644.12,
      -1644.12,
      -1644.12,
      -1644.12,
      -1644.12,
      -1644.12,
      -1644.12,
      -1644.12,
      -1644.12,
      -1644.12,
      -1644.12,
      -1644.12,
      -1644.12,
      -1644.12,
      -1644.12,
      -1644.12,
      -1644.12,
      -1644.12,
      -1644.12,
      -1644.12,
      -1644.12,
      -1644.12,
      -1644.12,
      -1644.12,
      -1644.12,
      -1644.12,
      -1644.12,
      -1644.12,
      -1644.12,
      -1644.12,
      -1644.12
    ],
    "mean": [
      -2122.3812999999996,
      -1895.1909999999998,
      -1836.7471000000003,
      -1791.0242,
      -1745.8822,
      -1734.9133,
      -1708.6268999999998,
      -1706.8949999999998,
      -1683.8821999999998,
      -1677.7927000000002,
      -1677.9160000000002,
      -1674.7134999999998,
      -1670.6600999999996,
      -1679.0789999999997,
      -1666.0725,
      -1663.4891999999998,
      -1666.3992,
      -1661.3970000000002,
      -1670.5045,
      -1665.6088,
      -1659.5641000000003,
      -1666.3262,
      -1665.0183,
      -1662.1124,
      -1661.5257999999997,
      -1654.4140999999995,
      -1665.4934999999998,
      -1655.1672999999996,
      -1656.7564000000002,
      -1656.2876999999996,
      -1657.5090999999998,
      -1680.7799999999997,
      -1660.9327999999996,
      -1659.0220999999997,
      -1653.7435999999998,
      -1659.0976999999998,
      -1684.6959,
      -1650.9731999999995,
      -1663.4180999999996,
      -1665.2482,
      -1658.4091999999998,
      -1660.7434999999998,
      -1672.0013999999999,
      -1654.8791999999999,
      -1662.5696999999993,
      -1658.8192999999999,
      -1656.4430999999995,
      -1672.7634999999998,
      -1665.5859,
      -1674.8608999999997,
      -1666.9568,
      -1662.2500999999997,
      -1654.8032,
      -1660.8912,
      -1673.8093999999994,
      -1668.2089999999998,
      -1670.1623999999997,
      -1662.0788,
      -1656.2665,
      -1674.6580000000001,
      -1659.1452,
      -1656.9032999999995,
      -1660.5386999999996,
      -1667.6478,
      -1665.125,
      -1672.8782999999996,
      -1667.1861999999996,
      -1670.5046000000002,
      -1667.0637999999997,
      -1659.0828999999999,
      -1663.9736999999996,
      -1662.4791999999995,
      -1668.0580999999997,
      -1657.2963999999995,
      -1665.9887999999999,
      -1673.1638999999998
    ],
    "median": [
      -2208.165,
      -1891.11,
      -1842.925,
      -1790.525,
      -1744.0300000000002,
      -1717.295,
      -1698.6,
      -1686.84,
      -1678.02,
      -1672.115,
      -1657.435,
      -1654.23,
      -1649.4850000000001,
      -1646.61,
      -1646.05,
      -1645.59,
      -1645.59,
      -1645.27,
      -1645.09,
      -1644.63,
      -1644.63,
      -1644.63,
      -1644.63,
      -1644.12,
      -1644.12,
      -1644.12,
      -1644.12,
      -1644.12,
      -1644.12,
      -1644.12,
      -1644.12,
      -1644.63,
      -1644.375,
      -1644.12,
      -1644.12,
      -1644.12,
      -1644.76,
      -1644.12,
      -1644.12,
      -1644.12,
      -1644.12,
      -1644.12,
      -1644.12,
      -1644.12,
      -1644.63,
      -1644.12,
      -1644.12,
      -1644.12,
      -1644.12,
      -1644.12,
      -1644.12,
      -1644.12,
      -1644.28,
      -1644.375,
      -1644.6950000000002,
      -1644.12,
      -1644.12,
      -1644.12,
      -1644.12,
      -1644.12,
      -1644.12,
      -1644.12,
      -1644.12,
      -1644.12,
      -1644.12,
      -1644.12,
      -1644.12,
      -1644.44,
      -1644.28,
      -1644.12,
      -1644.12,
      -1644.12,
      -1644.12,
      -1644.44,
      -1644.12,
      -1644.6950000000002
    ]
  },
  "meta": {
    "genome_shape": 36,
    "generations": 75,
    "popsize": 100,
    "parents": 30,
    "mutation_rate": 0.03,
    "fix_last_gene": true,
    "seed": 99,
    "tie_tolerance": 1e-09,
    "evals_per_gen": [
      100,
      70,
      70,
      70,
      70,
      70,
      70,
      70,
      70,
      70,
      70,
      70,
      70,
      70,
      70,
      70,
      70,
      70,
      70,
      70,
      70,
      70,
      70,
      70,
      70,
      70,
      70,
      70,
      70,
      70,
      70,
      70,
      70,
      70,
      70,
      70,
      70,
      70,
      70,
      70,
      70,
      70,
      70,
      70,
      70,
      70,
      70,
      70,
      70,
      70,
      70,
      70,
      70,
      70,
      70,
      70,
      70,
      70,
      70,
      70,
      70,
      70,
      70,
      70,
      70,
      70,
      70,
      70,
      70,
      70,
      70,
      70,
      70,
      70,
      70,
      70
    ],
    "evals_cum": [
      100,
      170,
      240,
      310,
      380,
      450,
      520,
      590,
      660,
      730,
      800,
      870,
      940,
      1010,
      1080,
      1150,
      1220,
      1290,
      1360,
      1430,
      1500,
      1570,
      1640,
      1710,
      1780,
      1850,
      1920,
      1990,
      2060,
      2130,
      2200,
      2270,
      2340,
      2410,
      2480,
      2550,
      2620,
      2690,
      2760,
      2830,
      2900,
      2970,
      3040,
      3110,
      3180,
      3250,
      3320,
      3390,
      3460,
      3530,
      3600,
      3670,
      3740,
      3810,
      3880,
      3950,
      4020,
      4090,
      4160,
      4230,
      4300,
      4370,
      4440,
      4510,
      4580,
      4650,
      4720,
      4790,
      4860,
      4930,
      5000,
      5070,
      5140,
      5210,
      5280,
      5350
    ],
    "runtime_sec": 153.08000707626343,
    "budget": {
      "evals_cap": 150000,
      "time_limit_sec": 14400.0,
      "triggered": false,
      "reason": null,
      "evals_total": 5350,
      "time_total_sec": 153.0769169330597
    },
    "env_id": "g18_low_2"
  }
}