{
  "best_genome": [
    0,
    0,
    1,
    1,
    1,
    1,
    0,
    0,
    0,
    1,
    1
  ],
  "best_utility": 28.09,
  "all_best_genomes": [
    [
      0,
      0,
      1,
      1,
      1,
      1,
      0,
      0,
      0,
      1,
      1
    ]
  ],
  "curves": {
    "best": [
      18.36,
      23.38,
      26.82,
      28.09,
      28.09,
      28.09,
      28.09,
      28.09,
      28.09,
      28.09,
      28.09,
      28.09,
      28.09,
      28.09,
      28.09,
      28.09,
      28.09,
      28.09,
      28.09,
      28.09,
      28.09,
      28.09,
      28.09,
      28.09,
      28.09,
      28.09,
      28.09,
      28.09,
      28.09,
      28.09,
      28.09,
      28.09,
      28.09,
      28.09,
      28.09,
      28.09,
      28.09,
      28.09,
      28.09,
      28.09,
      28.09,
      28.09,
      28.09,
      28.09,
      28.09,
      28.09,
      28.09,
      28.09,
      28.09,
      28.09,
      28.09
    ],
    "mean": [
      -1.5384000000000007,
      12.3868,
      17.5726,
      20.4252,
      23.605000000000004,
      25.675199999999997,
      26.828199999999995,
      27.322799999999997,
      27.398999999999997,
      27.421399999999995,
      27.324599999999997,
      27.602599999999992,
      26.9492,
      27.114399999999996,
      26.462999999999997,
      26.781799999999997,
      27.152599999999993,
      26.760399999999994,
      26.968999999999998,
      25.967399999999998,
      26.575599999999998,
      26.4432,
      27.199799999999996,
      27.134399999999996,
      26.985799999999998,
      27.293999999999997,
      25.8154,
      27.243399999999998,
      26.447799999999997,
      27.283599999999996,
      26.516599999999993,
      26.91879999999999,
      26.679000000000002,
      26.404600000000002,
      27.188799999999997,
      26.9202,
      26.7344,
      26.956599999999998,
      26.5062,
      27.563799999999997,
      26.2942,
      26.859399999999997,
      26.985199999999995,
      26.978199999999998,
      26.765199999999997,
      26.387199999999993,
      26.721999999999994,
      26.629599999999996,
      25.633799999999997,
      27.193199999999997,
      26.4908
    ],
    "median": [
      0.024999999999999967,
      12.82,
      18.36,
      19.5,
      24.01,
      27.45,
      28.09,
      28.09,
      28.09,
      28.09,
      28.09,
      28.09,
      28.09,
      28.09,
      28.09,
      28.09,
      28.09,
      28.09,
      28.09,
      28.09,
      28.09,
      28.09,
      28.09,
      28.09,
      28.09,
      28.09,
      28.09,
      28.09,
      28.09,
      28.09,
      28.09,
      28.09,
      28.09,
      28.09,
      28.09,
      28.09,
      28.09,
      28.09,
      28.09,
      28.09,
      28.09,
      28.09,
      28.09,
      28.09,
      28.09,
      28.09,
      28.09,
      28.09,
      28.09,
      28.09,
      28.09
    ]
  },
  "meta": {
    "genome_shape": 11,
    "generations": 50,
    "popsize": 50,
    "parents": 15,
    "mutation_rate": 0.03,
    "fix_last_gene": true,
    "seed": 23,
    "tie_tolerance": 1e-09,
    "evals_per_gen": [
      50,
      35,
      35,
      35,
      35,
      35,
      35,
      35,
      35,
      35,
      35,
      35,
      35,
      35,
      35,
      35,
      35,
      35,
      35,
      35,
      35,
      35,
      35,
      35,
      35,
      35,
      35,
      35,
      35,
      35,
      35,
      35,
      35,
      35,
      35,
      35,
      35,
      35,
      35,
      35,
      35,
      35,
      35,
      35,
      35,
      35,
      35,
      35,
      35,
      35,
      35
    ],
    "evals_cum": [
      50,
      85,
      120,
      155,
      190,
      225,
      260,
      295,
      330,
      365,
      400,
      435,
      470,
      505,
      540,
      575,
      610,
      645,
      680,
      715,
      750,
      785,
      820,
      855,
      890,
      925,
      960,
      995,
      1030,
      1065,
      1100,
      1135,
      1170,
      1205,
      1240,
      1275,
      1310,
      1345,
      1380,
      1415,
      1450,
      1485,
      1520,
      1555,
      1590,
      1625,
      1660,
      1695,
      1730,
      1765,
      1800
    ],
    "runtime_sec": 33.23873686790466,
    "budget": {
      "evals_cap": 150000,
      "time_limit_sec": 14400.0,
      "triggered": false,
      "reason": null,
      "evals_total": 1800,
      "time_total_sec": 33.236273527145386
    },
    "env_id": "g6_high_0"
  }
}