{
  "best_genome": [
    0,
    0,
    0,
    1,
    1,
    1,
    0,
    0,
    1,
    0,
    1,
    1
  ],
  "best_utility": 24.64,
  "all_best_genomes": [
    [
      0,
      0,
      0,
      1,
      1,
      1,
      0,
      0,
      1,
      0,
      1,
      1
    ]
  ],
  "curves": {
    "best": [
      23.31,
      23.31,
      23.74,
      23.74,
      24.19,
      24.19,
      24.64,
      24.64,
      24.64,
      24.64,
      24.64,
      24.64,
      24.64,
      24.64,
      24.64,
      24.64,
      24.64,
      24.64,
      24.64,
      24.64,
      24.64,
      24.64,
      24.64,
      24.64,
      24.64,
      24.64,
      24.64,
      24.64,
      24.64,
      24.64,
      24.64,
      24.64,
      24.64,
      24.64,
      24.64,
      24.64,
      24.64,
      24.64,
      24.64,
      24.64,
      24.64,
      24.64,
      24.64,
      24.64,
      24.64,
      24.64,
      24.64,
      24.64,
      24.64,
      24.64,
      24.64
    ],
    "mean": [
      3.309599999999999,
      16.0142,
      21.683999999999997,
      22.237800000000004,
      22.9884,
      22.683199999999996,
      22.992599999999996,
      23.396600000000003,
      23.436200000000003,
      23.9312,
      24.574200000000005,
      24.031200000000002,
      23.965400000000002,
      23.406400000000005,
      23.11040000000001,
      23.159600000000005,
      24.4018,
      23.5704,
      24.306800000000003,
      24.073400000000003,
      23.298600000000008,
      23.683600000000002,
      23.933000000000007,
      23.1894,
      23.979,
      24.259400000000007,
      24.0194,
      24.3836,
      24.250200000000003,
      24.012400000000003,
      24.248400000000007,
      24.174400000000002,
      23.961000000000002,
      23.826400000000003,
      24.214400000000005,
      23.992400000000004,
      23.849400000000006,
      23.969,
      24.131400000000003,
      24.026000000000003,
      24.254400000000004,
      24.2144,
      23.995400000000004,
      23.808800000000005,
      23.787599999999998,
      23.158,
      23.841600000000003,
      24.220400000000005,
      24.153200000000002,
      24.024800000000006,
      23.323400000000003
    ],
    "median": [
      2.885,
      13.43,
      21.63,
      23.6,
      23.67,
      23.74,
      23.74,
      23.965,
      24.19,
      24.32,
      24.64,
      24.64,
      24.64,
      24.64,
      24.64,
      24.64,
      24.64,
      24.64,
      24.64,
      24.64,
      24.64,
      24.64,
      24.64,
      24.64,
      24.64,
      24.64,
      24.64,
      24.64,
      24.64,
      24.64,
      24.64,
      24.64,
      24.64,
      24.64,
      24.64,
      24.64,
      24.64,
      24.64,
      24.64,
      24.64,
      24.64,
      24.64,
      24.64,
      24.64,
      24.64,
      24.64,
      24.64,
      24.64,
      24.64,
      24.64,
      24.64
    ]
  },
  "meta": {
    "genome_shape": 12,
    "generations": 50,
    "popsize": 50,
    "parents": 15,
    "mutation_rate": 0.03,
    "fix_last_gene": true,
    "seed": 11,
    "tie_tolerance": 1e-09,
    "evals_per_gen": [
      50,
      35,
      35,
      35,
      35,
      35,
      35,
      35,
      35,
      35,
      35,
      35,
      35,
      35,
      35,
      35,
      35,
      35,
      35,
      35,
      35,
      35,
      35,
      35,
      35,
      35,
      35,
      35,
      35,
      35,
      35,
      35,
      35,
      35,
      35,
      35,
      35,
      35,
      35,
      35,
      35,
      35,
      35,
      35,
      35,
      35,
      35,
      35,
      35,
      35,
      35
    ],
    "evals_cum": [
      50,
      85,
      120,
      155,
      190,
      225,
      260,
      295,
      330,
      365,
      400,
      435,
      470,
      505,
      540,
      575,
      610,
      645,
      680,
      715,
      750,
      785,
      820,
      855,
      890,
      925,
      960,
      995,
      1030,
      1065,
      1100,
      1135,
      1170,
      1205,
      1240,
      1275,
      1310,
      1345,
      1380,
      1415,
      1450,
      1485,
      1520,
      1555,
      1590,
      1625,
      1660,
      1695,
      1730,
      1765,
      1800
    ],
    "runtime_sec": 33.710909843444824,
    "budget": {
      "evals_cap": 150000,
      "time_limit_sec": 14400.0,
      "triggered": false,
      "reason": null,
      "evals_total": 1800,
      "time_total_sec": 33.70847034454346
    },
    "env_id": "g6_high_1"
  }
}