{
  "best_genome": [
    0,
    0,
    1,
    1,
    1,
    1,
    0,
    0,
    0,
    1,
    1
  ],
  "best_utility": 28.09,
  "all_best_genomes": [
    [
      0,
      0,
      1,
      1,
      1,
      1,
      0,
      0,
      0,
      1,
      1
    ]
  ],
  "curves": {
    "best": [
      27.45,
      28.09,
      28.09,
      28.09,
      28.09,
      28.09,
      28.09,
      28.09,
      28.09,
      28.09,
      28.09,
      28.09,
      28.09,
      28.09,
      28.09,
      28.09,
      28.09,
      28.09,
      28.09,
      28.09,
      28.09,
      28.09,
      28.09,
      28.09,
      28.09,
      28.09,
      28.09,
      28.09,
      28.09,
      28.09,
      28.09,
      28.09,
      28.09,
      28.09,
      28.09,
      28.09,
      28.09,
      28.09,
      28.09,
      28.09,
      28.09,
      28.09,
      28.09,
      28.09,
      28.09,
      28.09,
      28.09,
      28.09,
      28.09,
      28.09,
      28.09
    ],
    "mean": [
      -1.4998000000000002,
      14.4696,
      21.3792,
      26.602200000000003,
      27.386799999999994,
      26.068599999999996,
      27.113799999999998,
      27.324199999999998,
      27.305199999999996,
      27.0214,
      27.285999999999994,
      26.6728,
      27.62259999999999,
      26.9242,
      26.4742,
      25.920999999999996,
      27.435199999999995,
      26.669399999999996,
      25.781999999999996,
      26.302599999999998,
      27.641399999999994,
      26.1734,
      26.993999999999996,
      26.394399999999997,
      26.484799999999996,
      26.895399999999995,
      27.412399999999998,
      26.8962,
      25.630399999999995,
      27.373799999999996,
      27.361199999999993,
      27.414399999999997,
      26.495399999999997,
      26.959999999999994,
      26.998599999999996,
      26.785199999999996,
      27.034399999999994,
      27.205599999999993,
      26.256399999999996,
      26.1378,
      25.534600000000005,
      26.460999999999995,
      27.017999999999994,
      27.1346,
      26.781599999999997,
      27.185999999999993,
      26.8986,
      26.0082,
      27.283399999999993,
      27.1134,
      27.474399999999996
    ],
    "median": [
      0.3,
      14.835,
      21.15,
      26.82,
      28.09,
      28.09,
      28.09,
      28.09,
      28.09,
      28.09,
      28.09,
      28.09,
      28.09,
      28.09,
      28.09,
      28.09,
      28.09,
      28.09,
      28.09,
      28.09,
      28.09,
      28.09,
      28.09,
      28.09,
      28.09,
      28.09,
      28.09,
      28.09,
      28.09,
      28.09,
      28.09,
      28.09,
      28.09,
      28.09,
      28.09,
      28.09,
      28.09,
      28.09,
      28.09,
      28.09,
      28.09,
      28.09,
      28.09,
      28.09,
      28.09,
      28.09,
      28.09,
      28.09,
      28.09,
      28.09,
      28.09
    ]
  },
  "meta": {
    "genome_shape": 11,
    "generations": 50,
    "popsize": 50,
    "parents": 15,
    "mutation_rate": 0.03,
    "fix_last_gene": true,
    "seed": 17,
    "tie_tolerance": 1e-09,
    "evals_per_gen": [
      50,
      35,
      35,
      35,
      35,
      35,
      35,
      35,
      35,
      35,
      35,
      35,
      35,
      35,
      35,
      35,
      35,
      35,
      35,
      35,
      35,
      35,
      35,
      35,
      35,
      35,
      35,
      35,
      35,
      35,
      35,
      35,
      35,
      35,
      35,
      35,
      35,
      35,
      35,
      35,
      35,
      35,
      35,
      35,
      35,
      35,
      35,
      35,
      35,
      35,
      35
    ],
    "evals_cum": [
      50,
      85,
      120,
      155,
      190,
      225,
      260,
      295,
      330,
      365,
      400,
      435,
      470,
      505,
      540,
      575,
      610,
      645,
      680,
      715,
      750,
      785,
      820,
      855,
      890,
      925,
      960,
      995,
      1030,
      1065,
      1100,
      1135,
      1170,
      1205,
      1240,
      1275,
      1310,
      1345,
      1380,
      1415,
      1450,
      1485,
      1520,
      1555,
      1590,
      1625,
      1660,
      1695,
      1730,
      1765,
      1800
    ],
    "runtime_sec": 33.13272786140442,
    "budget": {
      "evals_cap": 150000,
      "time_limit_sec": 14400.0,
      "triggered": false,
      "reason": null,
      "evals_total": 1800,
      "time_total_sec": 33.13052821159363
    },
    "env_id": "g6_high_0"
  }
}