{
  "best_genome": [
    0,
    0,
    1,
    0,
    0,
    0,
    1,
    1
  ],
  "best_utility": 51.8,
  "all_best_genomes": [
    [
      0,
      0,
      1,
      0,
      0,
      0,
      1,
      1
    ]
  ],
  "curves": {
    "best": [
      51.8,
      51.8,
      51.8,
      51.8,
      51.8,
      51.8,
      51.8,
      51.8,
      51.8,
      51.8,
      51.8,
      51.8,
      51.8,
      51.8,
      51.8,
      51.8,
      51.8,
      51.8,
      51.8,
      51.8,
      51.8,
      51.8,
      51.8,
      51.8,
      51.8,
      51.8,
      51.8,
      51.8,
      51.8,
      51.8,
      51.8,
      51.8,
      51.8,
      51.8,
      51.8,
      51.8,
      51.8,
      51.8,
      51.8,
      51.8,
      51.8,
      51.8,
      51.8,
      51.8,
      51.8,
      51.8,
      51.8,
      51.8,
      51.8,
      51.8,
      51.8
    ],
    "mean": [
      20.4818,
      42.6382,
      50.849,
      51.1756,
      51.206,
      51.51120000000001,
      50.72740000000001,
      49.66920000000001,
      50.7688,
      50.1938,
      49.77360000000001,
      51.165000000000006,
      50.7,
      50.537800000000004,
      50.82320000000001,
      50.54820000000001,
      49.976600000000005,
      50.199799999999996,
      49.81300000000001,
      49.4548,
      50.64320000000001,
      50.838200000000015,
      50.54640000000001,
      51.27800000000001,
      51.431400000000004,
      50.741800000000005,
      49.527400000000014,
      49.610200000000006,
      50.35280000000001,
      50.34640000000001,
      51.43280000000001,
      50.58140000000001,
      49.3564,
      51.148199999999996,
      49.624199999999995,
      49.84920000000001,
      49.82500000000001,
      49.189400000000006,
      51.51300000000001,
      51.33320000000001,
      51.030800000000006,
      49.75860000000001,
      50.61280000000001,
      49.586000000000006,
      50.8256,
      50.48120000000001,
      51.77460000000001,
      50.07720000000001,
      50.1298,
      50.46020000000001,
      51.232800000000005
    ],
    "median": [
      23.15,
      47.325,
      50.675,
      51.71,
      51.8,
      51.8,
      51.8,
      51.8,
      51.8,
      51.8,
      51.8,
      51.8,
      51.8,
      51.8,
      51.8,
      51.8,
      51.8,
      51.8,
      51.8,
      51.8,
      51.8,
      51.8,
      51.8,
      51.8,
      51.8,
      51.8,
      51.8,
      51.8,
      51.8,
      51.8,
      51.8,
      51.8,
      51.8,
      51.8,
      51.8,
      51.8,
      51.8,
      51.8,
      51.8,
      51.8,
      51.8,
      51.8,
      51.8,
      51.8,
      51.8,
      51.8,
      51.8,
      51.8,
      51.8,
      51.8,
      51.8
    ]
  },
  "meta": {
    "genome_shape": 8,
    "generations": 50,
    "popsize": 50,
    "parents": 15,
    "mutation_rate": 0.03,
    "fix_last_gene": true,
    "seed": 42,
    "tie_tolerance": 1e-09,
    "evals_per_gen": [
      50,
      35,
      35,
      35,
      35,
      35,
      35,
      35,
      35,
      35,
      35,
      35,
      35,
      35,
      35,
      35,
      35,
      35,
      35,
      35,
      35,
      35,
      35,
      35,
      35,
      35,
      35,
      35,
      35,
      35,
      35,
      35,
      35,
      35,
      35,
      35,
      35,
      35,
      35,
      35,
      35,
      35,
      35,
      35,
      35,
      35,
      35,
      35,
      35,
      35,
      35
    ],
    "evals_cum": [
      50,
      85,
      120,
      155,
      190,
      225,
      260,
      295,
      330,
      365,
      400,
      435,
      470,
      505,
      540,
      575,
      610,
      645,
      680,
      715,
      750,
      785,
      820,
      855,
      890,
      925,
      960,
      995,
      1030,
      1065,
      1100,
      1135,
      1170,
      1205,
      1240,
      1275,
      1310,
      1345,
      1380,
      1415,
      1450,
      1485,
      1520,
      1555,
      1590,
      1625,
      1660,
      1695,
      1730,
      1765,
      1800
    ],
    "runtime_sec": 31.589438438415527,
    "budget": {
      "evals_cap": 150000,
      "time_limit_sec": 14400.0,
      "triggered": false,
      "reason": null,
      "evals_total": 1800,
      "time_total_sec": 31.587432384490967
    },
    "env_id": "g6_low_2"
  }
}