{
  "best_genome": [
    1,
    1,
    0,
    1,
    0,
    0,
    1,
    1
  ],
  "best_utility": 48.35,
  "all_best_genomes": [
    [
      1,
      1,
      0,
      1,
      0,
      0,
      1,
      1
    ]
  ],
  "curves": {
    "best": [
      48.28,
      48.35,
      48.35,
      48.35,
      48.35,
      48.35,
      48.35,
      48.35,
      48.35,
      48.35,
      48.35,
      48.35,
      48.35,
      48.35,
      48.35,
      48.35,
      48.35,
      48.35,
      48.35,
      48.35,
      48.35,
      48.35,
      48.35,
      48.35,
      48.35,
      48.35,
      48.35,
      48.35,
      48.35,
      48.35,
      48.35,
      48.35,
      48.35,
      48.35,
      48.35,
      48.35,
      48.35,
      48.35,
      48.35,
      48.35,
      48.35,
      48.35,
      48.35,
      48.35,
      48.35,
      48.35,
      48.35,
      48.35,
      48.35,
      48.35,
      48.35
    ],
    "mean": [
      19.008399999999998,
      39.491,
      46.06099999999999,
      46.7838,
      47.4208,
      47.9026,
      46.5004,
      46.47599999999999,
      47.3152,
      47.2776,
      47.81100000000001,
      47.5542,
      47.770599999999995,
      47.9792,
      46.6042,
      46.81379999999999,
      47.5876,
      47.85940000000001,
      47.095600000000005,
      45.913799999999995,
      48.1222,
      47.754,
      46.654399999999995,
      46.3554,
      46.9334,
      47.166399999999996,
      48.0304,
      46.8608,
      47.415,
      47.5542,
      46.65780000000001,
      48.028999999999996,
      47.233200000000004,
      47.5106,
      47.540200000000006,
      46.8816,
      47.6206,
      46.699000000000005,
      48.163999999999994,
      46.815200000000004,
      47.64020000000001,
      46.6262,
      45.33,
      47.4626,
      45.5136,
      47.0246,
      47.2816,
      46.80259999999999,
      47.3666,
      47.357600000000005,
      45.8626
    ],
    "median": [
      18.869999999999997,
      41.56,
      48.28,
      48.315,
      48.35,
      48.35,
      48.35,
      48.35,
      48.35,
      48.35,
      48.35,
      48.35,
      48.35,
      48.35,
      48.35,
      48.35,
      48.35,
      48.35,
      48.35,
      48.35,
      48.35,
      48.35,
      48.35,
      48.35,
      48.35,
      48.35,
      48.35,
      48.35,
      48.35,
      48.35,
      48.35,
      48.35,
      48.35,
      48.35,
      48.35,
      48.35,
      48.35,
      48.35,
      48.35,
      48.35,
      48.35,
      48.35,
      48.35,
      48.35,
      48.35,
      48.35,
      48.35,
      48.35,
      48.35,
      48.35,
      48.35
    ]
  },
  "meta": {
    "genome_shape": 8,
    "generations": 50,
    "popsize": 50,
    "parents": 15,
    "mutation_rate": 0.03,
    "fix_last_gene": true,
    "seed": 99,
    "tie_tolerance": 1e-09,
    "evals_per_gen": [
      50,
      35,
      35,
      35,
      35,
      35,
      35,
      35,
      35,
      35,
      35,
      35,
      35,
      35,
      35,
      35,
      35,
      35,
      35,
      35,
      35,
      35,
      35,
      35,
      35,
      35,
      35,
      35,
      35,
      35,
      35,
      35,
      35,
      35,
      35,
      35,
      35,
      35,
      35,
      35,
      35,
      35,
      35,
      35,
      35,
      35,
      35,
      35,
      35,
      35,
      35
    ],
    "evals_cum": [
      50,
      85,
      120,
      155,
      190,
      225,
      260,
      295,
      330,
      365,
      400,
      435,
      470,
      505,
      540,
      575,
      610,
      645,
      680,
      715,
      750,
      785,
      820,
      855,
      890,
      925,
      960,
      995,
      1030,
      1065,
      1100,
      1135,
      1170,
      1205,
      1240,
      1275,
      1310,
      1345,
      1380,
      1415,
      1450,
      1485,
      1520,
      1555,
      1590,
      1625,
      1660,
      1695,
      1730,
      1765,
      1800
    ],
    "runtime_sec": 32.316155433654785,
    "budget": {
      "evals_cap": 150000,
      "time_limit_sec": 14400.0,
      "triggered": false,
      "reason": null,
      "evals_total": 1800,
      "time_total_sec": 32.31414079666138
    },
    "env_id": "g6_low_0"
  }
}