{
  "best_genome": [
    1,
    1,
    0,
    1,
    0,
    0,
    1,
    1
  ],
  "best_utility": 48.35,
  "all_best_genomes": [
    [
      1,
      1,
      0,
      1,
      0,
      0,
      1,
      1
    ]
  ],
  "curves": {
    "best": [
      48.28,
      48.35,
      48.35,
      48.35,
      48.35,
      48.35,
      48.35,
      48.35,
      48.35,
      48.35,
      48.35,
      48.35,
      48.35,
      48.35,
      48.35,
      48.35,
      48.35,
      48.35,
      48.35,
      48.35,
      48.35,
      48.35,
      48.35,
      48.35,
      48.35,
      48.35,
      48.35,
      48.35,
      48.35,
      48.35,
      48.35,
      48.35,
      48.35,
      48.35,
      48.35,
      48.35,
      48.35,
      48.35,
      48.35,
      48.35,
      48.35,
      48.35,
      48.35,
      48.35,
      48.35,
      48.35,
      48.35,
      48.35,
      48.35,
      48.35,
      48.35
    ],
    "mean": [
      22.9476,
      38.940999999999995,
      45.91480000000001,
      46.94520000000001,
      47.9846,
      46.9982,
      46.2958,
      46.958600000000004,
      47.30000000000001,
      47.852399999999996,
      47.631800000000005,
      46.4044,
      47.8138,
      47.76519999999999,
      46.7846,
      47.7334,
      47.95,
      47.046200000000006,
      46.2012,
      46.2522,
      46.520999999999994,
      47.2346,
      47.5514,
      46.9374,
      46.330600000000004,
      45.76,
      46.85,
      46.7356,
      47.642999999999994,
      46.037,
      46.5446,
      47.55,
      47.714400000000005,
      47.243,
      46.868,
      47.9942,
      47.434799999999996,
      46.2442,
      47.2458,
      46.962399999999995,
      46.587399999999995,
      47.42360000000001,
      47.4942,
      44.34,
      46.9454,
      47.3236,
      45.96900000000001,
      47.4974,
      47.336000000000006,
      45.821799999999996,
      47.291399999999996
    ],
    "median": [
      23.7,
      38.115,
      48.28,
      48.35,
      48.35,
      48.35,
      48.35,
      48.35,
      48.35,
      48.35,
      48.35,
      48.35,
      48.35,
      48.35,
      48.35,
      48.35,
      48.35,
      48.35,
      48.35,
      48.35,
      48.35,
      48.35,
      48.35,
      48.35,
      48.35,
      48.35,
      48.35,
      48.35,
      48.35,
      48.35,
      48.35,
      48.35,
      48.35,
      48.35,
      48.35,
      48.35,
      48.35,
      48.35,
      48.35,
      48.35,
      48.35,
      48.35,
      48.35,
      48.35,
      48.35,
      48.35,
      48.35,
      48.35,
      48.35,
      48.35,
      48.35
    ]
  },
  "meta": {
    "genome_shape": 8,
    "generations": 50,
    "popsize": 50,
    "parents": 15,
    "mutation_rate": 0.03,
    "fix_last_gene": true,
    "seed": 23,
    "tie_tolerance": 1e-09,
    "evals_per_gen": [
      50,
      35,
      35,
      35,
      35,
      35,
      35,
      35,
      35,
      35,
      35,
      35,
      35,
      35,
      35,
      35,
      35,
      35,
      35,
      35,
      35,
      35,
      35,
      35,
      35,
      35,
      35,
      35,
      35,
      35,
      35,
      35,
      35,
      35,
      35,
      35,
      35,
      35,
      35,
      35,
      35,
      35,
      35,
      35,
      35,
      35,
      35,
      35,
      35,
      35,
      35
    ],
    "evals_cum": [
      50,
      85,
      120,
      155,
      190,
      225,
      260,
      295,
      330,
      365,
      400,
      435,
      470,
      505,
      540,
      575,
      610,
      645,
      680,
      715,
      750,
      785,
      820,
      855,
      890,
      925,
      960,
      995,
      1030,
      1065,
      1100,
      1135,
      1170,
      1205,
      1240,
      1275,
      1310,
      1345,
      1380,
      1415,
      1450,
      1485,
      1520,
      1555,
      1590,
      1625,
      1660,
      1695,
      1730,
      1765,
      1800
    ],
    "runtime_sec": 38.97964429855347,
    "budget": {
      "evals_cap": 150000,
      "time_limit_sec": 14400.0,
      "triggered": false,
      "reason": null,
      "evals_total": 1800,
      "time_total_sec": 38.97530198097229
    },
    "env_id": "g6_low_0"
  }
}