{
  "best_genome": [
    0,
    1,
    1,
    1,
    0,
    0,
    1,
    1
  ],
  "best_utility": 17.83,
  "all_best_genomes": [
    [
      0,
      1,
      1,
      1,
      0,
      0,
      1,
      1
    ]
  ],
  "curves": {
    "best": [
      7.93,
      14.56,
      17.83,
      17.83,
      17.83,
      17.83,
      17.83,
      17.83,
      17.83,
      17.83,
      17.83,
      17.83,
      17.83,
      17.83,
      17.83,
      17.83,
      17.83,
      17.83,
      17.83,
      17.83,
      17.83,
      17.83,
      17.83,
      17.83,
      17.83,
      17.83,
      17.83,
      17.83,
      17.83,
      17.83,
      17.83,
      17.83,
      17.83,
      17.83,
      17.83,
      17.83,
      17.83,
      17.83,
      17.83,
      17.83,
      17.83,
      17.83,
      17.83,
      17.83,
      17.83,
      17.83,
      17.83,
      17.83,
      17.83,
      17.83,
      17.83
    ],
    "mean": [
      -15.0338,
      2.7028000000000003,
      8.491800000000001,
      14.734199999999998,
      16.6352,
      17.1492,
      15.549000000000001,
      15.4902,
      16.2572,
      16.844,
      16.9316,
      16.9852,
      16.7924,
      17.3012,
      15.9736,
      16.3098,
      17.0634,
      16.9958,
      16.0216,
      15.665799999999999,
      17.1704,
      17.1784,
      16.2458,
      16.1726,
      16.4994,
      16.5854,
      17.4414,
      16.3558,
      17.0148,
      17.011599999999998,
      15.8794,
      17.3954,
      16.6462,
      16.5892,
      16.7984,
      16.199,
      16.8284,
      15.980599999999999,
      17.3292,
      16.3558,
      17.167199999999998,
      16.3044,
      15.3554,
      16.5764,
      14.9234,
      16.2438,
      16.6426,
      16.147199999999998,
      16.996199999999998,
      16.628600000000002,
      15.542200000000001
    ],
    "median": [
      -15.86,
      4.66,
      7.93,
      15.53,
      17.83,
      17.83,
      17.83,
      17.83,
      17.83,
      17.83,
      17.83,
      17.83,
      17.83,
      17.83,
      17.83,
      17.83,
      17.83,
      17.83,
      17.83,
      17.83,
      17.83,
      17.83,
      17.83,
      17.83,
      17.83,
      17.83,
      17.83,
      17.83,
      17.83,
      17.83,
      17.83,
      17.83,
      17.83,
      17.83,
      17.83,
      17.83,
      17.83,
      17.83,
      17.83,
      17.83,
      17.83,
      17.83,
      17.83,
      17.83,
      17.83,
      17.83,
      17.83,
      17.83,
      17.83,
      17.83,
      17.83
    ]
  },
  "meta": {
    "genome_shape": 8,
    "generations": 50,
    "popsize": 50,
    "parents": 15,
    "mutation_rate": 0.03,
    "fix_last_gene": true,
    "seed": 99,
    "tie_tolerance": 1e-09,
    "evals_per_gen": [
      50,
      35,
      35,
      35,
      35,
      35,
      35,
      35,
      35,
      35,
      35,
      35,
      35,
      35,
      35,
      35,
      35,
      35,
      35,
      35,
      35,
      35,
      35,
      35,
      35,
      35,
      35,
      35,
      35,
      35,
      35,
      35,
      35,
      35,
      35,
      35,
      35,
      35,
      35,
      35,
      35,
      35,
      35,
      35,
      35,
      35,
      35,
      35,
      35,
      35,
      35
    ],
    "evals_cum": [
      50,
      85,
      120,
      155,
      190,
      225,
      260,
      295,
      330,
      365,
      400,
      435,
      470,
      505,
      540,
      575,
      610,
      645,
      680,
      715,
      750,
      785,
      820,
      855,
      890,
      925,
      960,
      995,
      1030,
      1065,
      1100,
      1135,
      1170,
      1205,
      1240,
      1275,
      1310,
      1345,
      1380,
      1415,
      1450,
      1485,
      1520,
      1555,
      1590,
      1625,
      1660,
      1695,
      1730,
      1765,
      1800
    ],
    "runtime_sec": 31.959044933319092,
    "budget": {
      "evals_cap": 150000,
      "time_limit_sec": 14400.0,
      "triggered": false,
      "reason": null,
      "evals_total": 1800,
      "time_total_sec": 31.95701289176941
    },
    "env_id": "g6_low_1"
  }
}