{
  "best_genome": [
    1,
    1,
    1,
    1,
    1,
    1,
    1,
    0,
    0,
    0,
    0,
    1,
    1,
    1
  ],
  "best_utility": -19.47,
  "all_best_genomes": [
    [
      1,
      1,
      1,
      1,
      1,
      1,
      1,
      0,
      0,
      0,
      0,
      1,
      1,
      1
    ]
  ],
  "curves": {
    "best": [
      -27.9,
      -27.9,
      -19.47,
      -19.47,
      -19.47,
      -19.47,
      -19.47,
      -19.47,
      -19.47,
      -19.47,
      -19.47,
      -19.47,
      -19.47,
      -19.47,
      -19.47,
      -19.47,
      -19.47,
      -19.47,
      -19.47,
      -19.47,
      -19.47,
      -19.47,
      -19.47,
      -19.47,
      -19.47,
      -19.47,
      -19.47,
      -19.47,
      -19.47,
      -19.47,
      -19.47,
      -19.47,
      -19.47,
      -19.47,
      -19.47,
      -19.47,
      -19.47,
      -19.47,
      -19.47,
      -19.47,
      -19.47,
      -19.47,
      -19.47,
      -19.47,
      -19.47,
      -19.47,
      -19.47,
      -19.47,
      -19.47,
      -19.47,
      -19.47
    ],
    "mean": [
      -73.3224,
      -54.846199999999996,
      -44.6386,
      -31.7452,
      -25.2652,
      -22.906400000000005,
      -21.0146,
      -22.3656,
      -22.6958,
      -21.191799999999997,
      -21.551000000000002,
      -21.194200000000002,
      -22.261599999999998,
      -21.5596,
      -20.3406,
      -22.498,
      -21.1944,
      -20.707199999999997,
      -21.2612,
      -22.173399999999997,
      -21.336,
      -21.377399999999998,
      -21.317800000000002,
      -20.205199999999998,
      -22.012600000000003,
      -22.6842,
      -22.4958,
      -23.4956,
      -21.5112,
      -22.6188,
      -21.77,
      -21.4984,
      -21.047399999999996,
      -20.322,
      -21.4752,
      -20.764400000000002,
      -21.046799999999998,
      -21.5632,
      -21.6802,
      -21.472799999999996,
      -20.0906,
      -21.8702,
      -22.7058,
      -20.897599999999997,
      -21.587,
      -23.246399999999998,
      -21.4892,
      -21.294,
      -21.3224,
      -20.7608,
      -23.2612
    ],
    "median": [
      -72.315,
      -55.74,
      -46.565,
      -30.22,
      -26.72,
      -19.47,
      -19.47,
      -19.47,
      -19.47,
      -19.47,
      -19.47,
      -19.47,
      -19.47,
      -19.47,
      -19.47,
      -19.47,
      -19.47,
      -19.47,
      -19.47,
      -19.47,
      -19.47,
      -19.47,
      -19.47,
      -19.47,
      -19.47,
      -19.47,
      -19.47,
      -19.47,
      -19.47,
      -19.47,
      -19.47,
      -19.47,
      -19.47,
      -19.47,
      -19.47,
      -19.47,
      -19.47,
      -19.47,
      -19.47,
      -19.47,
      -19.47,
      -19.47,
      -19.47,
      -19.47,
      -19.47,
      -19.47,
      -19.47,
      -19.47,
      -19.47,
      -19.47,
      -19.47
    ]
  },
  "meta": {
    "genome_shape": 14,
    "generations": 50,
    "popsize": 50,
    "parents": 15,
    "mutation_rate": 0.03,
    "fix_last_gene": true,
    "seed": 99,
    "tie_tolerance": 1e-09,
    "evals_per_gen": [
      50,
      35,
      35,
      35,
      35,
      35,
      35,
      35,
      35,
      35,
      35,
      35,
      35,
      35,
      35,
      35,
      35,
      35,
      35,
      35,
      35,
      35,
      35,
      35,
      35,
      35,
      35,
      35,
      35,
      35,
      35,
      35,
      35,
      35,
      35,
      35,
      35,
      35,
      35,
      35,
      35,
      35,
      35,
      35,
      35,
      35,
      35,
      35,
      35,
      35,
      35
    ],
    "evals_cum": [
      50,
      85,
      120,
      155,
      190,
      225,
      260,
      295,
      330,
      365,
      400,
      435,
      470,
      505,
      540,
      575,
      610,
      645,
      680,
      715,
      750,
      785,
      820,
      855,
      890,
      925,
      960,
      995,
      1030,
      1065,
      1100,
      1135,
      1170,
      1205,
      1240,
      1275,
      1310,
      1345,
      1380,
      1415,
      1450,
      1485,
      1520,
      1555,
      1590,
      1625,
      1660,
      1695,
      1730,
      1765,
      1800
    ],
    "runtime_sec": 35.256943464279175,
    "budget": {
      "evals_cap": 150000,
      "time_limit_sec": 14400.0,
      "triggered": false,
      "reason": null,
      "evals_total": 1800,
      "time_total_sec": 35.25465655326843
    },
    "env_id": "g6_medium_1"
  }
}