{
  "best_genome": [
    1,
    1,
    1,
    1,
    1,
    1,
    1,
    0,
    0,
    0,
    0,
    1,
    1,
    1
  ],
  "best_utility": -19.47,
  "all_best_genomes": [
    [
      1,
      1,
      1,
      1,
      1,
      1,
      1,
      0,
      0,
      0,
      0,
      1,
      1,
      1
    ]
  ],
  "curves": {
    "best": [
      -34.17,
      -28.15,
      -19.47,
      -19.47,
      -19.47,
      -19.47,
      -19.47,
      -19.47,
      -19.47,
      -19.47,
      -19.47,
      -19.47,
      -19.47,
      -19.47,
      -19.47,
      -19.47,
      -19.47,
      -19.47,
      -19.47,
      -19.47,
      -19.47,
      -19.47,
      -19.47,
      -19.47,
      -19.47,
      -19.47,
      -19.47,
      -19.47,
      -19.47,
      -19.47,
      -19.47,
      -19.47,
      -19.47,
      -19.47,
      -19.47,
      -19.47,
      -19.47,
      -19.47,
      -19.47,
      -19.47,
      -19.47,
      -19.47,
      -19.47,
      -19.47,
      -19.47,
      -19.47,
      -19.47,
      -19.47,
      -19.47,
      -19.47,
      -19.47
    ],
    "mean": [
      -73.5218,
      -53.319799999999994,
      -40.291199999999996,
      -33.0596,
      -27.5746,
      -22.123399999999997,
      -21.475400000000004,
      -20.632599999999996,
      -22.682999999999996,
      -21.6824,
      -21.621800000000004,
      -21.0196,
      -21.279599999999995,
      -22.071200000000005,
      -23.312599999999996,
      -21.573600000000003,
      -22.6536,
      -21.5994,
      -21.4114,
      -22.032600000000002,
      -21.804000000000002,
      -21.645599999999998,
      -21.972800000000003,
      -22.283,
      -20.883200000000002,
      -23.3834,
      -21.2154,
      -22.0154,
      -20.299599999999998,
      -20.476,
      -20.855999999999998,
      -21.909200000000002,
      -22.1858,
      -21.564,
      -22.8888,
      -22.399,
      -21.531799999999997,
      -21.877399999999998,
      -23.144000000000002,
      -21.6384,
      -22.371,
      -22.168400000000002,
      -22.117400000000004,
      -20.9184,
      -21.106199999999998,
      -22.422399999999996,
      -21.296,
      -21.617600000000003,
      -21.1886,
      -21.730999999999998,
      -21.5556
    ],
    "median": [
      -76.015,
      -52.845,
      -39.35,
      -31.67,
      -28.15,
      -19.47,
      -19.47,
      -19.47,
      -19.47,
      -19.47,
      -19.47,
      -19.47,
      -19.47,
      -19.47,
      -19.47,
      -19.47,
      -19.47,
      -19.47,
      -19.47,
      -19.47,
      -19.47,
      -19.47,
      -19.47,
      -19.47,
      -19.47,
      -19.47,
      -19.47,
      -19.47,
      -19.47,
      -19.47,
      -19.47,
      -19.47,
      -19.47,
      -19.47,
      -19.47,
      -19.47,
      -19.47,
      -19.47,
      -19.47,
      -19.47,
      -19.47,
      -19.47,
      -19.47,
      -19.47,
      -19.47,
      -19.47,
      -19.47,
      -19.47,
      -19.47,
      -19.47,
      -19.47
    ]
  },
  "meta": {
    "genome_shape": 14,
    "generations": 50,
    "popsize": 50,
    "parents": 15,
    "mutation_rate": 0.03,
    "fix_last_gene": true,
    "seed": 23,
    "tie_tolerance": 1e-09,
    "evals_per_gen": [
      50,
      35,
      35,
      35,
      35,
      35,
      35,
      35,
      35,
      35,
      35,
      35,
      35,
      35,
      35,
      35,
      35,
      35,
      35,
      35,
      35,
      35,
      35,
      35,
      35,
      35,
      35,
      35,
      35,
      35,
      35,
      35,
      35,
      35,
      35,
      35,
      35,
      35,
      35,
      35,
      35,
      35,
      35,
      35,
      35,
      35,
      35,
      35,
      35,
      35,
      35
    ],
    "evals_cum": [
      50,
      85,
      120,
      155,
      190,
      225,
      260,
      295,
      330,
      365,
      400,
      435,
      470,
      505,
      540,
      575,
      610,
      645,
      680,
      715,
      750,
      785,
      820,
      855,
      890,
      925,
      960,
      995,
      1030,
      1065,
      1100,
      1135,
      1170,
      1205,
      1240,
      1275,
      1310,
      1345,
      1380,
      1415,
      1450,
      1485,
      1520,
      1555,
      1590,
      1625,
      1660,
      1695,
      1730,
      1765,
      1800
    ],
    "runtime_sec": 34.851473331451416,
    "budget": {
      "evals_cap": 150000,
      "time_limit_sec": 14400.0,
      "triggered": false,
      "reason": null,
      "evals_total": 1800,
      "time_total_sec": 34.84924507141113
    },
    "env_id": "g6_medium_1"
  }
}