{
  "best_genome": [
    0,
    0,
    0,
    0,
    0,
    0,
    0,
    0,
    0,
    0,
    0,
    0,
    0,
    1,
    1
  ],
  "best_utility": 104.56,
  "all_best_genomes": [
    [
      0,
      0,
      0,
      0,
      0,
      0,
      0,
      0,
      0,
      0,
      0,
      0,
      0,
      1,
      1
    ]
  ],
  "curves": {
    "best": [
      96.96,
      96.96,
      99.61,
      103.68,
      103.68,
      103.68,
      104.56,
      104.56,
      104.56,
      104.56,
      104.56,
      104.56,
      104.56,
      104.56,
      104.56,
      104.56,
      104.56,
      104.56,
      104.56,
      104.56,
      104.56,
      104.56,
      104.56,
      104.56,
      104.56,
      104.56,
      104.56,
      104.56,
      104.56,
      104.56,
      104.56,
      104.56,
      104.56,
      104.56,
      104.56,
      104.56,
      104.56,
      104.56,
      104.56,
      104.56,
      104.56,
      104.56,
      104.56,
      104.56,
      104.56,
      104.56,
      104.56,
      104.56,
      104.56,
      104.56,
      104.56
    ],
    "mean": [
      77.95559999999999,
      87.97159999999998,
      90.90539999999999,
      96.3312,
      98.8216,
      101.1338,
      102.8802,
      102.72380000000001,
      102.84280000000003,
      103.1744,
      103.8044,
      103.85780000000001,
      103.73380000000002,
      103.52780000000003,
      103.59160000000001,
      103.7518,
      103.8378,
      103.7886,
      103.49880000000003,
      103.60560000000001,
      102.98640000000002,
      103.33700000000003,
      103.97740000000002,
      104.2578,
      103.22160000000002,
      104.06220000000002,
      103.74340000000002,
      103.138,
      104.15840000000001,
      103.8476,
      103.84479999999999,
      104.16799999999999,
      102.83060000000002,
      103.68480000000001,
      103.8526,
      103.01940000000002,
      103.59320000000001,
      103.2024,
      103.44420000000002,
      103.40260000000002,
      103.51820000000002,
      103.45039999999999,
      103.54520000000001,
      103.939,
      103.91380000000001,
      103.377,
      103.49719999999999,
      103.32220000000001,
      102.93260000000001,
      103.26000000000002,
      103.4976
    ],
    "median": [
      78.69,
      87.46000000000001,
      90.73,
      96.86,
      98.24,
      101.91,
      103.68,
      103.68,
      103.68,
      104.56,
      104.56,
      104.56,
      104.56,
      104.56,
      104.56,
      104.56,
      104.56,
      104.56,
      104.56,
      104.56,
      104.56,
      104.56,
      104.56,
      104.56,
      104.56,
      104.56,
      104.56,
      104.56,
      104.56,
      104.56,
      104.56,
      104.56,
      104.56,
      104.56,
      104.56,
      104.56,
      104.56,
      104.56,
      104.56,
      104.56,
      104.56,
      104.56,
      104.56,
      104.56,
      104.56,
      104.56,
      104.56,
      104.56,
      104.56,
      104.56,
      104.56
    ]
  },
  "meta": {
    "genome_shape": 15,
    "generations": 50,
    "popsize": 50,
    "parents": 15,
    "mutation_rate": 0.03,
    "fix_last_gene": true,
    "seed": 81,
    "tie_tolerance": 1e-09,
    "evals_per_gen": [
      50,
      35,
      35,
      35,
      35,
      35,
      35,
      35,
      35,
      35,
      35,
      35,
      35,
      35,
      35,
      35,
      35,
      35,
      35,
      35,
      35,
      35,
      35,
      35,
      35,
      35,
      35,
      35,
      35,
      35,
      35,
      35,
      35,
      35,
      35,
      35,
      35,
      35,
      35,
      35,
      35,
      35,
      35,
      35,
      35,
      35,
      35,
      35,
      35,
      35,
      35
    ],
    "evals_cum": [
      50,
      85,
      120,
      155,
      190,
      225,
      260,
      295,
      330,
      365,
      400,
      435,
      470,
      505,
      540,
      575,
      610,
      645,
      680,
      715,
      750,
      785,
      820,
      855,
      890,
      925,
      960,
      995,
      1030,
      1065,
      1100,
      1135,
      1170,
      1205,
      1240,
      1275,
      1310,
      1345,
      1380,
      1415,
      1450,
      1485,
      1520,
      1555,
      1590,
      1625,
      1660,
      1695,
      1730,
      1765,
      1800
    ],
    "runtime_sec": 34.58901906013489,
    "budget": {
      "evals_cap": 150000,
      "time_limit_sec": 14400.0,
      "triggered": false,
      "reason": null,
      "evals_total": 1800,
      "time_total_sec": 34.58659029006958
    },
    "env_id": "g6_medium_0"
  }
}