{
  "best_genome": [
    1,
    1,
    1,
    1,
    1,
    1,
    1,
    0,
    0,
    0,
    0,
    1,
    1,
    1
  ],
  "best_utility": -19.47,
  "all_best_genomes": [
    [
      1,
      1,
      1,
      1,
      1,
      1,
      1,
      0,
      0,
      0,
      0,
      1,
      1,
      1
    ]
  ],
  "curves": {
    "best": [
      -42.6,
      -27.9,
      -19.47,
      -19.47,
      -19.47,
      -19.47,
      -19.47,
      -19.47,
      -19.47,
      -19.47,
      -19.47,
      -19.47,
      -19.47,
      -19.47,
      -19.47,
      -19.47,
      -19.47,
      -19.47,
      -19.47,
      -19.47,
      -19.47,
      -19.47,
      -19.47,
      -19.47,
      -19.47,
      -19.47,
      -19.47,
      -19.47,
      -19.47,
      -19.47,
      -19.47,
      -19.47,
      -19.47,
      -19.47,
      -19.47,
      -19.47,
      -19.47,
      -19.47,
      -19.47,
      -19.47,
      -19.47,
      -19.47,
      -19.47,
      -19.47,
      -19.47,
      -19.47,
      -19.47,
      -19.47,
      -19.47,
      -19.47,
      -19.47
    ],
    "mean": [
      -72.3042,
      -51.643,
      -35.5666,
      -27.9742,
      -26.0254,
      -24.073,
      -20.557399999999998,
      -23.503200000000003,
      -21.6162,
      -21.812,
      -21.552,
      -22.211,
      -21.603199999999998,
      -22.4666,
      -21.8458,
      -21.043599999999998,
      -20.734999999999996,
      -21.7764,
      -22.2784,
      -21.791400000000003,
      -22.002,
      -21.667600000000004,
      -21.0098,
      -20.6532,
      -19.9894,
      -22.4516,
      -22.124200000000002,
      -22.0542,
      -20.4822,
      -21.7354,
      -21.503999999999998,
      -21.5592,
      -21.066599999999998,
      -21.5646,
      -22.084600000000002,
      -22.0806,
      -21.1424,
      -21.1806,
      -22.153,
      -21.3594,
      -20.2052,
      -24.0876,
      -22.3944,
      -21.831599999999998,
      -22.390200000000004,
      -21.656000000000002,
      -22.09,
      -20.663600000000002,
      -22.1156,
      -21.987999999999996,
      -21.842
    ],
    "median": [
      -69.74,
      -51.28,
      -33.754999999999995,
      -27.9,
      -27.9,
      -19.47,
      -19.47,
      -19.47,
      -19.47,
      -19.47,
      -19.47,
      -19.47,
      -19.47,
      -19.47,
      -19.47,
      -19.47,
      -19.47,
      -19.47,
      -19.47,
      -19.47,
      -19.47,
      -19.47,
      -19.47,
      -19.47,
      -19.47,
      -19.47,
      -19.47,
      -19.47,
      -19.47,
      -19.47,
      -19.47,
      -19.47,
      -19.47,
      -19.47,
      -19.47,
      -19.47,
      -19.47,
      -19.47,
      -19.47,
      -19.47,
      -19.47,
      -19.47,
      -19.47,
      -19.47,
      -19.47,
      -19.47,
      -19.47,
      -19.47,
      -19.47,
      -19.47,
      -19.47
    ]
  },
  "meta": {
    "genome_shape": 14,
    "generations": 50,
    "popsize": 50,
    "parents": 15,
    "mutation_rate": 0.03,
    "fix_last_gene": true,
    "seed": 11,
    "tie_tolerance": 1e-09,
    "evals_per_gen": [
      50,
      35,
      35,
      35,
      35,
      35,
      35,
      35,
      35,
      35,
      35,
      35,
      35,
      35,
      35,
      35,
      35,
      35,
      35,
      35,
      35,
      35,
      35,
      35,
      35,
      35,
      35,
      35,
      35,
      35,
      35,
      35,
      35,
      35,
      35,
      35,
      35,
      35,
      35,
      35,
      35,
      35,
      35,
      35,
      35,
      35,
      35,
      35,
      35,
      35,
      35
    ],
    "evals_cum": [
      50,
      85,
      120,
      155,
      190,
      225,
      260,
      295,
      330,
      365,
      400,
      435,
      470,
      505,
      540,
      575,
      610,
      645,
      680,
      715,
      750,
      785,
      820,
      855,
      890,
      925,
      960,
      995,
      1030,
      1065,
      1100,
      1135,
      1170,
      1205,
      1240,
      1275,
      1310,
      1345,
      1380,
      1415,
      1450,
      1485,
      1520,
      1555,
      1590,
      1625,
      1660,
      1695,
      1730,
      1765,
      1800
    ],
    "runtime_sec": 35.24545860290527,
    "budget": {
      "evals_cap": 150000,
      "time_limit_sec": 14400.0,
      "triggered": false,
      "reason": null,
      "evals_total": 1800,
      "time_total_sec": 35.24146294593811
    },
    "env_id": "g6_medium_1"
  }
}